# uri	resolves	refcount	first_referrer
common/audio/biquad_hrtf_subject_015_order_12_foa.mxhrtf	1	2	story/scripts/audio.lua
common/fonts/arial_default_14.fnt	1	2	common/scripts/gui/style.lua
common/fonts/arial_default_18.fnt	1	1	common/scripts/gui/styles/blackbox.lua
common/fonts/arial_default_24.fnt	1	5	common/scripts/gui/styles/blackbox.lua
common/fonts/arial_default_36.fnt	1	1	common/scripts/gui/styles/blackbox.lua
common/fonts/courier_default_14.fnt	1	1	story/scripts/streaming.lua
common/shaders/misc/depth.msh	0	2	common/shaders/misc/depthcolor.shd
common/shaders/misc/videocube.msh	0	1	common/shaders/misc/videocube.shd
common/shaders/misc/videocuberect.msh	0	2	common/shaders/misc/videocuberect.shd
common/shaders/misc/videolatlong.msh	0	2	common/shaders/misc/videolatlong.shd
common/shaders/override/depth.msh	0	1	common/shaders/override/depth_6522df69.shd
common/shaders/override/depth.pfb	1	1	story/scripts/def.lua
common/shaders/override/depth_6522df69.shd	1	1	common/shaders/override/depth.pfb
common/shaders/particle.msh	0	1	common/shaders/particle_5d3ea85d.shd
common/shaders/particle.mtl	0	10	pearlpackage/particles/dustafx.lua
common/shaders/particle_5d3ea85d.shd	1	10	pearlpackage/particles/dustafx.mxb
common/shaders/posteffects/bloomblend.msh	0	2	common/shaders/posteffects/bloomblendhf.shd
common/shaders/posteffects/blur.msh	0	4	common/shaders/posteffects/blur_7bd5c66f.shd
common/shaders/posteffects/blur_7bd5c66f.shd	1	2	common/shaders/posteffects/effects.pfb
common/shaders/posteffects/blur_e0708a00.shd	1	1	pearlpackage/shaders/posteffects/ceffects.pfb
common/shaders/posteffects/depthwrite.msh	0	1	common/shaders/posteffects/depthwrite.shd
common/shaders/posteffects/downsample.msh	0	2	common/shaders/posteffects/downsample4x.shd
common/shaders/posteffects/downsample_6522df69.shd	1	2	common/shaders/posteffects/effects.pfb
common/shaders/posteffects/edgecolormerge.msh	0	1	common/shaders/posteffects/edgecolormerge.shd
common/shaders/posteffects/edgeglow.msh	0	1	common/shaders/posteffects/edgeglow.shd
common/shaders/posteffects/edgeonly.msh	0	1	common/shaders/posteffects/edgeonly.shd
common/shaders/posteffects/overlay.msh	0	1	common/shaders/posteffects/overlay_3ef87273.shd
common/shaders/posteffects/overlay_3ef87273.shd	1	1	common/shaders/posteffects/effects.pfb
common/shaders/posteffects/passthru.msh	0	2	common/shaders/posteffects/passthru.shd
common/shaders/posteffects/passthru_6522df69.shd	1	2	common/shaders/posteffects/effects.pfb
common/shaders/simple.msh	0	1	common/shaders/simple_a23a3031.shd
common/shaders/simple_a23a3031.shd	1	3	common/models/unitcube.mxm
common/shaders/simple_maya.msh	0	1	common/shaders/simple_maya_dd600dce.shd
common/shaders/simple_maya_dd600dce.shd	1	21	pearl_vrcam/models/sq01s10light_shadowshapes_grp.mxm
common/shaders/standard.msh	0	5	common/shaders/standard_1726c7aa.shd
common/shaders/standard_1726c7aa.shd	1	12	pearl_vrcam/models/endingcard.mxm
common/shaders/standard_685113bc.shd	1	40	pearl_vrcam/models/sq00s10trig_animation.mxm
common/shaders/standard_75c4006b.shd	1	1	pearl_vrcam/models/sq01s20light_dadhead_shadow.mxm
common/shaders/standard_e1846f7e.shd	1	16	pearl_vrcam/models/sq01s10light_warplessplane.mxm
common/shaders/standard_fc117ca9.shd	1	59	pearl_vrcam/models/group.mxm
common/shaders/ui/compositecubetolatlong.msh	0	1	common/shaders/ui/compositecubetolatlong.shd
common/shaders/ui/glyph.msh	0	2	common/shaders/ui/glyphsolidclr.shd
common/shaders/ui/gui.msh	0	2	common/shaders/ui/guidefault.shd
common/shaders/ui/lines.msh	0	1	common/shaders/ui/lines.shd
common/shaders/ui/offlineresolve.msh	0	2	common/shaders/ui/offlineresolve128.shd
common/shaders/ui/passthru.msh	0	1	common/shaders/ui/passthru.shd
common/shaders/ui/rgstereopassthru.msh	0	1	common/shaders/ui/rgstereopassthru.shd
common/shaders/ui/rgstereopassthru2.msh	0	1	common/shaders/ui/rgstereopassthru2.shd
common/shaders/ui/stereopassthru.msh	0	1	common/shaders/ui/stereopassthru.shd
common/textures/gui/ldpi/gear.dds	1	1	common/scripts/gui/styles/blackbox.lua
common/textures/gui/ldpi/guielements.dds	1	1	common/scripts/gui/style.lua
pearl_vrcam/anims/endingcard_endingtitle_tempvr_endingcredittemp.mxa	1	1	pearl_vrcam/scripts/data/actors.lua
pearl_vrcam/anims/envir_sq00s10trig_fade_out.mxa	1	1	pearl_vrcam/scripts/data/actors.lua
pearl_vrcam/anims/envir_sq00s10trig_you_are_sitting.mxa	1	1	pearl_vrcam/scripts/data/actors.lua
pearl_vrcam/anims/envir_sq00s10trig_you_are_standing.mxa	1	1	pearl_vrcam/scripts/data/actors.lua
pearl_vrcam/anims/envir_sq00s10trig_you_sat_down.mxa	1	1	pearl_vrcam/scripts/data/actors.lua
pearl_vrcam/anims/envir_sq00s10trig_you_stood_up.mxa	1	1	pearl_vrcam/scripts/data/actors.lua
pearl_vrcam/anims/group_sq01s20vrtrig_seq1_shot20.mxa	1	1	pearl_vrcam/scripts/data/actors.lua
pearl_vrcam/anims/landingworld_sq00s10trig_fade_out.mxa	1	1	pearl_vrcam/scripts/data/actors.lua
pearl_vrcam/anims/landingworld_sq00s10trig_you_are_sitting.mxa	1	1	pearl_vrcam/scripts/data/actors.lua
pearl_vrcam/anims/landingworld_sq00s10trig_you_are_standing.mxa	1	1	pearl_vrcam/scripts/data/actors.lua
pearl_vrcam/anims/landingworld_sq00s10trig_you_sat_down.mxa	1	1	pearl_vrcam/scripts/data/actors.lua
pearl_vrcam/anims/landingworld_sq00s10trig_you_stood_up.mxa	1	1	pearl_vrcam/scripts/data/actors.lua
pearl_vrcam/anims/moxiecamera_endingtitle_tempvr_endingcredittemp.mxa	1	1	pearl_vrcam/scripts/data/cameras.lua
pearl_vrcam/anims/moxiecamera_sq00s10trig_fade_out.mxa	1	1	pearl_vrcam/scripts/data/cameras.lua
pearl_vrcam/anims/moxiecamera_sq00s10trig_you_are_sitting.mxa	1	1	pearl_vrcam/scripts/data/cameras.lua
pearl_vrcam/anims/moxiecamera_sq00s10trig_you_are_standing.mxa	1	1	pearl_vrcam/scripts/data/cameras.lua
pearl_vrcam/anims/moxiecamera_sq00s10trig_you_sat_down.mxa	1	1	pearl_vrcam/scripts/data/cameras.lua
pearl_vrcam/anims/moxiecamera_sq00s10trig_you_stood_up.mxa	1	1	pearl_vrcam/scripts/data/cameras.lua
pearl_vrcam/anims/moxiecamera_sq01s10vrtrig_s01_10_anim.mxa	1	1	pearl_vrcam/scripts/data/cameras.lua
pearl_vrcam/anims/moxiecamera_sq01s10vrtrig_s01_10_animb.mxa	1	1	pearl_vrcam/scripts/data/cameras.lua
pearl_vrcam/anims/moxiecamera_sq01s10vrtrig_seq1_calibrate.mxa	1	1	pearl_vrcam/scripts/data/cameras.lua
pearl_vrcam/anims/moxiecamera_sq01s10vrtrig_seq1_shot05.mxa	1	1	pearl_vrcam/scripts/data/cameras.lua
pearl_vrcam/anims/moxiecamera_sq01s10vrtrig_seq1_shot05b.mxa	1	1	pearl_vrcam/scripts/data/cameras.lua
pearl_vrcam/anims/moxiecamera_sq01s10vrtrig_seq1_shotwait.mxa	1	1	pearl_vrcam/scripts/data/cameras.lua
pearl_vrcam/anims/moxiecamera_sq01s10vrtrig_seq1_titlehold.mxa	1	1	pearl_vrcam/scripts/data/cameras.lua
pearl_vrcam/anims/moxiecamera_sq01s20vrtrig_seq1_shot20.mxa	1	1	pearl_vrcam/scripts/data/cameras.lua
pearl_vrcam/anims/moxiecamera_sq01s50vrtrig_seq1_shot50.mxa	1	1	pearl_vrcam/scripts/data/cameras.lua
pearl_vrcam/anims/moxiecamera_sq01s55vrtrig_seq1_shot55.mxa	1	1	pearl_vrcam/scripts/data/cameras.lua
pearl_vrcam/anims/moxiecamera_sq01s60vrflashback_seq1_shot60_flashback.mxa	1	1	pearl_vrcam/scripts/data/cameras.lua
pearl_vrcam/anims/moxiecamera_sq01s60vrtrig_seq1_shot60.mxa	1	1	pearl_vrcam/scripts/data/cameras.lua
pearl_vrcam/anims/moxiecamera_sq01s80vrtrig_seq1_shot80.mxa	1	1	pearl_vrcam/scripts/data/cameras.lua
pearl_vrcam/anims/moxiecamera_sq02s10vrtrig_sq02s10light_seq2_shot10.mxa	1	1	pearl_vrcam/scripts/data/cameras.lua
pearl_vrcam/anims/moxiecamera_sq02s20vrtrig_seq2_shot20.mxa	1	1	pearl_vrcam/scripts/data/cameras.lua
pearl_vrcam/anims/moxiecamera_sq02s40vrtrig_seq2_shot40.mxa	1	1	pearl_vrcam/scripts/data/cameras.lua
pearl_vrcam/anims/moxiecamera_sq02s50vrtrig_seq2_shot50.mxa	1	1	pearl_vrcam/scripts/data/cameras.lua
pearl_vrcam/anims/moxiecamera_sq02s60vrtrig_seq2_shot60.mxa	1	1	pearl_vrcam/scripts/data/cameras.lua
pearl_vrcam/anims/moxiecamera_sq03s10vrtrig_310_frame.mxa	1	1	pearl_vrcam/scripts/data/cameras.lua
pearl_vrcam/anims/moxiecamera_sq03s10vrtrig_seq3_shot10_all_part1.mxa	1	1	pearl_vrcam/scripts/data/cameras.lua
pearl_vrcam/anims/moxiecamera_sq03s10vrtrig_seq3_shot10_all_part2.mxa	1	1	pearl_vrcam/scripts/data/cameras.lua
pearl_vrcam/anims/moxiecamera_sq03s30vrtrig_seq3_shot30.mxa	1	1	pearl_vrcam/scripts/data/cameras.lua
pearl_vrcam/anims/moxiecamera_sq03s40vrtrig_seq3_shot40.mxa	1	1	pearl_vrcam/scripts/data/cameras.lua
pearl_vrcam/anims/moxiecamera_sq03s50vrtrig_seq3_shot50.mxa	1	1	pearl_vrcam/scripts/data/cameras.lua
pearl_vrcam/anims/moxiecamera_sq03s60vrtrig_sq03s60light_seq3_shot60.mxa	1	1	pearl_vrcam/scripts/data/cameras.lua
pearl_vrcam/anims/moxiecamera_sq04s10vrtrig_seq4_shot10_part1.mxa	1	1	pearl_vrcam/scripts/data/cameras.lua
pearl_vrcam/anims/moxiecamera_sq04s10vrtrig_seq4_shot10_part2.mxa	1	1	pearl_vrcam/scripts/data/cameras.lua
pearl_vrcam/anims/moxiecamera_sq04s10vrtrig_seq4_shot10_wait.mxa	1	1	pearl_vrcam/scripts/data/cameras.lua
pearl_vrcam/anims/moxiecamera_sq04s20vrtrig_seq4_shot20.mxa	1	1	pearl_vrcam/scripts/data/cameras.lua
pearl_vrcam/anims/moxiecamera_sq04s40vrtrig_seq4_shot40.mxa	1	1	pearl_vrcam/scripts/data/cameras.lua
pearl_vrcam/anims/moxiecamera_sq04s55vrtrig_seq4_shot55.mxa	1	1	pearl_vrcam/scripts/data/cameras.lua
pearl_vrcam/anims/moxiecamera_sq04s60trigvr_seq4_shot60.mxa	1	1	pearl_vrcam/scripts/data/cameras.lua
pearl_vrcam/anims/moxiecamera_sq04s70trigvr_seq4_shot70.mxa	1	1	pearl_vrcam/scripts/data/cameras.lua
pearl_vrcam/anims/moxiecamera_sq04s80vrtrig_seq4_shot80.mxa	1	1	pearl_vrcam/scripts/data/cameras.lua
pearl_vrcam/anims/moxiecamera_sq04s85vrtrig_sq04s85light_seq4_shot85.mxa	1	1	pearl_vrcam/scripts/data/cameras.lua
pearl_vrcam/anims/moxiecamera_sq04s90vrtrig_seq4_shot90.mxa	1	1	pearl_vrcam/scripts/data/cameras.lua
pearl_vrcam/anims/moxiecamera_sq05s10vrtrig_seq5_shot10.mxa	1	1	pearl_vrcam/scripts/data/cameras.lua
pearl_vrcam/anims/moxiecamera_sq05s20vrtrig_seq5_shot20.mxa	1	1	pearl_vrcam/scripts/data/cameras.lua
pearl_vrcam/anims/moxiecamera_sq05s30vrtrig_seq5_shot30.mxa	1	1	pearl_vrcam/scripts/data/cameras.lua
pearl_vrcam/anims/moxiecamera_sq05s40vrtrig_seq5_shot40.mxa	1	1	pearl_vrcam/scripts/data/cameras.lua
pearl_vrcam/anims/moxiecamera_sq05s50vrtrig_sq05s50light_seq5_shot50.mxa	1	1	pearl_vrcam/scripts/data/cameras.lua
pearl_vrcam/anims/moxiecamera_sq05s70vrtrig_seq5_shot70_part1.mxa	1	1	pearl_vrcam/scripts/data/cameras.lua
pearl_vrcam/anims/moxiecamera_sq05s70vrtrig_seq5_shot70_part2.mxa	1	1	pearl_vrcam/scripts/data/cameras.lua
pearl_vrcam/anims/moxiecamera_sq05s70vrtrig_seq5_shot70_part3.mxa	1	1	pearl_vrcam/scripts/data/cameras.lua
pearl_vrcam/anims/moxiecamera_sq05s80vrtrig_seq5_shot80.mxa	1	1	pearl_vrcam/scripts/data/cameras.lua
pearl_vrcam/anims/moxiecamera_sq05s90vrtrig_seq5_shot90_part1.mxa	1	1	pearl_vrcam/scripts/data/cameras.lua
pearl_vrcam/anims/moxiecamera_sq05s90vrtrig_seq5_shot90_part2.mxa	1	1	pearl_vrcam/scripts/data/cameras.lua
pearl_vrcam/anims/moxiecamera_sq05s90vrtrig_seq5_shot90_wait.mxa	1	1	pearl_vrcam/scripts/data/cameras.lua
pearl_vrcam/anims/moxiecamera_sq06s30vrtrig_seq6_shot30_hold.mxa	1	1	pearl_vrcam/scripts/data/cameras.lua
pearl_vrcam/anims/moxiecamera_sq06s30vrtrig_seq6_shot30_play.mxa	1	1	pearl_vrcam/scripts/data/cameras.lua
pearl_vrcam/anims/moxiecamera_sq06s30vrtrig_seq6_shot30_prehold.mxa	1	1	pearl_vrcam/scripts/data/cameras.lua
pearl_vrcam/anims/moxiecamera_sq06s40vrtrig_sq06s40light_seq6_shot40.mxa	1	1	pearl_vrcam/scripts/data/cameras.lua
pearl_vrcam/anims/moxiecamera_sq06s50vrtrig_sq06s50light_seq6_shot50.mxa	1	1	pearl_vrcam/scripts/data/cameras.lua
pearl_vrcam/anims/moxiecamera_sq06s70vrtrig_seq6_shot70_part1.mxa	1	1	pearl_vrcam/scripts/data/cameras.lua
pearl_vrcam/anims/moxiecamera_sq06s70vrtrig_seq6_shot70_sara.mxa	1	1	pearl_vrcam/scripts/data/cameras.lua
pearl_vrcam/anims/sq00s10trig_fade_out_animation.mxa	1	2	pearl_vrcam/scripts/data/actors.lua
pearl_vrcam/anims/sq00s10trig_you_are_sitting_animation.mxa	1	2	pearl_vrcam/scripts/data/actors.lua
pearl_vrcam/anims/sq00s10trig_you_are_standing_animation.mxa	1	2	pearl_vrcam/scripts/data/actors.lua
pearl_vrcam/anims/sq00s10trig_you_sat_down_animation.mxa	1	2	pearl_vrcam/scripts/data/actors.lua
pearl_vrcam/anims/sq00s10trig_you_stood_up_animation.mxa	1	2	pearl_vrcam/scripts/data/actors.lua
pearl_vrcam/anims/sq01s10light_carpearlweedsextattachrig_carpearlweedsextattach_carpearlweedsextattach_grp_01_sq01s10vrtrig_s01_10_anim.mxa	1	1	pearl_vrcam/scripts/data/actors.lua
pearl_vrcam/anims/sq01s10light_carpearlweedsextattachrig_carpearlweedsextattach_carpearlweedsextattach_grp_01_sq01s10vrtrig_s01_10_animb.mxa	1	1	pearl_vrcam/scripts/data/actors.lua
pearl_vrcam/anims/sq01s10light_carpearlweedsextattachrig_carpearlweedsextattach_carpearlweedsextattach_grp_01_sq01s10vrtrig_seq1_shot05b.mxa	1	1	pearl_vrcam/scripts/data/actors.lua
pearl_vrcam/anims/sq01s10light_carpearlweedsextattachrig_carpearlweedsextattach_carpearlweedsextattach_grp_01_sq01s10vrtrig_seq1_shotwait.mxa	1	1	pearl_vrcam/scripts/data/actors.lua
pearl_vrcam/anims/sq01s10light_sc0110setdressingvr_box_01_sq01s10vrtrig_s01_10_anim.mxa	1	1	pearl_vrcam/scripts/data/actors.lua
pearl_vrcam/anims/sq01s10light_sc0110setdressingvr_box_01_sq01s10vrtrig_s01_10_animb.mxa	1	1	pearl_vrcam/scripts/data/actors.lua
pearl_vrcam/anims/sq01s10light_sc0110setdressingvr_box_01_sq01s10vrtrig_seq1_shot05b.mxa	1	1	pearl_vrcam/scripts/data/actors.lua
pearl_vrcam/anims/sq01s10light_sc0110setdressingvr_box_01_sq01s10vrtrig_seq1_shotwait.mxa	1	1	pearl_vrcam/scripts/data/actors.lua
pearl_vrcam/anims/sq01s10light_shadowshapes_grp_sq01s10vrtrig_s01_10_anim.mxa	1	1	pearl_vrcam/scripts/data/actors.lua
pearl_vrcam/anims/sq01s10light_shadowshapes_grp_sq01s10vrtrig_s01_10_animb.mxa	1	1	pearl_vrcam/scripts/data/actors.lua
pearl_vrcam/anims/sq01s10light_shadowshapes_grp_sq01s10vrtrig_seq1_shot05b.mxa	1	1	pearl_vrcam/scripts/data/actors.lua
pearl_vrcam/anims/sq01s10light_shadowshapes_grp_sq01s10vrtrig_seq1_shotwait.mxa	1	1	pearl_vrcam/scripts/data/actors.lua
pearl_vrcam/anims/sq01s10light_sq01s10anim_carpearlnewrig_carpearl_grp_sq01s10vrtrig_s01_10_anim.mxa	1	1	pearl_vrcam/scripts/data/actors.lua
pearl_vrcam/anims/sq01s10light_sq01s10anim_carpearlnewrig_carpearl_grp_sq01s10vrtrig_s01_10_animb.mxa	1	1	pearl_vrcam/scripts/data/actors.lua
pearl_vrcam/anims/sq01s10light_sq01s10anim_carpearlnewrig_carpearl_grp_sq01s10vrtrig_seq1_shot05b.mxa	1	1	pearl_vrcam/scripts/data/actors.lua
pearl_vrcam/anims/sq01s10light_sq01s10anim_carpearlnewrig_carpearl_grp_sq01s10vrtrig_seq1_shotwait.mxa	1	1	pearl_vrcam/scripts/data/actors.lua
pearl_vrcam/anims/sq01s10light_sq01s10anim_dustafx_grp_sq01s10vrtrig_s01_10_anim.mxa	1	1	pearl_vrcam/scripts/data/actors.lua
pearl_vrcam/anims/sq01s10light_sq01s10anim_dustafx_grp_sq01s10vrtrig_s01_10_animb.mxa	1	1	pearl_vrcam/scripts/data/actors.lua
pearl_vrcam/anims/sq01s10light_sq01s10anim_dustafx_grp_sq01s10vrtrig_seq1_shot05b.mxa	1	1	pearl_vrcam/scripts/data/actors.lua
pearl_vrcam/anims/sq01s10light_sq01s10anim_dustafx_grp_sq01s10vrtrig_seq1_shotwait.mxa	1	1	pearl_vrcam/scripts/data/actors.lua
pearl_vrcam/anims/sq01s10light_sq01s10anim_saraadultrig_saraadultprodmodel_sarama_sq01s10vrtrig_s01_10_anim.mxa	1	1	pearl_vrcam/scripts/data/actors.lua
pearl_vrcam/anims/sq01s10light_sq01s10anim_saraadultrig_saraadultprodmodel_sarama_sq01s10vrtrig_s01_10_animb.mxa	1	1	pearl_vrcam/scripts/data/actors.lua
pearl_vrcam/anims/sq01s10light_sq01s10anim_sc0110setdressing_sc0110setdressing_grp_01_sq01s10vrtrig_s01_10_anim.mxa	1	1	pearl_vrcam/scripts/data/actors.lua
pearl_vrcam/anims/sq01s10light_sq01s10anim_sc0110setdressing_sc0110setdressing_grp_01_sq01s10vrtrig_s01_10_animb.mxa	1	1	pearl_vrcam/scripts/data/actors.lua
pearl_vrcam/anims/sq01s10light_sq01s10anim_sc0110setdressing_sc0110setdressing_grp_01_sq01s10vrtrig_seq1_shot05b.mxa	1	1	pearl_vrcam/scripts/data/actors.lua
pearl_vrcam/anims/sq01s10light_sq01s10anim_sc0110setdressing_sc0110setdressing_grp_01_sq01s10vrtrig_seq1_shotwait.mxa	1	1	pearl_vrcam/scripts/data/actors.lua
pearl_vrcam/anims/sq01s10light_sq01s10anim_sq01s10flo_junkyard_junkyard_grp_sq01s10vrtrig_s01_10_anim.mxa	1	1	pearl_vrcam/scripts/data/actors.lua
pearl_vrcam/anims/sq01s10light_sq01s10anim_sq01s10flo_junkyard_junkyard_grp_sq01s10vrtrig_s01_10_animb.mxa	1	1	pearl_vrcam/scripts/data/actors.lua
pearl_vrcam/anims/sq01s10light_sq01s10anim_sq01s10flo_junkyard_junkyard_grp_sq01s10vrtrig_seq1_shot05b.mxa	1	1	pearl_vrcam/scripts/data/actors.lua
pearl_vrcam/anims/sq01s10light_sq01s10anim_sq01s10flo_junkyard_junkyard_grp_sq01s10vrtrig_seq1_shotwait.mxa	1	1	pearl_vrcam/scripts/data/actors.lua
pearl_vrcam/anims/sq01s10light_sq01s10anim_toyunicorn_toyunicorn_grp_sq01s10vrtrig_s01_10_anim.mxa	1	1	pearl_vrcam/scripts/data/actors.lua
pearl_vrcam/anims/sq01s10light_sq01s10anim_toyunicorn_toyunicorn_grp_sq01s10vrtrig_s01_10_animb.mxa	1	1	pearl_vrcam/scripts/data/actors.lua
pearl_vrcam/anims/sq01s10light_sq01s10anim_toyunicorn_toyunicorn_grp_sq01s10vrtrig_seq1_shot05b.mxa	1	1	pearl_vrcam/scripts/data/actors.lua
pearl_vrcam/anims/sq01s10light_sq01s10anim_toyunicorn_toyunicorn_grp_sq01s10vrtrig_seq1_shotwait.mxa	1	1	pearl_vrcam/scripts/data/actors.lua
pearl_vrcam/anims/sq01s10light_sq01s10anim_trackrecorder_trackrecordergrp_sq01s10vrtrig_s01_10_anim.mxa	1	1	pearl_vrcam/scripts/data/actors.lua
pearl_vrcam/anims/sq01s10light_sq01s10anim_trackrecorder_trackrecordergrp_sq01s10vrtrig_s01_10_animb.mxa	1	1	pearl_vrcam/scripts/data/actors.lua
pearl_vrcam/anims/sq01s10light_sq01s10anim_trackrecorder_trackrecordergrp_sq01s10vrtrig_seq1_shot05b.mxa	1	1	pearl_vrcam/scripts/data/actors.lua
pearl_vrcam/anims/sq01s10light_sq01s10anim_trackrecorder_trackrecordergrp_sq01s10vrtrig_seq1_shotwait.mxa	1	1	pearl_vrcam/scripts/data/actors.lua
pearl_vrcam/anims/sq01s10light_titlefx_pearltitlegrp_sq01s10vrtrig_seq1_calibrate.mxa	1	1	pearl_vrcam/scripts/data/actors.lua
pearl_vrcam/anims/sq01s10light_titlefx_pearltitlegrp_sq01s10vrtrig_seq1_shot05.mxa	1	1	pearl_vrcam/scripts/data/actors.lua
pearl_vrcam/anims/sq01s10light_titlefx_pearltitlegrp_sq01s10vrtrig_seq1_shot05b.mxa	1	1	pearl_vrcam/scripts/data/actors.lua
pearl_vrcam/anims/sq01s10light_titlefx_pearltitlegrp_sq01s10vrtrig_seq1_shotwait.mxa	1	1	pearl_vrcam/scripts/data/actors.lua
pearl_vrcam/anims/sq01s10light_titlefx_pearltitlegrp_sq01s10vrtrig_seq1_titlehold.mxa	1	1	pearl_vrcam/scripts/data/actors.lua
pearl_vrcam/anims/sq01s10light_titlefx_pearlwriteonglowgeo_sq01s10vrtrig_seq1_calibrate.mxa	1	1	pearl_vrcam/scripts/data/actors.lua
pearl_vrcam/anims/sq01s10light_titlefx_pearlwriteonglowgeo_sq01s10vrtrig_seq1_shot05.mxa	1	1	pearl_vrcam/scripts/data/actors.lua
pearl_vrcam/anims/sq01s10light_titlefx_pearlwriteonglowgeo_sq01s10vrtrig_seq1_shot05b.mxa	1	1	pearl_vrcam/scripts/data/actors.lua
pearl_vrcam/anims/sq01s10light_titlefx_pearlwriteonglowgeo_sq01s10vrtrig_seq1_shotwait.mxa	1	1	pearl_vrcam/scripts/data/actors.lua
pearl_vrcam/anims/sq01s10light_titlefx_pearlwriteonglowgeo_sq01s10vrtrig_seq1_titlehold.mxa	1	1	pearl_vrcam/scripts/data/actors.lua
pearl_vrcam/anims/sq01s10light_unicorn_shadow_sq01s10vrtrig_s01_10_anim.mxa	1	1	pearl_vrcam/scripts/data/actors.lua
pearl_vrcam/anims/sq01s10light_unicorn_shadow_sq01s10vrtrig_s01_10_animb.mxa	1	1	pearl_vrcam/scripts/data/actors.lua
pearl_vrcam/anims/sq01s10light_unicorn_shadow_sq01s10vrtrig_seq1_shot05b.mxa	1	1	pearl_vrcam/scripts/data/actors.lua
pearl_vrcam/anims/sq01s10light_unicorn_shadow_sq01s10vrtrig_seq1_shotwait.mxa	1	1	pearl_vrcam/scripts/data/actors.lua
pearl_vrcam/anims/sq01s10light_warplessplane_sq01s10vrtrig_s01_10_anim.mxa	1	1	pearl_vrcam/scripts/data/actors.lua
pearl_vrcam/anims/sq01s10light_warplessplane_sq01s10vrtrig_s01_10_animb.mxa	1	1	pearl_vrcam/scripts/data/actors.lua
pearl_vrcam/anims/sq01s10light_warplessplane_sq01s10vrtrig_seq1_shot05b.mxa	1	1	pearl_vrcam/scripts/data/actors.lua
pearl_vrcam/anims/sq01s10light_warplessplane_sq01s10vrtrig_seq1_shotwait.mxa	1	1	pearl_vrcam/scripts/data/actors.lua
pearl_vrcam/anims/sq01s10vrtrig_s01_10_anim_animation.mxa	1	2	pearl_vrcam/scripts/data/actors.lua
pearl_vrcam/anims/sq01s10vrtrig_s01_10_animb_animation.mxa	1	2	pearl_vrcam/scripts/data/actors.lua
pearl_vrcam/anims/sq01s10vrtrig_seq1_calibrate_animation.mxa	1	2	pearl_vrcam/scripts/data/actors.lua
pearl_vrcam/anims/sq01s10vrtrig_seq1_shot05_animation.mxa	1	2	pearl_vrcam/scripts/data/actors.lua
pearl_vrcam/anims/sq01s10vrtrig_seq1_shot05b_animation.mxa	1	2	pearl_vrcam/scripts/data/actors.lua
pearl_vrcam/anims/sq01s10vrtrig_seq1_shotwait_animation.mxa	1	2	pearl_vrcam/scripts/data/actors.lua
pearl_vrcam/anims/sq01s10vrtrig_seq1_titlehold_animation.mxa	1	2	pearl_vrcam/scripts/data/actors.lua
pearl_vrcam/anims/sq01s20light_carpearlnewextattachrig_carpearlnewextattach_carpearlextattach_grp_01_sq01s20vrtrig_seq1_shot20.mxa	1	1	pearl_vrcam/scripts/data/actors.lua
pearl_vrcam/anims/sq01s20light_dadhead_shadow_sq01s20vrtrig_seq1_shot20.mxa	1	1	pearl_vrcam/scripts/data/actors.lua
pearl_vrcam/anims/sq01s20light_lensflare_lensflare_loc_sq01s20vrtrig_seq1_shot20.mxa	1	1	pearl_vrcam/scripts/data/actors.lua
pearl_vrcam/anims/sq01s20light_sc0120setdressingvr_backpack_backpack_sq01s20vrtrig_seq1_shot20.mxa	1	1	pearl_vrcam/scripts/data/actors.lua
pearl_vrcam/anims/sq01s20light_sc0120setdressingvr_boxes01_sq01s20vrtrig_seq1_shot20.mxa	1	1	pearl_vrcam/scripts/data/actors.lua
pearl_vrcam/anims/sq01s20light_shadow_driverback_sq01s20vrtrig_seq1_shot20.mxa	1	1	pearl_vrcam/scripts/data/actors.lua
pearl_vrcam/anims/sq01s20light_shadow_passengerseatback_sq01s20vrtrig_seq1_shot20.mxa	1	1	pearl_vrcam/scripts/data/actors.lua
pearl_vrcam/anims/sq01s20light_sq01s20_lightshapes_sq01s20vrtrig_seq1_shot20.mxa	1	1	pearl_vrcam/scripts/data/actors.lua
pearl_vrcam/anims/sq01s20light_sq01s20anim_acousticguitar_acousticguitar_sq01s20vrtrig_seq1_shot20.mxa	1	1	pearl_vrcam/scripts/data/actors.lua
pearl_vrcam/anims/sq01s20light_sq01s20anim_carpearlnewrig_carpearl_grp_sq01s20vrtrig_seq1_shot20.mxa	1	1	pearl_vrcam/scripts/data/actors.lua
pearl_vrcam/anims/sq01s20light_sq01s20anim_dadyoungrig_dadyoungprodmodel_dadym_sq01s20vrtrig_seq1_shot20.mxa	1	1	pearl_vrcam/scripts/data/actors.lua
pearl_vrcam/anims/sq01s20light_sq01s20anim_sarakidrig_sarakidprodmodel_sarakm_sq01s20vrtrig_seq1_shot20.mxa	1	1	pearl_vrcam/scripts/data/actors.lua
pearl_vrcam/anims/sq01s20light_sq01s20anim_sc0120setdressingfront_sc0120setdressingfront_grp_sq01s20vrtrig_seq1_shot20.mxa	1	1	pearl_vrcam/scripts/data/actors.lua
pearl_vrcam/anims/sq01s20light_sq01s20anim_sc120setdressing_sc120setdressing_sq01s20vrtrig_seq1_shot20.mxa	1	1	pearl_vrcam/scripts/data/actors.lua
pearl_vrcam/anims/sq01s20light_sq01s20anim_sc120setdressing_stuffedanimalb1_stuffedanimalb_sq01s20vrtrig_seq1_shot20.mxa	1	1	pearl_vrcam/scripts/data/actors.lua
pearl_vrcam/anims/sq01s20light_sq01s20anim_sq01s20flo_deserthighwaysurf_deserthighway_grp_01_sq01s20vrtrig_seq1_shot20.mxa	1	1	pearl_vrcam/scripts/data/actors.lua
pearl_vrcam/anims/sq01s20light_sq01s20anim_trackrecorder_trackrecordergrp_sq01s20vrtrig_seq1_shot20.mxa	1	1	pearl_vrcam/scripts/data/actors.lua
pearl_vrcam/anims/sq01s20vrtrig_seq1_shot20_animation.mxa	1	2	pearl_vrcam/scripts/data/actors.lua
pearl_vrcam/anims/sq01s50light_armrest_shadow_shape_offset_sq01s50vrtrig_seq1_shot50.mxa	1	1	pearl_vrcam/scripts/data/actors.lua
pearl_vrcam/anims/sq01s50light_car_shadow_shape_01_sq01s50vrtrig_seq1_shot50.mxa	1	1	pearl_vrcam/scripts/data/actors.lua
pearl_vrcam/anims/sq01s50light_car_shadow_shape_02_sq01s50vrtrig_seq1_shot50.mxa	1	1	pearl_vrcam/scripts/data/actors.lua
pearl_vrcam/anims/sq01s50light_carpearlnewextattachrig_carpearlnewextattach_carpearlextattach_grp_01_sq01s50vrtrig_seq1_shot50.mxa	1	1	pearl_vrcam/scripts/data/actors.lua
pearl_vrcam/anims/sq01s50light_dad_shadow_shapes_sq01s50vrtrig_seq1_shot50.mxa	1	1	pearl_vrcam/scripts/data/actors.lua
pearl_vrcam/anims/sq01s50light_sara_shadow_shapes_sq01s50vrtrig_seq1_shot50.mxa	1	1	pearl_vrcam/scripts/data/actors.lua
pearl_vrcam/anims/sq01s50light_sc0150setdressingvr_cardboardbox_grp_sq01s50vrtrig_seq1_shot50.mxa	1	1	pearl_vrcam/scripts/data/actors.lua
pearl_vrcam/anims/sq01s50light_sq01s50anim_acousticguitar_acousticguitar_sq01s50vrtrig_seq1_shot50.mxa	1	1	pearl_vrcam/scripts/data/actors.lua
pearl_vrcam/anims/sq01s50light_sq01s50anim_carpearlnewrig_carpearl_grp_sq01s50vrtrig_seq1_shot50.mxa	1	1	pearl_vrcam/scripts/data/actors.lua
pearl_vrcam/anims/sq01s50light_sq01s50anim_cornstalks_const2bg_loc_sq01s50vrtrig_seq1_shot50.mxa	1	1	pearl_vrcam/scripts/data/actors.lua
pearl_vrcam/anims/sq01s50light_sq01s50anim_dadyoungrig_dadyoungprodmodel_dadym_sq01s50vrtrig_seq1_shot50.mxa	1	1	pearl_vrcam/scripts/data/actors.lua
pearl_vrcam/anims/sq01s50light_sq01s50anim_sarakidrig_sarakidprodmodel_sarakm_sq01s50vrtrig_seq1_shot50.mxa	1	1	pearl_vrcam/scripts/data/actors.lua
pearl_vrcam/anims/sq01s50light_sq01s50anim_sc0150setdressing_backpack_backpack_sq01s50vrtrig_seq1_shot50.mxa	1	1	pearl_vrcam/scripts/data/actors.lua
pearl_vrcam/anims/sq01s50light_sq01s50anim_sc0150setdressing_beadsdecoration_01_sq01s50vrtrig_seq1_shot50.mxa	1	1	pearl_vrcam/scripts/data/actors.lua
pearl_vrcam/anims/sq01s50light_sq01s50anim_sc0150setdressing_cardboardboxb_cardboardbox_grp_sq01s50vrtrig_seq1_shot50.mxa	1	1	pearl_vrcam/scripts/data/actors.lua
pearl_vrcam/anims/sq01s50light_sq01s50anim_sc0150setdressing_dadyoungguitarcase_dadyoungguitarcase_grp_sq01s50vrtrig_seq1_shot50.mxa	1	1	pearl_vrcam/scripts/data/actors.lua
pearl_vrcam/anims/sq01s50light_sq01s50anim_sc0150setdressing_map_map_sq01s50vrtrig_seq1_shot50.mxa	1	1	pearl_vrcam/scripts/data/actors.lua
pearl_vrcam/anims/sq01s50light_sq01s50anim_sc0150setdressing_stuffedanimalb_stuffedanimalb_sq01s50vrtrig_seq1_shot50.mxa	1	1	pearl_vrcam/scripts/data/actors.lua
pearl_vrcam/anims/sq01s50light_sq01s50anim_sc0150setdressing_toyunicorn_toyunicorn_grp_sq01s50vrtrig_seq1_shot50.mxa	1	1	pearl_vrcam/scripts/data/actors.lua
pearl_vrcam/anims/sq01s50light_sq01s50anim_sc0150setdressing_truckerhatrig_truckerhat_grp_01_sq01s50vrtrig_seq1_shot50.mxa	1	1	pearl_vrcam/scripts/data/actors.lua
pearl_vrcam/anims/sq01s50light_sq01s50anim_sc0150setdressingb_sc0150setdressing_grp_sq01s50vrtrig_seq1_shot50.mxa	1	1	pearl_vrcam/scripts/data/actors.lua
pearl_vrcam/anims/sq01s50light_sq01s50anim_semitruckrig_semitruckprodmodel_semitruck_grp_sq01s50vrtrig_seq1_shot50.mxa	1	1	pearl_vrcam/scripts/data/actors.lua
pearl_vrcam/anims/sq01s50light_sq01s50anim_sq01s50flo_countryfarmroad_countryfarmroad_grp_sq01s50vrtrig_seq1_shot50.mxa	1	1	pearl_vrcam/scripts/data/actors.lua
pearl_vrcam/anims/sq01s50light_sq01s50anim_stuffedanimala_stuffedanimalagrp_sq01s50vrtrig_seq1_shot50.mxa	1	1	pearl_vrcam/scripts/data/actors.lua
pearl_vrcam/anims/sq01s50vrtrig_seq1_shot50_animation.mxa	1	2	pearl_vrcam/scripts/data/actors.lua
pearl_vrcam/anims/sq01s55light_carpearlnewextattachrig_carpearlnewextattach_carpearlextattach_grp_01_sq01s55vrtrig_seq1_shot55.mxa	1	1	pearl_vrcam/scripts/data/actors.lua
pearl_vrcam/anims/sq01s55light_glowsgroup_sq01s55vrtrig_seq1_shot55.mxa	1	1	pearl_vrcam/scripts/data/actors.lua
pearl_vrcam/anims/sq01s55light_sc0155setdressingvr_cardboardbox_grp_sq01s55vrtrig_seq1_shot55.mxa	1	1	pearl_vrcam/scripts/data/actors.lua
pearl_vrcam/anims/sq01s55light_shadowshapesgroup_sq01s55vrtrig_seq1_shot55.mxa	1	1	pearl_vrcam/scripts/data/actors.lua
pearl_vrcam/anims/sq01s55light_sq01s55anim_bugbutt_grp_sq01s55vrtrig_seq1_shot55.mxa	1	1	pearl_vrcam/scripts/data/actors.lua
pearl_vrcam/anims/sq01s55light_sq01s55anim_carpearlnewrig_carpearl_grp_sq01s55vrtrig_seq1_shot55.mxa	1	1	pearl_vrcam/scripts/data/actors.lua
pearl_vrcam/anims/sq01s55light_sq01s55anim_dadyoungrig_dadyoungprodmodel_dadym_sq01s55vrtrig_seq1_shot55.mxa	1	1	pearl_vrcam/scripts/data/actors.lua
pearl_vrcam/anims/sq01s55light_sq01s55anim_fireflyjar_fireflyjargrp_sq01s55vrtrig_seq1_shot55.mxa	1	1	pearl_vrcam/scripts/data/actors.lua
pearl_vrcam/anims/sq01s55light_sq01s55anim_roadfflys_grp_sq01s55vrtrig_seq1_shot55.mxa	1	1	pearl_vrcam/scripts/data/actors.lua
pearl_vrcam/anims/sq01s55light_sq01s55anim_sarakidrig_sarakidprodmodel_sarakm_sq01s55vrtrig_seq1_shot55.mxa	1	1	pearl_vrcam/scripts/data/actors.lua
pearl_vrcam/anims/sq01s55light_sq01s55anim_sc0155setdressingcarint_sc0155setdressinga_sq01s55vrtrig_seq1_shot55.mxa	1	1	pearl_vrcam/scripts/data/actors.lua
pearl_vrcam/anims/sq01s55light_sq01s55anim_sc0155setdressingcarintb_sc0155setdressingb_sq01s55vrtrig_seq1_shot55.mxa	1	1	pearl_vrcam/scripts/data/actors.lua
pearl_vrcam/anims/sq01s55light_sq01s55anim_sq01s55flo_nightforest_nightforest_grp_sq01s55vrtrig_seq1_shot55.mxa	1	1	pearl_vrcam/scripts/data/actors.lua
pearl_vrcam/anims/sq01s55vrtrig_seq1_shot55_animation.mxa	1	2	pearl_vrcam/scripts/data/actors.lua
pearl_vrcam/anims/sq01s60light_bloomcutoutdisks_sq01s60vrtrig_seq1_shot60.mxa	1	1	pearl_vrcam/scripts/data/actors.lua
pearl_vrcam/anims/sq01s60light_carpearlnewextattachrig_carpearlnewextattach_carpearlextattach_grp_01_sq01s60vrtrig_seq1_shot60.mxa	1	1	pearl_vrcam/scripts/data/actors.lua
pearl_vrcam/anims/sq01s60light_flashback_bloomcutoutdisks_sq01s60vrflashback_seq1_shot60_flashback.mxa	1	1	pearl_vrcam/scripts/data/actors.lua
pearl_vrcam/anims/sq01s60light_flashback_carpearlnewextattachrig_carpearlnewextattach_carpearlextattach_grp_01_sq01s60vrflashback_seq1_shot60_flashback.mxa	1	1	pearl_vrcam/scripts/data/actors.lua
pearl_vrcam/anims/sq01s60light_flashback_lensflares_sq01s60vrflashback_seq1_shot60_flashback.mxa	1	1	pearl_vrcam/scripts/data/actors.lua
pearl_vrcam/anims/sq01s60light_flashback_lighthelmet_dad_sq01s60vrflashback_seq1_shot60_flashback.mxa	1	1	pearl_vrcam/scripts/data/actors.lua
pearl_vrcam/anims/sq01s60light_flashback_lighthelmet_sara_sq01s60vrflashback_seq1_shot60_flashback.mxa	1	1	pearl_vrcam/scripts/data/actors.lua
pearl_vrcam/anims/sq01s60light_flashback_sc0160setdressingvr_cardboardbox_grp_sq01s60vrflashback_seq1_shot60_flashback.mxa	1	1	pearl_vrcam/scripts/data/actors.lua
pearl_vrcam/anims/sq01s60light_flashback_shadowshapes_old_sq01s60vrflashback_seq1_shot60_flashback.mxa	1	1	pearl_vrcam/scripts/data/actors.lua
pearl_vrcam/anims/sq01s60light_flashback_shadowshapes_sq01s60vrflashback_seq1_shot60_flashback.mxa	1	1	pearl_vrcam/scripts/data/actors.lua
pearl_vrcam/anims/sq01s60light_flashback_sq01s60anim_carpearlnewrig_carpearl_grp_sq01s60vrflashback_seq1_shot60_flashback.mxa	1	1	pearl_vrcam/scripts/data/actors.lua
pearl_vrcam/anims/sq01s60light_flashback_sq01s60anim_dadyoungrig_dadyoungprodmodel_dadym_sq01s60vrflashback_seq1_shot60_flashback.mxa	1	1	pearl_vrcam/scripts/data/actors.lua
pearl_vrcam/anims/sq01s60light_flashback_sq01s60anim_sarakidrig_sarakidprodmodel_sarakm_sq01s60vrflashback_seq1_shot60_flashback.mxa	1	1	pearl_vrcam/scripts/data/actors.lua
pearl_vrcam/anims/sq01s60light_flashback_sq01s60anim_sc0160setdressingcarinta_cardboardboxa_grp_sq01s60vrflashback_seq1_shot60_flashback.mxa	1	1	pearl_vrcam/scripts/data/actors.lua
pearl_vrcam/anims/sq01s60light_flashback_sq01s60anim_sc0160setdressingcarinta_cardboardnolid_nolidbox_grp_sq01s60vrflashback_seq1_shot60_flashback.mxa	1	1	pearl_vrcam/scripts/data/actors.lua
pearl_vrcam/anims/sq01s60light_flashback_sq01s60anim_sc0160setdressingcarinta_dadyoungguitarcase_dadyoungguitarcase_grp_sq01s60vrflashback_seq1_shot60_flashback.mxa	1	1	pearl_vrcam/scripts/data/actors.lua
pearl_vrcam/anims/sq01s60light_flashback_sq01s60anim_sc0160setdressingcarinta_sc0160setdressinga_sq01s60vrflashback_seq1_shot60_flashback.mxa	1	1	pearl_vrcam/scripts/data/actors.lua
pearl_vrcam/anims/sq01s60light_flashback_sq01s60anim_sc0160setdressingcarinta_stuffedanimalb_stuffedanimalb_sq01s60vrflashback_seq1_shot60_flashback.mxa	1	1	pearl_vrcam/scripts/data/actors.lua
pearl_vrcam/anims/sq01s60light_flashback_sq01s60anim_sc0160setdressingcarinta_toyunicorn_toyunicorn_grp_sq01s60vrflashback_seq1_shot60_flashback.mxa	1	1	pearl_vrcam/scripts/data/actors.lua
pearl_vrcam/anims/sq01s60light_flashback_sq01s60anim_sc0160setdressingcarintb_sc0160setdressingb_sq01s60vrflashback_seq1_shot60_flashback.mxa	1	1	pearl_vrcam/scripts/data/actors.lua
pearl_vrcam/anims/sq01s60light_flashback_sq01s60anim_sq01s60flo_mountainroadtunnel_mountainroadtunnel_grp_sq01s60vrflashback_seq1_shot60_flashback.mxa	1	1	pearl_vrcam/scripts/data/actors.lua
pearl_vrcam/anims/sq01s60light_lensflares_sq01s60vrtrig_seq1_shot60.mxa	1	1	pearl_vrcam/scripts/data/actors.lua
pearl_vrcam/anims/sq01s60light_lighthelmet_dad_sq01s60vrtrig_seq1_shot60.mxa	1	1	pearl_vrcam/scripts/data/actors.lua
pearl_vrcam/anims/sq01s60light_lighthelmet_sara_sq01s60vrtrig_seq1_shot60.mxa	1	1	pearl_vrcam/scripts/data/actors.lua
pearl_vrcam/anims/sq01s60light_sc0160setdressingvr_cardboardbox_grp_sq01s60vrtrig_seq1_shot60.mxa	1	1	pearl_vrcam/scripts/data/actors.lua
pearl_vrcam/anims/sq01s60light_shadowshapes_old_sq01s60vrtrig_seq1_shot60.mxa	1	1	pearl_vrcam/scripts/data/actors.lua
pearl_vrcam/anims/sq01s60light_shadowshapes_sq01s60vrtrig_seq1_shot60.mxa	1	1	pearl_vrcam/scripts/data/actors.lua
pearl_vrcam/anims/sq01s60light_sq01s60anim_carpearlnewrig_carpearl_grp_sq01s60vrtrig_seq1_shot60.mxa	1	1	pearl_vrcam/scripts/data/actors.lua
pearl_vrcam/anims/sq01s60light_sq01s60anim_dadyoungrig_dadyoungprodmodel_dadym_sq01s60vrtrig_seq1_shot60.mxa	1	1	pearl_vrcam/scripts/data/actors.lua
pearl_vrcam/anims/sq01s60light_sq01s60anim_sarakidrig_sarakidprodmodel_sarakm_sq01s60vrtrig_seq1_shot60.mxa	1	1	pearl_vrcam/scripts/data/actors.lua
pearl_vrcam/anims/sq01s60light_sq01s60anim_sc0160setdressingcarinta_cardboardboxa_grp_sq01s60vrtrig_seq1_shot60.mxa	1	1	pearl_vrcam/scripts/data/actors.lua
pearl_vrcam/anims/sq01s60light_sq01s60anim_sc0160setdressingcarinta_cardboardnolid_nolidbox_grp_sq01s60vrtrig_seq1_shot60.mxa	1	1	pearl_vrcam/scripts/data/actors.lua
pearl_vrcam/anims/sq01s60light_sq01s60anim_sc0160setdressingcarinta_dadyoungguitarcase_dadyoungguitarcase_grp_sq01s60vrtrig_seq1_shot60.mxa	1	1	pearl_vrcam/scripts/data/actors.lua
pearl_vrcam/anims/sq01s60light_sq01s60anim_sc0160setdressingcarinta_sc0160setdressinga_sq01s60vrtrig_seq1_shot60.mxa	1	1	pearl_vrcam/scripts/data/actors.lua
pearl_vrcam/anims/sq01s60light_sq01s60anim_sc0160setdressingcarinta_stuffedanimalb_stuffedanimalb_sq01s60vrtrig_seq1_shot60.mxa	1	1	pearl_vrcam/scripts/data/actors.lua
pearl_vrcam/anims/sq01s60light_sq01s60anim_sc0160setdressingcarinta_toyunicorn_toyunicorn_grp_sq01s60vrtrig_seq1_shot60.mxa	1	1	pearl_vrcam/scripts/data/actors.lua
pearl_vrcam/anims/sq01s60light_sq01s60anim_sc0160setdressingcarintb_sc0160setdressingb_sq01s60vrtrig_seq1_shot60.mxa	1	1	pearl_vrcam/scripts/data/actors.lua
pearl_vrcam/anims/sq01s60light_sq01s60anim_sq01s60flo_mountainroadtunnel_mountainroadtunnel_grp_sq01s60vrtrig_seq1_shot60.mxa	1	1	pearl_vrcam/scripts/data/actors.lua
pearl_vrcam/anims/sq01s60vrflashback_seq1_shot60_flashback_animation.mxa	1	2	pearl_vrcam/scripts/data/actors.lua
pearl_vrcam/anims/sq01s60vrtrig_seq1_shot60_animation.mxa	1	2	pearl_vrcam/scripts/data/actors.lua
pearl_vrcam/anims/sq01s80light_carpearllightshape_offset_01_sq01s80vrtrig_seq1_shot80.mxa	1	1	pearl_vrcam/scripts/data/actors.lua
pearl_vrcam/anims/sq01s80light_carpearlnewextattachrig_carpearlnewextattach_carpearlextattach_grp_01_sq01s80vrtrig_seq1_shot80.mxa	1	1	pearl_vrcam/scripts/data/actors.lua
pearl_vrcam/anims/sq01s80light_carshadowplanes_grp_01_sq01s80vrtrig_seq1_shot80.mxa	1	1	pearl_vrcam/scripts/data/actors.lua
pearl_vrcam/anims/sq01s80light_lightshapes_grp_01_sq01s80vrtrig_seq1_shot80.mxa	1	1	pearl_vrcam/scripts/data/actors.lua
pearl_vrcam/anims/sq01s80light_sarafaceshadowshape_01_sq01s80vrtrig_seq1_shot80.mxa	1	1	pearl_vrcam/scripts/data/actors.lua
pearl_vrcam/anims/sq01s80light_sq01s80anim_carpearlnewrig_carpearl_grp_sq01s80vrtrig_seq1_shot80.mxa	1	1	pearl_vrcam/scripts/data/actors.lua
pearl_vrcam/anims/sq01s80light_sq01s80anim_dadyoungrig_dadyoungprodmodel_dadym_sq01s80vrtrig_seq1_shot80.mxa	1	1	pearl_vrcam/scripts/data/actors.lua
pearl_vrcam/anims/sq01s80light_sq01s80anim_pickuptruck02rig_pickuptruck02prodmodel_pickuptruck02_grp_sq01s80vrtrig_seq1_shot80.mxa	1	1	pearl_vrcam/scripts/data/actors.lua
pearl_vrcam/anims/sq01s80light_sq01s80anim_sarakidrig_sarakidprodmodel_sarakm_sq01s80vrtrig_seq1_shot80.mxa	1	1	pearl_vrcam/scripts/data/actors.lua
pearl_vrcam/anims/sq01s80light_sq01s80anim_sc0180setdressinga_sc0180setdresscarinta_sq01s80vrtrig_seq1_shot80.mxa	1	1	pearl_vrcam/scripts/data/actors.lua
pearl_vrcam/anims/sq01s80light_sq01s80anim_sc0180setdressingb_sc0180setdresscarintb_sq01s80vrtrig_seq1_shot80.mxa	1	1	pearl_vrcam/scripts/data/actors.lua
pearl_vrcam/anims/sq01s80light_sq01s80anim_semitruck02rig_semitruck02prodmodel_semitruck02_grp_sq01s80vrtrig_seq1_shot80.mxa	1	1	pearl_vrcam/scripts/data/actors.lua
pearl_vrcam/anims/sq01s80light_sq01s80anim_semitruckrig_semitruckprodmodel_semitruck_grp_sq01s80vrtrig_seq1_shot80.mxa	1	1	pearl_vrcam/scripts/data/actors.lua
pearl_vrcam/anims/sq01s80light_sq01s80anim_sq01s80flo_sierravalleyhighway_environmentdetail_gpr_sq01s80vrtrig_seq1_shot80.mxa	1	1	pearl_vrcam/scripts/data/actors.lua
pearl_vrcam/anims/sq01s80light_sq01s80anim_stationwagonrig_stationwagonprodmodel_stationwagon_grp_sq01s80vrtrig_seq1_shot80.mxa	1	1	pearl_vrcam/scripts/data/actors.lua
pearl_vrcam/anims/sq01s80light_sq01s80anim_uhaultruckrig_uhaultruckprodmodel_uhaultruck_grp_sq01s80vrtrig_seq1_shot80.mxa	1	1	pearl_vrcam/scripts/data/actors.lua
pearl_vrcam/anims/sq01s80light_sq01s80anim_vanrig_vanprodmodel_van_grp_sq01s80vrtrig_seq1_shot80.mxa	1	1	pearl_vrcam/scripts/data/actors.lua
pearl_vrcam/anims/sq01s80light_sq01s80anim_volvorig_volvoprodmodel_volvo_grp_sq01s80vrtrig_seq1_shot80.mxa	1	1	pearl_vrcam/scripts/data/actors.lua
pearl_vrcam/anims/sq01s80vrtrig_seq1_shot80_animation.mxa	1	2	pearl_vrcam/scripts/data/actors.lua
pearl_vrcam/anims/sq02s10light_carpearlnewextattachrig_carpearlnewextattach_carpearlextattach_grp_01_sq02s10vrtrig_sq02s10light_seq2_shot10.mxa	1	1	pearl_vrcam/scripts/data/actors.lua
pearl_vrcam/anims/sq02s10light_sq02s10anim_acousticguitar_acousticguitar_sq02s10vrtrig_sq02s10light_seq2_shot10.mxa	1	1	pearl_vrcam/scripts/data/actors.lua
pearl_vrcam/anims/sq02s10light_sq02s10anim_carpearlnewrig_carpearl_grp_sq02s10vrtrig_sq02s10light_seq2_shot10.mxa	1	1	pearl_vrcam/scripts/data/actors.lua
pearl_vrcam/anims/sq02s10light_sq02s10anim_dadyoungguitarcase_dadyoungguitarcase_grp_sq02s10vrtrig_sq02s10light_seq2_shot10.mxa	1	1	pearl_vrcam/scripts/data/actors.lua
pearl_vrcam/anims/sq02s10light_sq02s10anim_dadyoungrig_dadyoungprodmodel_dadym_sq02s10vrtrig_sq02s10light_seq2_shot10.mxa	1	1	pearl_vrcam/scripts/data/actors.lua
pearl_vrcam/anims/sq02s10light_sq02s10anim_model_sc0210_setdressingcarint_grp_sq02s10vrtrig_sq02s10light_seq2_shot10.mxa	1	1	pearl_vrcam/scripts/data/actors.lua
pearl_vrcam/anims/sq02s10light_sq02s10anim_pickuptruck02rig_pickuptruck02prodmodel_pickuptruck02_grp_sq02s10vrtrig_sq02s10light_seq2_shot10.mxa	1	1	pearl_vrcam/scripts/data/actors.lua
pearl_vrcam/anims/sq02s10light_sq02s10anim_sarakidrig_sarakidprodmodel_sarakm_sq02s10vrtrig_sq02s10light_seq2_shot10.mxa	1	1	pearl_vrcam/scripts/data/actors.lua
pearl_vrcam/anims/sq02s10light_sq02s10anim_sq02s10animcrowd_genericman01rig_genericmanprodmodel_genericmanm_sq02s10vrtrig_sq02s10light_seq2_shot10.mxa	1	1	pearl_vrcam/scripts/data/actors.lua
pearl_vrcam/anims/sq02s10light_sq02s10anim_sq02s10animcrowd_genericwomanrig_genericwomanprodmodel_genericwomanm_sq02s10vrtrig_sq02s10light_seq2_shot10.mxa	1	1	pearl_vrcam/scripts/data/actors.lua
pearl_vrcam/anims/sq02s10light_sq02s10anim_sq02s10animcrowd_walking03_v008_genericman01rig_genericmanprodmodel_genericmanm_sq02s10vrtrig_sq02s10light_seq2_shot10.mxa	1	1	pearl_vrcam/scripts/data/actors.lua
pearl_vrcam/anims/sq02s10light_sq02s10anim_sq02s10animcrowd_walking2_v015_genericman01rig_genericmanprodmodel_genericmanm_sq02s10vrtrig_sq02s10light_seq2_shot10.mxa	1	1	pearl_vrcam/scripts/data/actors.lua
pearl_vrcam/anims/sq02s10light_sq02s10anim_sq02s10flo_mainstreet_mainstreet_grp_01_sq02s10vrtrig_sq02s10light_seq2_shot10.mxa	1	1	pearl_vrcam/scripts/data/actors.lua
pearl_vrcam/anims/sq02s10light_sq02s10anim_stationwagonrig_stationwagonprodmodel_stationwagon_grp_sq02s10vrtrig_sq02s10light_seq2_shot10.mxa	1	1	pearl_vrcam/scripts/data/actors.lua
pearl_vrcam/anims/sq02s10light_sq02s10anim_truckerhatrig_truckerhat_grp_01_sq02s10vrtrig_sq02s10light_seq2_shot10.mxa	1	1	pearl_vrcam/scripts/data/actors.lua
pearl_vrcam/anims/sq02s10light_sq02s10anim_volvorig_volvoprodmodel_volvo_grp_sq02s10vrtrig_sq02s10light_seq2_shot10.mxa	1	1	pearl_vrcam/scripts/data/actors.lua
pearl_vrcam/anims/sq02s10vrtrig_sq02s10light_seq2_shot10_animation.mxa	1	2	pearl_vrcam/scripts/data/actors.lua
pearl_vrcam/anims/sq02s20light_carpearlnewextattachrig_carpearlnewextattach_carpearlextattach_grp_01_sq02s20vrtrig_seq2_shot20.mxa	1	1	pearl_vrcam/scripts/data/actors.lua
pearl_vrcam/anims/sq02s20light_christmas_light_glows_sq02s20vrtrig_seq2_shot20.mxa	1	1	pearl_vrcam/scripts/data/actors.lua
pearl_vrcam/anims/sq02s20light_shadow_plane_sq02s20vrtrig_seq2_shot20.mxa	1	1	pearl_vrcam/scripts/data/actors.lua
pearl_vrcam/anims/sq02s20light_sq02s20anim_acousticguitar_acousticguitar_sq02s20vrtrig_seq2_shot20.mxa	1	1	pearl_vrcam/scripts/data/actors.lua
pearl_vrcam/anims/sq02s20light_sq02s20anim_antlersrig_antlerctrl_grp_sq02s20vrtrig_seq2_shot20.mxa	1	1	pearl_vrcam/scripts/data/actors.lua
pearl_vrcam/anims/sq02s20light_sq02s20anim_carpearlnewrig_carpearl_grp_sq02s20vrtrig_seq2_shot20.mxa	1	1	pearl_vrcam/scripts/data/actors.lua
pearl_vrcam/anims/sq02s20light_sq02s20anim_dadyoungrig_dadyoungprodmodel_dadym_sq02s20vrtrig_seq2_shot20.mxa	1	1	pearl_vrcam/scripts/data/actors.lua
pearl_vrcam/anims/sq02s20light_sq02s20anim_sarakidrig_sarakidprodmodel_sarakm_sq02s20vrtrig_seq2_shot20.mxa	1	1	pearl_vrcam/scripts/data/actors.lua
pearl_vrcam/anims/sq02s20light_sq02s20anim_sq02s20flo_sc0220setdressing_sc0220setdressing_sq02s20vrtrig_seq2_shot20.mxa	1	1	pearl_vrcam/scripts/data/actors.lua
pearl_vrcam/anims/sq02s20light_sq02s20anim_ukulele_ukulele_sq02s20vrtrig_seq2_shot20.mxa	1	1	pearl_vrcam/scripts/data/actors.lua
pearl_vrcam/anims/sq02s20vrtrig_seq2_shot20_animation.mxa	1	2	pearl_vrcam/scripts/data/actors.lua
pearl_vrcam/anims/sq02s40light_carpearlnewextattachrig_carpearlnewextattach_carpearlextattach_grp_01_sq02s40vrtrig_seq2_shot40.mxa	1	1	pearl_vrcam/scripts/data/actors.lua
pearl_vrcam/anims/sq02s40light_glowmasks_sq02s40vrtrig_seq2_shot40.mxa	1	1	pearl_vrcam/scripts/data/actors.lua
pearl_vrcam/anims/sq02s40light_lightshapes_sq02s40vrtrig_seq2_shot40.mxa	1	1	pearl_vrcam/scripts/data/actors.lua
pearl_vrcam/anims/sq02s40light_sc0240setdressingvr_cardboardbox_grp_sq02s40vrtrig_seq2_shot40.mxa	1	1	pearl_vrcam/scripts/data/actors.lua
pearl_vrcam/anims/sq02s40light_sq02s40anim_carpearlnewrig_carpearl_grp_sq02s40vrtrig_seq2_shot40.mxa	1	1	pearl_vrcam/scripts/data/actors.lua
pearl_vrcam/anims/sq02s40light_sq02s40anim_coins_sq02s40vrtrig_seq2_shot40.mxa	1	1	pearl_vrcam/scripts/data/actors.lua
pearl_vrcam/anims/sq02s40light_sq02s40anim_dadyoungguitarcase1_dadyoungguitarcase_grp_sq02s40vrtrig_seq2_shot40.mxa	1	1	pearl_vrcam/scripts/data/actors.lua
pearl_vrcam/anims/sq02s40light_sq02s40anim_dadyoungrig_dadyoungprodmodel_dadym_sq02s40vrtrig_seq2_shot40.mxa	1	1	pearl_vrcam/scripts/data/actors.lua
pearl_vrcam/anims/sq02s40light_sq02s40anim_penny7_sq02s40vrtrig_seq2_shot40.mxa	1	1	pearl_vrcam/scripts/data/actors.lua
pearl_vrcam/anims/sq02s40light_sq02s40anim_pickuptruck02_01_scale_grp_sq02s40vrtrig_seq2_shot40.mxa	1	1	pearl_vrcam/scripts/data/actors.lua
pearl_vrcam/anims/sq02s40light_sq02s40anim_pickuptruck02_02_scale_grp_sq02s40vrtrig_seq2_shot40.mxa	1	1	pearl_vrcam/scripts/data/actors.lua
pearl_vrcam/anims/sq02s40light_sq02s40anim_sarakidrig_sarakidprodmodel_sarakm_sq02s40vrtrig_seq2_shot40.mxa	1	1	pearl_vrcam/scripts/data/actors.lua
pearl_vrcam/anims/sq02s40light_sq02s40anim_sc0240setdressing_sc0240setdressing_grp_01_sq02s40vrtrig_seq2_shot40.mxa	1	1	pearl_vrcam/scripts/data/actors.lua
pearl_vrcam/anims/sq02s40light_sq02s40anim_sc0240setdressingcarint_sc0240_setdressingcarint_grp_sq02s40vrtrig_seq2_shot40.mxa	1	1	pearl_vrcam/scripts/data/actors.lua
pearl_vrcam/anims/sq02s40light_sq02s40anim_semitruck02_scale_grp_sq02s40vrtrig_seq2_shot40.mxa	1	1	pearl_vrcam/scripts/data/actors.lua
pearl_vrcam/anims/sq02s40light_sq02s40anim_sq02s40animcrowd_staticman02_v001_genericman01rig_genericmanprodmodel_genericmanm_sq02s40vrtrig_seq2_shot40.mxa	1	1	pearl_vrcam/scripts/data/actors.lua
pearl_vrcam/anims/sq02s40light_sq02s40anim_sq02s40animcrowd_staticman05_v001_genericman01rig_genericmanprodmodel_genericmanm_sq02s40vrtrig_seq2_shot40.mxa	1	1	pearl_vrcam/scripts/data/actors.lua
pearl_vrcam/anims/sq02s40light_sq02s40anim_sq02s40animcrowd_staticwoman01_v001_genericwomanrig_genericwomanprodmodel_genericwomanm_sq02s40vrtrig_seq2_shot40.mxa	1	1	pearl_vrcam/scripts/data/actors.lua
pearl_vrcam/anims/sq02s40light_sq02s40anim_sq02s40animcrowd_walking1woman_v015_genericwomanrig_genericwomanprodmodel_genericwomanm_sq02s40vrtrig_seq2_shot40.mxa	1	1	pearl_vrcam/scripts/data/actors.lua
pearl_vrcam/anims/sq02s40light_sq02s40anim_sq02s40flo_outskirtsofsmalltown_outskirtsofsmalltown_grp_01_sq02s40vrtrig_seq2_shot40.mxa	1	1	pearl_vrcam/scripts/data/actors.lua
pearl_vrcam/anims/sq02s40light_sq02s40anim_stationwagonrig_stationwagonprodmodel_stationwagon_grp_sq02s40vrtrig_seq2_shot40.mxa	1	1	pearl_vrcam/scripts/data/actors.lua
pearl_vrcam/anims/sq02s40light_sq02s40anim_truckerhatrig_truckerhat_grp_01_sq02s40vrtrig_seq2_shot40.mxa	1	1	pearl_vrcam/scripts/data/actors.lua
pearl_vrcam/anims/sq02s40light_sq02s40anim_uhaultruckrig_uhaultruckprodmodel_uhaultruck_grp_sq02s40vrtrig_seq2_shot40.mxa	1	1	pearl_vrcam/scripts/data/actors.lua
pearl_vrcam/anims/sq02s40light_sq02s40anim_van_scalegrp_sq02s40vrtrig_seq2_shot40.mxa	1	1	pearl_vrcam/scripts/data/actors.lua
pearl_vrcam/anims/sq02s40light_sq02s40anim_volvorig_volvoprodmodel_volvo_grp_sq02s40vrtrig_seq2_shot40.mxa	1	1	pearl_vrcam/scripts/data/actors.lua
pearl_vrcam/anims/sq02s40vrtrig_seq2_shot40_animation.mxa	1	2	pearl_vrcam/scripts/data/actors.lua
pearl_vrcam/anims/sq02s50light_carpearlnewextattachrig_carpearlnewextattach_carpearlextattach_grp_01_sq02s50vrtrig_seq2_shot50.mxa	1	1	pearl_vrcam/scripts/data/actors.lua
pearl_vrcam/anims/sq02s50light_sq02s50anim_acousticguitar_acousticguitar_sq02s50vrtrig_seq2_shot50.mxa	1	1	pearl_vrcam/scripts/data/actors.lua
pearl_vrcam/anims/sq02s50light_sq02s50anim_carpearlnewrig_carpearl_grp_sq02s50vrtrig_seq2_shot50.mxa	1	1	pearl_vrcam/scripts/data/actors.lua
pearl_vrcam/anims/sq02s50light_sq02s50anim_dadyoungrig_dadyoungprodmodel_dadym_sq02s50vrtrig_seq2_shot50.mxa	1	1	pearl_vrcam/scripts/data/actors.lua
pearl_vrcam/anims/sq02s50light_sq02s50anim_sarakidrig_sarakidprodmodel_sarakm_sq02s50vrtrig_seq2_shot50.mxa	1	1	pearl_vrcam/scripts/data/actors.lua
pearl_vrcam/anims/sq02s50light_sq02s50anim_sc0250setdressing_sc0250setdressing_grp_sq02s50vrtrig_seq2_shot50.mxa	1	1	pearl_vrcam/scripts/data/actors.lua
pearl_vrcam/anims/sq02s50light_sq02s50anim_sc0250setdressinga_sc0250setdressinga_sq02s50vrtrig_seq2_shot50.mxa	1	1	pearl_vrcam/scripts/data/actors.lua
pearl_vrcam/anims/sq02s50light_sq02s50anim_ukulele_ukulele_sq02s50vrtrig_seq2_shot50.mxa	1	1	pearl_vrcam/scripts/data/actors.lua
pearl_vrcam/anims/sq02s50vrtrig_seq2_shot50_animation.mxa	1	2	pearl_vrcam/scripts/data/actors.lua
pearl_vrcam/anims/sq02s60light_carpearlnewextattachrig_carpearlnewextattach_carpearlextattach_grp_01_sq02s60vrtrig_seq2_shot60.mxa	1	1	pearl_vrcam/scripts/data/actors.lua
pearl_vrcam/anims/sq02s60light_sq02s60anim_acousticguitar_acousticguitar_sq02s60vrtrig_seq2_shot60.mxa	1	1	pearl_vrcam/scripts/data/actors.lua
pearl_vrcam/anims/sq02s60light_sq02s60anim_carpearlnewrig_carpearl_grp_sq02s60vrtrig_seq2_shot60.mxa	1	1	pearl_vrcam/scripts/data/actors.lua
pearl_vrcam/anims/sq02s60light_sq02s60anim_copcarrig_copcarprodmodel_copcar_grp_sq02s60vrtrig_seq2_shot60.mxa	1	1	pearl_vrcam/scripts/data/actors.lua
pearl_vrcam/anims/sq02s60light_sq02s60anim_dadyoungrig_dadyoungprodmodel_dadym_sq02s60vrtrig_seq2_shot60.mxa	1	1	pearl_vrcam/scripts/data/actors.lua
pearl_vrcam/anims/sq02s60light_sq02s60anim_drawover_sq02s60vrtrig_seq2_shot60.mxa	1	1	pearl_vrcam/scripts/data/actors.lua
pearl_vrcam/anims/sq02s60light_sq02s60anim_pickuptruck02rig_pickuptruck02prodmodel_pickuptruck02_grp_sq02s60vrtrig_seq2_shot60.mxa	1	1	pearl_vrcam/scripts/data/actors.lua
pearl_vrcam/anims/sq02s60light_sq02s60anim_pickuptruck_snow_grp_sq02s60vrtrig_seq2_shot60.mxa	1	1	pearl_vrcam/scripts/data/actors.lua
pearl_vrcam/anims/sq02s60light_sq02s60anim_sarakidrig_sarakidprodmodel_sarakm_sq02s60vrtrig_seq2_shot60.mxa	1	1	pearl_vrcam/scripts/data/actors.lua
pearl_vrcam/anims/sq02s60light_sq02s60anim_sc0260setdressingcarinta_backpack_backpack_sq02s60vrtrig_seq2_shot60.mxa	1	1	pearl_vrcam/scripts/data/actors.lua
pearl_vrcam/anims/sq02s60light_sq02s60anim_sc0260setdressingcarinta_fastfooddrink_fastfooddrink_grp_sq02s60vrtrig_seq2_shot60.mxa	1	1	pearl_vrcam/scripts/data/actors.lua
pearl_vrcam/anims/sq02s60light_sq02s60anim_sc0260setdressingcarinta_sc0260setdressinga_sq02s60vrtrig_seq2_shot60.mxa	1	1	pearl_vrcam/scripts/data/actors.lua
pearl_vrcam/anims/sq02s60light_sq02s60anim_sc0260setdressingcarinta_truckerhatrig_truckerhat_grp_01_sq02s60vrtrig_seq2_shot60.mxa	1	1	pearl_vrcam/scripts/data/actors.lua
pearl_vrcam/anims/sq02s60light_sq02s60anim_sc0260setdressingcarintb_sc0260setdressingb_sq02s60vrtrig_seq2_shot60.mxa	1	1	pearl_vrcam/scripts/data/actors.lua
pearl_vrcam/anims/sq02s60light_sq02s60anim_snowcfx_grp_sq02s60vrtrig_seq2_shot60.mxa	1	1	pearl_vrcam/scripts/data/actors.lua
pearl_vrcam/anims/sq02s60light_sq02s60anim_sq02s60animcrowd_boyspectator_v001_genericboy01rig_genericboyprodmodel_genericboym_sq02s60vrtrig_seq2_shot60.mxa	1	1	pearl_vrcam/scripts/data/actors.lua
pearl_vrcam/anims/sq02s60light_sq02s60anim_sq02s60animcrowd_dadyoungguitarcase_dadyoungguitarcase_grp_sq02s60vrtrig_seq2_shot60.mxa	1	1	pearl_vrcam/scripts/data/actors.lua
pearl_vrcam/anims/sq02s60light_sq02s60anim_sq02s60animcrowd_genericman01rig_genericmanprodmodel_genericmanm_sq02s60vrtrig_seq2_shot60.mxa	1	1	pearl_vrcam/scripts/data/actors.lua
pearl_vrcam/anims/sq02s60light_sq02s60anim_sq02s60animcrowd_genericwomanrig_genericwomanprodmodel_genericwomanm_sq02s60vrtrig_seq2_shot60.mxa	1	1	pearl_vrcam/scripts/data/actors.lua
pearl_vrcam/anims/sq02s60light_sq02s60anim_sq02s60animcrowd_spectator01_v008_genericman01rig_genericmanprodmodel_genericmanm_sq02s60vrtrig_seq2_shot60.mxa	1	1	pearl_vrcam/scripts/data/actors.lua
pearl_vrcam/anims/sq02s60light_sq02s60anim_sq02s60animcrowd_spectator02_v004_genericwomanrig_genericwomanprodmodel_genericwomanm_sq02s60vrtrig_seq2_shot60.mxa	1	1	pearl_vrcam/scripts/data/actors.lua
pearl_vrcam/anims/sq02s60light_sq02s60anim_sq02s60animcrowd_spectator03_v007_genericman01rig_genericmanprodmodel_genericmanm_sq02s60vrtrig_seq2_shot60.mxa	1	1	pearl_vrcam/scripts/data/actors.lua
pearl_vrcam/anims/sq02s60light_sq02s60anim_sq02s60animcrowd_spectator04_v003_genericman01rig_genericmanprodmodel_genericmanm_sq02s60vrtrig_seq2_shot60.mxa	1	1	pearl_vrcam/scripts/data/actors.lua
pearl_vrcam/anims/sq02s60light_sq02s60anim_stationwagonrig_stationwagonprodmodel_stationwagon_grp_sq02s60vrtrig_seq2_shot60.mxa	1	1	pearl_vrcam/scripts/data/actors.lua
pearl_vrcam/anims/sq02s60light_sq02s60anim_towtruckrig_towtruckprodmodel_towtruck_grp_sq02s60vrtrig_seq2_shot60.mxa	1	1	pearl_vrcam/scripts/data/actors.lua
pearl_vrcam/anims/sq02s60light_sq02s60anim_ukulele_ukulele_sq02s60vrtrig_seq2_shot60.mxa	1	1	pearl_vrcam/scripts/data/actors.lua
pearl_vrcam/anims/sq02s60light_sq02s60anim_vanrig_vanprodmodel_van_grp_sq02s60vrtrig_seq2_shot60.mxa	1	1	pearl_vrcam/scripts/data/actors.lua
pearl_vrcam/anims/sq02s60light_sq02s60anim_volvorig_volvoprodmodel_volvo_grp_sq02s60vrtrig_seq2_shot60.mxa	1	1	pearl_vrcam/scripts/data/actors.lua
pearl_vrcam/anims/sq02s60vrtrig_seq2_shot60_animation.mxa	1	2	pearl_vrcam/scripts/data/actors.lua
pearl_vrcam/anims/sq03s10light_carpearlnewextattachrig_carpearlnewextattach_carpearlextattach_grp_01_sq03s10vrtrig_310_frame.mxa	1	1	pearl_vrcam/scripts/data/actors.lua
pearl_vrcam/anims/sq03s10light_carpearlnewextattachrig_carpearlnewextattach_carpearlextattach_grp_01_sq03s10vrtrig_seq3_shot10_all_part1.mxa	1	1	pearl_vrcam/scripts/data/actors.lua
pearl_vrcam/anims/sq03s10light_carpearlnewextattachrig_carpearlnewextattach_carpearlextattach_grp_01_sq03s10vrtrig_seq3_shot10_all_part2.mxa	1	1	pearl_vrcam/scripts/data/actors.lua
pearl_vrcam/anims/sq03s10light_lightshapes_sq03s10vrtrig_310_frame.mxa	1	1	pearl_vrcam/scripts/data/actors.lua
pearl_vrcam/anims/sq03s10light_lightshapes_sq03s10vrtrig_seq3_shot10_all_part1.mxa	1	1	pearl_vrcam/scripts/data/actors.lua
pearl_vrcam/anims/sq03s10light_lightshapes_sq03s10vrtrig_seq3_shot10_all_part2.mxa	1	1	pearl_vrcam/scripts/data/actors.lua
pearl_vrcam/anims/sq03s10light_sc0310setdressingvr_cardboardbox_grp_sq03s10vrtrig_310_frame.mxa	1	1	pearl_vrcam/scripts/data/actors.lua
pearl_vrcam/anims/sq03s10light_sc0310setdressingvr_cardboardbox_grp_sq03s10vrtrig_seq3_shot10_all_part1.mxa	1	1	pearl_vrcam/scripts/data/actors.lua
pearl_vrcam/anims/sq03s10light_sc0310setdressingvr_cardboardbox_grp_sq03s10vrtrig_seq3_shot10_all_part2.mxa	1	1	pearl_vrcam/scripts/data/actors.lua
pearl_vrcam/anims/sq03s10light_shadows_grp_01_sq03s10vrtrig_310_frame.mxa	1	1	pearl_vrcam/scripts/data/actors.lua
pearl_vrcam/anims/sq03s10light_shadows_grp_01_sq03s10vrtrig_seq3_shot10_all_part1.mxa	1	1	pearl_vrcam/scripts/data/actors.lua
pearl_vrcam/anims/sq03s10light_shadows_grp_01_sq03s10vrtrig_seq3_shot10_all_part2.mxa	1	1	pearl_vrcam/scripts/data/actors.lua
pearl_vrcam/anims/sq03s10light_sq03s10anim_bag_control_sq03s10vrtrig_310_frame.mxa	1	1	pearl_vrcam/scripts/data/actors.lua
pearl_vrcam/anims/sq03s10light_sq03s10anim_bag_control_sq03s10vrtrig_seq3_shot10_all_part1.mxa	1	1	pearl_vrcam/scripts/data/actors.lua
pearl_vrcam/anims/sq03s10light_sq03s10anim_bag_control_sq03s10vrtrig_seq3_shot10_all_part2.mxa	1	1	pearl_vrcam/scripts/data/actors.lua
pearl_vrcam/anims/sq03s10light_sq03s10anim_carpearlnewrig_carpearl_grp_sq03s10vrtrig_310_frame.mxa	1	1	pearl_vrcam/scripts/data/actors.lua
pearl_vrcam/anims/sq03s10light_sq03s10anim_carpearlnewrig_carpearl_grp_sq03s10vrtrig_seq3_shot10_all_part1.mxa	1	1	pearl_vrcam/scripts/data/actors.lua
pearl_vrcam/anims/sq03s10light_sq03s10anim_carpearlnewrig_carpearl_grp_sq03s10vrtrig_seq3_shot10_all_part2.mxa	1	1	pearl_vrcam/scripts/data/actors.lua
pearl_vrcam/anims/sq03s10light_sq03s10anim_dadyoungrig_dadyoungprodmodel_dadym_sq03s10vrtrig_310_frame.mxa	1	1	pearl_vrcam/scripts/data/actors.lua
pearl_vrcam/anims/sq03s10light_sq03s10anim_dadyoungrig_dadyoungprodmodel_dadym_sq03s10vrtrig_seq3_shot10_all_part1.mxa	1	1	pearl_vrcam/scripts/data/actors.lua
pearl_vrcam/anims/sq03s10light_sq03s10anim_dadyoungrig_dadyoungprodmodel_dadym_sq03s10vrtrig_seq3_shot10_all_part2.mxa	1	1	pearl_vrcam/scripts/data/actors.lua
pearl_vrcam/anims/sq03s10light_sq03s10anim_genericboy01rig_genericboyprodmodel_genericboym_sq03s10vrtrig_310_frame.mxa	1	1	pearl_vrcam/scripts/data/actors.lua
pearl_vrcam/anims/sq03s10light_sq03s10anim_genericboy01rig_genericboyprodmodel_genericboym_sq03s10vrtrig_seq3_shot10_all_part1.mxa	1	1	pearl_vrcam/scripts/data/actors.lua
pearl_vrcam/anims/sq03s10light_sq03s10anim_genericboy01rig_genericboyprodmodel_genericboym_sq03s10vrtrig_seq3_shot10_all_part2.mxa	1	1	pearl_vrcam/scripts/data/actors.lua
pearl_vrcam/anims/sq03s10light_sq03s10anim_genericgirl01rig_genericgirlprodmodel_genericgirlm_sq03s10vrtrig_310_frame.mxa	1	1	pearl_vrcam/scripts/data/actors.lua
pearl_vrcam/anims/sq03s10light_sq03s10anim_genericgirl01rig_genericgirlprodmodel_genericgirlm_sq03s10vrtrig_seq3_shot10_all_part1.mxa	1	1	pearl_vrcam/scripts/data/actors.lua
pearl_vrcam/anims/sq03s10light_sq03s10anim_genericgirl01rig_genericgirlprodmodel_genericgirlm_sq03s10vrtrig_seq3_shot10_all_part2.mxa	1	1	pearl_vrcam/scripts/data/actors.lua
pearl_vrcam/anims/sq03s10light_sq03s10anim_genericman01rig_genericmanprodmodel_genericmanm_sq03s10vrtrig_310_frame.mxa	1	1	pearl_vrcam/scripts/data/actors.lua
pearl_vrcam/anims/sq03s10light_sq03s10anim_genericman01rig_genericmanprodmodel_genericmanm_sq03s10vrtrig_seq3_shot10_all_part1.mxa	1	1	pearl_vrcam/scripts/data/actors.lua
pearl_vrcam/anims/sq03s10light_sq03s10anim_genericman01rig_genericmanprodmodel_genericmanm_sq03s10vrtrig_seq3_shot10_all_part2.mxa	1	1	pearl_vrcam/scripts/data/actors.lua
pearl_vrcam/anims/sq03s10light_sq03s10anim_genericwomanrig_genericwomanprodmodel_genericwomanm_sq03s10vrtrig_310_frame.mxa	1	1	pearl_vrcam/scripts/data/actors.lua
pearl_vrcam/anims/sq03s10light_sq03s10anim_genericwomanrig_genericwomanprodmodel_genericwomanm_sq03s10vrtrig_seq3_shot10_all_part1.mxa	1	1	pearl_vrcam/scripts/data/actors.lua
pearl_vrcam/anims/sq03s10light_sq03s10anim_genericwomanrig_genericwomanprodmodel_genericwomanm_sq03s10vrtrig_seq3_shot10_all_part2.mxa	1	1	pearl_vrcam/scripts/data/actors.lua
pearl_vrcam/anims/sq03s10light_sq03s10anim_pickuptruck02rig_pickuptruck02prodmodel_pickuptruck02_grp_sq03s10vrtrig_310_frame.mxa	1	1	pearl_vrcam/scripts/data/actors.lua
pearl_vrcam/anims/sq03s10light_sq03s10anim_pickuptruck02rig_pickuptruck02prodmodel_pickuptruck02_grp_sq03s10vrtrig_seq3_shot10_all_part1.mxa	1	1	pearl_vrcam/scripts/data/actors.lua
pearl_vrcam/anims/sq03s10light_sq03s10anim_pickuptruck02rig_pickuptruck02prodmodel_pickuptruck02_grp_sq03s10vrtrig_seq3_shot10_all_part2.mxa	1	1	pearl_vrcam/scripts/data/actors.lua
pearl_vrcam/anims/sq03s10light_sq03s10anim_sarakidrig_sarakidprodmodel_sarakm_sq03s10vrtrig_310_frame.mxa	1	1	pearl_vrcam/scripts/data/actors.lua
pearl_vrcam/anims/sq03s10light_sq03s10anim_sarakidrig_sarakidprodmodel_sarakm_sq03s10vrtrig_seq3_shot10_all_part1.mxa	1	1	pearl_vrcam/scripts/data/actors.lua
pearl_vrcam/anims/sq03s10light_sq03s10anim_sarakidrig_sarakidprodmodel_sarakm_sq03s10vrtrig_seq3_shot10_all_part2.mxa	1	1	pearl_vrcam/scripts/data/actors.lua
pearl_vrcam/anims/sq03s10light_sq03s10anim_sc0310setdressinga_sc0310setdressinga_grp_01_sq03s10vrtrig_310_frame.mxa	1	1	pearl_vrcam/scripts/data/actors.lua
pearl_vrcam/anims/sq03s10light_sq03s10anim_sc0310setdressinga_sc0310setdressinga_grp_01_sq03s10vrtrig_seq3_shot10_all_part1.mxa	1	1	pearl_vrcam/scripts/data/actors.lua
pearl_vrcam/anims/sq03s10light_sq03s10anim_sc0310setdressinga_sc0310setdressinga_grp_01_sq03s10vrtrig_seq3_shot10_all_part2.mxa	1	1	pearl_vrcam/scripts/data/actors.lua
pearl_vrcam/anims/sq03s10light_sq03s10anim_sc0310setdressingb_sc0310setdressingb_grp_01_sq03s10vrtrig_310_frame.mxa	1	1	pearl_vrcam/scripts/data/actors.lua
pearl_vrcam/anims/sq03s10light_sq03s10anim_sc0310setdressingb_sc0310setdressingb_grp_01_sq03s10vrtrig_seq3_shot10_all_part1.mxa	1	1	pearl_vrcam/scripts/data/actors.lua
pearl_vrcam/anims/sq03s10light_sq03s10anim_sc0310setdressingb_sc0310setdressingb_grp_01_sq03s10vrtrig_seq3_shot10_all_part2.mxa	1	1	pearl_vrcam/scripts/data/actors.lua
pearl_vrcam/anims/sq03s10light_sq03s10anim_snowdfx_grp_sq03s10vrtrig_310_frame.mxa	1	1	pearl_vrcam/scripts/data/actors.lua
pearl_vrcam/anims/sq03s10light_sq03s10anim_snowdfx_grp_sq03s10vrtrig_seq3_shot10_all_part1.mxa	1	1	pearl_vrcam/scripts/data/actors.lua
pearl_vrcam/anims/sq03s10light_sq03s10anim_snowdfx_grp_sq03s10vrtrig_seq3_shot10_all_part2.mxa	1	1	pearl_vrcam/scripts/data/actors.lua
pearl_vrcam/anims/sq03s10light_sq03s10anim_sq03s10_nexttopark_nexttopark_grp_01_sq03s10vrtrig_310_frame.mxa	1	1	pearl_vrcam/scripts/data/actors.lua
pearl_vrcam/anims/sq03s10light_sq03s10anim_sq03s10_nexttopark_nexttopark_grp_01_sq03s10vrtrig_seq3_shot10_all_part1.mxa	1	1	pearl_vrcam/scripts/data/actors.lua
pearl_vrcam/anims/sq03s10light_sq03s10anim_sq03s10_nexttopark_nexttopark_grp_01_sq03s10vrtrig_seq3_shot10_all_part2.mxa	1	1	pearl_vrcam/scripts/data/actors.lua
pearl_vrcam/anims/sq03s10light_sq03s10anim_stationwagonrig_stationwagonprodmodel_stationwagon_grp_sq03s10vrtrig_310_frame.mxa	1	1	pearl_vrcam/scripts/data/actors.lua
pearl_vrcam/anims/sq03s10light_sq03s10anim_stationwagonrig_stationwagonprodmodel_stationwagon_grp_sq03s10vrtrig_seq3_shot10_all_part1.mxa	1	1	pearl_vrcam/scripts/data/actors.lua
pearl_vrcam/anims/sq03s10light_sq03s10anim_stationwagonrig_stationwagonprodmodel_stationwagon_grp_sq03s10vrtrig_seq3_shot10_all_part2.mxa	1	1	pearl_vrcam/scripts/data/actors.lua
pearl_vrcam/anims/sq03s10light_sq03s10anim_towtruckrig_towtruckprodmodel_towtruck_grp_sq03s10vrtrig_310_frame.mxa	1	1	pearl_vrcam/scripts/data/actors.lua
pearl_vrcam/anims/sq03s10light_sq03s10anim_towtruckrig_towtruckprodmodel_towtruck_grp_sq03s10vrtrig_seq3_shot10_all_part1.mxa	1	1	pearl_vrcam/scripts/data/actors.lua
pearl_vrcam/anims/sq03s10light_sq03s10anim_towtruckrig_towtruckprodmodel_towtruck_grp_sq03s10vrtrig_seq3_shot10_all_part2.mxa	1	1	pearl_vrcam/scripts/data/actors.lua
pearl_vrcam/anims/sq03s10light_sq03s10anim_toyunicorn_toyunicorn_grp_sq03s10vrtrig_310_frame.mxa	1	1	pearl_vrcam/scripts/data/actors.lua
pearl_vrcam/anims/sq03s10light_sq03s10anim_toyunicorn_toyunicorn_grp_sq03s10vrtrig_seq3_shot10_all_part1.mxa	1	1	pearl_vrcam/scripts/data/actors.lua
pearl_vrcam/anims/sq03s10light_sq03s10anim_toyunicorn_toyunicorn_grp_sq03s10vrtrig_seq3_shot10_all_part2.mxa	1	1	pearl_vrcam/scripts/data/actors.lua
pearl_vrcam/anims/sq03s10vrtrig_310_frame_animation.mxa	1	2	pearl_vrcam/scripts/data/actors.lua
pearl_vrcam/anims/sq03s10vrtrig_seq3_shot10_all_part1_animation.mxa	1	2	pearl_vrcam/scripts/data/actors.lua
pearl_vrcam/anims/sq03s10vrtrig_seq3_shot10_all_part2_animation.mxa	1	2	pearl_vrcam/scripts/data/actors.lua
pearl_vrcam/anims/sq03s30light_carpearlnewextattachrig_carpearlnewextattach_carpearlextattach_grp_01_sq03s30vrtrig_seq3_shot30.mxa	1	1	pearl_vrcam/scripts/data/actors.lua
pearl_vrcam/anims/sq03s30light_dadfacelightshape1_offset_sq03s30vrtrig_seq3_shot30.mxa	1	1	pearl_vrcam/scripts/data/actors.lua
pearl_vrcam/anims/sq03s30light_groundshad_sq03s30vrtrig_seq3_shot30.mxa	1	1	pearl_vrcam/scripts/data/actors.lua
pearl_vrcam/anims/sq03s30light_lightshapes_sq03s30vrtrig_seq3_shot30.mxa	1	1	pearl_vrcam/scripts/data/actors.lua
pearl_vrcam/anims/sq03s30light_sq03s30anim_backpack1_backpack_sq03s30vrtrig_seq3_shot30.mxa	1	1	pearl_vrcam/scripts/data/actors.lua
pearl_vrcam/anims/sq03s30light_sq03s30anim_cardboardboxb_cardboardbox_grp_sq03s30vrtrig_seq3_shot30.mxa	1	1	pearl_vrcam/scripts/data/actors.lua
pearl_vrcam/anims/sq03s30light_sq03s30anim_cardboardnolid_nolidbox_grp_sq03s30vrtrig_seq3_shot30.mxa	1	1	pearl_vrcam/scripts/data/actors.lua
pearl_vrcam/anims/sq03s30light_sq03s30anim_carpearlnewrig_carpearl_grp_sq03s30vrtrig_seq3_shot30.mxa	1	1	pearl_vrcam/scripts/data/actors.lua
pearl_vrcam/anims/sq03s30light_sq03s30anim_dadyoungrig_dadyoungprodmodel_dadym_sq03s30vrtrig_seq3_shot30.mxa	1	1	pearl_vrcam/scripts/data/actors.lua
pearl_vrcam/anims/sq03s30light_sq03s30anim_doll_doll_sq03s30vrtrig_seq3_shot30.mxa	1	1	pearl_vrcam/scripts/data/actors.lua
pearl_vrcam/anims/sq03s30light_sq03s30anim_pickuptruck02rig_pickuptruck02prodmodel_pickuptruck02_grp_sq03s30vrtrig_seq3_shot30.mxa	1	1	pearl_vrcam/scripts/data/actors.lua
pearl_vrcam/anims/sq03s30light_sq03s30anim_sarakidrig_sarakidprodmodel_sarakm_sq03s30vrtrig_seq3_shot30.mxa	1	1	pearl_vrcam/scripts/data/actors.lua
pearl_vrcam/anims/sq03s30light_sq03s30anim_sc0330setdressing_grp_sq03s30vrtrig_seq3_shot30.mxa	1	1	pearl_vrcam/scripts/data/actors.lua
pearl_vrcam/anims/sq03s30light_sq03s30anim_stationwagonrig_stationwagonprodmodel_stationwagon_grp_sq03s30vrtrig_seq3_shot30.mxa	1	1	pearl_vrcam/scripts/data/actors.lua
pearl_vrcam/anims/sq03s30light_sq03s30anim_stuffedanimalb_stuffedanimalb_sq03s30vrtrig_seq3_shot30.mxa	1	1	pearl_vrcam/scripts/data/actors.lua
pearl_vrcam/anims/sq03s30light_sq03s30anim_vanrig_vanprodmodel_van_grp_sq03s30vrtrig_seq3_shot30.mxa	1	1	pearl_vrcam/scripts/data/actors.lua
pearl_vrcam/anims/sq03s30light_sq03s30anim_volvorig_volvoprodmodel_volvo_grp_sq03s30vrtrig_seq3_shot30.mxa	1	1	pearl_vrcam/scripts/data/actors.lua
pearl_vrcam/anims/sq03s30vrtrig_seq3_shot30_animation.mxa	1	2	pearl_vrcam/scripts/data/actors.lua
pearl_vrcam/anims/sq03s40light_carpearlnewextattachrig_carpearlnewextattach_carpearlextattach_grp_01_sq03s40vrtrig_seq3_shot40.mxa	1	1	pearl_vrcam/scripts/data/actors.lua
pearl_vrcam/anims/sq03s40light_shadowshapes_grp_01_sq03s40vrtrig_seq3_shot40.mxa	1	1	pearl_vrcam/scripts/data/actors.lua
pearl_vrcam/anims/sq03s40light_sq03s40anim_carpearlnewrig_carpearl_grp_sq03s40vrtrig_seq3_shot40.mxa	1	1	pearl_vrcam/scripts/data/actors.lua
pearl_vrcam/anims/sq03s40light_sq03s40anim_dadyoungrig_dadyoungprodmodel_dadym_sq03s40vrtrig_seq3_shot40.mxa	1	1	pearl_vrcam/scripts/data/actors.lua
pearl_vrcam/anims/sq03s40light_sq03s40anim_genericgirlrig_genericgirlprodmodel_genericgirlm_sq03s40vrtrig_seq3_shot40.mxa	1	1	pearl_vrcam/scripts/data/actors.lua
pearl_vrcam/anims/sq03s40light_sq03s40anim_generickidrig_generickidprodmodel_generic_kidm_sq03s40vrtrig_seq3_shot40.mxa	1	1	pearl_vrcam/scripts/data/actors.lua
pearl_vrcam/anims/sq03s40light_sq03s40anim_genericman01rig1_genericmanprodmodel_genericmanm_sq03s40vrtrig_seq3_shot40.mxa	1	1	pearl_vrcam/scripts/data/actors.lua
pearl_vrcam/anims/sq03s40light_sq03s40anim_genericman01rig_genericmanprodmodel_genericmanm_sq03s40vrtrig_seq3_shot40.mxa	1	1	pearl_vrcam/scripts/data/actors.lua
pearl_vrcam/anims/sq03s40light_sq03s40anim_sarakidrig_sarakidprodmodel_sarakm_sq03s40vrtrig_seq3_shot40.mxa	1	1	pearl_vrcam/scripts/data/actors.lua
pearl_vrcam/anims/sq03s40light_sq03s40anim_sq03s40animcrowd_staticman02_v001_genericman01rig_genericmanprodmodel_genericmanm_sq03s40vrtrig_seq3_shot40.mxa	1	1	pearl_vrcam/scripts/data/actors.lua
pearl_vrcam/anims/sq03s40light_sq03s40anim_sq03s40animcrowd_staticman04_v001_genericman01rig_genericmanprodmodel_genericmanm_sq03s40vrtrig_seq3_shot40.mxa	1	1	pearl_vrcam/scripts/data/actors.lua
pearl_vrcam/anims/sq03s40light_sq03s40anim_sq03s40animcrowd_staticwoman02_v001_genericwomanrig_genericwomanprodmodel_genericwomanm_sq03s40vrtrig_seq3_shot40.mxa	1	1	pearl_vrcam/scripts/data/actors.lua
pearl_vrcam/anims/sq03s40light_sq03s40anim_sq03s40animcrowd_staticwoman03_v001_genericwomanrig_genericwomanprodmodel_genericwomanm_sq03s40vrtrig_seq3_shot40.mxa	1	1	pearl_vrcam/scripts/data/actors.lua
pearl_vrcam/anims/sq03s40light_sq03s40anim_sq03s40animcrowd_staticwoman05_v001_genericwomanrig_genericwomanprodmodel_genericwomanm_sq03s40vrtrig_seq3_shot40.mxa	1	1	pearl_vrcam/scripts/data/actors.lua
pearl_vrcam/anims/sq03s40light_sq03s40anim_sq03s40flo_stationwagonrig_stationwagonprodmodel_stationwagon_grp_sq03s40vrtrig_seq3_shot40.mxa	1	1	pearl_vrcam/scripts/data/actors.lua
pearl_vrcam/anims/sq03s40light_sq03s40anim_sq03s40flo_vanrig_vanprodmodel_van_grp_sq03s40vrtrig_seq3_shot40.mxa	1	1	pearl_vrcam/scripts/data/actors.lua
pearl_vrcam/anims/sq03s40light_sq03s40anim_sq03s40flo_volvorig_volvoprodmodel_volvo_grp_sq03s40vrtrig_seq3_shot40.mxa	1	1	pearl_vrcam/scripts/data/actors.lua
pearl_vrcam/anims/sq03s40vrtrig_seq3_shot40_animation.mxa	1	2	pearl_vrcam/scripts/data/actors.lua
pearl_vrcam/anims/sq03s50light_carpearlnewextattachrig_carpearlnewextattach_carpearlextattach_grp_01_sq03s50vrtrig_seq3_shot50.mxa	1	1	pearl_vrcam/scripts/data/actors.lua
pearl_vrcam/anims/sq03s50light_light_catcher_group_sq03s50vrtrig_seq3_shot50.mxa	1	1	pearl_vrcam/scripts/data/actors.lua
pearl_vrcam/anims/sq03s50light_sq03s50anim_carpearlnewrig_carpearl_grp_sq03s50vrtrig_seq3_shot50.mxa	1	1	pearl_vrcam/scripts/data/actors.lua
pearl_vrcam/anims/sq03s50light_sq03s50anim_dadmiddleagedrig_dadmiddleagedprodmodel_dadmm_sq03s50vrtrig_seq3_shot50.mxa	1	1	pearl_vrcam/scripts/data/actors.lua
pearl_vrcam/anims/sq03s50light_sq03s50anim_drummerrig_drummerprodmodel_drummerm_sq03s50vrtrig_seq3_shot50.mxa	1	1	pearl_vrcam/scripts/data/actors.lua
pearl_vrcam/anims/sq03s50light_sq03s50anim_guitaristrig_guitaristprodmodel_guitaristm_sq03s50vrtrig_seq3_shot50.mxa	1	1	pearl_vrcam/scripts/data/actors.lua
pearl_vrcam/anims/sq03s50light_sq03s50anim_headphones1_headphonea_sq03s50vrtrig_seq3_shot50.mxa	1	1	pearl_vrcam/scripts/data/actors.lua
pearl_vrcam/anims/sq03s50light_sq03s50anim_headphones2_headphonea_sq03s50vrtrig_seq3_shot50.mxa	1	1	pearl_vrcam/scripts/data/actors.lua
pearl_vrcam/anims/sq03s50light_sq03s50anim_headphones_headphonea_sq03s50vrtrig_seq3_shot50.mxa	1	1	pearl_vrcam/scripts/data/actors.lua
pearl_vrcam/anims/sq03s50light_sq03s50anim_pickuptruck02rig1_pickuptruck02prodmodel_pickuptruck02_grp_sq03s50vrtrig_seq3_shot50.mxa	1	1	pearl_vrcam/scripts/data/actors.lua
pearl_vrcam/anims/sq03s50light_sq03s50anim_pickuptruck02rig_pickuptruck02prodmodel_pickuptruck02_grp_sq03s50vrtrig_seq3_shot50.mxa	1	1	pearl_vrcam/scripts/data/actors.lua
pearl_vrcam/anims/sq03s50light_sq03s50anim_sarateenrig_sarateenprodmodel_saratm_sq03s50vrtrig_seq3_shot50.mxa	1	1	pearl_vrcam/scripts/data/actors.lua
pearl_vrcam/anims/sq03s50light_sq03s50anim_sq03s50flo_treelinedneighborhood_treelinedneighborhood_grp_01_sq03s50vrtrig_seq3_shot50.mxa	1	1	pearl_vrcam/scripts/data/actors.lua
pearl_vrcam/anims/sq03s50light_sq03s50anim_sq03s50flo_treelinedneighborhood_treelinedneighborhood_staticgrp_01_sq03s50vrtrig_seq3_shot50.mxa	1	1	pearl_vrcam/scripts/data/actors.lua
pearl_vrcam/anims/sq03s50light_sq03s50anim_staticman02_v001_genericman01rig_genericmanprodmodel_genericmanm_sq03s50vrtrig_seq3_shot50.mxa	1	1	pearl_vrcam/scripts/data/actors.lua
pearl_vrcam/anims/sq03s50light_sq03s50anim_staticman05_v001_genericman01rig_genericmanprodmodel_genericmanm_sq03s50vrtrig_seq3_shot50.mxa	1	1	pearl_vrcam/scripts/data/actors.lua
pearl_vrcam/anims/sq03s50light_sq03s50anim_staticwoman05_v001_genericwomanrig_genericwomanprodmodel_genericwomanm_sq03s50vrtrig_seq3_shot50.mxa	1	1	pearl_vrcam/scripts/data/actors.lua
pearl_vrcam/anims/sq03s50light_sq03s50anim_stationwagonrig_stationwagonprodmodel_stationwagon_grp_sq03s50vrtrig_seq3_shot50.mxa	1	1	pearl_vrcam/scripts/data/actors.lua
pearl_vrcam/anims/sq03s50light_sq03s50anim_vanrig_vanprodmodel_van_grp_sq03s50vrtrig_seq3_shot50.mxa	1	1	pearl_vrcam/scripts/data/actors.lua
pearl_vrcam/anims/sq03s50light_sq03s50anim_volvorig1_volvoprodmodel_volvo_grp_sq03s50vrtrig_seq3_shot50.mxa	1	1	pearl_vrcam/scripts/data/actors.lua
pearl_vrcam/anims/sq03s50light_sq03s50anim_volvorig_volvoprodmodel_volvo_grp_sq03s50vrtrig_seq3_shot50.mxa	1	1	pearl_vrcam/scripts/data/actors.lua
pearl_vrcam/anims/sq03s50light_sunroof_sq03s50vrtrig_seq3_shot50.mxa	1	1	pearl_vrcam/scripts/data/actors.lua
pearl_vrcam/anims/sq03s50vrtrig_seq3_shot50_animation.mxa	1	2	pearl_vrcam/scripts/data/actors.lua
pearl_vrcam/anims/sq03s60light_carpearlnewextattachrig_carpearlnewextattach_carpearlextattach_grp_01_sq03s60vrtrig_sq03s60light_seq3_shot60.mxa	1	1	pearl_vrcam/scripts/data/actors.lua
pearl_vrcam/anims/sq03s60light_envconstrainedgroup_sq03s60vrtrig_sq03s60light_seq3_shot60.mxa	1	1	pearl_vrcam/scripts/data/actors.lua
pearl_vrcam/anims/sq03s60light_othercarlightsgroup_sq03s60vrtrig_sq03s60light_seq3_shot60.mxa	1	1	pearl_vrcam/scripts/data/actors.lua
pearl_vrcam/anims/sq03s60light_raindrop_fx_sq03s60vrtrig_sq03s60light_seq3_shot60.mxa	1	1	pearl_vrcam/scripts/data/actors.lua
pearl_vrcam/anims/sq03s60light_shadowshapesgroup_sq03s60vrtrig_sq03s60light_seq3_shot60.mxa	1	1	pearl_vrcam/scripts/data/actors.lua
pearl_vrcam/anims/sq03s60light_sq03s60anim_carpearlnewrig_carpearl_grp_sq03s60vrtrig_sq03s60light_seq3_shot60.mxa	1	1	pearl_vrcam/scripts/data/actors.lua
pearl_vrcam/anims/sq03s60light_sq03s60anim_copcarrig_copcarprodmodel_copcar_grp_sq03s60vrtrig_sq03s60light_seq3_shot60.mxa	1	1	pearl_vrcam/scripts/data/actors.lua
pearl_vrcam/anims/sq03s60light_sq03s60anim_dadmiddleagedrig_dadmiddleagedprodmodel_dadmm_sq03s60vrtrig_sq03s60light_seq3_shot60.mxa	1	1	pearl_vrcam/scripts/data/actors.lua
pearl_vrcam/anims/sq03s60light_sq03s60anim_fastfooddrink_fastfooddrink_grp_sq03s60vrtrig_sq03s60light_seq3_shot60.mxa	1	1	pearl_vrcam/scripts/data/actors.lua
pearl_vrcam/anims/sq03s60light_sq03s60anim_headphones_headphonea_sq03s60vrtrig_sq03s60light_seq3_shot60.mxa	1	1	pearl_vrcam/scripts/data/actors.lua
pearl_vrcam/anims/sq03s60light_sq03s60anim_pickuptruck02rig_pickuptruck02prodmodel_pickuptruck02_grp_sq03s60vrtrig_sq03s60light_seq3_shot60.mxa	1	1	pearl_vrcam/scripts/data/actors.lua
pearl_vrcam/anims/sq03s60light_sq03s60anim_sarateenrig_sarateenprodmodel_saratm_sq03s60vrtrig_sq03s60light_seq3_shot60.mxa	1	1	pearl_vrcam/scripts/data/actors.lua
pearl_vrcam/anims/sq03s60light_sq03s60anim_setdressingnighttimebusinessdistrict_setdressingnighttimebusinessdistrict_grp_sq03s60vrtrig_sq03s60light_seq3_shot60.mxa	1	1	pearl_vrcam/scripts/data/actors.lua
pearl_vrcam/anims/sq03s60light_sq03s60anim_sq03s60flo_nighttimebusinessdistrict_nighttimebusinessdistrict_grp_sq03s60vrtrig_sq03s60light_seq3_shot60.mxa	1	1	pearl_vrcam/scripts/data/actors.lua
pearl_vrcam/anims/sq03s60light_sq03s60anim_stationwagonrig1_stationwagonprodmodel_stationwagon_grp_sq03s60vrtrig_sq03s60light_seq3_shot60.mxa	1	1	pearl_vrcam/scripts/data/actors.lua
pearl_vrcam/anims/sq03s60light_sq03s60anim_stationwagonrig_stationwagonprodmodel_stationwagon_grp_sq03s60vrtrig_sq03s60light_seq3_shot60.mxa	1	1	pearl_vrcam/scripts/data/actors.lua
pearl_vrcam/anims/sq03s60light_sq03s60anim_towtruckrig_towtruckprodmodel_towtruck_grp_sq03s60vrtrig_sq03s60light_seq3_shot60.mxa	1	1	pearl_vrcam/scripts/data/actors.lua
pearl_vrcam/anims/sq03s60light_sq03s60anim_vanrig_vanprodmodel_van_grp_sq03s60vrtrig_sq03s60light_seq3_shot60.mxa	1	1	pearl_vrcam/scripts/data/actors.lua
pearl_vrcam/anims/sq03s60light_sq03s60anim_volvorig_volvoprodmodel_volvo_grp_sq03s60vrtrig_sq03s60light_seq3_shot60.mxa	1	1	pearl_vrcam/scripts/data/actors.lua
pearl_vrcam/anims/sq03s60light_warpshapesgroup_sq03s60vrtrig_sq03s60light_seq3_shot60.mxa	1	1	pearl_vrcam/scripts/data/actors.lua
pearl_vrcam/anims/sq03s60vrtrig_sq03s60light_seq3_shot60_animation.mxa	1	2	pearl_vrcam/scripts/data/actors.lua
pearl_vrcam/anims/sq04s10light_carpearlnewextattachrig_carpearlnewextattach_carpearlextattach_grp_01_sq04s10vrtrig_seq4_shot10_part1.mxa	1	1	pearl_vrcam/scripts/data/actors.lua
pearl_vrcam/anims/sq04s10light_carpearlnewextattachrig_carpearlnewextattach_carpearlextattach_grp_01_sq04s10vrtrig_seq4_shot10_part2.mxa	1	1	pearl_vrcam/scripts/data/actors.lua
pearl_vrcam/anims/sq04s10light_carpearlnewextattachrig_carpearlnewextattach_carpearlextattach_grp_01_sq04s10vrtrig_seq4_shot10_wait.mxa	1	1	pearl_vrcam/scripts/data/actors.lua
pearl_vrcam/anims/sq04s10light_headlightconesgroup_sq04s10vrtrig_seq4_shot10_part1.mxa	1	1	pearl_vrcam/scripts/data/actors.lua
pearl_vrcam/anims/sq04s10light_headlightconesgroup_sq04s10vrtrig_seq4_shot10_part2.mxa	1	1	pearl_vrcam/scripts/data/actors.lua
pearl_vrcam/anims/sq04s10light_headlightconesgroup_sq04s10vrtrig_seq4_shot10_wait.mxa	1	1	pearl_vrcam/scripts/data/actors.lua
pearl_vrcam/anims/sq04s10light_lightshapesgroup_sq04s10vrtrig_seq4_shot10_part1.mxa	1	1	pearl_vrcam/scripts/data/actors.lua
pearl_vrcam/anims/sq04s10light_lightshapesgroup_sq04s10vrtrig_seq4_shot10_part2.mxa	1	1	pearl_vrcam/scripts/data/actors.lua
pearl_vrcam/anims/sq04s10light_lightshapesgroup_sq04s10vrtrig_seq4_shot10_wait.mxa	1	1	pearl_vrcam/scripts/data/actors.lua
pearl_vrcam/anims/sq04s10light_shadowshapesgroup_sq04s10vrtrig_seq4_shot10_part1.mxa	1	1	pearl_vrcam/scripts/data/actors.lua
pearl_vrcam/anims/sq04s10light_shadowshapesgroup_sq04s10vrtrig_seq4_shot10_part2.mxa	1	1	pearl_vrcam/scripts/data/actors.lua
pearl_vrcam/anims/sq04s10light_shadowshapesgroup_sq04s10vrtrig_seq4_shot10_wait.mxa	1	1	pearl_vrcam/scripts/data/actors.lua
pearl_vrcam/anims/sq04s10light_sq04s10anim_acousticguitar_acousticguitar_sq04s10vrtrig_seq4_shot10_part1.mxa	1	1	pearl_vrcam/scripts/data/actors.lua
pearl_vrcam/anims/sq04s10light_sq04s10anim_acousticguitar_acousticguitar_sq04s10vrtrig_seq4_shot10_part2.mxa	1	1	pearl_vrcam/scripts/data/actors.lua
pearl_vrcam/anims/sq04s10light_sq04s10anim_acousticguitar_acousticguitar_sq04s10vrtrig_seq4_shot10_wait.mxa	1	1	pearl_vrcam/scripts/data/actors.lua
pearl_vrcam/anims/sq04s10light_sq04s10anim_carpearlnewrig_carpearl_grp_sq04s10vrtrig_seq4_shot10_part1.mxa	1	1	pearl_vrcam/scripts/data/actors.lua
pearl_vrcam/anims/sq04s10light_sq04s10anim_carpearlnewrig_carpearl_grp_sq04s10vrtrig_seq4_shot10_part2.mxa	1	1	pearl_vrcam/scripts/data/actors.lua
pearl_vrcam/anims/sq04s10light_sq04s10anim_carpearlnewrig_carpearl_grp_sq04s10vrtrig_seq4_shot10_wait.mxa	1	1	pearl_vrcam/scripts/data/actors.lua
pearl_vrcam/anims/sq04s10light_sq04s10anim_pickuptruck02rig_pickuptruck02prodmodel_pickuptruck02_grp_sq04s10vrtrig_seq4_shot10_part1.mxa	1	1	pearl_vrcam/scripts/data/actors.lua
pearl_vrcam/anims/sq04s10light_sq04s10anim_pickuptruck02rig_pickuptruck02prodmodel_pickuptruck02_grp_sq04s10vrtrig_seq4_shot10_part2.mxa	1	1	pearl_vrcam/scripts/data/actors.lua
pearl_vrcam/anims/sq04s10light_sq04s10anim_pickuptruck02rig_pickuptruck02prodmodel_pickuptruck02_grp_sq04s10vrtrig_seq4_shot10_wait.mxa	1	1	pearl_vrcam/scripts/data/actors.lua
pearl_vrcam/anims/sq04s10light_sq04s10anim_sarateenrig_sarateenprodmodel_saratm_sq04s10vrtrig_seq4_shot10_part1.mxa	1	1	pearl_vrcam/scripts/data/actors.lua
pearl_vrcam/anims/sq04s10light_sq04s10anim_sarateenrig_sarateenprodmodel_saratm_sq04s10vrtrig_seq4_shot10_part2.mxa	1	1	pearl_vrcam/scripts/data/actors.lua
pearl_vrcam/anims/sq04s10light_sq04s10anim_sarateenrig_sarateenprodmodel_saratm_sq04s10vrtrig_seq4_shot10_wait.mxa	1	1	pearl_vrcam/scripts/data/actors.lua
pearl_vrcam/anims/sq04s10light_sq04s10anim_sq04s10flo_mobilehomepark_mobilehomes_grp_01_sq04s10vrtrig_seq4_shot10_part1.mxa	1	1	pearl_vrcam/scripts/data/actors.lua
pearl_vrcam/anims/sq04s10light_sq04s10anim_sq04s10flo_mobilehomepark_mobilehomes_grp_01_sq04s10vrtrig_seq4_shot10_part2.mxa	1	1	pearl_vrcam/scripts/data/actors.lua
pearl_vrcam/anims/sq04s10light_sq04s10anim_sq04s10flo_mobilehomepark_mobilehomes_grp_01_sq04s10vrtrig_seq4_shot10_wait.mxa	1	1	pearl_vrcam/scripts/data/actors.lua
pearl_vrcam/anims/sq04s10light_sq04s10anim_stationwagonrig1_stationwagonprodmodel_stationwagon_grp_sq04s10vrtrig_seq4_shot10_part1.mxa	1	1	pearl_vrcam/scripts/data/actors.lua
pearl_vrcam/anims/sq04s10light_sq04s10anim_stationwagonrig1_stationwagonprodmodel_stationwagon_grp_sq04s10vrtrig_seq4_shot10_part2.mxa	1	1	pearl_vrcam/scripts/data/actors.lua
pearl_vrcam/anims/sq04s10light_sq04s10anim_stationwagonrig1_stationwagonprodmodel_stationwagon_grp_sq04s10vrtrig_seq4_shot10_wait.mxa	1	1	pearl_vrcam/scripts/data/actors.lua
pearl_vrcam/anims/sq04s10light_sq04s10anim_stationwagonrig_stationwagonprodmodel_stationwagon_grp_sq04s10vrtrig_seq4_shot10_part1.mxa	1	1	pearl_vrcam/scripts/data/actors.lua
pearl_vrcam/anims/sq04s10light_sq04s10anim_stationwagonrig_stationwagonprodmodel_stationwagon_grp_sq04s10vrtrig_seq4_shot10_part2.mxa	1	1	pearl_vrcam/scripts/data/actors.lua
pearl_vrcam/anims/sq04s10light_sq04s10anim_stationwagonrig_stationwagonprodmodel_stationwagon_grp_sq04s10vrtrig_seq4_shot10_wait.mxa	1	1	pearl_vrcam/scripts/data/actors.lua
pearl_vrcam/anims/sq04s10light_sq04s10anim_uhaultruckrig_uhaultruckprodmodel_uhaultruck_grp_sq04s10vrtrig_seq4_shot10_part1.mxa	1	1	pearl_vrcam/scripts/data/actors.lua
pearl_vrcam/anims/sq04s10light_sq04s10anim_uhaultruckrig_uhaultruckprodmodel_uhaultruck_grp_sq04s10vrtrig_seq4_shot10_part2.mxa	1	1	pearl_vrcam/scripts/data/actors.lua
pearl_vrcam/anims/sq04s10light_sq04s10anim_uhaultruckrig_uhaultruckprodmodel_uhaultruck_grp_sq04s10vrtrig_seq4_shot10_wait.mxa	1	1	pearl_vrcam/scripts/data/actors.lua
pearl_vrcam/anims/sq04s10light_sq04s10anim_vanrig_vanprodmodel_van_grp_sq04s10vrtrig_seq4_shot10_part1.mxa	1	1	pearl_vrcam/scripts/data/actors.lua
pearl_vrcam/anims/sq04s10light_sq04s10anim_vanrig_vanprodmodel_van_grp_sq04s10vrtrig_seq4_shot10_part2.mxa	1	1	pearl_vrcam/scripts/data/actors.lua
pearl_vrcam/anims/sq04s10light_sq04s10anim_vanrig_vanprodmodel_van_grp_sq04s10vrtrig_seq4_shot10_wait.mxa	1	1	pearl_vrcam/scripts/data/actors.lua
pearl_vrcam/anims/sq04s10light_sq04s10anim_volvorig_volvoprodmodel_volvo_grp_sq04s10vrtrig_seq4_shot10_part1.mxa	1	1	pearl_vrcam/scripts/data/actors.lua
pearl_vrcam/anims/sq04s10light_sq04s10anim_volvorig_volvoprodmodel_volvo_grp_sq04s10vrtrig_seq4_shot10_part2.mxa	1	1	pearl_vrcam/scripts/data/actors.lua
pearl_vrcam/anims/sq04s10light_sq04s10anim_volvorig_volvoprodmodel_volvo_grp_sq04s10vrtrig_seq4_shot10_wait.mxa	1	1	pearl_vrcam/scripts/data/actors.lua
pearl_vrcam/anims/sq04s10light_taillightgroup_sq04s10vrtrig_seq4_shot10_part1.mxa	1	1	pearl_vrcam/scripts/data/actors.lua
pearl_vrcam/anims/sq04s10light_taillightgroup_sq04s10vrtrig_seq4_shot10_part2.mxa	1	1	pearl_vrcam/scripts/data/actors.lua
pearl_vrcam/anims/sq04s10light_taillightgroup_sq04s10vrtrig_seq4_shot10_wait.mxa	1	1	pearl_vrcam/scripts/data/actors.lua
pearl_vrcam/anims/sq04s10vrtrig_seq4_shot10_part1_animation.mxa	1	2	pearl_vrcam/scripts/data/actors.lua
pearl_vrcam/anims/sq04s10vrtrig_seq4_shot10_part2_animation.mxa	1	2	pearl_vrcam/scripts/data/actors.lua
pearl_vrcam/anims/sq04s10vrtrig_seq4_shot10_wait_animation.mxa	1	2	pearl_vrcam/scripts/data/actors.lua
pearl_vrcam/anims/sq04s20light_carpearlnewextattachrig_carpearlnewextattach_carpearlextattach_grp_01_sq04s20vrtrig_seq4_shot20.mxa	1	1	pearl_vrcam/scripts/data/actors.lua
pearl_vrcam/anims/sq04s20light_envcontstrainedgroup_sq04s20vrtrig_seq4_shot20.mxa	1	1	pearl_vrcam/scripts/data/actors.lua
pearl_vrcam/anims/sq04s20light_otheractorscargroup_sq04s20vrtrig_seq4_shot20.mxa	1	1	pearl_vrcam/scripts/data/actors.lua
pearl_vrcam/anims/sq04s20light_othercarlightsgroup_sq04s20vrtrig_seq4_shot20.mxa	1	1	pearl_vrcam/scripts/data/actors.lua
pearl_vrcam/anims/sq04s20light_shadowshapesgroupall_sq04s20vrtrig_seq4_shot20.mxa	1	1	pearl_vrcam/scripts/data/actors.lua
pearl_vrcam/anims/sq04s20light_sq04s20anim_carpearlnewrig_carpearl_grp_sq04s20vrtrig_seq4_shot20.mxa	1	1	pearl_vrcam/scripts/data/actors.lua
pearl_vrcam/anims/sq04s20light_sq04s20anim_copcarrig_copcarprodmodel_copcar_grp_sq04s20vrtrig_seq4_shot20.mxa	1	1	pearl_vrcam/scripts/data/actors.lua
pearl_vrcam/anims/sq04s20light_sq04s20anim_drummerrig_drummerprodmodel_drummerm_sq04s20vrtrig_seq4_shot20.mxa	1	1	pearl_vrcam/scripts/data/actors.lua
pearl_vrcam/anims/sq04s20light_sq04s20anim_pickuptruck02rig1_pickuptruck02prodmodel_pickuptruck02_grp_sq04s20vrtrig_seq4_shot20.mxa	1	1	pearl_vrcam/scripts/data/actors.lua
pearl_vrcam/anims/sq04s20light_sq04s20anim_pickuptruck02rig2_pickuptruck02prodmodel_pickuptruck02_grp_sq04s20vrtrig_seq4_shot20.mxa	1	1	pearl_vrcam/scripts/data/actors.lua
pearl_vrcam/anims/sq04s20light_sq04s20anim_pickuptruck02rig_pickuptruck02prodmodel_pickuptruck02_grp_sq04s20vrtrig_seq4_shot20.mxa	1	1	pearl_vrcam/scripts/data/actors.lua
pearl_vrcam/anims/sq04s20light_sq04s20anim_sarateenrig_sarateenprodmodel_saratm_sq04s20vrtrig_seq4_shot20.mxa	1	1	pearl_vrcam/scripts/data/actors.lua
pearl_vrcam/anims/sq04s20light_sq04s20anim_semitruck02rig_semitruck02prodmodel_semitruck02_grp_sq04s20vrtrig_seq4_shot20.mxa	1	1	pearl_vrcam/scripts/data/actors.lua
pearl_vrcam/anims/sq04s20light_sq04s20anim_setdressingnighttimebusinessdistrict_setdressingnighttimebusinessdistrict_grp_sq04s20vrtrig_seq4_shot20.mxa	1	1	pearl_vrcam/scripts/data/actors.lua
pearl_vrcam/anims/sq04s20light_sq04s20anim_sq04s20flo1_nighttimebusinessdistrict_nighttimebusinessdistrict_grp_sq04s20vrtrig_seq4_shot20.mxa	1	1	pearl_vrcam/scripts/data/actors.lua
pearl_vrcam/anims/sq04s20light_sq04s20anim_stationwagonrig1_stationwagonprodmodel_stationwagon_grp_sq04s20vrtrig_seq4_shot20.mxa	1	1	pearl_vrcam/scripts/data/actors.lua
pearl_vrcam/anims/sq04s20light_sq04s20anim_stationwagonrig_stationwagonprodmodel_stationwagon_grp_sq04s20vrtrig_seq4_shot20.mxa	1	1	pearl_vrcam/scripts/data/actors.lua
pearl_vrcam/anims/sq04s20light_sq04s20anim_uhaultruckrig_uhaultruckprodmodel_uhaultruck_grp_sq04s20vrtrig_seq4_shot20.mxa	1	1	pearl_vrcam/scripts/data/actors.lua
pearl_vrcam/anims/sq04s20light_sq04s20anim_vanrig_vanprodmodel_van_grp_sq04s20vrtrig_seq4_shot20.mxa	1	1	pearl_vrcam/scripts/data/actors.lua
pearl_vrcam/anims/sq04s20light_sq04s20anim_volvorig1_volvoprodmodel_volvo_grp_sq04s20vrtrig_seq4_shot20.mxa	1	1	pearl_vrcam/scripts/data/actors.lua
pearl_vrcam/anims/sq04s20light_sq04s20anim_volvorig_volvoprodmodel_volvo_grp_sq04s20vrtrig_seq4_shot20.mxa	1	1	pearl_vrcam/scripts/data/actors.lua
pearl_vrcam/anims/sq04s20light_streetlightbloomcardsgroup_sq04s20vrtrig_seq4_shot20.mxa	1	1	pearl_vrcam/scripts/data/actors.lua
pearl_vrcam/anims/sq04s20vrtrig_seq4_shot20_animation.mxa	1	2	pearl_vrcam/scripts/data/actors.lua
pearl_vrcam/anims/sq04s40light_carpearlnewextattachrig_carpearlnewextattach_carpearlextattach_grp_01_sq04s40vrtrig_seq4_shot40.mxa	1	1	pearl_vrcam/scripts/data/actors.lua
pearl_vrcam/anims/sq04s40light_drummershadow_offset_01_sq04s40vrtrig_seq4_shot40.mxa	1	1	pearl_vrcam/scripts/data/actors.lua
pearl_vrcam/anims/sq04s40light_drummershadowshapes_grp_01_sq04s40vrtrig_seq4_shot40.mxa	1	1	pearl_vrcam/scripts/data/actors.lua
pearl_vrcam/anims/sq04s40light_shadow_shape_backseat_sq04s40vrtrig_seq4_shot40.mxa	1	1	pearl_vrcam/scripts/data/actors.lua
pearl_vrcam/anims/sq04s40light_shadow_shape_frontseat_sq04s40vrtrig_seq4_shot40.mxa	1	1	pearl_vrcam/scripts/data/actors.lua
pearl_vrcam/anims/sq04s40light_shadow_sphere_bassist_sq04s40vrtrig_seq4_shot40.mxa	1	1	pearl_vrcam/scripts/data/actors.lua
pearl_vrcam/anims/sq04s40light_shadow_sphere_drummer_grp_01_sq04s40vrtrig_seq4_shot40.mxa	1	1	pearl_vrcam/scripts/data/actors.lua
pearl_vrcam/anims/sq04s40light_shadow_sphere_guitarist_sq04s40vrtrig_seq4_shot40.mxa	1	1	pearl_vrcam/scripts/data/actors.lua
pearl_vrcam/anims/sq04s40light_shadow_sphere_sara_sq04s40vrtrig_seq4_shot40.mxa	1	1	pearl_vrcam/scripts/data/actors.lua
pearl_vrcam/anims/sq04s40light_sq04s40anim_bassistrig_bassistprodmodel_bassistm_sq04s40vrtrig_seq4_shot40.mxa	1	1	pearl_vrcam/scripts/data/actors.lua
pearl_vrcam/anims/sq04s40light_sq04s40anim_carpearlnewrig_carpearl_grp_sq04s40vrtrig_seq4_shot40.mxa	1	1	pearl_vrcam/scripts/data/actors.lua
pearl_vrcam/anims/sq04s40light_sq04s40anim_drummerrig_drummerprodmodel_drummerm_sq04s40vrtrig_seq4_shot40.mxa	1	1	pearl_vrcam/scripts/data/actors.lua
pearl_vrcam/anims/sq04s40light_sq04s40anim_fireworkfx_fireworks_711_sq04s40vrtrig_seq4_shot40.mxa	1	1	pearl_vrcam/scripts/data/actors.lua
pearl_vrcam/anims/sq04s40light_sq04s40anim_guitaristrig_guitaristprodmodel_guitaristm_sq04s40vrtrig_seq4_shot40.mxa	1	1	pearl_vrcam/scripts/data/actors.lua
pearl_vrcam/anims/sq04s40light_sq04s40anim_pickuptruck02rig_pickuptruck02prodmodel_pickuptruck02_grp_sq04s40vrtrig_seq4_shot40.mxa	1	1	pearl_vrcam/scripts/data/actors.lua
pearl_vrcam/anims/sq04s40light_sq04s40anim_sarateenrig_sarateenprodmodel_saratm_sq04s40vrtrig_seq4_shot40.mxa	1	1	pearl_vrcam/scripts/data/actors.lua
pearl_vrcam/anims/sq04s40light_sq04s40anim_shoppingcartprodmodel_shoppingcart_grp_sq04s40vrtrig_seq4_shot40.mxa	1	1	pearl_vrcam/scripts/data/actors.lua
pearl_vrcam/anims/sq04s40light_sq04s40anim_sq04s40flo_parkinglot711_parkinglot711_grp_sq04s40vrtrig_seq4_shot40.mxa	1	1	pearl_vrcam/scripts/data/actors.lua
pearl_vrcam/anims/sq04s40vrtrig_seq4_shot40_animation.mxa	1	2	pearl_vrcam/scripts/data/actors.lua
pearl_vrcam/anims/sq04s55light_carpearlnewextattachrig_carpearlnewextattach_carpearlextattach_grp_01_sq04s55vrtrig_seq4_shot55.mxa	1	1	pearl_vrcam/scripts/data/actors.lua
pearl_vrcam/anims/sq04s55light_lightshapes_sq04s55vrtrig_seq4_shot55.mxa	1	1	pearl_vrcam/scripts/data/actors.lua
pearl_vrcam/anims/sq04s55light_sara_lightshapes_grp_01_sq04s55vrtrig_seq4_shot55.mxa	1	1	pearl_vrcam/scripts/data/actors.lua
pearl_vrcam/anims/sq04s55light_sq04s55anim_acousticguitar_acousticguitar_sq04s55vrtrig_seq4_shot55.mxa	1	1	pearl_vrcam/scripts/data/actors.lua
pearl_vrcam/anims/sq04s55light_sq04s55anim_acousticguitara_acousticguitara_sq04s55vrtrig_seq4_shot55.mxa	1	1	pearl_vrcam/scripts/data/actors.lua
pearl_vrcam/anims/sq04s55light_sq04s55anim_bassistrig_bassistprodmodel_bassistm_sq04s55vrtrig_seq4_shot55.mxa	1	1	pearl_vrcam/scripts/data/actors.lua
pearl_vrcam/anims/sq04s55light_sq04s55anim_carpearlnewrig_carpearl_grp_sq04s55vrtrig_seq4_shot55.mxa	1	1	pearl_vrcam/scripts/data/actors.lua
pearl_vrcam/anims/sq04s55light_sq04s55anim_drummerrig_drummerprodmodel_drummerm_sq04s55vrtrig_seq4_shot55.mxa	1	1	pearl_vrcam/scripts/data/actors.lua
pearl_vrcam/anims/sq04s55light_sq04s55anim_guitaristrig_guitaristprodmodel_guitaristm_sq04s55vrtrig_seq4_shot55.mxa	1	1	pearl_vrcam/scripts/data/actors.lua
pearl_vrcam/anims/sq04s55light_sq04s55anim_pickuptruck02rig_pickuptruck02prodmodel_pickuptruck02_grp_sq04s55vrtrig_seq4_shot55.mxa	1	1	pearl_vrcam/scripts/data/actors.lua
pearl_vrcam/anims/sq04s55light_sq04s55anim_sarateenrig_sarateenprodmodel_saratm_sq04s55vrtrig_seq4_shot55.mxa	1	1	pearl_vrcam/scripts/data/actors.lua
pearl_vrcam/anims/sq04s55light_sq04s55anim_semitruck02rig1_semitruck02prodmodel_semitruck02_grp_sq04s55vrtrig_seq4_shot55.mxa	1	1	pearl_vrcam/scripts/data/actors.lua
pearl_vrcam/anims/sq04s55light_sq04s55anim_semitruck02rig_semitruck02prodmodel_semitruck02_grp_sq04s55vrtrig_seq4_shot55.mxa	1	1	pearl_vrcam/scripts/data/actors.lua
pearl_vrcam/anims/sq04s55light_sq04s55anim_semitruckrig_semitruckprodmodel_semitruck_grp_sq04s55vrtrig_seq4_shot55.mxa	1	1	pearl_vrcam/scripts/data/actors.lua
pearl_vrcam/anims/sq04s55light_sq04s55anim_stationwagonrig_stationwagonprodmodel_stationwagon_grp_sq04s55vrtrig_seq4_shot55.mxa	1	1	pearl_vrcam/scripts/data/actors.lua
pearl_vrcam/anims/sq04s55light_sq04s55anim_vanrig_vanprodmodel_van_grp_sq04s55vrtrig_seq4_shot55.mxa	1	1	pearl_vrcam/scripts/data/actors.lua
pearl_vrcam/anims/sq04s55light_sq04s55anim_volvorig_volvoprodmodel_volvo_grp_sq04s55vrtrig_seq4_shot55.mxa	1	1	pearl_vrcam/scripts/data/actors.lua
pearl_vrcam/anims/sq04s55vrtrig_seq4_shot55_animation.mxa	1	2	pearl_vrcam/scripts/data/actors.lua
pearl_vrcam/anims/sq04s60light_carpearlnewextattachrig_carpearlnewextattach_carpearlextattach_grp_01_sq04s60trigvr_seq4_shot60.mxa	1	1	pearl_vrcam/scripts/data/actors.lua
pearl_vrcam/anims/sq04s60light_copcarlightsgroup_sq04s60trigvr_seq4_shot60.mxa	1	1	pearl_vrcam/scripts/data/actors.lua
pearl_vrcam/anims/sq04s60light_otheractorscargroup_sq04s60trigvr_seq4_shot60.mxa	1	1	pearl_vrcam/scripts/data/actors.lua
pearl_vrcam/anims/sq04s60light_othercarlightsgroup_sq04s60trigvr_seq4_shot60.mxa	1	1	pearl_vrcam/scripts/data/actors.lua
pearl_vrcam/anims/sq04s60light_shadowshapesgroupall_sq04s60trigvr_seq4_shot60.mxa	1	1	pearl_vrcam/scripts/data/actors.lua
pearl_vrcam/anims/sq04s60light_sq04s60anim_bassistrig_bassistprodmodel_bassistm_sq04s60trigvr_seq4_shot60.mxa	1	1	pearl_vrcam/scripts/data/actors.lua
pearl_vrcam/anims/sq04s60light_sq04s60anim_carpearlnewrig_carpearl_grp_sq04s60trigvr_seq4_shot60.mxa	1	1	pearl_vrcam/scripts/data/actors.lua
pearl_vrcam/anims/sq04s60light_sq04s60anim_copcarrig_copcarprodmodel_copcar_grp_sq04s60trigvr_seq4_shot60.mxa	1	1	pearl_vrcam/scripts/data/actors.lua
pearl_vrcam/anims/sq04s60light_sq04s60anim_drummerrig_drummerprodmodel_drummerm_sq04s60trigvr_seq4_shot60.mxa	1	1	pearl_vrcam/scripts/data/actors.lua
pearl_vrcam/anims/sq04s60light_sq04s60anim_pickuptruck02rig1_pickuptruck02prodmodel_pickuptruck02_grp_sq04s60trigvr_seq4_shot60.mxa	1	1	pearl_vrcam/scripts/data/actors.lua
pearl_vrcam/anims/sq04s60light_sq04s60anim_pickuptruck02rig_pickuptruck02prodmodel_pickuptruck02_grp_sq04s60trigvr_seq4_shot60.mxa	1	1	pearl_vrcam/scripts/data/actors.lua
pearl_vrcam/anims/sq04s60light_sq04s60anim_romancandlefx_romancandlegrp_sq04s60trigvr_seq4_shot60.mxa	1	1	pearl_vrcam/scripts/data/actors.lua
pearl_vrcam/anims/sq04s60light_sq04s60anim_sarateenrig_sarateenprodmodel_saratm_sq04s60trigvr_seq4_shot60.mxa	1	1	pearl_vrcam/scripts/data/actors.lua
pearl_vrcam/anims/sq04s60light_sq04s60anim_semitruck02rig_semitruck02prodmodel_semitruck02_grp_sq04s60trigvr_seq4_shot60.mxa	1	1	pearl_vrcam/scripts/data/actors.lua
pearl_vrcam/anims/sq04s60light_sq04s60anim_semitruckrig_semitruckprodmodel_semitruck_grp_sq04s60trigvr_seq4_shot60.mxa	1	1	pearl_vrcam/scripts/data/actors.lua
pearl_vrcam/anims/sq04s60light_sq04s60anim_setdressingnighttimebusinessdistrict_setdressingnighttimebusinessdistrict_grp_sq04s60trigvr_seq4_shot60.mxa	1	1	pearl_vrcam/scripts/data/actors.lua
pearl_vrcam/anims/sq04s60light_sq04s60anim_sq04s60flo_nighttimebusinessdistrict_nighttimebusinessdistrict_grp_sq04s60trigvr_seq4_shot60.mxa	1	1	pearl_vrcam/scripts/data/actors.lua
pearl_vrcam/anims/sq04s60light_sq04s60anim_stationwagonrig_stationwagonprodmodel_stationwagon_grp_sq04s60trigvr_seq4_shot60.mxa	1	1	pearl_vrcam/scripts/data/actors.lua
pearl_vrcam/anims/sq04s60light_sq04s60anim_towtruckrig_towtruckprodmodel_towtruck_grp_sq04s60trigvr_seq4_shot60.mxa	1	1	pearl_vrcam/scripts/data/actors.lua
pearl_vrcam/anims/sq04s60light_sq04s60anim_uhaultruckrig_uhaultruckprodmodel_uhaultruck_grp_sq04s60trigvr_seq4_shot60.mxa	1	1	pearl_vrcam/scripts/data/actors.lua
pearl_vrcam/anims/sq04s60light_sq04s60anim_vanrig_vanprodmodel_van_grp_sq04s60trigvr_seq4_shot60.mxa	1	1	pearl_vrcam/scripts/data/actors.lua
pearl_vrcam/anims/sq04s60light_sq04s60anim_volvorig1_volvoprodmodel_volvo_grp_sq04s60trigvr_seq4_shot60.mxa	1	1	pearl_vrcam/scripts/data/actors.lua
pearl_vrcam/anims/sq04s60light_sq04s60anim_volvorig_volvoprodmodel_volvo_grp_sq04s60trigvr_seq4_shot60.mxa	1	1	pearl_vrcam/scripts/data/actors.lua
pearl_vrcam/anims/sq04s60light_streetlightbloomcardsgroup_sq04s60trigvr_seq4_shot60.mxa	1	1	pearl_vrcam/scripts/data/actors.lua
pearl_vrcam/anims/sq04s60light_streetlightconesgroup_sq04s60trigvr_seq4_shot60.mxa	1	1	pearl_vrcam/scripts/data/actors.lua
pearl_vrcam/anims/sq04s60light_warpshapesgroup_sq04s60trigvr_seq4_shot60.mxa	1	1	pearl_vrcam/scripts/data/actors.lua
pearl_vrcam/anims/sq04s60trigvr_seq4_shot60_animation.mxa	1	2	pearl_vrcam/scripts/data/actors.lua
pearl_vrcam/anims/sq04s70light_bloomdiscs_sq04s70trigvr_seq4_shot70.mxa	1	1	pearl_vrcam/scripts/data/actors.lua
pearl_vrcam/anims/sq04s70light_carhightlightsgroup_sq04s70trigvr_seq4_shot70.mxa	1	1	pearl_vrcam/scripts/data/actors.lua
pearl_vrcam/anims/sq04s70light_carpearlnewextattachrig_carpearlnewextattach_carpearlextattach_grp_01_sq04s70trigvr_seq4_shot70.mxa	1	1	pearl_vrcam/scripts/data/actors.lua
pearl_vrcam/anims/sq04s70light_envconstrainedgroup_sq04s70trigvr_seq4_shot70.mxa	1	1	pearl_vrcam/scripts/data/actors.lua
pearl_vrcam/anims/sq04s70light_othercarlightsgroup_sq04s70trigvr_seq4_shot70.mxa	1	1	pearl_vrcam/scripts/data/actors.lua
pearl_vrcam/anims/sq04s70light_shadowshapesgroup_sq04s70trigvr_seq4_shot70.mxa	1	1	pearl_vrcam/scripts/data/actors.lua
pearl_vrcam/anims/sq04s70light_sq04s70anim_carpearlnewrig_carpearl_grp_sq04s70trigvr_seq4_shot70.mxa	1	1	pearl_vrcam/scripts/data/actors.lua
pearl_vrcam/anims/sq04s70light_sq04s70anim_dadmiddleagedrig_dadmiddleagedprodmodel_dadmm_sq04s70trigvr_seq4_shot70.mxa	1	1	pearl_vrcam/scripts/data/actors.lua
pearl_vrcam/anims/sq04s70light_sq04s70anim_pickuptruck02rig1_pickuptruck02prodmodel_pickuptruck02_grp_sq04s70trigvr_seq4_shot70.mxa	1	1	pearl_vrcam/scripts/data/actors.lua
pearl_vrcam/anims/sq04s70light_sq04s70anim_pickuptruck02rig_pickuptruck02prodmodel_pickuptruck02_grp_sq04s70trigvr_seq4_shot70.mxa	1	1	pearl_vrcam/scripts/data/actors.lua
pearl_vrcam/anims/sq04s70light_sq04s70anim_sarateenrig_sarateenprodmodel_saratm_sq04s70trigvr_seq4_shot70.mxa	1	1	pearl_vrcam/scripts/data/actors.lua
pearl_vrcam/anims/sq04s70light_sq04s70anim_semitruck02rig_semitruck02prodmodel_semitruck02_grp_sq04s70trigvr_seq4_shot70.mxa	1	1	pearl_vrcam/scripts/data/actors.lua
pearl_vrcam/anims/sq04s70light_sq04s70anim_semitruckrig_semitruckprodmodel_semitruck_grp_sq04s70trigvr_seq4_shot70.mxa	1	1	pearl_vrcam/scripts/data/actors.lua
pearl_vrcam/anims/sq04s70light_sq04s70anim_setdressingnighttimebusinessdistrict_setdressingnighttimebusinessdistrict_grp_sq04s70trigvr_seq4_shot70.mxa	1	1	pearl_vrcam/scripts/data/actors.lua
pearl_vrcam/anims/sq04s70light_sq04s70anim_sq04s70flo_nighttimebusinessdistrict_nighttimebusinessdistrict_grp_sq04s70trigvr_seq4_shot70.mxa	1	1	pearl_vrcam/scripts/data/actors.lua
pearl_vrcam/anims/sq04s70light_sq04s70anim_stationwagonrig_stationwagonprodmodel_stationwagon_grp_sq04s70trigvr_seq4_shot70.mxa	1	1	pearl_vrcam/scripts/data/actors.lua
pearl_vrcam/anims/sq04s70light_sq04s70anim_towtruckrig_towtruckprodmodel_towtruck_grp_sq04s70trigvr_seq4_shot70.mxa	1	1	pearl_vrcam/scripts/data/actors.lua
pearl_vrcam/anims/sq04s70light_sq04s70anim_vanrig_vanprodmodel_van_grp_sq04s70trigvr_seq4_shot70.mxa	1	1	pearl_vrcam/scripts/data/actors.lua
pearl_vrcam/anims/sq04s70light_sq04s70anim_volvorig1_volvoprodmodel_volvo_grp_sq04s70trigvr_seq4_shot70.mxa	1	1	pearl_vrcam/scripts/data/actors.lua
pearl_vrcam/anims/sq04s70light_sq04s70anim_volvorig_volvoprodmodel_volvo_grp_sq04s70trigvr_seq4_shot70.mxa	1	1	pearl_vrcam/scripts/data/actors.lua
pearl_vrcam/anims/sq04s70trigvr_seq4_shot70_animation.mxa	1	2	pearl_vrcam/scripts/data/actors.lua
pearl_vrcam/anims/sq04s80light_carpearlnewextattachrig_carpearlnewextattach_carpearlextattach_grp_01_sq04s80vrtrig_seq4_shot80.mxa	1	1	pearl_vrcam/scripts/data/actors.lua
pearl_vrcam/anims/sq04s80light_cloud_cylinder_sq04s80vrtrig_seq4_shot80.mxa	1	1	pearl_vrcam/scripts/data/actors.lua
pearl_vrcam/anims/sq04s80light_sq04s80anim_carpearlnewrig_carpearl_grp_sq04s80vrtrig_seq4_shot80.mxa	1	1	pearl_vrcam/scripts/data/actors.lua
pearl_vrcam/anims/sq04s80light_sq04s80anim_dadmiddleagedrig_dadmiddleagedprodmodel_dadmm_sq04s80vrtrig_seq4_shot80.mxa	1	1	pearl_vrcam/scripts/data/actors.lua
pearl_vrcam/anims/sq04s80light_sq04s80anim_pickuptruck02rig_pickuptruck02prodmodel_pickuptruck02_grp_sq04s80vrtrig_seq4_shot80.mxa	1	1	pearl_vrcam/scripts/data/actors.lua
pearl_vrcam/anims/sq04s80light_sq04s80anim_sq04s80flo_mobilehomepark_mobilehomes_grp_01_sq04s80vrtrig_seq4_shot80.mxa	1	1	pearl_vrcam/scripts/data/actors.lua
pearl_vrcam/anims/sq04s80light_sq04s80anim_vanrig_vanprodmodel_van_grp_sq04s80vrtrig_seq4_shot80.mxa	1	1	pearl_vrcam/scripts/data/actors.lua
pearl_vrcam/anims/sq04s80light_sq04s80anim_volvorig_volvoprodmodel_volvo_grp_sq04s80vrtrig_seq4_shot80.mxa	1	1	pearl_vrcam/scripts/data/actors.lua
pearl_vrcam/anims/sq04s80vrtrig_seq4_shot80_animation.mxa	1	2	pearl_vrcam/scripts/data/actors.lua
pearl_vrcam/anims/sq04s85light_carpearlnewextattachrig_carpearlnewextattach_carpearlextattach_grp_01_sq04s85vrtrig_sq04s85light_seq4_shot85.mxa	1	1	pearl_vrcam/scripts/data/actors.lua
pearl_vrcam/anims/sq04s85light_shadowshapesgroup_sq04s85vrtrig_sq04s85light_seq4_shot85.mxa	1	1	pearl_vrcam/scripts/data/actors.lua
pearl_vrcam/anims/sq04s85light_sq04s85anim_carpearlnewrig_carpearl_grp_sq04s85vrtrig_sq04s85light_seq4_shot85.mxa	1	1	pearl_vrcam/scripts/data/actors.lua
pearl_vrcam/anims/sq04s85light_sq04s85anim_dadmiddleagedrig_dadmiddleagedprodmodel_dadmm_sq04s85vrtrig_sq04s85light_seq4_shot85.mxa	1	1	pearl_vrcam/scripts/data/actors.lua
pearl_vrcam/anims/sq04s85light_sq04s85anim_pickuptruck02rig1_pickuptruck02prodmodel_pickuptruck02_grp_sq04s85vrtrig_sq04s85light_seq4_shot85.mxa	1	1	pearl_vrcam/scripts/data/actors.lua
pearl_vrcam/anims/sq04s85light_sq04s85anim_pickuptruck02rig_pickuptruck02prodmodel_pickuptruck02_grp_sq04s85vrtrig_sq04s85light_seq4_shot85.mxa	1	1	pearl_vrcam/scripts/data/actors.lua
pearl_vrcam/anims/sq04s85light_sq04s85anim_setdressingnighttimebusinessdistrict_setdressingnighttimebusinessdistrict_grp_sq04s85vrtrig_sq04s85light_seq4_shot85.mxa	1	1	pearl_vrcam/scripts/data/actors.lua
pearl_vrcam/anims/sq04s85light_sq04s85anim_sq04s85flo_nighttimebusinessdistrict_nighttimebusinessdistrict_grp_sq04s85vrtrig_sq04s85light_seq4_shot85.mxa	1	1	pearl_vrcam/scripts/data/actors.lua
pearl_vrcam/anims/sq04s85light_sq04s85anim_stationwagonrig_stationwagonprodmodel_stationwagon_grp_sq04s85vrtrig_sq04s85light_seq4_shot85.mxa	1	1	pearl_vrcam/scripts/data/actors.lua
pearl_vrcam/anims/sq04s85light_sq04s85anim_vanrig_vanprodmodel_van_grp_sq04s85vrtrig_sq04s85light_seq4_shot85.mxa	1	1	pearl_vrcam/scripts/data/actors.lua
pearl_vrcam/anims/sq04s85light_sq04s85anim_volvorig_volvoprodmodel_volvo_grp_sq04s85vrtrig_sq04s85light_seq4_shot85.mxa	1	1	pearl_vrcam/scripts/data/actors.lua
pearl_vrcam/anims/sq04s85vrtrig_sq04s85light_seq4_shot85_animation.mxa	1	2	pearl_vrcam/scripts/data/actors.lua
pearl_vrcam/anims/sq04s90light_carpearlnewextattachrig_carpearlnewextattach_carpearlextattach_grp_01_sq04s90vrtrig_seq4_shot90.mxa	1	1	pearl_vrcam/scripts/data/actors.lua
pearl_vrcam/anims/sq04s90light_dadyoungguitarcase_dadyoungguitarcase_grp_sq04s90vrtrig_seq4_shot90.mxa	1	1	pearl_vrcam/scripts/data/actors.lua
pearl_vrcam/anims/sq04s90light_halo_sara_sq04s90vrtrig_seq4_shot90.mxa	1	1	pearl_vrcam/scripts/data/actors.lua
pearl_vrcam/anims/sq04s90light_lensflare_lensflare_loc_sq04s90vrtrig_seq4_shot90.mxa	1	1	pearl_vrcam/scripts/data/actors.lua
pearl_vrcam/anims/sq04s90light_shadowshapes_car_sq04s90vrtrig_seq4_shot90.mxa	1	1	pearl_vrcam/scripts/data/actors.lua
pearl_vrcam/anims/sq04s90light_shadowshapes_envir_sq04s90vrtrig_seq4_shot90.mxa	1	1	pearl_vrcam/scripts/data/actors.lua
pearl_vrcam/anims/sq04s90light_sq04s90anim_acousticguitar_acousticguitar_sq04s90vrtrig_seq4_shot90.mxa	1	1	pearl_vrcam/scripts/data/actors.lua
pearl_vrcam/anims/sq04s90light_sq04s90anim_carpearlnewrig_carpearl_grp_sq04s90vrtrig_seq4_shot90.mxa	1	1	pearl_vrcam/scripts/data/actors.lua
pearl_vrcam/anims/sq04s90light_sq04s90anim_dadmiddleagedrig_dadmiddleagedprodmodel_dadmm_sq04s90vrtrig_seq4_shot90.mxa	1	1	pearl_vrcam/scripts/data/actors.lua
pearl_vrcam/anims/sq04s90light_sq04s90anim_pickuptruck02rig1_pickuptruck02prodmodel_pickuptruck02_grp_sq04s90vrtrig_seq4_shot90.mxa	1	1	pearl_vrcam/scripts/data/actors.lua
pearl_vrcam/anims/sq04s90light_sq04s90anim_pickuptruck02rig_pickuptruck02prodmodel_pickuptruck02_grp_sq04s90vrtrig_seq4_shot90.mxa	1	1	pearl_vrcam/scripts/data/actors.lua
pearl_vrcam/anims/sq04s90light_sq04s90anim_sarateenrig_sarateenprodmodel_saratm_sq04s90vrtrig_seq4_shot90.mxa	1	1	pearl_vrcam/scripts/data/actors.lua
pearl_vrcam/anims/sq04s90light_sq04s90anim_semitruck02rig_semitruck02prodmodel_semitruck02_grp_sq04s90vrtrig_seq4_shot90.mxa	1	1	pearl_vrcam/scripts/data/actors.lua
pearl_vrcam/anims/sq04s90light_sq04s90anim_setdressingnighttimebusinessdistrict_setdressingnighttimebusinessdistrict_grp_sq04s90vrtrig_seq4_shot90.mxa	1	1	pearl_vrcam/scripts/data/actors.lua
pearl_vrcam/anims/sq04s90light_sq04s90anim_sq04s90animcrowd_staticman02_v001_genericman01rig_genericmanprodmodel_genericmanm_sq04s90vrtrig_seq4_shot90.mxa	1	1	pearl_vrcam/scripts/data/actors.lua
pearl_vrcam/anims/sq04s90light_sq04s90anim_sq04s90animcrowd_staticman05_v001_genericman01rig_genericmanprodmodel_genericmanm_sq04s90vrtrig_seq4_shot90.mxa	1	1	pearl_vrcam/scripts/data/actors.lua
pearl_vrcam/anims/sq04s90light_sq04s90anim_sq04s90animcrowd_walking1woman_v015_genericwomanrig_genericwomanprodmodel_genericwomanm_sq04s90vrtrig_seq4_shot90.mxa	1	1	pearl_vrcam/scripts/data/actors.lua
pearl_vrcam/anims/sq04s90light_sq04s90anim_sq04s90flo_smalltownstreet_smalltownstreet_grp_sq04s90vrtrig_seq4_shot90.mxa	1	1	pearl_vrcam/scripts/data/actors.lua
pearl_vrcam/anims/sq04s90light_sq04s90anim_vanrig_vanprodmodel_van_grp_sq04s90vrtrig_seq4_shot90.mxa	1	1	pearl_vrcam/scripts/data/actors.lua
pearl_vrcam/anims/sq04s90light_sq04s90anim_volvorig1_volvoprodmodel_volvo_grp_sq04s90vrtrig_seq4_shot90.mxa	1	1	pearl_vrcam/scripts/data/actors.lua
pearl_vrcam/anims/sq04s90light_sq04s90anim_volvorig_volvoprodmodel_volvo_grp_sq04s90vrtrig_seq4_shot90.mxa	1	1	pearl_vrcam/scripts/data/actors.lua
pearl_vrcam/anims/sq04s90vrtrig_seq4_shot90_animation.mxa	1	2	pearl_vrcam/scripts/data/actors.lua
pearl_vrcam/anims/sq05s10light_carpearlnewextattachrig_carpearlnewextattach_carpearlextattach_grp_01_sq05s10vrtrig_seq5_shot10.mxa	1	1	pearl_vrcam/scripts/data/actors.lua
pearl_vrcam/anims/sq05s10light_envgrp_01_sq05s10vrtrig_seq5_shot10.mxa	1	1	pearl_vrcam/scripts/data/actors.lua
pearl_vrcam/anims/sq05s10light_lightshapes_grp_01_sq05s10vrtrig_seq5_shot10.mxa	1	1	pearl_vrcam/scripts/data/actors.lua
pearl_vrcam/anims/sq05s10light_shadowshape03_grp_01_sq05s10vrtrig_seq5_shot10.mxa	1	1	pearl_vrcam/scripts/data/actors.lua
pearl_vrcam/anims/sq05s10light_shadowshape_04_sq05s10vrtrig_seq5_shot10.mxa	1	1	pearl_vrcam/scripts/data/actors.lua
pearl_vrcam/anims/sq05s10light_sq05s10anim_carpearlnewrig_carpearl_grp_sq05s10vrtrig_seq5_shot10.mxa	1	1	pearl_vrcam/scripts/data/actors.lua
pearl_vrcam/anims/sq05s10light_sq05s10anim_dadmiddleagedrig_dadmiddleagedprodmodel_dadmm_sq05s10vrtrig_seq5_shot10.mxa	1	1	pearl_vrcam/scripts/data/actors.lua
pearl_vrcam/anims/sq05s10light_sq05s10anim_pickuptruck02rig_pickuptruck02prodmodel_pickuptruck02_grp_sq05s10vrtrig_seq5_shot10.mxa	1	1	pearl_vrcam/scripts/data/actors.lua
pearl_vrcam/anims/sq05s10light_sq05s10anim_sarateenrig_sarateenprodmodel_saratm_sq05s10vrtrig_seq5_shot10.mxa	1	1	pearl_vrcam/scripts/data/actors.lua
pearl_vrcam/anims/sq05s10light_sq05s10anim_sc0510setdressing_sc0510setdressing_sq05s10vrtrig_seq5_shot10.mxa	1	1	pearl_vrcam/scripts/data/actors.lua
pearl_vrcam/anims/sq05s10light_sq05s10anim_sq05s10flo_mobilehomepark_mobilehomes_grp_01_sq05s10vrtrig_seq5_shot10.mxa	1	1	pearl_vrcam/scripts/data/actors.lua
pearl_vrcam/anims/sq05s10light_sq05s10anim_vanrig_vanprodmodel_van_grp_sq05s10vrtrig_seq5_shot10.mxa	1	1	pearl_vrcam/scripts/data/actors.lua
pearl_vrcam/anims/sq05s10light_sq05s10anim_volvorig_volvoprodmodel_volvo_grp_sq05s10vrtrig_seq5_shot10.mxa	1	1	pearl_vrcam/scripts/data/actors.lua
pearl_vrcam/anims/sq05s10light_sunflare_01_sq05s10vrtrig_seq5_shot10.mxa	1	1	pearl_vrcam/scripts/data/actors.lua
pearl_vrcam/anims/sq05s10vrtrig_seq5_shot10_animation.mxa	1	2	pearl_vrcam/scripts/data/actors.lua
pearl_vrcam/anims/sq05s20light_carpearlnewextattachrig_carpearlnewextattach_carpearlextattach_grp_01_sq05s20vrtrig_seq5_shot20.mxa	1	1	pearl_vrcam/scripts/data/actors.lua
pearl_vrcam/anims/sq05s20light_lightshapes1_sq05s20vrtrig_seq5_shot20.mxa	1	1	pearl_vrcam/scripts/data/actors.lua
pearl_vrcam/anims/sq05s20light_sq05s20anim_acousticguitar_acousticguitar_sq05s20vrtrig_seq5_shot20.mxa	1	1	pearl_vrcam/scripts/data/actors.lua
pearl_vrcam/anims/sq05s20light_sq05s20anim_bassistrig_bassistprodmodel_bassistm_sq05s20vrtrig_seq5_shot20.mxa	1	1	pearl_vrcam/scripts/data/actors.lua
pearl_vrcam/anims/sq05s20light_sq05s20anim_carpearlnewrig_carpearl_grp_sq05s20vrtrig_seq5_shot20.mxa	1	1	pearl_vrcam/scripts/data/actors.lua
pearl_vrcam/anims/sq05s20light_sq05s20anim_guitaristrig_guitaristprodmodel_guitaristm_sq05s20vrtrig_seq5_shot20.mxa	1	1	pearl_vrcam/scripts/data/actors.lua
pearl_vrcam/anims/sq05s20light_sq05s20anim_melodica_melodica_sq05s20vrtrig_seq5_shot20.mxa	1	1	pearl_vrcam/scripts/data/actors.lua
pearl_vrcam/anims/sq05s20light_sq05s20anim_sarateenrig_sarateenprodmodel_saratm_sq05s20vrtrig_seq5_shot20.mxa	1	1	pearl_vrcam/scripts/data/actors.lua
pearl_vrcam/anims/sq05s20light_sq05s20anim_sc0520setdressingclouds_sc05s20setdressingclouds_grp_sq05s20vrtrig_seq5_shot20.mxa	1	1	pearl_vrcam/scripts/data/actors.lua
pearl_vrcam/anims/sq05s20light_sq05s20anim_sq05s20flo_deserthighwaysurf_deserthighway_grp_01_sq05s20vrtrig_seq5_shot20.mxa	1	1	pearl_vrcam/scripts/data/actors.lua
pearl_vrcam/anims/sq05s20light_sq05s20anim_ukulele_ukulele_sq05s20vrtrig_seq5_shot20.mxa	1	1	pearl_vrcam/scripts/data/actors.lua
pearl_vrcam/anims/sq05s20vrtrig_seq5_shot20_animation.mxa	1	2	pearl_vrcam/scripts/data/actors.lua
pearl_vrcam/anims/sq05s30light_carpearlnewextattachrig_carpearlnewextattach_carpearlextattach_grp_01_sq05s30vrtrig_seq5_shot30.mxa	1	1	pearl_vrcam/scripts/data/actors.lua
pearl_vrcam/anims/sq05s30light_sq05s30anim_bassistrig_bassistprodmodel_bassistm_sq05s30vrtrig_seq5_shot30.mxa	1	1	pearl_vrcam/scripts/data/actors.lua
pearl_vrcam/anims/sq05s30light_sq05s30anim_carpearlnewrig_carpearl_grp_sq05s30vrtrig_seq5_shot30.mxa	1	1	pearl_vrcam/scripts/data/actors.lua
pearl_vrcam/anims/sq05s30light_sq05s30anim_drummerrig_drummerprodmodel_drummerm_sq05s30vrtrig_seq5_shot30.mxa	1	1	pearl_vrcam/scripts/data/actors.lua
pearl_vrcam/anims/sq05s30light_sq05s30anim_guitaristrig_guitaristprodmodel_guitaristm_sq05s30vrtrig_seq5_shot30.mxa	1	1	pearl_vrcam/scripts/data/actors.lua
pearl_vrcam/anims/sq05s30light_sq05s30anim_moxiecamera1_sq05s30vrtrig_seq5_shot30.mxa	1	1	pearl_vrcam/scripts/data/actors.lua
pearl_vrcam/anims/sq05s30light_sq05s30anim_sarateenrig_sarateenprodmodel_saratm_sq05s30vrtrig_seq5_shot30.mxa	1	1	pearl_vrcam/scripts/data/actors.lua
pearl_vrcam/anims/sq05s30light_sq05s30anim_shirtgeom_sq05s30vrtrig_seq5_shot30.mxa	1	1	pearl_vrcam/scripts/data/actors.lua
pearl_vrcam/anims/sq05s30light_sq05s30anim_shortsdeformgrp_sq05s30vrtrig_seq5_shot30.mxa	1	1	pearl_vrcam/scripts/data/actors.lua
pearl_vrcam/anims/sq05s30vrtrig_seq5_shot30_animation.mxa	1	2	pearl_vrcam/scripts/data/actors.lua
pearl_vrcam/anims/sq05s40light_carpearlnewextattachrig_carpearlnewextattach_carpearlextattach_grp_01_sq05s40vrtrig_seq5_shot40.mxa	1	1	pearl_vrcam/scripts/data/actors.lua
pearl_vrcam/anims/sq05s40light_sq05s40anim_carpearlnewrig_carpearl_grp_sq05s40vrtrig_seq5_shot40.mxa	1	1	pearl_vrcam/scripts/data/actors.lua
pearl_vrcam/anims/sq05s40light_sq05s40anim_drummerrig_drummerprodmodel_drummerm_sq05s40vrtrig_seq5_shot40.mxa	1	1	pearl_vrcam/scripts/data/actors.lua
pearl_vrcam/anims/sq05s40light_sq05s40anim_guitaristrig_guitaristprodmodel_guitaristm_sq05s40vrtrig_seq5_shot40.mxa	1	1	pearl_vrcam/scripts/data/actors.lua
pearl_vrcam/anims/sq05s40light_sq05s40anim_sarateenrig_sarateenprodmodel_saratm_sq05s40vrtrig_seq5_shot40.mxa	1	1	pearl_vrcam/scripts/data/actors.lua
pearl_vrcam/anims/sq05s40light_sq05s40anim_semitruck02rig1_semitruck02prodmodel_semitruck02_grp_sq05s40vrtrig_seq5_shot40.mxa	1	1	pearl_vrcam/scripts/data/actors.lua
pearl_vrcam/anims/sq05s40light_sq05s40anim_semitruck02rig_semitruck02prodmodel_semitruck02_grp_sq05s40vrtrig_seq5_shot40.mxa	1	1	pearl_vrcam/scripts/data/actors.lua
pearl_vrcam/anims/sq05s40light_sq05s40anim_semitruckrig_semitruckprodmodel_semitruck_grp_sq05s40vrtrig_seq5_shot40.mxa	1	1	pearl_vrcam/scripts/data/actors.lua
pearl_vrcam/anims/sq05s40light_sq05s40anim_sq05s40flo_highway395_highway395_grp_sq05s40vrtrig_seq5_shot40.mxa	1	1	pearl_vrcam/scripts/data/actors.lua
pearl_vrcam/anims/sq05s40light_sq05s40anim_stationwagonrig_stationwagonprodmodel_stationwagon_grp_sq05s40vrtrig_seq5_shot40.mxa	1	1	pearl_vrcam/scripts/data/actors.lua
pearl_vrcam/anims/sq05s40light_sq05s40anim_vanrig_vanprodmodel_van_grp_sq05s40vrtrig_seq5_shot40.mxa	1	1	pearl_vrcam/scripts/data/actors.lua
pearl_vrcam/anims/sq05s40vrtrig_seq5_shot40_animation.mxa	1	2	pearl_vrcam/scripts/data/actors.lua
pearl_vrcam/anims/sq05s50light_carpearlnewextattachrig_carpearlnewextattach_carpearlextattach_grp_01_sq05s50vrtrig_sq05s50light_seq5_shot50.mxa	1	1	pearl_vrcam/scripts/data/actors.lua
pearl_vrcam/anims/sq05s50light_lightshapes_sq05s50vrtrig_sq05s50light_seq5_shot50.mxa	1	1	pearl_vrcam/scripts/data/actors.lua
pearl_vrcam/anims/sq05s50light_shadowshapes_sq05s50vrtrig_sq05s50light_seq5_shot50.mxa	1	1	pearl_vrcam/scripts/data/actors.lua
pearl_vrcam/anims/sq05s50light_sq05s50anim_bassistrig_bassistprodmodel_bassistm_sq05s50vrtrig_sq05s50light_seq5_shot50.mxa	1	1	pearl_vrcam/scripts/data/actors.lua
pearl_vrcam/anims/sq05s50light_sq05s50anim_carpearlnewrig_carpearl_grp_sq05s50vrtrig_sq05s50light_seq5_shot50.mxa	1	1	pearl_vrcam/scripts/data/actors.lua
pearl_vrcam/anims/sq05s50light_sq05s50anim_drummerrig_drummerprodmodel_drummerm_sq05s50vrtrig_sq05s50light_seq5_shot50.mxa	1	1	pearl_vrcam/scripts/data/actors.lua
pearl_vrcam/anims/sq05s50light_sq05s50anim_guitaristrig_guitaristprodmodel_guitaristm_sq05s50vrtrig_sq05s50light_seq5_shot50.mxa	1	1	pearl_vrcam/scripts/data/actors.lua
pearl_vrcam/anims/sq05s50light_sq05s50anim_sarateenrig_sarateenprodmodel_saratm_sq05s50vrtrig_sq05s50light_seq5_shot50.mxa	1	1	pearl_vrcam/scripts/data/actors.lua
pearl_vrcam/anims/sq05s50vrtrig_sq05s50light_seq5_shot50_animation.mxa	1	2	pearl_vrcam/scripts/data/actors.lua
pearl_vrcam/anims/sq05s70light_carpearlnewextattachrig_carpearlnewextattach_carpearlextattach_grp_01_sq05s70vrtrig_seq5_shot70_part1.mxa	1	1	pearl_vrcam/scripts/data/actors.lua
pearl_vrcam/anims/sq05s70light_carpearlnewextattachrig_carpearlnewextattach_carpearlextattach_grp_01_sq05s70vrtrig_seq5_shot70_part2.mxa	1	1	pearl_vrcam/scripts/data/actors.lua
pearl_vrcam/anims/sq05s70light_carpearlnewextattachrig_carpearlnewextattach_carpearlextattach_grp_01_sq05s70vrtrig_seq5_shot70_part3.mxa	1	1	pearl_vrcam/scripts/data/actors.lua
pearl_vrcam/anims/sq05s70light_lightshapes_sq05s70vrtrig_seq5_shot70_part1.mxa	1	1	pearl_vrcam/scripts/data/actors.lua
pearl_vrcam/anims/sq05s70light_lightshapes_sq05s70vrtrig_seq5_shot70_part2.mxa	1	1	pearl_vrcam/scripts/data/actors.lua
pearl_vrcam/anims/sq05s70light_lightshapes_sq05s70vrtrig_seq5_shot70_part3.mxa	1	1	pearl_vrcam/scripts/data/actors.lua
pearl_vrcam/anims/sq05s70light_sq05s70anim_acousticguitar_acousticguitar_sq05s70vrtrig_seq5_shot70_part1.mxa	1	1	pearl_vrcam/scripts/data/actors.lua
pearl_vrcam/anims/sq05s70light_sq05s70anim_acousticguitar_acousticguitar_sq05s70vrtrig_seq5_shot70_part2.mxa	1	1	pearl_vrcam/scripts/data/actors.lua
pearl_vrcam/anims/sq05s70light_sq05s70anim_acousticguitar_acousticguitar_sq05s70vrtrig_seq5_shot70_part3.mxa	1	1	pearl_vrcam/scripts/data/actors.lua
pearl_vrcam/anims/sq05s70light_sq05s70anim_bassistrig_bassistprodmodel_bassistm_sq05s70vrtrig_seq5_shot70_part1.mxa	1	1	pearl_vrcam/scripts/data/actors.lua
pearl_vrcam/anims/sq05s70light_sq05s70anim_bassistrig_bassistprodmodel_bassistm_sq05s70vrtrig_seq5_shot70_part2.mxa	1	1	pearl_vrcam/scripts/data/actors.lua
pearl_vrcam/anims/sq05s70light_sq05s70anim_bassistrig_bassistprodmodel_bassistm_sq05s70vrtrig_seq5_shot70_part3.mxa	1	1	pearl_vrcam/scripts/data/actors.lua
pearl_vrcam/anims/sq05s70light_sq05s70anim_carpearlnewrig_carpearl_grp_sq05s70vrtrig_seq5_shot70_part1.mxa	1	1	pearl_vrcam/scripts/data/actors.lua
pearl_vrcam/anims/sq05s70light_sq05s70anim_carpearlnewrig_carpearl_grp_sq05s70vrtrig_seq5_shot70_part2.mxa	1	1	pearl_vrcam/scripts/data/actors.lua
pearl_vrcam/anims/sq05s70light_sq05s70anim_carpearlnewrig_carpearl_grp_sq05s70vrtrig_seq5_shot70_part3.mxa	1	1	pearl_vrcam/scripts/data/actors.lua
pearl_vrcam/anims/sq05s70light_sq05s70anim_drummerrig_drummerprodmodel_drummerm_sq05s70vrtrig_seq5_shot70_part1.mxa	1	1	pearl_vrcam/scripts/data/actors.lua
pearl_vrcam/anims/sq05s70light_sq05s70anim_drummerrig_drummerprodmodel_drummerm_sq05s70vrtrig_seq5_shot70_part2.mxa	1	1	pearl_vrcam/scripts/data/actors.lua
pearl_vrcam/anims/sq05s70light_sq05s70anim_drummerrig_drummerprodmodel_drummerm_sq05s70vrtrig_seq5_shot70_part3.mxa	1	1	pearl_vrcam/scripts/data/actors.lua
pearl_vrcam/anims/sq05s70light_sq05s70anim_sarateenrig_sarateenprodmodel_saratm_sq05s70vrtrig_seq5_shot70_part1.mxa	1	1	pearl_vrcam/scripts/data/actors.lua
pearl_vrcam/anims/sq05s70light_sq05s70anim_sarateenrig_sarateenprodmodel_saratm_sq05s70vrtrig_seq5_shot70_part2.mxa	1	1	pearl_vrcam/scripts/data/actors.lua
pearl_vrcam/anims/sq05s70light_sq05s70anim_sarateenrig_sarateenprodmodel_saratm_sq05s70vrtrig_seq5_shot70_part3.mxa	1	1	pearl_vrcam/scripts/data/actors.lua
pearl_vrcam/anims/sq05s70light_sq05s70anim_sq05s70flo_mountainroadtunnel_mountainroadtunnel_grp_sq05s70vrtrig_seq5_shot70_part1.mxa	1	1	pearl_vrcam/scripts/data/actors.lua
pearl_vrcam/anims/sq05s70light_sq05s70anim_sq05s70flo_mountainroadtunnel_mountainroadtunnel_grp_sq05s70vrtrig_seq5_shot70_part2.mxa	1	1	pearl_vrcam/scripts/data/actors.lua
pearl_vrcam/anims/sq05s70light_sq05s70anim_sq05s70flo_mountainroadtunnel_mountainroadtunnel_grp_sq05s70vrtrig_seq5_shot70_part3.mxa	1	1	pearl_vrcam/scripts/data/actors.lua
pearl_vrcam/anims/sq05s70vrtrig_seq5_shot70_part1_animation.mxa	1	2	pearl_vrcam/scripts/data/actors.lua
pearl_vrcam/anims/sq05s70vrtrig_seq5_shot70_part2_animation.mxa	1	2	pearl_vrcam/scripts/data/actors.lua
pearl_vrcam/anims/sq05s70vrtrig_seq5_shot70_part3_animation.mxa	1	2	pearl_vrcam/scripts/data/actors.lua
pearl_vrcam/anims/sq05s80light_carpearlnewextattachrig_carpearlnewextattach_carpearlextattach_grp_01_sq05s80vrtrig_seq5_shot80.mxa	1	1	pearl_vrcam/scripts/data/actors.lua
pearl_vrcam/anims/sq05s80light_carshadows_grp_01_sq05s80vrtrig_seq5_shot80.mxa	1	1	pearl_vrcam/scripts/data/actors.lua
pearl_vrcam/anims/sq05s80light_cornshadow_01_sq05s80vrtrig_seq5_shot80.mxa	1	1	pearl_vrcam/scripts/data/actors.lua
pearl_vrcam/anims/sq05s80light_lensflare_lensflare_loc_sq05s80vrtrig_seq5_shot80.mxa	1	1	pearl_vrcam/scripts/data/actors.lua
pearl_vrcam/anims/sq05s80light_shadow_sphere_sara_sq05s80vrtrig_seq5_shot80.mxa	1	1	pearl_vrcam/scripts/data/actors.lua
pearl_vrcam/anims/sq05s80light_shadowshapes_grp_01_sq05s80vrtrig_seq5_shot80.mxa	1	1	pearl_vrcam/scripts/data/actors.lua
pearl_vrcam/anims/sq05s80light_sky_sq05s80vrtrig_seq5_shot80.mxa	1	1	pearl_vrcam/scripts/data/actors.lua
pearl_vrcam/anims/sq05s80light_sq05s80anim_acousticguitar_acousticguitar_sq05s80vrtrig_seq5_shot80.mxa	1	1	pearl_vrcam/scripts/data/actors.lua
pearl_vrcam/anims/sq05s80light_sq05s80anim_bassistrig_bassistprodmodel_bassistm_sq05s80vrtrig_seq5_shot80.mxa	1	1	pearl_vrcam/scripts/data/actors.lua
pearl_vrcam/anims/sq05s80light_sq05s80anim_carpearlnewrig_carpearl_grp_sq05s80vrtrig_seq5_shot80.mxa	1	1	pearl_vrcam/scripts/data/actors.lua
pearl_vrcam/anims/sq05s80light_sq05s80anim_carsteamgrp_sq05s80vrtrig_seq5_shot80.mxa	1	1	pearl_vrcam/scripts/data/actors.lua
pearl_vrcam/anims/sq05s80light_sq05s80anim_cornstalks_const2bg_loc_sq05s80vrtrig_seq5_shot80.mxa	1	1	pearl_vrcam/scripts/data/actors.lua
pearl_vrcam/anims/sq05s80light_sq05s80anim_drummerrig_drummerprodmodel_drummerm_sq05s80vrtrig_seq5_shot80.mxa	1	1	pearl_vrcam/scripts/data/actors.lua
pearl_vrcam/anims/sq05s80light_sq05s80anim_pickuptruck02rig_pickuptruck02prodmodel_pickuptruck02_grp_sq05s80vrtrig_seq5_shot80.mxa	1	1	pearl_vrcam/scripts/data/actors.lua
pearl_vrcam/anims/sq05s80light_sq05s80anim_sarateenrig_sarateenprodmodel_saratm_sq05s80vrtrig_seq5_shot80.mxa	1	1	pearl_vrcam/scripts/data/actors.lua
pearl_vrcam/anims/sq05s80light_sq05s80anim_semitruck02rig_semitruck02prodmodel_semitruck02_grp_sq05s80vrtrig_seq5_shot80.mxa	1	1	pearl_vrcam/scripts/data/actors.lua
pearl_vrcam/anims/sq05s80light_sq05s80anim_sq05s80flo_countryfarmroad_countryfarmroad_grp_sq05s80vrtrig_seq5_shot80.mxa	1	1	pearl_vrcam/scripts/data/actors.lua
pearl_vrcam/anims/sq05s80light_sq05s80anim_toyunicorn_toyunicorn_grp_sq05s80vrtrig_seq5_shot80.mxa	1	1	pearl_vrcam/scripts/data/actors.lua
pearl_vrcam/anims/sq05s80light_sq05s80anim_vanrig_vanprodmodel_van_grp_sq05s80vrtrig_seq5_shot80.mxa	1	1	pearl_vrcam/scripts/data/actors.lua
pearl_vrcam/anims/sq05s80light_sq05s80anim_volvorig_volvoprodmodel_volvo_grp_sq05s80vrtrig_seq5_shot80.mxa	1	1	pearl_vrcam/scripts/data/actors.lua
pearl_vrcam/anims/sq05s80light_tail_lights_truck_sq05s80vrtrig_seq5_shot80.mxa	1	1	pearl_vrcam/scripts/data/actors.lua
pearl_vrcam/anims/sq05s80light_volvo_break_lights_sq05s80vrtrig_seq5_shot80.mxa	1	1	pearl_vrcam/scripts/data/actors.lua
pearl_vrcam/anims/sq05s80light_volvo_headlights_sq05s80vrtrig_seq5_shot80.mxa	1	1	pearl_vrcam/scripts/data/actors.lua
pearl_vrcam/anims/sq05s80vrtrig_seq5_shot80_animation.mxa	1	2	pearl_vrcam/scripts/data/actors.lua
pearl_vrcam/anims/sq05s90light_carpearlnewextattachrig_carpearlnewextattach_carpearlextattach_grp_01_sq05s90vrtrig_seq5_shot90_part1.mxa	1	1	pearl_vrcam/scripts/data/actors.lua
pearl_vrcam/anims/sq05s90light_carpearlnewextattachrig_carpearlnewextattach_carpearlextattach_grp_01_sq05s90vrtrig_seq5_shot90_part2.mxa	1	1	pearl_vrcam/scripts/data/actors.lua
pearl_vrcam/anims/sq05s90light_carpearlnewextattachrig_carpearlnewextattach_carpearlextattach_grp_01_sq05s90vrtrig_seq5_shot90_wait.mxa	1	1	pearl_vrcam/scripts/data/actors.lua
pearl_vrcam/anims/sq05s90light_shadowshapes_envir_sq05s90vrtrig_seq5_shot90_part1.mxa	1	1	pearl_vrcam/scripts/data/actors.lua
pearl_vrcam/anims/sq05s90light_shadowshapes_envir_sq05s90vrtrig_seq5_shot90_part2.mxa	1	1	pearl_vrcam/scripts/data/actors.lua
pearl_vrcam/anims/sq05s90light_shadowshapes_envir_sq05s90vrtrig_seq5_shot90_wait.mxa	1	1	pearl_vrcam/scripts/data/actors.lua
pearl_vrcam/anims/sq05s90light_sq05s90anim_bassistrig_bassistprodmodel_bassistm_sq05s90vrtrig_seq5_shot90_part1.mxa	1	1	pearl_vrcam/scripts/data/actors.lua
pearl_vrcam/anims/sq05s90light_sq05s90anim_bassistrig_bassistprodmodel_bassistm_sq05s90vrtrig_seq5_shot90_part2.mxa	1	1	pearl_vrcam/scripts/data/actors.lua
pearl_vrcam/anims/sq05s90light_sq05s90anim_bassistrig_bassistprodmodel_bassistm_sq05s90vrtrig_seq5_shot90_wait.mxa	1	1	pearl_vrcam/scripts/data/actors.lua
pearl_vrcam/anims/sq05s90light_sq05s90anim_box_grp_sq05s90vrtrig_seq5_shot90_part1.mxa	1	1	pearl_vrcam/scripts/data/actors.lua
pearl_vrcam/anims/sq05s90light_sq05s90anim_box_grp_sq05s90vrtrig_seq5_shot90_part2.mxa	1	1	pearl_vrcam/scripts/data/actors.lua
pearl_vrcam/anims/sq05s90light_sq05s90anim_box_grp_sq05s90vrtrig_seq5_shot90_wait.mxa	1	1	pearl_vrcam/scripts/data/actors.lua
pearl_vrcam/anims/sq05s90light_sq05s90anim_carpearlnewrig_carpearl_grp_sq05s90vrtrig_seq5_shot90_part1.mxa	1	1	pearl_vrcam/scripts/data/actors.lua
pearl_vrcam/anims/sq05s90light_sq05s90anim_carpearlnewrig_carpearl_grp_sq05s90vrtrig_seq5_shot90_part2.mxa	1	1	pearl_vrcam/scripts/data/actors.lua
pearl_vrcam/anims/sq05s90light_sq05s90anim_carpearlnewrig_carpearl_grp_sq05s90vrtrig_seq5_shot90_wait.mxa	1	1	pearl_vrcam/scripts/data/actors.lua
pearl_vrcam/anims/sq05s90light_sq05s90anim_cornstalks_const2bg_loc_sq05s90vrtrig_seq5_shot90_part1.mxa	1	1	pearl_vrcam/scripts/data/actors.lua
pearl_vrcam/anims/sq05s90light_sq05s90anim_cornstalks_const2bg_loc_sq05s90vrtrig_seq5_shot90_part2.mxa	1	1	pearl_vrcam/scripts/data/actors.lua
pearl_vrcam/anims/sq05s90light_sq05s90anim_cornstalks_const2bg_loc_sq05s90vrtrig_seq5_shot90_wait.mxa	1	1	pearl_vrcam/scripts/data/actors.lua
pearl_vrcam/anims/sq05s90light_sq05s90anim_dadyoungguitarcase_dadyoungguitarcase_grp_sq05s90vrtrig_seq5_shot90_part1.mxa	1	1	pearl_vrcam/scripts/data/actors.lua
pearl_vrcam/anims/sq05s90light_sq05s90anim_dadyoungguitarcase_dadyoungguitarcase_grp_sq05s90vrtrig_seq5_shot90_part2.mxa	1	1	pearl_vrcam/scripts/data/actors.lua
pearl_vrcam/anims/sq05s90light_sq05s90anim_dadyoungguitarcase_dadyoungguitarcase_grp_sq05s90vrtrig_seq5_shot90_wait.mxa	1	1	pearl_vrcam/scripts/data/actors.lua
pearl_vrcam/anims/sq05s90light_sq05s90anim_drummerrig_drummerprodmodel_drummerm_sq05s90vrtrig_seq5_shot90_part1.mxa	1	1	pearl_vrcam/scripts/data/actors.lua
pearl_vrcam/anims/sq05s90light_sq05s90anim_drummerrig_drummerprodmodel_drummerm_sq05s90vrtrig_seq5_shot90_part2.mxa	1	1	pearl_vrcam/scripts/data/actors.lua
pearl_vrcam/anims/sq05s90light_sq05s90anim_drummerrig_drummerprodmodel_drummerm_sq05s90vrtrig_seq5_shot90_wait.mxa	1	1	pearl_vrcam/scripts/data/actors.lua
pearl_vrcam/anims/sq05s90light_sq05s90anim_guitaristrig_guitaristprodmodel_guitaristm_sq05s90vrtrig_seq5_shot90_part1.mxa	1	1	pearl_vrcam/scripts/data/actors.lua
pearl_vrcam/anims/sq05s90light_sq05s90anim_guitaristrig_guitaristprodmodel_guitaristm_sq05s90vrtrig_seq5_shot90_part2.mxa	1	1	pearl_vrcam/scripts/data/actors.lua
pearl_vrcam/anims/sq05s90light_sq05s90anim_guitaristrig_guitaristprodmodel_guitaristm_sq05s90vrtrig_seq5_shot90_wait.mxa	1	1	pearl_vrcam/scripts/data/actors.lua
pearl_vrcam/anims/sq05s90light_sq05s90anim_pickuptruck02rig_pickuptruck02prodmodel_pickuptruck02_grp_sq05s90vrtrig_seq5_shot90_part1.mxa	1	1	pearl_vrcam/scripts/data/actors.lua
pearl_vrcam/anims/sq05s90light_sq05s90anim_pickuptruck02rig_pickuptruck02prodmodel_pickuptruck02_grp_sq05s90vrtrig_seq5_shot90_part2.mxa	1	1	pearl_vrcam/scripts/data/actors.lua
pearl_vrcam/anims/sq05s90light_sq05s90anim_pickuptruck02rig_pickuptruck02prodmodel_pickuptruck02_grp_sq05s90vrtrig_seq5_shot90_wait.mxa	1	1	pearl_vrcam/scripts/data/actors.lua
pearl_vrcam/anims/sq05s90light_sq05s90anim_sarateenrig_sarateenprodmodel_saratm_sq05s90vrtrig_seq5_shot90_part1.mxa	1	1	pearl_vrcam/scripts/data/actors.lua
pearl_vrcam/anims/sq05s90light_sq05s90anim_sarateenrig_sarateenprodmodel_saratm_sq05s90vrtrig_seq5_shot90_part2.mxa	1	1	pearl_vrcam/scripts/data/actors.lua
pearl_vrcam/anims/sq05s90light_sq05s90anim_sarateenrig_sarateenprodmodel_saratm_sq05s90vrtrig_seq5_shot90_wait.mxa	1	1	pearl_vrcam/scripts/data/actors.lua
pearl_vrcam/anims/sq05s90light_sq05s90anim_sq05s90animbgcar_volvorig_volvoprodmodel_volvo_grp_sq05s90vrtrig_seq5_shot90_part1.mxa	1	1	pearl_vrcam/scripts/data/actors.lua
pearl_vrcam/anims/sq05s90light_sq05s90anim_sq05s90animbgcar_volvorig_volvoprodmodel_volvo_grp_sq05s90vrtrig_seq5_shot90_part2.mxa	1	1	pearl_vrcam/scripts/data/actors.lua
pearl_vrcam/anims/sq05s90light_sq05s90anim_sq05s90animbgcar_volvorig_volvoprodmodel_volvo_grp_sq05s90vrtrig_seq5_shot90_wait.mxa	1	1	pearl_vrcam/scripts/data/actors.lua
pearl_vrcam/anims/sq05s90light_sq05s90anim_sq05s90flo_countryfarmroad_countryfarmroad_grp_sq05s90vrtrig_seq5_shot90_part1.mxa	1	1	pearl_vrcam/scripts/data/actors.lua
pearl_vrcam/anims/sq05s90light_sq05s90anim_sq05s90flo_countryfarmroad_countryfarmroad_grp_sq05s90vrtrig_seq5_shot90_part2.mxa	1	1	pearl_vrcam/scripts/data/actors.lua
pearl_vrcam/anims/sq05s90light_sq05s90anim_sq05s90flo_countryfarmroad_countryfarmroad_grp_sq05s90vrtrig_seq5_shot90_wait.mxa	1	1	pearl_vrcam/scripts/data/actors.lua
pearl_vrcam/anims/sq05s90light_sq05s90anim_towtruckrig_towtruckprodmodel_towtruck_grp_sq05s90vrtrig_seq5_shot90_part1.mxa	1	1	pearl_vrcam/scripts/data/actors.lua
pearl_vrcam/anims/sq05s90light_sq05s90anim_towtruckrig_towtruckprodmodel_towtruck_grp_sq05s90vrtrig_seq5_shot90_part2.mxa	1	1	pearl_vrcam/scripts/data/actors.lua
pearl_vrcam/anims/sq05s90light_sq05s90anim_towtruckrig_towtruckprodmodel_towtruck_grp_sq05s90vrtrig_seq5_shot90_wait.mxa	1	1	pearl_vrcam/scripts/data/actors.lua
pearl_vrcam/anims/sq05s90light_sq05s90anim_toyunicorn_toyunicorn_grp_sq05s90vrtrig_seq5_shot90_part1.mxa	1	1	pearl_vrcam/scripts/data/actors.lua
pearl_vrcam/anims/sq05s90light_sq05s90anim_toyunicorn_toyunicorn_grp_sq05s90vrtrig_seq5_shot90_part2.mxa	1	1	pearl_vrcam/scripts/data/actors.lua
pearl_vrcam/anims/sq05s90light_sq05s90anim_toyunicorn_toyunicorn_grp_sq05s90vrtrig_seq5_shot90_wait.mxa	1	1	pearl_vrcam/scripts/data/actors.lua
pearl_vrcam/anims/sq05s90vrtrig_seq5_shot90_part1_animation.mxa	1	2	pearl_vrcam/scripts/data/actors.lua
pearl_vrcam/anims/sq05s90vrtrig_seq5_shot90_part2_animation.mxa	1	2	pearl_vrcam/scripts/data/actors.lua
pearl_vrcam/anims/sq05s90vrtrig_seq5_shot90_wait_animation.mxa	1	2	pearl_vrcam/scripts/data/actors.lua
pearl_vrcam/anims/sq06s30light_carpearlweedsextattachrig_carpearlweedsextattach_carpearlweedsextattach_grp_01_sq06s30vrtrig_seq6_shot30_hold.mxa	1	1	pearl_vrcam/scripts/data/actors.lua
pearl_vrcam/anims/sq06s30light_carpearlweedsextattachrig_carpearlweedsextattach_carpearlweedsextattach_grp_01_sq06s30vrtrig_seq6_shot30_play.mxa	1	1	pearl_vrcam/scripts/data/actors.lua
pearl_vrcam/anims/sq06s30light_carpearlweedsextattachrig_carpearlweedsextattach_carpearlweedsextattach_grp_01_sq06s30vrtrig_seq6_shot30_prehold.mxa	1	1	pearl_vrcam/scripts/data/actors.lua
pearl_vrcam/anims/sq06s30light_shadowshapes_sq06s30vrtrig_seq6_shot30_hold.mxa	1	1	pearl_vrcam/scripts/data/actors.lua
pearl_vrcam/anims/sq06s30light_shadowshapes_sq06s30vrtrig_seq6_shot30_play.mxa	1	1	pearl_vrcam/scripts/data/actors.lua
pearl_vrcam/anims/sq06s30light_shadowshapes_sq06s30vrtrig_seq6_shot30_prehold.mxa	1	1	pearl_vrcam/scripts/data/actors.lua
pearl_vrcam/anims/sq06s30light_sq06s30anim_carpearlnewrig_carpearl_grp_sq06s30vrtrig_seq6_shot30_hold.mxa	1	1	pearl_vrcam/scripts/data/actors.lua
pearl_vrcam/anims/sq06s30light_sq06s30anim_carpearlnewrig_carpearl_grp_sq06s30vrtrig_seq6_shot30_play.mxa	1	1	pearl_vrcam/scripts/data/actors.lua
pearl_vrcam/anims/sq06s30light_sq06s30anim_carpearlnewrig_carpearl_grp_sq06s30vrtrig_seq6_shot30_prehold.mxa	1	1	pearl_vrcam/scripts/data/actors.lua
pearl_vrcam/anims/sq06s30light_sq06s30anim_keyanimgrp_sq06s30vrtrig_seq6_shot30_hold.mxa	1	1	pearl_vrcam/scripts/data/actors.lua
pearl_vrcam/anims/sq06s30light_sq06s30anim_keyanimgrp_sq06s30vrtrig_seq6_shot30_play.mxa	1	1	pearl_vrcam/scripts/data/actors.lua
pearl_vrcam/anims/sq06s30light_sq06s30anim_keyanimgrp_sq06s30vrtrig_seq6_shot30_prehold.mxa	1	1	pearl_vrcam/scripts/data/actors.lua
pearl_vrcam/anims/sq06s30light_sq06s30anim_pcylinder1_sq06s30vrtrig_seq6_shot30_hold.mxa	1	1	pearl_vrcam/scripts/data/actors.lua
pearl_vrcam/anims/sq06s30light_sq06s30anim_pcylinder1_sq06s30vrtrig_seq6_shot30_play.mxa	1	1	pearl_vrcam/scripts/data/actors.lua
pearl_vrcam/anims/sq06s30light_sq06s30anim_pcylinder1_sq06s30vrtrig_seq6_shot30_prehold.mxa	1	1	pearl_vrcam/scripts/data/actors.lua
pearl_vrcam/anims/sq06s30light_sq06s30anim_saraadultrig_saraadultprodmodel_sarama_sq06s30vrtrig_seq6_shot30_hold.mxa	1	1	pearl_vrcam/scripts/data/actors.lua
pearl_vrcam/anims/sq06s30light_sq06s30anim_saraadultrig_saraadultprodmodel_sarama_sq06s30vrtrig_seq6_shot30_play.mxa	1	1	pearl_vrcam/scripts/data/actors.lua
pearl_vrcam/anims/sq06s30light_sq06s30anim_saraadultrig_saraadultprodmodel_sarama_sq06s30vrtrig_seq6_shot30_prehold.mxa	1	1	pearl_vrcam/scripts/data/actors.lua
pearl_vrcam/anims/sq06s30light_sq06s30anim_sc0110setdressing_sc0110setdressing_grp_01_sq06s30vrtrig_seq6_shot30_hold.mxa	1	1	pearl_vrcam/scripts/data/actors.lua
pearl_vrcam/anims/sq06s30light_sq06s30anim_sc0110setdressing_sc0110setdressing_grp_01_sq06s30vrtrig_seq6_shot30_play.mxa	1	1	pearl_vrcam/scripts/data/actors.lua
pearl_vrcam/anims/sq06s30light_sq06s30anim_sc0110setdressing_sc0110setdressing_grp_01_sq06s30vrtrig_seq6_shot30_prehold.mxa	1	1	pearl_vrcam/scripts/data/actors.lua
pearl_vrcam/anims/sq06s30light_sq06s30anim_sq06s30flo_junkyard_junkyard_grp_sq06s30vrtrig_seq6_shot30_hold.mxa	1	1	pearl_vrcam/scripts/data/actors.lua
pearl_vrcam/anims/sq06s30light_sq06s30anim_sq06s30flo_junkyard_junkyard_grp_sq06s30vrtrig_seq6_shot30_play.mxa	1	1	pearl_vrcam/scripts/data/actors.lua
pearl_vrcam/anims/sq06s30light_sq06s30anim_sq06s30flo_junkyard_junkyard_grp_sq06s30vrtrig_seq6_shot30_prehold.mxa	1	1	pearl_vrcam/scripts/data/actors.lua
pearl_vrcam/anims/sq06s30light_sq06s30anim_steeringwheel_grp_dup_offset_sq06s30vrtrig_seq6_shot30_hold.mxa	1	1	pearl_vrcam/scripts/data/actors.lua
pearl_vrcam/anims/sq06s30light_sq06s30anim_steeringwheel_grp_dup_offset_sq06s30vrtrig_seq6_shot30_play.mxa	1	1	pearl_vrcam/scripts/data/actors.lua
pearl_vrcam/anims/sq06s30light_sq06s30anim_steeringwheel_grp_dup_offset_sq06s30vrtrig_seq6_shot30_prehold.mxa	1	1	pearl_vrcam/scripts/data/actors.lua
pearl_vrcam/anims/sq06s30light_sq06s30anim_toyunicorn_toyunicorn_grp_sq06s30vrtrig_seq6_shot30_hold.mxa	1	1	pearl_vrcam/scripts/data/actors.lua
pearl_vrcam/anims/sq06s30light_sq06s30anim_toyunicorn_toyunicorn_grp_sq06s30vrtrig_seq6_shot30_play.mxa	1	1	pearl_vrcam/scripts/data/actors.lua
pearl_vrcam/anims/sq06s30light_sq06s30anim_toyunicorn_toyunicorn_grp_sq06s30vrtrig_seq6_shot30_prehold.mxa	1	1	pearl_vrcam/scripts/data/actors.lua
pearl_vrcam/anims/sq06s30light_sq06s30anim_trackrecorder_trackrecordergrp_sq06s30vrtrig_seq6_shot30_hold.mxa	1	1	pearl_vrcam/scripts/data/actors.lua
pearl_vrcam/anims/sq06s30light_sq06s30anim_trackrecorder_trackrecordergrp_sq06s30vrtrig_seq6_shot30_play.mxa	1	1	pearl_vrcam/scripts/data/actors.lua
pearl_vrcam/anims/sq06s30light_sq06s30anim_trackrecorder_trackrecordergrp_sq06s30vrtrig_seq6_shot30_prehold.mxa	1	1	pearl_vrcam/scripts/data/actors.lua
pearl_vrcam/anims/sq06s30light_unicorn_shadow_sq06s30vrtrig_seq6_shot30_hold.mxa	1	1	pearl_vrcam/scripts/data/actors.lua
pearl_vrcam/anims/sq06s30light_unicorn_shadow_sq06s30vrtrig_seq6_shot30_play.mxa	1	1	pearl_vrcam/scripts/data/actors.lua
pearl_vrcam/anims/sq06s30light_unicorn_shadow_sq06s30vrtrig_seq6_shot30_prehold.mxa	1	1	pearl_vrcam/scripts/data/actors.lua
pearl_vrcam/anims/sq06s30vrtrig_seq6_shot30_hold_animation.mxa	1	2	pearl_vrcam/scripts/data/actors.lua
pearl_vrcam/anims/sq06s30vrtrig_seq6_shot30_play_animation.mxa	1	2	pearl_vrcam/scripts/data/actors.lua
pearl_vrcam/anims/sq06s30vrtrig_seq6_shot30_prehold_animation.mxa	1	2	pearl_vrcam/scripts/data/actors.lua
pearl_vrcam/anims/sq06s40light_carpearlnewextattachrig_carpearlnewextattach_carpearlextattach_grp_01_sq06s40vrtrig_sq06s40light_seq6_shot40.mxa	1	1	pearl_vrcam/scripts/data/actors.lua
pearl_vrcam/anims/sq06s40light_lightshapes_sq06s40vrtrig_sq06s40light_seq6_shot40.mxa	1	1	pearl_vrcam/scripts/data/actors.lua
pearl_vrcam/anims/sq06s40light_saraground_sq06s40vrtrig_sq06s40light_seq6_shot40.mxa	1	1	pearl_vrcam/scripts/data/actors.lua
pearl_vrcam/anims/sq06s40light_sq06s40anim_carpearlnewrig_carpearl_grp_sq06s40vrtrig_sq06s40light_seq6_shot40.mxa	1	1	pearl_vrcam/scripts/data/actors.lua
pearl_vrcam/anims/sq06s40light_sq06s40anim_dadoldrig_dadoldprodmodel_dadoldm_sq06s40vrtrig_sq06s40light_seq6_shot40.mxa	1	1	pearl_vrcam/scripts/data/actors.lua
pearl_vrcam/anims/sq06s40light_sq06s40anim_pickuptruck02rig_pickuptruck02prodmodel_pickuptruck02_grp_sq06s40vrtrig_sq06s40light_seq6_shot40.mxa	1	1	pearl_vrcam/scripts/data/actors.lua
pearl_vrcam/anims/sq06s40light_sq06s40anim_saraadultrig_saraadultprodmodel_sarama_sq06s40vrtrig_sq06s40light_seq6_shot40.mxa	1	1	pearl_vrcam/scripts/data/actors.lua
pearl_vrcam/anims/sq06s40light_sq06s40anim_sc0640setdressing_bushwreath_grp_sq06s40vrtrig_sq06s40light_seq6_shot40.mxa	1	1	pearl_vrcam/scripts/data/actors.lua
pearl_vrcam/anims/sq06s40light_sq06s40anim_sq06s40flo_mobilehomepark_mobilehomes_grp_01_sq06s40vrtrig_sq06s40light_seq6_shot40.mxa	1	1	pearl_vrcam/scripts/data/actors.lua
pearl_vrcam/anims/sq06s40light_sq06s40anim_stationwagonrig_stationwagonprodmodel_stationwagon_grp_sq06s40vrtrig_sq06s40light_seq6_shot40.mxa	1	1	pearl_vrcam/scripts/data/actors.lua
pearl_vrcam/anims/sq06s40light_sq06s40anim_trashbin_grp_sq06s40vrtrig_sq06s40light_seq6_shot40.mxa	1	1	pearl_vrcam/scripts/data/actors.lua
pearl_vrcam/anims/sq06s40light_sq06s40anim_vanrig_vanprodmodel_van_grp_sq06s40vrtrig_sq06s40light_seq6_shot40.mxa	1	1	pearl_vrcam/scripts/data/actors.lua
pearl_vrcam/anims/sq06s40light_sq06s40anim_volvorig_volvoprodmodel_volvo_grp_sq06s40vrtrig_sq06s40light_seq6_shot40.mxa	1	1	pearl_vrcam/scripts/data/actors.lua
pearl_vrcam/anims/sq06s40vrtrig_sq06s40light_seq6_shot40_animation.mxa	1	2	pearl_vrcam/scripts/data/actors.lua
pearl_vrcam/anims/sq06s50light_carpearlnewextattachrig_carpearlnewextattach_carpearlextattach_grp_01_sq06s50vrtrig_sq06s50light_seq6_shot50.mxa	1	1	pearl_vrcam/scripts/data/actors.lua
pearl_vrcam/anims/sq06s50light_lightshapes_sq06s50vrtrig_sq06s50light_seq6_shot50.mxa	1	1	pearl_vrcam/scripts/data/actors.lua
pearl_vrcam/anims/sq06s50light_roofpanel_sq06s50vrtrig_sq06s50light_seq6_shot50.mxa	1	1	pearl_vrcam/scripts/data/actors.lua
pearl_vrcam/anims/sq06s50light_sq06s50anim_bassistrig_bassistprodmodel_bassistm_sq06s50vrtrig_sq06s50light_seq6_shot50.mxa	1	1	pearl_vrcam/scripts/data/actors.lua
pearl_vrcam/anims/sq06s50light_sq06s50anim_carpearlnewrig_carpearl_grp_sq06s50vrtrig_sq06s50light_seq6_shot50.mxa	1	1	pearl_vrcam/scripts/data/actors.lua
pearl_vrcam/anims/sq06s50light_sq06s50anim_dadoldrig_dadoldprodmodel_dadoldm_sq06s50vrtrig_sq06s50light_seq6_shot50.mxa	1	1	pearl_vrcam/scripts/data/actors.lua
pearl_vrcam/anims/sq06s50light_sq06s50anim_drummerrig_drummerprodmodel_drummerm_sq06s50vrtrig_sq06s50light_seq6_shot50.mxa	1	1	pearl_vrcam/scripts/data/actors.lua
pearl_vrcam/anims/sq06s50light_sq06s50anim_saraadultrig_saraadultprodmodel_sarama_sq06s50vrtrig_sq06s50light_seq6_shot50.mxa	1	1	pearl_vrcam/scripts/data/actors.lua
pearl_vrcam/anims/sq06s50vrtrig_sq06s50light_seq6_shot50_animation.mxa	1	2	pearl_vrcam/scripts/data/actors.lua
pearl_vrcam/anims/sq06s70light_carpearlnewextattachrig_carpearlnewextattach_carpearlextattach_grp_01_sq06s70vrtrig_seq6_shot70_part1.mxa	1	1	pearl_vrcam/scripts/data/actors.lua
pearl_vrcam/anims/sq06s70light_carpearlnewextattachrig_carpearlnewextattach_carpearlextattach_grp_01_sq06s70vrtrig_seq6_shot70_sara.mxa	1	1	pearl_vrcam/scripts/data/actors.lua
pearl_vrcam/anims/sq06s70light_haze_sq06s70vrtrig_seq6_shot70_part1.mxa	1	1	pearl_vrcam/scripts/data/actors.lua
pearl_vrcam/anims/sq06s70light_haze_sq06s70vrtrig_seq6_shot70_sara.mxa	1	1	pearl_vrcam/scripts/data/actors.lua
pearl_vrcam/anims/sq06s70light_lightcutters_sq06s70vrtrig_seq6_shot70_part1.mxa	1	1	pearl_vrcam/scripts/data/actors.lua
pearl_vrcam/anims/sq06s70light_lightcutters_sq06s70vrtrig_seq6_shot70_sara.mxa	1	1	pearl_vrcam/scripts/data/actors.lua
pearl_vrcam/anims/sq06s70light_sq06s70anim_bassistrig_bassistprodmodel_bassistm_sq06s70vrtrig_seq6_shot70_part1.mxa	1	1	pearl_vrcam/scripts/data/actors.lua
pearl_vrcam/anims/sq06s70light_sq06s70anim_bassistrig_bassistprodmodel_bassistm_sq06s70vrtrig_seq6_shot70_sara.mxa	1	1	pearl_vrcam/scripts/data/actors.lua
pearl_vrcam/anims/sq06s70light_sq06s70anim_carpearlnewrig_carpearl_grp_sq06s70vrtrig_seq6_shot70_part1.mxa	1	1	pearl_vrcam/scripts/data/actors.lua
pearl_vrcam/anims/sq06s70light_sq06s70anim_carpearlnewrig_carpearl_grp_sq06s70vrtrig_seq6_shot70_sara.mxa	1	1	pearl_vrcam/scripts/data/actors.lua
pearl_vrcam/anims/sq06s70light_sq06s70anim_crowdcard_const_grp_sq06s70vrtrig_seq6_shot70_part1.mxa	1	1	pearl_vrcam/scripts/data/actors.lua
pearl_vrcam/anims/sq06s70light_sq06s70anim_crowdcard_const_grp_sq06s70vrtrig_seq6_shot70_sara.mxa	1	1	pearl_vrcam/scripts/data/actors.lua
pearl_vrcam/anims/sq06s70light_sq06s70anim_dadoldrig_dadoldprodmodel_dadoldm_sq06s70vrtrig_seq6_shot70_part1.mxa	1	1	pearl_vrcam/scripts/data/actors.lua
pearl_vrcam/anims/sq06s70light_sq06s70anim_dadoldrig_dadoldprodmodel_dadoldm_sq06s70vrtrig_seq6_shot70_sara.mxa	1	1	pearl_vrcam/scripts/data/actors.lua
pearl_vrcam/anims/sq06s70light_sq06s70anim_drummerrig_drummerprodmodel_drummerm_sq06s70vrtrig_seq6_shot70_part1.mxa	1	1	pearl_vrcam/scripts/data/actors.lua
pearl_vrcam/anims/sq06s70light_sq06s70anim_drummerrig_drummerprodmodel_drummerm_sq06s70vrtrig_seq6_shot70_sara.mxa	1	1	pearl_vrcam/scripts/data/actors.lua
pearl_vrcam/anims/sq06s70light_sq06s70anim_fadeinout_irisplane_sq06s70vrtrig_seq6_shot70_sara.mxa	1	1	pearl_vrcam/scripts/data/actors.lua
pearl_vrcam/anims/sq06s70light_sq06s70anim_paparazziflashesgrp_sq06s70vrtrig_seq6_shot70_part1.mxa	1	1	pearl_vrcam/scripts/data/actors.lua
pearl_vrcam/anims/sq06s70light_sq06s70anim_paparazziflashesgrp_sq06s70vrtrig_seq6_shot70_sara.mxa	1	1	pearl_vrcam/scripts/data/actors.lua
pearl_vrcam/anims/sq06s70light_sq06s70anim_saraadultrig_saraadultprodmodel_sarama_sq06s70vrtrig_seq6_shot70_part1.mxa	1	1	pearl_vrcam/scripts/data/actors.lua
pearl_vrcam/anims/sq06s70light_sq06s70anim_saraadultrig_saraadultprodmodel_sarama_sq06s70vrtrig_seq6_shot70_sara.mxa	1	1	pearl_vrcam/scripts/data/actors.lua
pearl_vrcam/anims/sq06s70light_sq06s70anim_setdressingmainstreet_setdressingmainstreet_grp_sq06s70vrtrig_seq6_shot70_part1.mxa	1	1	pearl_vrcam/scripts/data/actors.lua
pearl_vrcam/anims/sq06s70light_sq06s70anim_setdressingmainstreet_setdressingmainstreet_grp_sq06s70vrtrig_seq6_shot70_sara.mxa	1	1	pearl_vrcam/scripts/data/actors.lua
pearl_vrcam/anims/sq06s70light_sq06s70anim_sq06s70animcrowdstatic_statictmpchar_sq06s70vrtrig_seq6_shot70_part1.mxa	1	1	pearl_vrcam/scripts/data/actors.lua
pearl_vrcam/anims/sq06s70light_sq06s70anim_sq06s70animcrowdstatic_statictmpchar_sq06s70vrtrig_seq6_shot70_sara.mxa	1	1	pearl_vrcam/scripts/data/actors.lua
pearl_vrcam/anims/sq06s70light_sq06s70anim_sq06s70flo_mainstreetconcert_mainstreet_grp_01_sq06s70vrtrig_seq6_shot70_part1.mxa	1	1	pearl_vrcam/scripts/data/actors.lua
pearl_vrcam/anims/sq06s70light_sq06s70anim_sq06s70flo_mainstreetconcert_mainstreet_grp_01_sq06s70vrtrig_seq6_shot70_sara.mxa	1	1	pearl_vrcam/scripts/data/actors.lua
pearl_vrcam/anims/sq06s70vrtrig_seq6_shot70_part1_animation.mxa	1	2	pearl_vrcam/scripts/data/actors.lua
pearl_vrcam/anims/sq06s70vrtrig_seq6_shot70_sara_animation.mxa	1	2	pearl_vrcam/scripts/data/actors.lua
pearl_vrcam/anims/surroundaudioemitter_audiotest_1_05_animation.mxa	1	1	pearl_vrcam/scripts/data/actors.lua
pearl_vrcam/anims/towerlights_sq00s10trig_fade_out.mxa	1	1	pearl_vrcam/scripts/data/actors.lua
pearl_vrcam/anims/towerlights_sq00s10trig_you_are_sitting.mxa	1	1	pearl_vrcam/scripts/data/actors.lua
pearl_vrcam/anims/towerlights_sq00s10trig_you_are_standing.mxa	1	1	pearl_vrcam/scripts/data/actors.lua
pearl_vrcam/anims/towerlights_sq00s10trig_you_sat_down.mxa	1	1	pearl_vrcam/scripts/data/actors.lua
pearl_vrcam/anims/towerlights_sq00s10trig_you_stood_up.mxa	1	1	pearl_vrcam/scripts/data/actors.lua
pearl_vrcam/audio/dad_sq01s10_1001_mono.ogg	1	1	pearl_vrcam/scripts/data/audio.lua
pearl_vrcam/audio/dad_sq03s10_1141_mono.ogg	1	1	pearl_vrcam/scripts/data/audio.lua
pearl_vrcam/audio/dad_sq04s10_1161_mono.ogg	1	1	pearl_vrcam/scripts/data/audio.lua
pearl_vrcam/audio/mx_sq01s10_1001_stereo.ogg	1	1	pearl_vrcam/scripts/data/audio.lua
pearl_vrcam/audio/mx_sq03s10_1141_stereo.ogg	1	1	pearl_vrcam/scripts/data/audio.lua
pearl_vrcam/audio/mx_sq04s10_1161_stereo.ogg	1	1	pearl_vrcam/scripts/data/audio.lua
pearl_vrcam/audio/mx_sq06s30_1001_stereo.ogg	1	1	pearl_vrcam/scripts/data/audio.lua
pearl_vrcam/audio/pearl_landing_desert_ambi_vr.ogg	1	1	pearl_vrcam/scripts/data/audio.lua
pearl_vrcam/audio/pearl_ui_seated_acgtr_1.ogg	1	1	pearl_vrcam/scripts/data/audio.lua
pearl_vrcam/audio/sarah_sq01s10_1001_mono.ogg	1	1	pearl_vrcam/scripts/data/audio.lua
pearl_vrcam/audio/sarah_sq03s10_1141_mono.ogg	1	1	pearl_vrcam/scripts/data/audio.lua
pearl_vrcam/audio/sarah_sq04s10_1161_mono.ogg	1	1	pearl_vrcam/scripts/data/audio.lua
pearl_vrcam/audio/sfx_sq01s05_1001_ambi_vr.ogg	1	1	pearl_vrcam/scripts/data/audio.lua
pearl_vrcam/audio/sfx_sq01s10_1001_ambi_vr.ogg	1	1	pearl_vrcam/scripts/data/audio.lua
pearl_vrcam/audio/sfx_sq03s10_1141_ambi_vr.ogg	1	1	pearl_vrcam/scripts/data/audio.lua
pearl_vrcam/audio/sfx_sq04s10_1161_ambi_vr.ogg	1	1	pearl_vrcam/scripts/data/audio.lua
pearl_vrcam/audio/sfx_sq05s90_1091_ambi_vr.ogg	1	1	pearl_vrcam/scripts/data/audio.lua
pearl_vrcam/audio/sfx_sq06s30_1001_ambi.ogg	1	1	pearl_vrcam/scripts/data/audio.lua
pearl_vrcam/audio/sfx_sq06s30_1004_ambi_vr.ogg	1	1	pearl_vrcam/scripts/data/audio.lua
pearl_vrcam/models/endingcard.mxm	1	1	pearl_vrcam/scripts/data/actors.lua
pearl_vrcam/models/envir.mxm	1	1	pearl_vrcam/scripts/data/actors.lua
pearl_vrcam/models/grounddetail.mxm	1	1	pearl_vrcam/scripts/data/actors.lua
pearl_vrcam/models/group.mxm	1	1	pearl_vrcam/scripts/data/actors.lua
pearl_vrcam/models/landingworld.mxm	1	1	pearl_vrcam/scripts/data/actors.lua
pearl_vrcam/models/moxiecamera.mxm	1	1	pearl_vrcam/scripts/data/cameras.lua
pearl_vrcam/models/rocks.mxm	1	1	pearl_vrcam/scripts/data/actors.lua
pearl_vrcam/models/sagebrush_grp.mxm	1	1	pearl_vrcam/scripts/data/actors.lua
pearl_vrcam/models/sq00s10trig_animation.mxm	1	2	pearl_vrcam/scripts/data/actors.lua
pearl_vrcam/models/sq01s10light_carpearlweedsextattachrig_carpearlweedsextattach_carpearlweedsextattach_grp_01.mxm	1	1	pearl_vrcam/scripts/data/actors.lua
pearl_vrcam/models/sq01s10light_psphere1.mxm	1	1	pearl_vrcam/scripts/data/actors.lua
pearl_vrcam/models/sq01s10light_sc0110setdressingvr_box_01.mxm	1	1	pearl_vrcam/scripts/data/actors.lua
pearl_vrcam/models/sq01s10light_shadowshapes_grp.mxm	1	1	pearl_vrcam/scripts/data/actors.lua
pearl_vrcam/models/sq01s10light_sq01s10anim_carpearlnewrig_carpearl_grp.mxm	1	1	pearl_vrcam/scripts/data/actors.lua
pearl_vrcam/models/sq01s10light_sq01s10anim_dustafx_grp.mxm	1	1	pearl_vrcam/scripts/data/actors.lua
pearl_vrcam/models/sq01s10light_sq01s10anim_saraadultrig_saraadultprodmodel_sarama.mxm	1	2	pearl_vrcam/modelMapping.txt
pearl_vrcam/models/sq01s10light_sq01s10anim_sc0110setdressing_sc0110setdressing_grp_01.mxm	1	1	pearl_vrcam/scripts/data/actors.lua
pearl_vrcam/models/sq01s10light_sq01s10anim_sq01s10flo_junkyard_junkyard_grp.mxm	1	1	pearl_vrcam/scripts/data/actors.lua
pearl_vrcam/models/sq01s10light_sq01s10anim_toyunicorn_toyunicorn_grp.mxm	1	1	pearl_vrcam/scripts/data/actors.lua
pearl_vrcam/models/sq01s10light_sq01s10anim_trackrecorder_trackrecordergrp.mxm	1	1	pearl_vrcam/scripts/data/actors.lua
pearl_vrcam/models/sq01s10light_titlefx_pearltitlegrp.mxm	1	1	pearl_vrcam/scripts/data/actors.lua
pearl_vrcam/models/sq01s10light_titlefx_pearlwriteonglowgeo.mxm	1	1	pearl_vrcam/scripts/data/actors.lua
pearl_vrcam/models/sq01s10light_unicorn_shadow.mxm	1	1	pearl_vrcam/scripts/data/actors.lua
pearl_vrcam/models/sq01s10light_warplessplane.mxm	1	1	pearl_vrcam/scripts/data/actors.lua
pearl_vrcam/models/sq01s10vrtrig_animation.mxm	1	2	pearl_vrcam/scripts/data/actors.lua
pearl_vrcam/models/sq01s20light_carpearlnewextattachrig_carpearlnewextattach_carpearlextattach_grp_01.mxm	1	1	pearl_vrcam/scripts/data/actors.lua
pearl_vrcam/models/sq01s20light_dadhead_shadow.mxm	1	1	pearl_vrcam/scripts/data/actors.lua
pearl_vrcam/models/sq01s20light_lensflare_lensflare_loc.mxm	1	1	pearl_vrcam/scripts/data/actors.lua
pearl_vrcam/models/sq01s20light_sc0120setdressingvr_backpack_backpack.mxm	1	1	pearl_vrcam/scripts/data/actors.lua
pearl_vrcam/models/sq01s20light_sc0120setdressingvr_boxes01.mxm	1	1	pearl_vrcam/scripts/data/actors.lua
pearl_vrcam/models/sq01s20light_shadow_driverback.mxm	1	1	pearl_vrcam/scripts/data/actors.lua
pearl_vrcam/models/sq01s20light_shadow_passengerseatback.mxm	1	1	pearl_vrcam/scripts/data/actors.lua
pearl_vrcam/models/sq01s20light_sq01s20_lightshapes.mxm	1	1	pearl_vrcam/scripts/data/actors.lua
pearl_vrcam/models/sq01s20light_sq01s20anim_acousticguitar_acousticguitar.mxm	1	1	pearl_vrcam/scripts/data/actors.lua
pearl_vrcam/models/sq01s20light_sq01s20anim_carpearlnewrig_carpearl_grp.mxm	1	1	pearl_vrcam/scripts/data/actors.lua
pearl_vrcam/models/sq01s20light_sq01s20anim_dadyoungrig_dadyoungprodmodel_dadym.mxm	1	15	pearl_vrcam/modelMapping.txt
pearl_vrcam/models/sq01s20light_sq01s20anim_sarakidrig_sarakidprodmodel_sarakm.mxm	1	15	pearl_vrcam/modelMapping.txt
pearl_vrcam/models/sq01s20light_sq01s20anim_sc0120setdressingfront_sc0120setdressingfront_grp.mxm	1	1	pearl_vrcam/scripts/data/actors.lua
pearl_vrcam/models/sq01s20light_sq01s20anim_sc120setdressing_sc120setdressing.mxm	1	1	pearl_vrcam/scripts/data/actors.lua
pearl_vrcam/models/sq01s20light_sq01s20anim_sc120setdressing_stuffedanimalb1_stuffedanimalb.mxm	1	1	pearl_vrcam/scripts/data/actors.lua
pearl_vrcam/models/sq01s20light_sq01s20anim_sq01s20flo_deserthighwaysurf_deserthighway_grp_01.mxm	1	1	pearl_vrcam/scripts/data/actors.lua
pearl_vrcam/models/sq01s20light_sq01s20anim_trackrecorder_trackrecordergrp.mxm	1	1	pearl_vrcam/scripts/data/actors.lua
pearl_vrcam/models/sq01s20light_sun2.mxm	1	1	pearl_vrcam/scripts/data/actors.lua
pearl_vrcam/models/sq01s20vrtrig_animation.mxm	1	2	pearl_vrcam/scripts/data/actors.lua
pearl_vrcam/models/sq01s50light_armrest_shadow_shape_offset.mxm	1	1	pearl_vrcam/scripts/data/actors.lua
pearl_vrcam/models/sq01s50light_car_shadow_shape_01.mxm	1	1	pearl_vrcam/scripts/data/actors.lua
pearl_vrcam/models/sq01s50light_car_shadow_shape_02.mxm	1	1	pearl_vrcam/scripts/data/actors.lua
pearl_vrcam/models/sq01s50light_carpearlnewextattachrig_carpearlnewextattach_carpearlextattach_grp_01.mxm	1	1	pearl_vrcam/scripts/data/actors.lua
pearl_vrcam/models/sq01s50light_dad_shadow_shapes.mxm	1	1	pearl_vrcam/scripts/data/actors.lua
pearl_vrcam/models/sq01s50light_lensflare_lensflare_loc.mxm	1	1	pearl_vrcam/scripts/data/actors.lua
pearl_vrcam/models/sq01s50light_sara_shadow_shapes.mxm	1	1	pearl_vrcam/scripts/data/actors.lua
pearl_vrcam/models/sq01s50light_sc0150setdressingvr_cardboardbox_grp.mxm	1	1	pearl_vrcam/scripts/data/actors.lua
pearl_vrcam/models/sq01s50light_sq01s50anim_acousticguitar_acousticguitar.mxm	1	1	pearl_vrcam/scripts/data/actors.lua
pearl_vrcam/models/sq01s50light_sq01s50anim_carpearlnewrig_carpearl_grp.mxm	1	1	pearl_vrcam/scripts/data/actors.lua
pearl_vrcam/models/sq01s50light_sq01s50anim_cornstalks_const2bg_loc.mxm	1	1	pearl_vrcam/scripts/data/actors.lua
pearl_vrcam/models/sq01s50light_sq01s50anim_dadyoungrig_dadyoungprodmodel_dadym.mxm	1	1	pearl_vrcam/scripts/data/actors.lua
pearl_vrcam/models/sq01s50light_sq01s50anim_sarakidrig_sarakidprodmodel_sarakm.mxm	1	1	pearl_vrcam/scripts/data/actors.lua
pearl_vrcam/models/sq01s50light_sq01s50anim_sc0150setdressing_backpack_backpack.mxm	1	1	pearl_vrcam/scripts/data/actors.lua
pearl_vrcam/models/sq01s50light_sq01s50anim_sc0150setdressing_beadsdecoration_01.mxm	1	1	pearl_vrcam/scripts/data/actors.lua
pearl_vrcam/models/sq01s50light_sq01s50anim_sc0150setdressing_cardboardboxb_cardboardbox_grp.mxm	1	1	pearl_vrcam/scripts/data/actors.lua
pearl_vrcam/models/sq01s50light_sq01s50anim_sc0150setdressing_dadyoungguitarcase_dadyoungguitarcase_grp.mxm	1	1	pearl_vrcam/scripts/data/actors.lua
pearl_vrcam/models/sq01s50light_sq01s50anim_sc0150setdressing_map_map.mxm	1	1	pearl_vrcam/scripts/data/actors.lua
pearl_vrcam/models/sq01s50light_sq01s50anim_sc0150setdressing_stuffedanimalb_stuffedanimalb.mxm	1	1	pearl_vrcam/scripts/data/actors.lua
pearl_vrcam/models/sq01s50light_sq01s50anim_sc0150setdressing_toyunicorn_toyunicorn_grp.mxm	1	1	pearl_vrcam/scripts/data/actors.lua
pearl_vrcam/models/sq01s50light_sq01s50anim_sc0150setdressing_truckerhatrig_truckerhat_grp_01.mxm	1	1	pearl_vrcam/scripts/data/actors.lua
pearl_vrcam/models/sq01s50light_sq01s50anim_sc0150setdressingb_sc0150setdressing_grp.mxm	1	1	pearl_vrcam/scripts/data/actors.lua
pearl_vrcam/models/sq01s50light_sq01s50anim_semitruckrig_semitruckprodmodel_semitruck_grp.mxm	1	1	pearl_vrcam/scripts/data/actors.lua
pearl_vrcam/models/sq01s50light_sq01s50anim_sq01s50flo_countryfarmroad_countryfarmroad_grp.mxm	1	1	pearl_vrcam/scripts/data/actors.lua
pearl_vrcam/models/sq01s50light_sq01s50anim_stuffedanimala_stuffedanimalageo3.mxm	1	1	pearl_vrcam/scripts/data/actors.lua
pearl_vrcam/models/sq01s50light_sq01s50anim_stuffedanimala_stuffedanimalagrp.mxm	1	1	pearl_vrcam/scripts/data/actors.lua
pearl_vrcam/models/sq01s50vrtrig_animation.mxm	1	2	pearl_vrcam/scripts/data/actors.lua
pearl_vrcam/models/sq01s55light_carpearlnewextattachrig_carpearlnewextattach_carpearlextattach_grp_01.mxm	1	1	pearl_vrcam/scripts/data/actors.lua
pearl_vrcam/models/sq01s55light_glowsgroup.mxm	1	1	pearl_vrcam/scripts/data/actors.lua
pearl_vrcam/models/sq01s55light_sc0155setdressingvr_cardboardbox_grp.mxm	1	1	pearl_vrcam/scripts/data/actors.lua
pearl_vrcam/models/sq01s55light_shadowshapesgroup.mxm	1	1	pearl_vrcam/scripts/data/actors.lua
pearl_vrcam/models/sq01s55light_sq01s55anim_bugbutt_grp.mxm	1	1	pearl_vrcam/scripts/data/actors.lua
pearl_vrcam/models/sq01s55light_sq01s55anim_carpearlnewrig_carpearl_grp.mxm	1	1	pearl_vrcam/scripts/data/actors.lua
pearl_vrcam/models/sq01s55light_sq01s55anim_dadyoungrig_dadyoungprodmodel_dadym.mxm	1	1	pearl_vrcam/scripts/data/actors.lua
pearl_vrcam/models/sq01s55light_sq01s55anim_fireflyjar_fireflyjargrp.mxm	1	1	pearl_vrcam/scripts/data/actors.lua
pearl_vrcam/models/sq01s55light_sq01s55anim_roadfflys_grp.mxm	1	1	pearl_vrcam/scripts/data/actors.lua
pearl_vrcam/models/sq01s55light_sq01s55anim_sarakidrig_sarakidprodmodel_sarakm.mxm	1	1	pearl_vrcam/scripts/data/actors.lua
pearl_vrcam/models/sq01s55light_sq01s55anim_sc0155setdressingcarint_sc0155setdressinga.mxm	1	1	pearl_vrcam/scripts/data/actors.lua
pearl_vrcam/models/sq01s55light_sq01s55anim_sc0155setdressingcarintb_sc0155setdressingb.mxm	1	1	pearl_vrcam/scripts/data/actors.lua
pearl_vrcam/models/sq01s55light_sq01s55anim_sq01s55flo_nightforest_nightforest_grp.mxm	1	1	pearl_vrcam/scripts/data/actors.lua
pearl_vrcam/models/sq01s55vrtrig_animation.mxm	1	2	pearl_vrcam/scripts/data/actors.lua
pearl_vrcam/models/sq01s60light_bloomcutoutdisks.mxm	1	1	pearl_vrcam/scripts/data/actors.lua
pearl_vrcam/models/sq01s60light_carpearlnewextattachrig_carpearlnewextattach_carpearlextattach_grp_01.mxm	1	1	pearl_vrcam/scripts/data/actors.lua
pearl_vrcam/models/sq01s60light_flashback_bloomcutoutdisks.mxm	1	1	pearl_vrcam/scripts/data/actors.lua
pearl_vrcam/models/sq01s60light_flashback_carpearlnewextattachrig_carpearlnewextattach_carpearlextattach_grp_01.mxm	1	1	pearl_vrcam/scripts/data/actors.lua
pearl_vrcam/models/sq01s60light_flashback_lensflares.mxm	1	1	pearl_vrcam/scripts/data/actors.lua
pearl_vrcam/models/sq01s60light_flashback_lighthelmet_dad.mxm	1	1	pearl_vrcam/scripts/data/actors.lua
pearl_vrcam/models/sq01s60light_flashback_lighthelmet_sara.mxm	1	1	pearl_vrcam/scripts/data/actors.lua
pearl_vrcam/models/sq01s60light_flashback_sc0160setdressingvr_cardboardbox_grp.mxm	1	1	pearl_vrcam/scripts/data/actors.lua
pearl_vrcam/models/sq01s60light_flashback_shadowshapes.mxm	1	1	pearl_vrcam/scripts/data/actors.lua
pearl_vrcam/models/sq01s60light_flashback_shadowshapes_old.mxm	1	1	pearl_vrcam/scripts/data/actors.lua
pearl_vrcam/models/sq01s60light_flashback_sq01s60anim_carpearlnewrig_carpearl_grp.mxm	1	1	pearl_vrcam/scripts/data/actors.lua
pearl_vrcam/models/sq01s60light_flashback_sq01s60anim_dadyoungrig_dadyoungprodmodel_dadym.mxm	1	1	pearl_vrcam/scripts/data/actors.lua
pearl_vrcam/models/sq01s60light_flashback_sq01s60anim_sarakidrig_sarakidprodmodel_sarakm.mxm	1	1	pearl_vrcam/scripts/data/actors.lua
pearl_vrcam/models/sq01s60light_flashback_sq01s60anim_sc0160setdressingcarinta_cardboardboxa_grp.mxm	1	1	pearl_vrcam/scripts/data/actors.lua
pearl_vrcam/models/sq01s60light_flashback_sq01s60anim_sc0160setdressingcarinta_cardboardnolid_nolidbox_grp.mxm	1	1	pearl_vrcam/scripts/data/actors.lua
pearl_vrcam/models/sq01s60light_flashback_sq01s60anim_sc0160setdressingcarinta_dadyoungguitarcase_dadyoungguitarcase_grp.mxm	1	1	pearl_vrcam/scripts/data/actors.lua
pearl_vrcam/models/sq01s60light_flashback_sq01s60anim_sc0160setdressingcarinta_sc0160setdressinga.mxm	1	1	pearl_vrcam/scripts/data/actors.lua
pearl_vrcam/models/sq01s60light_flashback_sq01s60anim_sc0160setdressingcarinta_stuffedanimalb_stuffedanimalb.mxm	1	1	pearl_vrcam/scripts/data/actors.lua
pearl_vrcam/models/sq01s60light_flashback_sq01s60anim_sc0160setdressingcarinta_toyunicorn_toyunicorn_grp.mxm	1	1	pearl_vrcam/scripts/data/actors.lua
pearl_vrcam/models/sq01s60light_flashback_sq01s60anim_sc0160setdressingcarintb_sc0160setdressingb.mxm	1	1	pearl_vrcam/scripts/data/actors.lua
pearl_vrcam/models/sq01s60light_flashback_sq01s60anim_sq01s60flo_mountainroadtunnel_mountainroadtunnel_grp.mxm	1	1	pearl_vrcam/scripts/data/actors.lua
pearl_vrcam/models/sq01s60light_lensflares.mxm	1	1	pearl_vrcam/scripts/data/actors.lua
pearl_vrcam/models/sq01s60light_lighthelmet_dad.mxm	1	1	pearl_vrcam/scripts/data/actors.lua
pearl_vrcam/models/sq01s60light_lighthelmet_sara.mxm	1	1	pearl_vrcam/scripts/data/actors.lua
pearl_vrcam/models/sq01s60light_sc0160setdressingvr_cardboardbox_grp.mxm	1	1	pearl_vrcam/scripts/data/actors.lua
pearl_vrcam/models/sq01s60light_shadowshapes.mxm	1	1	pearl_vrcam/scripts/data/actors.lua
pearl_vrcam/models/sq01s60light_shadowshapes_old.mxm	1	1	pearl_vrcam/scripts/data/actors.lua
pearl_vrcam/models/sq01s60light_sq01s60anim_carpearlnewrig_carpearl_grp.mxm	1	1	pearl_vrcam/scripts/data/actors.lua
pearl_vrcam/models/sq01s60light_sq01s60anim_dadyoungrig_dadyoungprodmodel_dadym.mxm	1	1	pearl_vrcam/scripts/data/actors.lua
pearl_vrcam/models/sq01s60light_sq01s60anim_sarakidrig_sarakidprodmodel_sarakm.mxm	1	1	pearl_vrcam/scripts/data/actors.lua
pearl_vrcam/models/sq01s60light_sq01s60anim_sc0160setdressingcarinta_cardboardboxa_grp.mxm	1	1	pearl_vrcam/scripts/data/actors.lua
pearl_vrcam/models/sq01s60light_sq01s60anim_sc0160setdressingcarinta_cardboardnolid_nolidbox_grp.mxm	1	1	pearl_vrcam/scripts/data/actors.lua
pearl_vrcam/models/sq01s60light_sq01s60anim_sc0160setdressingcarinta_dadyoungguitarcase_dadyoungguitarcase_grp.mxm	1	1	pearl_vrcam/scripts/data/actors.lua
pearl_vrcam/models/sq01s60light_sq01s60anim_sc0160setdressingcarinta_sc0160setdressinga.mxm	1	1	pearl_vrcam/scripts/data/actors.lua
pearl_vrcam/models/sq01s60light_sq01s60anim_sc0160setdressingcarinta_stuffedanimalb_stuffedanimalb.mxm	1	1	pearl_vrcam/scripts/data/actors.lua
pearl_vrcam/models/sq01s60light_sq01s60anim_sc0160setdressingcarinta_toyunicorn_toyunicorn_grp.mxm	1	1	pearl_vrcam/scripts/data/actors.lua
pearl_vrcam/models/sq01s60light_sq01s60anim_sc0160setdressingcarintb_sc0160setdressingb.mxm	1	1	pearl_vrcam/scripts/data/actors.lua
pearl_vrcam/models/sq01s60light_sq01s60anim_sq01s60flo_mountainroadtunnel_mountainroadtunnel_grp.mxm	1	1	pearl_vrcam/scripts/data/actors.lua
pearl_vrcam/models/sq01s60vrflashback_animation.mxm	1	2	pearl_vrcam/scripts/data/actors.lua
pearl_vrcam/models/sq01s60vrtrig_animation.mxm	1	2	pearl_vrcam/scripts/data/actors.lua
pearl_vrcam/models/sq01s80light_carpearllightshape_offset_01.mxm	1	1	pearl_vrcam/scripts/data/actors.lua
pearl_vrcam/models/sq01s80light_carpearlnewextattachrig_carpearlnewextattach_carpearlextattach_grp_01.mxm	1	1	pearl_vrcam/scripts/data/actors.lua
pearl_vrcam/models/sq01s80light_carshadowplanes_grp_01.mxm	1	1	pearl_vrcam/scripts/data/actors.lua
pearl_vrcam/models/sq01s80light_lightshapes_grp_01.mxm	1	1	pearl_vrcam/scripts/data/actors.lua
pearl_vrcam/models/sq01s80light_sarafaceshadowshape_01.mxm	1	1	pearl_vrcam/scripts/data/actors.lua
pearl_vrcam/models/sq01s80light_sq01s80anim_carpearlnewrig_carpearl_grp.mxm	1	1	pearl_vrcam/scripts/data/actors.lua
pearl_vrcam/models/sq01s80light_sq01s80anim_dadyoungrig_dadyoungprodmodel_dadym.mxm	1	1	pearl_vrcam/scripts/data/actors.lua
pearl_vrcam/models/sq01s80light_sq01s80anim_pickuptruck02rig_pickuptruck02prodmodel_pickuptruck02_grp.mxm	1	1	pearl_vrcam/scripts/data/actors.lua
pearl_vrcam/models/sq01s80light_sq01s80anim_sarakidrig_sarakidprodmodel_sarakm.mxm	1	1	pearl_vrcam/scripts/data/actors.lua
pearl_vrcam/models/sq01s80light_sq01s80anim_sc0180setdressinga_sc0180setdresscarinta.mxm	1	1	pearl_vrcam/scripts/data/actors.lua
pearl_vrcam/models/sq01s80light_sq01s80anim_sc0180setdressingb_sc0180setdresscarintb.mxm	1	1	pearl_vrcam/scripts/data/actors.lua
pearl_vrcam/models/sq01s80light_sq01s80anim_semitruck02rig_semitruck02prodmodel_semitruck02_grp.mxm	1	1	pearl_vrcam/scripts/data/actors.lua
pearl_vrcam/models/sq01s80light_sq01s80anim_semitruckrig_semitruckprodmodel_semitruck_grp.mxm	1	1	pearl_vrcam/scripts/data/actors.lua
pearl_vrcam/models/sq01s80light_sq01s80anim_sq01s80flo_sierravalleyhighway_environmentdetail_gpr.mxm	1	1	pearl_vrcam/scripts/data/actors.lua
pearl_vrcam/models/sq01s80light_sq01s80anim_stationwagonrig_stationwagonprodmodel_stationwagon_grp.mxm	1	1	pearl_vrcam/scripts/data/actors.lua
pearl_vrcam/models/sq01s80light_sq01s80anim_uhaultruckrig_uhaultruckprodmodel_uhaultruck_grp.mxm	1	1	pearl_vrcam/scripts/data/actors.lua
pearl_vrcam/models/sq01s80light_sq01s80anim_vanrig_vanprodmodel_van_grp.mxm	1	1	pearl_vrcam/scripts/data/actors.lua
pearl_vrcam/models/sq01s80light_sq01s80anim_volvorig_volvoprodmodel_volvo_grp.mxm	1	1	pearl_vrcam/scripts/data/actors.lua
pearl_vrcam/models/sq01s80vrtrig_animation.mxm	1	2	pearl_vrcam/scripts/data/actors.lua
pearl_vrcam/models/sq02s10light_carpearlnewextattachrig_carpearlnewextattach_carpearlextattach_grp_01.mxm	1	1	pearl_vrcam/scripts/data/actors.lua
pearl_vrcam/models/sq02s10light_lightingshapesgroup.mxm	1	1	pearl_vrcam/scripts/data/actors.lua
pearl_vrcam/models/sq02s10light_otheractors.mxm	1	1	pearl_vrcam/scripts/data/actors.lua
pearl_vrcam/models/sq02s10light_pcircle1.mxm	1	1	pearl_vrcam/scripts/data/actors.lua
pearl_vrcam/models/sq02s10light_sc0210setdressingvr_cardboardbox_grp.mxm	1	1	pearl_vrcam/scripts/data/actors.lua
pearl_vrcam/models/sq02s10light_skydomegroup.mxm	1	1	pearl_vrcam/scripts/data/actors.lua
pearl_vrcam/models/sq02s10light_sq02s10anim_acousticguitar_acousticguitar.mxm	1	1	pearl_vrcam/scripts/data/actors.lua
pearl_vrcam/models/sq02s10light_sq02s10anim_carpearlnewrig_carpearl_grp.mxm	1	1	pearl_vrcam/scripts/data/actors.lua
pearl_vrcam/models/sq02s10light_sq02s10anim_dadyoungguitarcase_dadyoungguitarcase_grp.mxm	1	1	pearl_vrcam/scripts/data/actors.lua
pearl_vrcam/models/sq02s10light_sq02s10anim_dadyoungrig_dadyoungprodmodel_dadym.mxm	1	1	pearl_vrcam/scripts/data/actors.lua
pearl_vrcam/models/sq02s10light_sq02s10anim_model_sc0210_setdressingcarint_grp.mxm	1	1	pearl_vrcam/scripts/data/actors.lua
pearl_vrcam/models/sq02s10light_sq02s10anim_pickuptruck02rig_pickuptruck02prodmodel_pickuptruck02_grp.mxm	1	1	pearl_vrcam/scripts/data/actors.lua
pearl_vrcam/models/sq02s10light_sq02s10anim_sarakidrig_sarakidprodmodel_sarakm.mxm	1	1	pearl_vrcam/scripts/data/actors.lua
pearl_vrcam/models/sq02s10light_sq02s10anim_sq02s10animcrowd_genericman01rig_genericmanprodmodel_genericmanm.mxm	1	19	pearl_vrcam/modelMapping.txt
pearl_vrcam/models/sq02s10light_sq02s10anim_sq02s10animcrowd_genericwomanrig_genericwomanprodmodel_genericwomanm.mxm	1	12	pearl_vrcam/modelMapping.txt
pearl_vrcam/models/sq02s10light_sq02s10anim_sq02s10animcrowd_walking03_v008_genericman01rig_genericmanprodmodel_genericmanm.mxm	1	1	pearl_vrcam/scripts/data/actors.lua
pearl_vrcam/models/sq02s10light_sq02s10anim_sq02s10animcrowd_walking2_v015_genericman01rig_genericmanprodmodel_genericmanm.mxm	1	1	pearl_vrcam/scripts/data/actors.lua
pearl_vrcam/models/sq02s10light_sq02s10anim_sq02s10flo_mainstreet_mainstreet_grp_01.mxm	1	1	pearl_vrcam/scripts/data/actors.lua
pearl_vrcam/models/sq02s10light_sq02s10anim_sq02s10flo_setdressingmainstreet_setdressingmainstreet_grp.mxm	1	1	pearl_vrcam/scripts/data/actors.lua
pearl_vrcam/models/sq02s10light_sq02s10anim_stationwagonrig_stationwagonprodmodel_stationwagon_grp.mxm	1	1	pearl_vrcam/scripts/data/actors.lua
pearl_vrcam/models/sq02s10light_sq02s10anim_truckerhatrig_truckerhat_grp_01.mxm	1	1	pearl_vrcam/scripts/data/actors.lua
pearl_vrcam/models/sq02s10light_sq02s10anim_vanrig_vanprodmodel_van_grp.mxm	1	1	pearl_vrcam/scripts/data/actors.lua
pearl_vrcam/models/sq02s10light_sq02s10anim_volvorig_volvoprodmodel_volvo_grp.mxm	1	1	pearl_vrcam/scripts/data/actors.lua
pearl_vrcam/models/sq02s10light_warpshapesgroup.mxm	1	1	pearl_vrcam/scripts/data/actors.lua
pearl_vrcam/models/sq02s10vrtrig_animation.mxm	1	2	pearl_vrcam/scripts/data/actors.lua
pearl_vrcam/models/sq02s20light_carpearlnewextattachrig_carpearlnewextattach_carpearlextattach_grp_01.mxm	1	1	pearl_vrcam/scripts/data/actors.lua
pearl_vrcam/models/sq02s20light_christmas_light_glows.mxm	1	1	pearl_vrcam/scripts/data/actors.lua
pearl_vrcam/models/sq02s20light_citybackground_grp_01.mxm	1	1	pearl_vrcam/scripts/data/actors.lua
pearl_vrcam/models/sq02s20light_rearviewmirror_01.mxm	1	1	pearl_vrcam/scripts/data/actors.lua
pearl_vrcam/models/sq02s20light_sc0220setdressingvr_cardboardbox_grp.mxm	1	1	pearl_vrcam/scripts/data/actors.lua
pearl_vrcam/models/sq02s20light_shadow_plane.mxm	1	1	pearl_vrcam/scripts/data/actors.lua
pearl_vrcam/models/sq02s20light_shadow_sphere.mxm	1	1	pearl_vrcam/scripts/data/actors.lua
pearl_vrcam/models/sq02s20light_skydome_01.mxm	1	1	pearl_vrcam/scripts/data/actors.lua
pearl_vrcam/models/sq02s20light_sq02s20anim_acousticguitar_acousticguitar.mxm	1	1	pearl_vrcam/scripts/data/actors.lua
pearl_vrcam/models/sq02s20light_sq02s20anim_antlersrig_antlerctrl_grp.mxm	1	1	pearl_vrcam/scripts/data/actors.lua
pearl_vrcam/models/sq02s20light_sq02s20anim_carpearlnewrig_carpearl_grp.mxm	1	1	pearl_vrcam/scripts/data/actors.lua
pearl_vrcam/models/sq02s20light_sq02s20anim_dadyoungrig_dadyoungprodmodel_dadym.mxm	1	1	pearl_vrcam/scripts/data/actors.lua
pearl_vrcam/models/sq02s20light_sq02s20anim_sarakidrig_sarakidprodmodel_sarakm.mxm	1	1	pearl_vrcam/scripts/data/actors.lua
pearl_vrcam/models/sq02s20light_sq02s20anim_sq02s20flo_sc0220setdressing_sc0220setdressing.mxm	1	1	pearl_vrcam/scripts/data/actors.lua
pearl_vrcam/models/sq02s20light_sq02s20anim_ukulele_ukulele.mxm	1	1	pearl_vrcam/scripts/data/actors.lua
pearl_vrcam/models/sq02s20light_xmasblankets_xmasblankets_grp_01.mxm	1	1	pearl_vrcam/scripts/data/actors.lua
pearl_vrcam/models/sq02s20vrtrig_animation.mxm	1	2	pearl_vrcam/scripts/data/actors.lua
pearl_vrcam/models/sq02s40light_carpearlnewextattachrig_carpearlnewextattach_carpearlextattach_grp_01.mxm	1	1	pearl_vrcam/scripts/data/actors.lua
pearl_vrcam/models/sq02s40light_glowmasks.mxm	1	1	pearl_vrcam/scripts/data/actors.lua
pearl_vrcam/models/sq02s40light_lightshapes.mxm	1	1	pearl_vrcam/scripts/data/actors.lua
pearl_vrcam/models/sq02s40light_sc0240setdressingvr_cardboardbox_grp.mxm	1	1	pearl_vrcam/scripts/data/actors.lua
pearl_vrcam/models/sq02s40light_sq02s40anim_carpearlnewrig_carpearl_grp.mxm	1	1	pearl_vrcam/scripts/data/actors.lua
pearl_vrcam/models/sq02s40light_sq02s40anim_coins.mxm	1	1	pearl_vrcam/scripts/data/actors.lua
pearl_vrcam/models/sq02s40light_sq02s40anim_dadyoungguitarcase1_dadyoungguitarcase_grp.mxm	1	1	pearl_vrcam/scripts/data/actors.lua
pearl_vrcam/models/sq02s40light_sq02s40anim_dadyoungrig_dadyoungprodmodel_dadym.mxm	1	1	pearl_vrcam/scripts/data/actors.lua
pearl_vrcam/models/sq02s40light_sq02s40anim_penny7.mxm	1	1	pearl_vrcam/scripts/data/actors.lua
pearl_vrcam/models/sq02s40light_sq02s40anim_pickuptruck02_01_scale_grp.mxm	1	1	pearl_vrcam/scripts/data/actors.lua
pearl_vrcam/models/sq02s40light_sq02s40anim_pickuptruck02_02_scale_grp.mxm	1	1	pearl_vrcam/scripts/data/actors.lua
pearl_vrcam/models/sq02s40light_sq02s40anim_sarakidrig_sarakidprodmodel_sarakm.mxm	1	1	pearl_vrcam/scripts/data/actors.lua
pearl_vrcam/models/sq02s40light_sq02s40anim_sc0240setdressing_sc0240setdressing_grp_01.mxm	1	1	pearl_vrcam/scripts/data/actors.lua
pearl_vrcam/models/sq02s40light_sq02s40anim_sc0240setdressingcarint_sc0240_setdressingcarint_grp.mxm	1	1	pearl_vrcam/scripts/data/actors.lua
pearl_vrcam/models/sq02s40light_sq02s40anim_semitruck02_scale_grp.mxm	1	1	pearl_vrcam/scripts/data/actors.lua
pearl_vrcam/models/sq02s40light_sq02s40anim_sq02s40animcrowd_staticman02_v001_genericman01rig_genericmanprodmodel_genericmanm.mxm	1	1	pearl_vrcam/scripts/data/actors.lua
pearl_vrcam/models/sq02s40light_sq02s40anim_sq02s40animcrowd_staticman05_v001_genericman01rig_genericmanprodmodel_genericmanm.mxm	1	1	pearl_vrcam/scripts/data/actors.lua
pearl_vrcam/models/sq02s40light_sq02s40anim_sq02s40animcrowd_staticwoman01_v001_genericwomanrig_genericwomanprodmodel_genericwomanm.mxm	1	1	pearl_vrcam/scripts/data/actors.lua
pearl_vrcam/models/sq02s40light_sq02s40anim_sq02s40animcrowd_walking1woman_v015_genericwomanrig_genericwomanprodmodel_genericwomanm.mxm	1	1	pearl_vrcam/scripts/data/actors.lua
pearl_vrcam/models/sq02s40light_sq02s40anim_sq02s40flo_outskirtsofsmalltown_outskirtsofsmalltown_grp_01.mxm	1	1	pearl_vrcam/scripts/data/actors.lua
pearl_vrcam/models/sq02s40light_sq02s40anim_stationwagonrig_stationwagonprodmodel_stationwagon_grp.mxm	1	1	pearl_vrcam/scripts/data/actors.lua
pearl_vrcam/models/sq02s40light_sq02s40anim_truckerhatrig_truckerhat_grp_01.mxm	1	1	pearl_vrcam/scripts/data/actors.lua
pearl_vrcam/models/sq02s40light_sq02s40anim_uhaultruckrig_uhaultruckprodmodel_uhaultruck_grp.mxm	1	1	pearl_vrcam/scripts/data/actors.lua
pearl_vrcam/models/sq02s40light_sq02s40anim_van_scalegrp.mxm	1	1	pearl_vrcam/scripts/data/actors.lua
pearl_vrcam/models/sq02s40light_sq02s40anim_volvorig_volvoprodmodel_volvo_grp.mxm	1	1	pearl_vrcam/scripts/data/actors.lua
pearl_vrcam/models/sq02s40vrtrig_animation.mxm	1	2	pearl_vrcam/scripts/data/actors.lua
pearl_vrcam/models/sq02s50light_carpearlnewextattachrig_carpearlnewextattach_carpearlextattach_grp_01.mxm	1	1	pearl_vrcam/scripts/data/actors.lua
pearl_vrcam/models/sq02s50light_sc0250setdressingvr_cardboardbox_grp.mxm	1	1	pearl_vrcam/scripts/data/actors.lua
pearl_vrcam/models/sq02s50light_sq02s50anim_acousticguitar_acousticguitar.mxm	1	1	pearl_vrcam/scripts/data/actors.lua
pearl_vrcam/models/sq02s50light_sq02s50anim_carpearlnewrig_carpearl_grp.mxm	1	1	pearl_vrcam/scripts/data/actors.lua
pearl_vrcam/models/sq02s50light_sq02s50anim_dadyoungrig_dadyoungprodmodel_dadym.mxm	1	1	pearl_vrcam/scripts/data/actors.lua
pearl_vrcam/models/sq02s50light_sq02s50anim_sarakidrig_sarakidprodmodel_sarakm.mxm	1	1	pearl_vrcam/scripts/data/actors.lua
pearl_vrcam/models/sq02s50light_sq02s50anim_sc0250setdressing_sc0250setdressing_grp.mxm	1	1	pearl_vrcam/scripts/data/actors.lua
pearl_vrcam/models/sq02s50light_sq02s50anim_sc0250setdressinga_sc0250setdressinga.mxm	1	1	pearl_vrcam/scripts/data/actors.lua
pearl_vrcam/models/sq02s50light_sq02s50anim_snowbfx_grp.mxm	1	1	pearl_vrcam/scripts/data/actors.lua
pearl_vrcam/models/sq02s50light_sq02s50anim_sq02s50flo_campground_campground_grp_01.mxm	1	1	pearl_vrcam/scripts/data/actors.lua
pearl_vrcam/models/sq02s50light_sq02s50anim_ukulele_ukulele.mxm	1	1	pearl_vrcam/scripts/data/actors.lua
pearl_vrcam/models/sq02s50light_sunroofwindow_02.mxm	1	1	pearl_vrcam/scripts/data/actors.lua
pearl_vrcam/models/sq02s50vrtrig_animation.mxm	1	2	pearl_vrcam/scripts/data/actors.lua
pearl_vrcam/models/sq02s60light_carpearlnewextattachrig_carpearlnewextattach_carpearlextattach_grp_01.mxm	1	1	pearl_vrcam/scripts/data/actors.lua
pearl_vrcam/models/sq02s60light_sq02s60anim_acousticguitar_acousticguitar.mxm	1	1	pearl_vrcam/scripts/data/actors.lua
pearl_vrcam/models/sq02s60light_sq02s60anim_carpearlnewrig_carpearl_grp.mxm	1	1	pearl_vrcam/scripts/data/actors.lua
pearl_vrcam/models/sq02s60light_sq02s60anim_copcarrig_copcarprodmodel_copcar_grp.mxm	1	1	pearl_vrcam/scripts/data/actors.lua
pearl_vrcam/models/sq02s60light_sq02s60anim_dadyoungrig_dadyoungprodmodel_dadym.mxm	1	1	pearl_vrcam/scripts/data/actors.lua
pearl_vrcam/models/sq02s60light_sq02s60anim_drawover.mxm	1	1	pearl_vrcam/scripts/data/actors.lua
pearl_vrcam/models/sq02s60light_sq02s60anim_pickuptruck02rig_pickuptruck02prodmodel_pickuptruck02_grp.mxm	1	1	pearl_vrcam/scripts/data/actors.lua
pearl_vrcam/models/sq02s60light_sq02s60anim_pickuptruck_snow_grp.mxm	1	1	pearl_vrcam/scripts/data/actors.lua
pearl_vrcam/models/sq02s60light_sq02s60anim_sarakidrig_sarakidprodmodel_sarakm.mxm	1	1	pearl_vrcam/scripts/data/actors.lua
pearl_vrcam/models/sq02s60light_sq02s60anim_sc0260setdressingcarinta_backpack_backpack.mxm	1	1	pearl_vrcam/scripts/data/actors.lua
pearl_vrcam/models/sq02s60light_sq02s60anim_sc0260setdressingcarinta_fastfooddrink_fastfooddrink_grp.mxm	1	1	pearl_vrcam/scripts/data/actors.lua
pearl_vrcam/models/sq02s60light_sq02s60anim_sc0260setdressingcarinta_sc0260setdressinga.mxm	1	1	pearl_vrcam/scripts/data/actors.lua
pearl_vrcam/models/sq02s60light_sq02s60anim_sc0260setdressingcarinta_truckerhatrig_truckerhat_grp_01.mxm	1	1	pearl_vrcam/scripts/data/actors.lua
pearl_vrcam/models/sq02s60light_sq02s60anim_sc0260setdressingcarintb_sc0260setdressingb.mxm	1	1	pearl_vrcam/scripts/data/actors.lua
pearl_vrcam/models/sq02s60light_sq02s60anim_snowcfx_grp.mxm	1	1	pearl_vrcam/scripts/data/actors.lua
pearl_vrcam/models/sq02s60light_sq02s60anim_sq02s60_touristymountiainstreet_touristymountainstreet_grp.mxm	1	1	pearl_vrcam/scripts/data/actors.lua
pearl_vrcam/models/sq02s60light_sq02s60anim_sq02s60animcrowd_boyspectator_v001_genericboy01rig_genericboyprodmodel_genericboym.mxm	1	3	pearl_vrcam/modelMapping.txt
pearl_vrcam/models/sq02s60light_sq02s60anim_sq02s60animcrowd_dadyoungguitarcase_dadyoungguitarcase_grp.mxm	1	1	pearl_vrcam/scripts/data/actors.lua
pearl_vrcam/models/sq02s60light_sq02s60anim_sq02s60animcrowd_genericman01rig_genericmanprodmodel_genericmanm.mxm	1	1	pearl_vrcam/scripts/data/actors.lua
pearl_vrcam/models/sq02s60light_sq02s60anim_sq02s60animcrowd_genericwomanrig_genericwomanprodmodel_genericwomanm.mxm	1	1	pearl_vrcam/scripts/data/actors.lua
pearl_vrcam/models/sq02s60light_sq02s60anim_sq02s60animcrowd_spectator01_v008_genericman01rig_genericmanprodmodel_genericmanm.mxm	1	1	pearl_vrcam/scripts/data/actors.lua
pearl_vrcam/models/sq02s60light_sq02s60anim_sq02s60animcrowd_spectator02_v004_genericwomanrig_genericwomanprodmodel_genericwomanm.mxm	1	1	pearl_vrcam/scripts/data/actors.lua
pearl_vrcam/models/sq02s60light_sq02s60anim_sq02s60animcrowd_spectator03_v007_genericman01rig_genericmanprodmodel_genericmanm.mxm	1	1	pearl_vrcam/scripts/data/actors.lua
pearl_vrcam/models/sq02s60light_sq02s60anim_sq02s60animcrowd_spectator04_v003_genericman01rig_genericmanprodmodel_genericmanm.mxm	1	1	pearl_vrcam/scripts/data/actors.lua
pearl_vrcam/models/sq02s60light_sq02s60anim_stationwagonrig_stationwagonprodmodel_stationwagon_grp.mxm	1	1	pearl_vrcam/scripts/data/actors.lua
pearl_vrcam/models/sq02s60light_sq02s60anim_towtruckrig_towtruckprodmodel_towtruck_grp.mxm	1	1	pearl_vrcam/scripts/data/actors.lua
pearl_vrcam/models/sq02s60light_sq02s60anim_ukulele_ukulele.mxm	1	1	pearl_vrcam/scripts/data/actors.lua
pearl_vrcam/models/sq02s60light_sq02s60anim_van_snow_grp.mxm	1	1	pearl_vrcam/scripts/data/actors.lua
pearl_vrcam/models/sq02s60light_sq02s60anim_vanrig_vanprodmodel_van_grp.mxm	1	1	pearl_vrcam/scripts/data/actors.lua
pearl_vrcam/models/sq02s60light_sq02s60anim_volvorig_volvoprodmodel_volvo_grp.mxm	1	1	pearl_vrcam/scripts/data/actors.lua
pearl_vrcam/models/sq02s60vrtrig_animation.mxm	1	2	pearl_vrcam/scripts/data/actors.lua
pearl_vrcam/models/sq03s10light_carpearlnewextattachrig_carpearlnewextattach_carpearlextattach_grp_01.mxm	1	1	pearl_vrcam/scripts/data/actors.lua
pearl_vrcam/models/sq03s10light_lightshapes.mxm	1	1	pearl_vrcam/scripts/data/actors.lua
pearl_vrcam/models/sq03s10light_sc0310setdressingvr_cardboardbox_grp.mxm	1	1	pearl_vrcam/scripts/data/actors.lua
pearl_vrcam/models/sq03s10light_shadows_grp_01.mxm	1	1	pearl_vrcam/scripts/data/actors.lua
pearl_vrcam/models/sq03s10light_sq03s10anim_bag_control.mxm	1	1	pearl_vrcam/scripts/data/actors.lua
pearl_vrcam/models/sq03s10light_sq03s10anim_carpearlnewrig_carpearl_grp.mxm	1	1	pearl_vrcam/scripts/data/actors.lua
pearl_vrcam/models/sq03s10light_sq03s10anim_dadyoungrig_dadyoungprodmodel_dadym.mxm	1	1	pearl_vrcam/scripts/data/actors.lua
pearl_vrcam/models/sq03s10light_sq03s10anim_genericboy01rig_genericboyprodmodel_genericboym.mxm	1	1	pearl_vrcam/scripts/data/actors.lua
pearl_vrcam/models/sq03s10light_sq03s10anim_genericgirl01rig_genericgirlprodmodel_genericgirlm.mxm	1	3	pearl_vrcam/modelMapping.txt
pearl_vrcam/models/sq03s10light_sq03s10anim_genericman01rig_genericmanprodmodel_genericmanm.mxm	1	1	pearl_vrcam/scripts/data/actors.lua
pearl_vrcam/models/sq03s10light_sq03s10anim_genericwomanrig_genericwomanprodmodel_genericwomanm.mxm	1	1	pearl_vrcam/scripts/data/actors.lua
pearl_vrcam/models/sq03s10light_sq03s10anim_pcube2.mxm	1	1	pearl_vrcam/scripts/data/actors.lua
pearl_vrcam/models/sq03s10light_sq03s10anim_pickuptruck02rig_pickuptruck02prodmodel_pickuptruck02_grp.mxm	1	1	pearl_vrcam/scripts/data/actors.lua
pearl_vrcam/models/sq03s10light_sq03s10anim_polysurface3.mxm	1	1	pearl_vrcam/scripts/data/actors.lua
pearl_vrcam/models/sq03s10light_sq03s10anim_sarakidrig_sarakidprodmodel_sarakm.mxm	1	1	pearl_vrcam/scripts/data/actors.lua
pearl_vrcam/models/sq03s10light_sq03s10anim_sc0310setdressinga_sc0310setdressinga_grp_01.mxm	1	1	pearl_vrcam/scripts/data/actors.lua
pearl_vrcam/models/sq03s10light_sq03s10anim_sc0310setdressingb_sc0310setdressingb_grp_01.mxm	1	1	pearl_vrcam/scripts/data/actors.lua
pearl_vrcam/models/sq03s10light_sq03s10anim_semitruck_body.mxm	1	1	pearl_vrcam/scripts/data/actors.lua
pearl_vrcam/models/sq03s10light_sq03s10anim_semitruck_snow_grp.mxm	1	1	pearl_vrcam/scripts/data/actors.lua
pearl_vrcam/models/sq03s10light_sq03s10anim_semitruckrig_semitruckprodmodel_semitruck_grp.mxm	1	1	pearl_vrcam/scripts/data/actors.lua
pearl_vrcam/models/sq03s10light_sq03s10anim_snowdfx_grp.mxm	1	1	pearl_vrcam/scripts/data/actors.lua
pearl_vrcam/models/sq03s10light_sq03s10anim_sq03s10_nexttopark_nexttopark_grp_01.mxm	1	1	pearl_vrcam/scripts/data/actors.lua
pearl_vrcam/models/sq03s10light_sq03s10anim_stationwagonrig_stationwagonprodmodel_stationwagon_grp.mxm	1	1	pearl_vrcam/scripts/data/actors.lua
pearl_vrcam/models/sq03s10light_sq03s10anim_towtruckrig_towtruckprodmodel_towtruck_grp.mxm	1	1	pearl_vrcam/scripts/data/actors.lua
pearl_vrcam/models/sq03s10light_sq03s10anim_toyunicorn_toyunicorn_grp.mxm	1	1	pearl_vrcam/scripts/data/actors.lua
pearl_vrcam/models/sq03s10vrtrig_animation.mxm	1	2	pearl_vrcam/scripts/data/actors.lua
pearl_vrcam/models/sq03s30light_carpearlnewextattachrig_carpearlnewextattach_carpearlextattach_grp_01.mxm	1	1	pearl_vrcam/scripts/data/actors.lua
pearl_vrcam/models/sq03s30light_dadfacelightshape1_offset.mxm	1	1	pearl_vrcam/scripts/data/actors.lua
pearl_vrcam/models/sq03s30light_groundshad.mxm	1	1	pearl_vrcam/scripts/data/actors.lua
pearl_vrcam/models/sq03s30light_houseshadow.mxm	1	1	pearl_vrcam/scripts/data/actors.lua
pearl_vrcam/models/sq03s30light_lightshapes.mxm	1	1	pearl_vrcam/scripts/data/actors.lua
pearl_vrcam/models/sq03s30light_sq03s30anim_backpack1_backpack.mxm	1	1	pearl_vrcam/scripts/data/actors.lua
pearl_vrcam/models/sq03s30light_sq03s30anim_cardboardboxb_cardboardbox_grp.mxm	1	1	pearl_vrcam/scripts/data/actors.lua
pearl_vrcam/models/sq03s30light_sq03s30anim_cardboardnolid_nolidbox_grp.mxm	1	1	pearl_vrcam/scripts/data/actors.lua
pearl_vrcam/models/sq03s30light_sq03s30anim_carpearlnewrig_carpearl_grp.mxm	1	1	pearl_vrcam/scripts/data/actors.lua
pearl_vrcam/models/sq03s30light_sq03s30anim_dadyoungrig_dadyoungprodmodel_dadym.mxm	1	1	pearl_vrcam/scripts/data/actors.lua
pearl_vrcam/models/sq03s30light_sq03s30anim_doll_doll.mxm	1	1	pearl_vrcam/scripts/data/actors.lua
pearl_vrcam/models/sq03s30light_sq03s30anim_pickuptruck02rig_pickuptruck02prodmodel_pickuptruck02_grp.mxm	1	1	pearl_vrcam/scripts/data/actors.lua
pearl_vrcam/models/sq03s30light_sq03s30anim_sarakidrig_sarakidprodmodel_sarakm.mxm	1	1	pearl_vrcam/scripts/data/actors.lua
pearl_vrcam/models/sq03s30light_sq03s30anim_sc0330setdressing_grp.mxm	1	1	pearl_vrcam/scripts/data/actors.lua
pearl_vrcam/models/sq03s30light_sq03s30anim_sq03s30flo_mobilehomepark_mobilehomes_grp_01.mxm	1	1	pearl_vrcam/scripts/data/actors.lua
pearl_vrcam/models/sq03s30light_sq03s30anim_stationwagonrig_stationwagonprodmodel_stationwagon_grp.mxm	1	1	pearl_vrcam/scripts/data/actors.lua
pearl_vrcam/models/sq03s30light_sq03s30anim_stuffedanimalb_stuffedanimalb.mxm	1	1	pearl_vrcam/scripts/data/actors.lua
pearl_vrcam/models/sq03s30light_sq03s30anim_vanrig_vanprodmodel_van_grp.mxm	1	1	pearl_vrcam/scripts/data/actors.lua
pearl_vrcam/models/sq03s30light_sq03s30anim_volvorig_volvoprodmodel_volvo_grp.mxm	1	1	pearl_vrcam/scripts/data/actors.lua
pearl_vrcam/models/sq03s30vrtrig_animation.mxm	1	2	pearl_vrcam/scripts/data/actors.lua
pearl_vrcam/models/sq03s40light_carpearlnewextattachrig_carpearlnewextattach_carpearlextattach_grp_01.mxm	1	1	pearl_vrcam/scripts/data/actors.lua
pearl_vrcam/models/sq03s40light_light_catcher.mxm	1	1	pearl_vrcam/scripts/data/actors.lua
pearl_vrcam/models/sq03s40light_mountains_01.mxm	1	1	pearl_vrcam/scripts/data/actors.lua
pearl_vrcam/models/sq03s40light_shadowshapes_grp_01.mxm	1	1	pearl_vrcam/scripts/data/actors.lua
pearl_vrcam/models/sq03s40light_sq03s40anim_carpearlnewrig_carpearl_grp.mxm	1	1	pearl_vrcam/scripts/data/actors.lua
pearl_vrcam/models/sq03s40light_sq03s40anim_dadyoungrig_dadyoungprodmodel_dadym.mxm	1	1	pearl_vrcam/scripts/data/actors.lua
pearl_vrcam/models/sq03s40light_sq03s40anim_genericgirlrig_genericgirlprodmodel_genericgirlm.mxm	1	1	pearl_vrcam/scripts/data/actors.lua
pearl_vrcam/models/sq03s40light_sq03s40anim_generickidrig_generickidprodmodel_generic_kidm.mxm	1	2	pearl_vrcam/modelMapping.txt
pearl_vrcam/models/sq03s40light_sq03s40anim_genericman01rig1_genericmanprodmodel_genericmanm.mxm	1	1	pearl_vrcam/scripts/data/actors.lua
pearl_vrcam/models/sq03s40light_sq03s40anim_genericman01rig_genericmanprodmodel_genericmanm.mxm	1	1	pearl_vrcam/scripts/data/actors.lua
pearl_vrcam/models/sq03s40light_sq03s40anim_sarakidrig_sarakidprodmodel_sarakm.mxm	1	1	pearl_vrcam/scripts/data/actors.lua
pearl_vrcam/models/sq03s40light_sq03s40anim_sq03s40animcrowd_staticman02_v001_genericman01rig_genericmanprodmodel_genericmanm.mxm	1	1	pearl_vrcam/scripts/data/actors.lua
pearl_vrcam/models/sq03s40light_sq03s40anim_sq03s40animcrowd_staticman04_v001_genericman01rig_genericmanprodmodel_genericmanm.mxm	1	1	pearl_vrcam/scripts/data/actors.lua
pearl_vrcam/models/sq03s40light_sq03s40anim_sq03s40animcrowd_staticwoman02_v001_genericwomanrig_genericwomanprodmodel_genericwomanm.mxm	1	1	pearl_vrcam/scripts/data/actors.lua
pearl_vrcam/models/sq03s40light_sq03s40anim_sq03s40animcrowd_staticwoman03_v001_genericwomanrig_genericwomanprodmodel_genericwomanm.mxm	1	1	pearl_vrcam/scripts/data/actors.lua
pearl_vrcam/models/sq03s40light_sq03s40anim_sq03s40animcrowd_staticwoman05_v001_genericwomanrig_genericwomanprodmodel_genericwomanm.mxm	1	1	pearl_vrcam/scripts/data/actors.lua
pearl_vrcam/models/sq03s40light_sq03s40anim_sq03s40flo_carshadowcards_grp.mxm	1	1	pearl_vrcam/scripts/data/actors.lua
pearl_vrcam/models/sq03s40light_sq03s40anim_sq03s40flo_infrontofschool_infrontofschool.mxm	1	1	pearl_vrcam/scripts/data/actors.lua
pearl_vrcam/models/sq03s40light_sq03s40anim_sq03s40flo_stationwagonrig_stationwagonprodmodel_stationwagon_grp.mxm	1	1	pearl_vrcam/scripts/data/actors.lua
pearl_vrcam/models/sq03s40light_sq03s40anim_sq03s40flo_vanrig_vanprodmodel_van_grp.mxm	1	1	pearl_vrcam/scripts/data/actors.lua
pearl_vrcam/models/sq03s40light_sq03s40anim_sq03s40flo_volvorig_volvoprodmodel_volvo_grp.mxm	1	1	pearl_vrcam/scripts/data/actors.lua
pearl_vrcam/models/sq03s40vrtrig_animation.mxm	1	2	pearl_vrcam/scripts/data/actors.lua
pearl_vrcam/models/sq03s50light_carpearlnewextattachrig_carpearlnewextattach_carpearlextattach_grp_01.mxm	1	1	pearl_vrcam/scripts/data/actors.lua
pearl_vrcam/models/sq03s50light_light_catcher_group.mxm	1	1	pearl_vrcam/scripts/data/actors.lua
pearl_vrcam/models/sq03s50light_sq03s50anim_carpearlnewrig_carpearl_grp.mxm	1	1	pearl_vrcam/scripts/data/actors.lua
pearl_vrcam/models/sq03s50light_sq03s50anim_dadmiddleagedrig_dadmiddleagedprodmodel_dadmm.mxm	1	8	pearl_vrcam/modelMapping.txt
pearl_vrcam/models/sq03s50light_sq03s50anim_drummerrig_drummerprodmodel_drummerm.mxm	1	15	pearl_vrcam/modelMapping.txt
pearl_vrcam/models/sq03s50light_sq03s50anim_guitaristrig_guitaristprodmodel_guitaristm.mxm	1	14	pearl_vrcam/modelMapping.txt
pearl_vrcam/models/sq03s50light_sq03s50anim_headphones1_headphonea.mxm	1	1	pearl_vrcam/scripts/data/actors.lua
pearl_vrcam/models/sq03s50light_sq03s50anim_headphones2_headphonea.mxm	1	1	pearl_vrcam/scripts/data/actors.lua
pearl_vrcam/models/sq03s50light_sq03s50anim_headphones_headphonea.mxm	1	1	pearl_vrcam/scripts/data/actors.lua
pearl_vrcam/models/sq03s50light_sq03s50anim_pickuptruck02rig1_pickuptruck02prodmodel_pickuptruck02_grp.mxm	1	1	pearl_vrcam/scripts/data/actors.lua
pearl_vrcam/models/sq03s50light_sq03s50anim_pickuptruck02rig_pickuptruck02prodmodel_pickuptruck02_grp.mxm	1	1	pearl_vrcam/scripts/data/actors.lua
pearl_vrcam/models/sq03s50light_sq03s50anim_sarateenrig_sarateenprodmodel_saratm.mxm	1	18	pearl_vrcam/modelMapping.txt
pearl_vrcam/models/sq03s50light_sq03s50anim_sq03s50flo_treelinedneighborhood_treelinedneighborhood_grp_01.mxm	1	1	pearl_vrcam/scripts/data/actors.lua
pearl_vrcam/models/sq03s50light_sq03s50anim_sq03s50flo_treelinedneighborhood_treelinedneighborhood_staticgrp_01.mxm	1	1	pearl_vrcam/scripts/data/actors.lua
pearl_vrcam/models/sq03s50light_sq03s50anim_staticman02_v001_genericman01rig_genericmanprodmodel_genericmanm.mxm	1	1	pearl_vrcam/scripts/data/actors.lua
pearl_vrcam/models/sq03s50light_sq03s50anim_staticman05_v001_genericman01rig_genericmanprodmodel_genericmanm.mxm	1	1	pearl_vrcam/scripts/data/actors.lua
pearl_vrcam/models/sq03s50light_sq03s50anim_staticwoman05_v001_genericwomanrig_genericwomanprodmodel_genericwomanm.mxm	1	1	pearl_vrcam/scripts/data/actors.lua
pearl_vrcam/models/sq03s50light_sq03s50anim_stationwagonrig_stationwagonprodmodel_stationwagon_grp.mxm	1	1	pearl_vrcam/scripts/data/actors.lua
pearl_vrcam/models/sq03s50light_sq03s50anim_vanrig_vanprodmodel_van_grp.mxm	1	1	pearl_vrcam/scripts/data/actors.lua
pearl_vrcam/models/sq03s50light_sq03s50anim_volvorig1_volvoprodmodel_volvo_grp.mxm	1	1	pearl_vrcam/scripts/data/actors.lua
pearl_vrcam/models/sq03s50light_sq03s50anim_volvorig_volvoprodmodel_volvo_grp.mxm	1	1	pearl_vrcam/scripts/data/actors.lua
pearl_vrcam/models/sq03s50light_sunroof.mxm	1	1	pearl_vrcam/scripts/data/actors.lua
pearl_vrcam/models/sq03s50vrtrig_animation.mxm	1	2	pearl_vrcam/scripts/data/actors.lua
pearl_vrcam/models/sq03s60light_carpearlnewextattachrig_carpearlnewextattach_carpearlextattach_grp_01.mxm	1	1	pearl_vrcam/scripts/data/actors.lua
pearl_vrcam/models/sq03s60light_envconstrainedgroup.mxm	1	1	pearl_vrcam/scripts/data/actors.lua
pearl_vrcam/models/sq03s60light_othercarlightsgroup.mxm	1	1	pearl_vrcam/scripts/data/actors.lua
pearl_vrcam/models/sq03s60light_raindrop_fx.mxm	1	1	pearl_vrcam/scripts/data/actors.lua
pearl_vrcam/models/sq03s60light_shadowshapesgroup.mxm	1	1	pearl_vrcam/scripts/data/actors.lua
pearl_vrcam/models/sq03s60light_sq03s60anim_carpearlnewrig_carpearl_grp.mxm	1	1	pearl_vrcam/scripts/data/actors.lua
pearl_vrcam/models/sq03s60light_sq03s60anim_copcarrig_copcarprodmodel_copcar_grp.mxm	1	1	pearl_vrcam/scripts/data/actors.lua
pearl_vrcam/models/sq03s60light_sq03s60anim_dadmiddleagedrig_dadmiddleagedprodmodel_dadmm.mxm	1	1	pearl_vrcam/scripts/data/actors.lua
pearl_vrcam/models/sq03s60light_sq03s60anim_fastfooddrink_fastfooddrink_grp.mxm	1	1	pearl_vrcam/scripts/data/actors.lua
pearl_vrcam/models/sq03s60light_sq03s60anim_headphones_headphonea.mxm	1	1	pearl_vrcam/scripts/data/actors.lua
pearl_vrcam/models/sq03s60light_sq03s60anim_pickuptruck02rig_pickuptruck02prodmodel_pickuptruck02_grp.mxm	1	1	pearl_vrcam/scripts/data/actors.lua
pearl_vrcam/models/sq03s60light_sq03s60anim_sarateenrig_sarateenprodmodel_saratm.mxm	1	1	pearl_vrcam/scripts/data/actors.lua
pearl_vrcam/models/sq03s60light_sq03s60anim_setdressingnighttimebusinessdistrict_setdressingnighttimebusinessdistrict_grp.mxm	1	1	pearl_vrcam/scripts/data/actors.lua
pearl_vrcam/models/sq03s60light_sq03s60anim_sq03s60flo_nighttimebusinessdistrict_nighttimebusinessdistrict_grp.mxm	1	1	pearl_vrcam/scripts/data/actors.lua
pearl_vrcam/models/sq03s60light_sq03s60anim_stationwagonrig1_stationwagonprodmodel_stationwagon_grp.mxm	1	1	pearl_vrcam/scripts/data/actors.lua
pearl_vrcam/models/sq03s60light_sq03s60anim_stationwagonrig_stationwagonprodmodel_stationwagon_grp.mxm	1	1	pearl_vrcam/scripts/data/actors.lua
pearl_vrcam/models/sq03s60light_sq03s60anim_towtruckrig_towtruckprodmodel_towtruck_grp.mxm	1	1	pearl_vrcam/scripts/data/actors.lua
pearl_vrcam/models/sq03s60light_sq03s60anim_vanrig_vanprodmodel_van_grp.mxm	1	1	pearl_vrcam/scripts/data/actors.lua
pearl_vrcam/models/sq03s60light_sq03s60anim_volvorig_volvoprodmodel_volvo_grp.mxm	1	1	pearl_vrcam/scripts/data/actors.lua
pearl_vrcam/models/sq03s60light_warpshapesgroup.mxm	1	1	pearl_vrcam/scripts/data/actors.lua
pearl_vrcam/models/sq03s60vrtrig_animation.mxm	1	2	pearl_vrcam/scripts/data/actors.lua
pearl_vrcam/models/sq04s10light_bloomshapesgroup.mxm	1	1	pearl_vrcam/scripts/data/actors.lua
pearl_vrcam/models/sq04s10light_carpearlnewextattachrig_carpearlnewextattach_carpearlextattach_grp_01.mxm	1	1	pearl_vrcam/scripts/data/actors.lua
pearl_vrcam/models/sq04s10light_headlightconesgroup.mxm	1	1	pearl_vrcam/scripts/data/actors.lua
pearl_vrcam/models/sq04s10light_lightshapesgroup.mxm	1	1	pearl_vrcam/scripts/data/actors.lua
pearl_vrcam/models/sq04s10light_shadowshapesgroup.mxm	1	1	pearl_vrcam/scripts/data/actors.lua
pearl_vrcam/models/sq04s10light_sq04s10anim_acousticguitar_acousticguitar.mxm	1	1	pearl_vrcam/scripts/data/actors.lua
pearl_vrcam/models/sq04s10light_sq04s10anim_carpearlnewrig_carpearl_grp.mxm	1	1	pearl_vrcam/scripts/data/actors.lua
pearl_vrcam/models/sq04s10light_sq04s10anim_pickuptruck02rig_pickuptruck02prodmodel_pickuptruck02_grp.mxm	1	1	pearl_vrcam/scripts/data/actors.lua
pearl_vrcam/models/sq04s10light_sq04s10anim_sarateenrig_sarateenprodmodel_saratm.mxm	1	1	pearl_vrcam/scripts/data/actors.lua
pearl_vrcam/models/sq04s10light_sq04s10anim_sq04s10flo_mobilehomepark_mobilehomes_grp_01.mxm	1	1	pearl_vrcam/scripts/data/actors.lua
pearl_vrcam/models/sq04s10light_sq04s10anim_stationwagonrig1_stationwagonprodmodel_stationwagon_grp.mxm	1	1	pearl_vrcam/scripts/data/actors.lua
pearl_vrcam/models/sq04s10light_sq04s10anim_stationwagonrig_stationwagonprodmodel_stationwagon_grp.mxm	1	1	pearl_vrcam/scripts/data/actors.lua
pearl_vrcam/models/sq04s10light_sq04s10anim_uhaultruckrig_uhaultruckprodmodel_uhaultruck_grp.mxm	1	1	pearl_vrcam/scripts/data/actors.lua
pearl_vrcam/models/sq04s10light_sq04s10anim_vanrig_vanprodmodel_van_grp.mxm	1	1	pearl_vrcam/scripts/data/actors.lua
pearl_vrcam/models/sq04s10light_sq04s10anim_volvorig_volvoprodmodel_volvo_grp.mxm	1	1	pearl_vrcam/scripts/data/actors.lua
pearl_vrcam/models/sq04s10light_taillightgroup.mxm	1	1	pearl_vrcam/scripts/data/actors.lua
pearl_vrcam/models/sq04s10light_windowsandlightsgroup.mxm	1	1	pearl_vrcam/scripts/data/actors.lua
pearl_vrcam/models/sq04s10vrtrig_animation.mxm	1	2	pearl_vrcam/scripts/data/actors.lua
pearl_vrcam/models/sq04s20light_carpearlnewextattachrig_carpearlnewextattach_carpearlextattach_grp_01.mxm	1	1	pearl_vrcam/scripts/data/actors.lua
pearl_vrcam/models/sq04s20light_envcontstrainedgroup.mxm	1	1	pearl_vrcam/scripts/data/actors.lua
pearl_vrcam/models/sq04s20light_otheractorscargroup.mxm	1	1	pearl_vrcam/scripts/data/actors.lua
pearl_vrcam/models/sq04s20light_othercarlightsgroup.mxm	1	1	pearl_vrcam/scripts/data/actors.lua
pearl_vrcam/models/sq04s20light_shadowshapesgroupall.mxm	1	1	pearl_vrcam/scripts/data/actors.lua
pearl_vrcam/models/sq04s20light_sq04s20anim_carpearlnewrig_carpearl_grp.mxm	1	1	pearl_vrcam/scripts/data/actors.lua
pearl_vrcam/models/sq04s20light_sq04s20anim_copcarrig_copcarprodmodel_copcar_grp.mxm	1	1	pearl_vrcam/scripts/data/actors.lua
pearl_vrcam/models/sq04s20light_sq04s20anim_drummerrig_drummerprodmodel_drummerm.mxm	1	1	pearl_vrcam/scripts/data/actors.lua
pearl_vrcam/models/sq04s20light_sq04s20anim_guitaristrig_guitaristprodmodel_guitaristm.mxm	1	1	pearl_vrcam/scripts/data/actors.lua
pearl_vrcam/models/sq04s20light_sq04s20anim_pickuptruck02rig1_pickuptruck02prodmodel_pickuptruck02_grp.mxm	1	1	pearl_vrcam/scripts/data/actors.lua
pearl_vrcam/models/sq04s20light_sq04s20anim_pickuptruck02rig2_pickuptruck02prodmodel_pickuptruck02_grp.mxm	1	1	pearl_vrcam/scripts/data/actors.lua
pearl_vrcam/models/sq04s20light_sq04s20anim_pickuptruck02rig_pickuptruck02prodmodel_pickuptruck02_grp.mxm	1	1	pearl_vrcam/scripts/data/actors.lua
pearl_vrcam/models/sq04s20light_sq04s20anim_sarateenrig_sarateenprodmodel_saratm.mxm	1	1	pearl_vrcam/scripts/data/actors.lua
pearl_vrcam/models/sq04s20light_sq04s20anim_semitruck02rig_semitruck02prodmodel_semitruck02_grp.mxm	1	1	pearl_vrcam/scripts/data/actors.lua
pearl_vrcam/models/sq04s20light_sq04s20anim_setdressingnighttimebusinessdistrict_setdressingnighttimebusinessdistrict_grp.mxm	1	1	pearl_vrcam/scripts/data/actors.lua
pearl_vrcam/models/sq04s20light_sq04s20anim_sq04s20flo1_nighttimebusinessdistrict_nighttimebusinessdistrict_grp.mxm	1	1	pearl_vrcam/scripts/data/actors.lua
pearl_vrcam/models/sq04s20light_sq04s20anim_stationwagonrig1_stationwagonprodmodel_stationwagon_grp.mxm	1	1	pearl_vrcam/scripts/data/actors.lua
pearl_vrcam/models/sq04s20light_sq04s20anim_stationwagonrig_stationwagonprodmodel_stationwagon_grp.mxm	1	1	pearl_vrcam/scripts/data/actors.lua
pearl_vrcam/models/sq04s20light_sq04s20anim_uhaultruckrig_uhaultruckprodmodel_uhaultruck_grp.mxm	1	1	pearl_vrcam/scripts/data/actors.lua
pearl_vrcam/models/sq04s20light_sq04s20anim_vanrig_vanprodmodel_van_grp.mxm	1	1	pearl_vrcam/scripts/data/actors.lua
pearl_vrcam/models/sq04s20light_sq04s20anim_volvorig1_volvoprodmodel_volvo_grp.mxm	1	1	pearl_vrcam/scripts/data/actors.lua
pearl_vrcam/models/sq04s20light_sq04s20anim_volvorig_volvoprodmodel_volvo_grp.mxm	1	1	pearl_vrcam/scripts/data/actors.lua
pearl_vrcam/models/sq04s20light_streetlightbloomcardsgroup.mxm	1	1	pearl_vrcam/scripts/data/actors.lua
pearl_vrcam/models/sq04s20vrtrig_animation.mxm	1	2	pearl_vrcam/scripts/data/actors.lua
pearl_vrcam/models/sq04s40light_carpearlnewextattachrig_carpearlnewextattach_carpearlextattach_grp_01.mxm	1	1	pearl_vrcam/scripts/data/actors.lua
pearl_vrcam/models/sq04s40light_drummershadow_offset_01.mxm	1	1	pearl_vrcam/scripts/data/actors.lua
pearl_vrcam/models/sq04s40light_drummershadowshapes_grp_01.mxm	1	1	pearl_vrcam/scripts/data/actors.lua
pearl_vrcam/models/sq04s40light_shadow_shape_backseat.mxm	1	1	pearl_vrcam/scripts/data/actors.lua
pearl_vrcam/models/sq04s40light_shadow_shape_frontseat.mxm	1	1	pearl_vrcam/scripts/data/actors.lua
pearl_vrcam/models/sq04s40light_shadow_sphere_bassist.mxm	1	1	pearl_vrcam/scripts/data/actors.lua
pearl_vrcam/models/sq04s40light_shadow_sphere_drummer_grp_01.mxm	1	1	pearl_vrcam/scripts/data/actors.lua
pearl_vrcam/models/sq04s40light_shadow_sphere_guitarist.mxm	1	1	pearl_vrcam/scripts/data/actors.lua
pearl_vrcam/models/sq04s40light_shadow_sphere_sara.mxm	1	1	pearl_vrcam/scripts/data/actors.lua
pearl_vrcam/models/sq04s40light_sign_glow1.mxm	1	1	pearl_vrcam/scripts/data/actors.lua
pearl_vrcam/models/sq04s40light_sq04s40anim_bassistrig_bassistprodmodel_bassistm.mxm	1	13	pearl_vrcam/modelMapping.txt
pearl_vrcam/models/sq04s40light_sq04s40anim_carpearlnewrig_carpearl_grp.mxm	1	1	pearl_vrcam/scripts/data/actors.lua
pearl_vrcam/models/sq04s40light_sq04s40anim_drummerrig_drummerprodmodel_drummerm.mxm	1	1	pearl_vrcam/scripts/data/actors.lua
pearl_vrcam/models/sq04s40light_sq04s40anim_fireworkfx_fireworks_711.mxm	1	1	pearl_vrcam/scripts/data/actors.lua
pearl_vrcam/models/sq04s40light_sq04s40anim_guitaristrig_guitaristprodmodel_guitaristm.mxm	1	1	pearl_vrcam/scripts/data/actors.lua
pearl_vrcam/models/sq04s40light_sq04s40anim_pickuptruck02rig_pickuptruck02prodmodel_pickuptruck02_grp.mxm	1	1	pearl_vrcam/scripts/data/actors.lua
pearl_vrcam/models/sq04s40light_sq04s40anim_sarateenrig_sarateenprodmodel_saratm.mxm	1	1	pearl_vrcam/scripts/data/actors.lua
pearl_vrcam/models/sq04s40light_sq04s40anim_shoppingcartprodmodel_shoppingcart_grp.mxm	1	1	pearl_vrcam/scripts/data/actors.lua
pearl_vrcam/models/sq04s40light_sq04s40anim_sq04s40flo_parkinglot711_parkinglot711_grp.mxm	1	1	pearl_vrcam/scripts/data/actors.lua
pearl_vrcam/models/sq04s40light_storefront_glow1.mxm	1	1	pearl_vrcam/scripts/data/actors.lua
pearl_vrcam/models/sq04s40light_storefront_sign_glow.mxm	1	1	pearl_vrcam/scripts/data/actors.lua
pearl_vrcam/models/sq04s40vrtrig_animation.mxm	1	2	pearl_vrcam/scripts/data/actors.lua
pearl_vrcam/models/sq04s55light_carpearlnewextattachrig_carpearlnewextattach_carpearlextattach_grp_01.mxm	1	1	pearl_vrcam/scripts/data/actors.lua
pearl_vrcam/models/sq04s55light_lightglowplanes_grp_01.mxm	1	1	pearl_vrcam/scripts/data/actors.lua
pearl_vrcam/models/sq04s55light_lightshapes.mxm	1	1	pearl_vrcam/scripts/data/actors.lua
pearl_vrcam/models/sq04s55light_rearviewmirror_frame_cutout_01.mxm	1	1	pearl_vrcam/scripts/data/actors.lua
pearl_vrcam/models/sq04s55light_sara_lightshapes_grp_01.mxm	1	1	pearl_vrcam/scripts/data/actors.lua
pearl_vrcam/models/sq04s55light_seatshadow_01.mxm	1	1	pearl_vrcam/scripts/data/actors.lua
pearl_vrcam/models/sq04s55light_sq04s55anim_acousticguitar_acousticguitar.mxm	1	1	pearl_vrcam/scripts/data/actors.lua
pearl_vrcam/models/sq04s55light_sq04s55anim_acousticguitara_acousticguitara.mxm	1	1	pearl_vrcam/scripts/data/actors.lua
pearl_vrcam/models/sq04s55light_sq04s55anim_bassistrig_bassistprodmodel_bassistm.mxm	1	1	pearl_vrcam/scripts/data/actors.lua
pearl_vrcam/models/sq04s55light_sq04s55anim_carpearlnewrig_carpearl_grp.mxm	1	1	pearl_vrcam/scripts/data/actors.lua
pearl_vrcam/models/sq04s55light_sq04s55anim_drummerrig_drummerprodmodel_drummerm.mxm	1	1	pearl_vrcam/scripts/data/actors.lua
pearl_vrcam/models/sq04s55light_sq04s55anim_guitaristrig_guitaristprodmodel_guitaristm.mxm	1	1	pearl_vrcam/scripts/data/actors.lua
pearl_vrcam/models/sq04s55light_sq04s55anim_pickuptruck02rig_pickuptruck02prodmodel_pickuptruck02_grp.mxm	1	1	pearl_vrcam/scripts/data/actors.lua
pearl_vrcam/models/sq04s55light_sq04s55anim_sarateenrig_sarateenprodmodel_saratm.mxm	1	1	pearl_vrcam/scripts/data/actors.lua
pearl_vrcam/models/sq04s55light_sq04s55anim_semitruck02rig1_semitruck02prodmodel_semitruck02_grp.mxm	1	1	pearl_vrcam/scripts/data/actors.lua
pearl_vrcam/models/sq04s55light_sq04s55anim_semitruck02rig_semitruck02prodmodel_semitruck02_grp.mxm	1	1	pearl_vrcam/scripts/data/actors.lua
pearl_vrcam/models/sq04s55light_sq04s55anim_semitruckrig_semitruckprodmodel_semitruck_grp.mxm	1	1	pearl_vrcam/scripts/data/actors.lua
pearl_vrcam/models/sq04s55light_sq04s55anim_sq04s55flo_outsidemall_outsidemall_grp.mxm	1	1	pearl_vrcam/scripts/data/actors.lua
pearl_vrcam/models/sq04s55light_sq04s55anim_stationwagonrig_stationwagonprodmodel_stationwagon_grp.mxm	1	1	pearl_vrcam/scripts/data/actors.lua
pearl_vrcam/models/sq04s55light_sq04s55anim_vanrig_vanprodmodel_van_grp.mxm	1	1	pearl_vrcam/scripts/data/actors.lua
pearl_vrcam/models/sq04s55light_sq04s55anim_volvorig_volvoprodmodel_volvo_grp.mxm	1	1	pearl_vrcam/scripts/data/actors.lua
pearl_vrcam/models/sq04s55light_transparenttextured_objects_grp_01.mxm	1	1	pearl_vrcam/scripts/data/actors.lua
pearl_vrcam/models/sq04s55light_truckshadow_01.mxm	1	1	pearl_vrcam/scripts/data/actors.lua
pearl_vrcam/models/sq04s55light_truckshadow_02.mxm	1	1	pearl_vrcam/scripts/data/actors.lua
pearl_vrcam/models/sq04s55light_truckshadow_03.mxm	1	1	pearl_vrcam/scripts/data/actors.lua
pearl_vrcam/models/sq04s55vrtrig_animation.mxm	1	2	pearl_vrcam/scripts/data/actors.lua
pearl_vrcam/models/sq04s60light_carpearlnewextattachrig_carpearlnewextattach_carpearlextattach_grp_01.mxm	1	1	pearl_vrcam/scripts/data/actors.lua
pearl_vrcam/models/sq04s60light_copcarlightsgroup.mxm	1	1	pearl_vrcam/scripts/data/actors.lua
pearl_vrcam/models/sq04s60light_otheractorscargroup.mxm	1	1	pearl_vrcam/scripts/data/actors.lua
pearl_vrcam/models/sq04s60light_othercarlightsgroup.mxm	1	1	pearl_vrcam/scripts/data/actors.lua
pearl_vrcam/models/sq04s60light_shadowshapesgroupall.mxm	1	1	pearl_vrcam/scripts/data/actors.lua
pearl_vrcam/models/sq04s60light_sq04s60anim_acousticguitar_acousticguitar.mxm	1	1	pearl_vrcam/scripts/data/actors.lua
pearl_vrcam/models/sq04s60light_sq04s60anim_bassistrig_bassistprodmodel_bassistm.mxm	1	1	pearl_vrcam/scripts/data/actors.lua
pearl_vrcam/models/sq04s60light_sq04s60anim_carpearlnewrig_carpearl_grp.mxm	1	1	pearl_vrcam/scripts/data/actors.lua
pearl_vrcam/models/sq04s60light_sq04s60anim_copcarrig_copcarprodmodel_copcar_grp.mxm	1	1	pearl_vrcam/scripts/data/actors.lua
pearl_vrcam/models/sq04s60light_sq04s60anim_drummerrig_drummerprodmodel_drummerm.mxm	1	1	pearl_vrcam/scripts/data/actors.lua
pearl_vrcam/models/sq04s60light_sq04s60anim_guitaristrig_guitaristprodmodel_guitaristm.mxm	1	1	pearl_vrcam/scripts/data/actors.lua
pearl_vrcam/models/sq04s60light_sq04s60anim_pickuptruck02rig1_pickuptruck02prodmodel_pickuptruck02_grp.mxm	1	1	pearl_vrcam/scripts/data/actors.lua
pearl_vrcam/models/sq04s60light_sq04s60anim_pickuptruck02rig_pickuptruck02prodmodel_pickuptruck02_grp.mxm	1	1	pearl_vrcam/scripts/data/actors.lua
pearl_vrcam/models/sq04s60light_sq04s60anim_pplane1.mxm	1	1	pearl_vrcam/scripts/data/actors.lua
pearl_vrcam/models/sq04s60light_sq04s60anim_romancandlefx_romancandlegrp.mxm	1	1	pearl_vrcam/scripts/data/actors.lua
pearl_vrcam/models/sq04s60light_sq04s60anim_sarateenrig_sarateenprodmodel_saratm.mxm	1	1	pearl_vrcam/scripts/data/actors.lua
pearl_vrcam/models/sq04s60light_sq04s60anim_semitruck02rig_semitruck02prodmodel_semitruck02_grp.mxm	1	1	pearl_vrcam/scripts/data/actors.lua
pearl_vrcam/models/sq04s60light_sq04s60anim_semitruckrig_semitruckprodmodel_semitruck_grp.mxm	1	1	pearl_vrcam/scripts/data/actors.lua
pearl_vrcam/models/sq04s60light_sq04s60anim_setdressingnighttimebusinessdistrict_setdressingnighttimebusinessdistrict_grp.mxm	1	1	pearl_vrcam/scripts/data/actors.lua
pearl_vrcam/models/sq04s60light_sq04s60anim_sq04s60flo_nighttimebusinessdistrict_nighttimebusinessdistrict_grp.mxm	1	1	pearl_vrcam/scripts/data/actors.lua
pearl_vrcam/models/sq04s60light_sq04s60anim_stationwagonrig_stationwagonprodmodel_stationwagon_grp.mxm	1	1	pearl_vrcam/scripts/data/actors.lua
pearl_vrcam/models/sq04s60light_sq04s60anim_towtruckrig_towtruckprodmodel_towtruck_grp.mxm	1	1	pearl_vrcam/scripts/data/actors.lua
pearl_vrcam/models/sq04s60light_sq04s60anim_uhaultruckrig_uhaultruckprodmodel_uhaultruck_grp.mxm	1	1	pearl_vrcam/scripts/data/actors.lua
pearl_vrcam/models/sq04s60light_sq04s60anim_vanrig_vanprodmodel_van_grp.mxm	1	1	pearl_vrcam/scripts/data/actors.lua
pearl_vrcam/models/sq04s60light_sq04s60anim_volvorig1_volvoprodmodel_volvo_grp.mxm	1	1	pearl_vrcam/scripts/data/actors.lua
pearl_vrcam/models/sq04s60light_sq04s60anim_volvorig_volvoprodmodel_volvo_grp.mxm	1	1	pearl_vrcam/scripts/data/actors.lua
pearl_vrcam/models/sq04s60light_streetlightbloomcardsgroup.mxm	1	1	pearl_vrcam/scripts/data/actors.lua
pearl_vrcam/models/sq04s60light_streetlightconesgroup.mxm	1	1	pearl_vrcam/scripts/data/actors.lua
pearl_vrcam/models/sq04s60light_warpshapesgroup.mxm	1	1	pearl_vrcam/scripts/data/actors.lua
pearl_vrcam/models/sq04s60trigvr_animation.mxm	1	2	pearl_vrcam/scripts/data/actors.lua
pearl_vrcam/models/sq04s70light_bloomdiscs.mxm	1	1	pearl_vrcam/scripts/data/actors.lua
pearl_vrcam/models/sq04s70light_carhightlightsgroup.mxm	1	1	pearl_vrcam/scripts/data/actors.lua
pearl_vrcam/models/sq04s70light_carpearlnewextattachrig_carpearlnewextattach_carpearlextattach_grp_01.mxm	1	1	pearl_vrcam/scripts/data/actors.lua
pearl_vrcam/models/sq04s70light_envconstrainedgroup.mxm	1	1	pearl_vrcam/scripts/data/actors.lua
pearl_vrcam/models/sq04s70light_othercarlightsgroup.mxm	1	1	pearl_vrcam/scripts/data/actors.lua
pearl_vrcam/models/sq04s70light_shadowshapesgroup.mxm	1	1	pearl_vrcam/scripts/data/actors.lua
pearl_vrcam/models/sq04s70light_sq04s70anim_carpearlnewrig_carpearl_grp.mxm	1	1	pearl_vrcam/scripts/data/actors.lua
pearl_vrcam/models/sq04s70light_sq04s70anim_dadmiddleagedrig_dadmiddleagedprodmodel_dadmm.mxm	1	1	pearl_vrcam/scripts/data/actors.lua
pearl_vrcam/models/sq04s70light_sq04s70anim_pickuptruck02rig1_pickuptruck02prodmodel_pickuptruck02_grp.mxm	1	1	pearl_vrcam/scripts/data/actors.lua
pearl_vrcam/models/sq04s70light_sq04s70anim_pickuptruck02rig_pickuptruck02prodmodel_pickuptruck02_grp.mxm	1	1	pearl_vrcam/scripts/data/actors.lua
pearl_vrcam/models/sq04s70light_sq04s70anim_sarateenrig_sarateenprodmodel_saratm.mxm	1	1	pearl_vrcam/scripts/data/actors.lua
pearl_vrcam/models/sq04s70light_sq04s70anim_semitruck02rig_semitruck02prodmodel_semitruck02_grp.mxm	1	1	pearl_vrcam/scripts/data/actors.lua
pearl_vrcam/models/sq04s70light_sq04s70anim_semitruckrig_semitruckprodmodel_semitruck_grp.mxm	1	1	pearl_vrcam/scripts/data/actors.lua
pearl_vrcam/models/sq04s70light_sq04s70anim_setdressingnighttimebusinessdistrict_setdressingnighttimebusinessdistrict_grp.mxm	1	1	pearl_vrcam/scripts/data/actors.lua
pearl_vrcam/models/sq04s70light_sq04s70anim_sq04s70flo_nighttimebusinessdistrict_nighttimebusinessdistrict_grp.mxm	1	1	pearl_vrcam/scripts/data/actors.lua
pearl_vrcam/models/sq04s70light_sq04s70anim_stationwagonrig_stationwagonprodmodel_stationwagon_grp.mxm	1	1	pearl_vrcam/scripts/data/actors.lua
pearl_vrcam/models/sq04s70light_sq04s70anim_towtruckrig_towtruckprodmodel_towtruck_grp.mxm	1	1	pearl_vrcam/scripts/data/actors.lua
pearl_vrcam/models/sq04s70light_sq04s70anim_vanrig_vanprodmodel_van_grp.mxm	1	1	pearl_vrcam/scripts/data/actors.lua
pearl_vrcam/models/sq04s70light_sq04s70anim_volvorig1_volvoprodmodel_volvo_grp.mxm	1	1	pearl_vrcam/scripts/data/actors.lua
pearl_vrcam/models/sq04s70light_sq04s70anim_volvorig_volvoprodmodel_volvo_grp.mxm	1	1	pearl_vrcam/scripts/data/actors.lua
pearl_vrcam/models/sq04s70trigvr_animation.mxm	1	2	pearl_vrcam/scripts/data/actors.lua
pearl_vrcam/models/sq04s80light_carpearlnewextattachrig_carpearlnewextattach_carpearlextattach_grp_01.mxm	1	1	pearl_vrcam/scripts/data/actors.lua
pearl_vrcam/models/sq04s80light_cloud_cylinder.mxm	1	1	pearl_vrcam/scripts/data/actors.lua
pearl_vrcam/models/sq04s80light_sq04s80anim_carpearlnewrig_carpearl_grp.mxm	1	1	pearl_vrcam/scripts/data/actors.lua
pearl_vrcam/models/sq04s80light_sq04s80anim_dadmiddleagedrig_dadmiddleagedprodmodel_dadmm.mxm	1	1	pearl_vrcam/scripts/data/actors.lua
pearl_vrcam/models/sq04s80light_sq04s80anim_pickuptruck02rig_pickuptruck02prodmodel_pickuptruck02_grp.mxm	1	1	pearl_vrcam/scripts/data/actors.lua
pearl_vrcam/models/sq04s80light_sq04s80anim_sq04s80flo_mobilehomepark_mobilehomes_grp_01.mxm	1	1	pearl_vrcam/scripts/data/actors.lua
pearl_vrcam/models/sq04s80light_sq04s80anim_vanrig_vanprodmodel_van_grp.mxm	1	1	pearl_vrcam/scripts/data/actors.lua
pearl_vrcam/models/sq04s80light_sq04s80anim_volvorig_volvoprodmodel_volvo_grp.mxm	1	1	pearl_vrcam/scripts/data/actors.lua
pearl_vrcam/models/sq04s80vrtrig_animation.mxm	1	2	pearl_vrcam/scripts/data/actors.lua
pearl_vrcam/models/sq04s85light_carpearlnewextattachrig_carpearlnewextattach_carpearlextattach_grp_01.mxm	1	1	pearl_vrcam/scripts/data/actors.lua
pearl_vrcam/models/sq04s85light_shadowshapesgroup.mxm	1	1	pearl_vrcam/scripts/data/actors.lua
pearl_vrcam/models/sq04s85light_sq04s85anim_carpearlnewrig_carpearl_grp.mxm	1	1	pearl_vrcam/scripts/data/actors.lua
pearl_vrcam/models/sq04s85light_sq04s85anim_dadmiddleagedrig_dadmiddleagedprodmodel_dadmm.mxm	1	1	pearl_vrcam/scripts/data/actors.lua
pearl_vrcam/models/sq04s85light_sq04s85anim_pickuptruck02rig1_pickuptruck02prodmodel_pickuptruck02_grp.mxm	1	1	pearl_vrcam/scripts/data/actors.lua
pearl_vrcam/models/sq04s85light_sq04s85anim_pickuptruck02rig_pickuptruck02prodmodel_pickuptruck02_grp.mxm	1	1	pearl_vrcam/scripts/data/actors.lua
pearl_vrcam/models/sq04s85light_sq04s85anim_setdressingnighttimebusinessdistrict_setdressingnighttimebusinessdistrict_grp.mxm	1	1	pearl_vrcam/scripts/data/actors.lua
pearl_vrcam/models/sq04s85light_sq04s85anim_sq04s85flo_nighttimebusinessdistrict_nighttimebusinessdistrict_grp.mxm	1	1	pearl_vrcam/scripts/data/actors.lua
pearl_vrcam/models/sq04s85light_sq04s85anim_stationwagonrig_stationwagonprodmodel_stationwagon_grp.mxm	1	1	pearl_vrcam/scripts/data/actors.lua
pearl_vrcam/models/sq04s85light_sq04s85anim_vanrig_vanprodmodel_van_grp.mxm	1	1	pearl_vrcam/scripts/data/actors.lua
pearl_vrcam/models/sq04s85light_sq04s85anim_volvorig_volvoprodmodel_volvo_grp.mxm	1	1	pearl_vrcam/scripts/data/actors.lua
pearl_vrcam/models/sq04s85vrtrig_animation.mxm	1	2	pearl_vrcam/scripts/data/actors.lua
pearl_vrcam/models/sq04s90light_carpearlnewextattachrig_carpearlnewextattach_carpearlextattach_grp_01.mxm	1	1	pearl_vrcam/scripts/data/actors.lua
pearl_vrcam/models/sq04s90light_dadyoungguitarcase_dadyoungguitarcase_grp.mxm	1	1	pearl_vrcam/scripts/data/actors.lua
pearl_vrcam/models/sq04s90light_halo_sara.mxm	1	1	pearl_vrcam/scripts/data/actors.lua
pearl_vrcam/models/sq04s90light_lensflare_lensflare_loc.mxm	1	1	pearl_vrcam/scripts/data/actors.lua
pearl_vrcam/models/sq04s90light_shadowshapes_car.mxm	1	1	pearl_vrcam/scripts/data/actors.lua
pearl_vrcam/models/sq04s90light_shadowshapes_envir.mxm	1	1	pearl_vrcam/scripts/data/actors.lua
pearl_vrcam/models/sq04s90light_skydome.mxm	1	1	pearl_vrcam/scripts/data/actors.lua
pearl_vrcam/models/sq04s90light_skyelements.mxm	1	1	pearl_vrcam/scripts/data/actors.lua
pearl_vrcam/models/sq04s90light_sq04s90anim_acousticguitar_acousticguitar.mxm	1	1	pearl_vrcam/scripts/data/actors.lua
pearl_vrcam/models/sq04s90light_sq04s90anim_carpearlnewrig_carpearl_grp.mxm	1	1	pearl_vrcam/scripts/data/actors.lua
pearl_vrcam/models/sq04s90light_sq04s90anim_dadmiddleagedrig_dadmiddleagedprodmodel_dadmm.mxm	1	1	pearl_vrcam/scripts/data/actors.lua
pearl_vrcam/models/sq04s90light_sq04s90anim_pickuptruck02rig1_pickuptruck02prodmodel_pickuptruck02_grp.mxm	1	1	pearl_vrcam/scripts/data/actors.lua
pearl_vrcam/models/sq04s90light_sq04s90anim_pickuptruck02rig_pickuptruck02prodmodel_pickuptruck02_grp.mxm	1	1	pearl_vrcam/scripts/data/actors.lua
pearl_vrcam/models/sq04s90light_sq04s90anim_sarateenrig_sarateenprodmodel_saratm.mxm	1	1	pearl_vrcam/scripts/data/actors.lua
pearl_vrcam/models/sq04s90light_sq04s90anim_semitruck02rig_semitruck02prodmodel_semitruck02_grp.mxm	1	1	pearl_vrcam/scripts/data/actors.lua
pearl_vrcam/models/sq04s90light_sq04s90anim_setdressingnighttimebusinessdistrict_setdressingnighttimebusinessdistrict_grp.mxm	1	1	pearl_vrcam/scripts/data/actors.lua
pearl_vrcam/models/sq04s90light_sq04s90anim_sq04s90animcrowd_staticman02_v001_genericman01rig_genericmanprodmodel_genericmanm.mxm	1	1	pearl_vrcam/scripts/data/actors.lua
pearl_vrcam/models/sq04s90light_sq04s90anim_sq04s90animcrowd_staticman05_v001_genericman01rig_genericmanprodmodel_genericmanm.mxm	1	1	pearl_vrcam/scripts/data/actors.lua
pearl_vrcam/models/sq04s90light_sq04s90anim_sq04s90animcrowd_walking1woman_v015_genericwomanrig_genericwomanprodmodel_genericwomanm.mxm	1	1	pearl_vrcam/scripts/data/actors.lua
pearl_vrcam/models/sq04s90light_sq04s90anim_sq04s90flo_smalltownstreet_smalltownstreet_grp.mxm	1	1	pearl_vrcam/scripts/data/actors.lua
pearl_vrcam/models/sq04s90light_sq04s90anim_vanrig_vanprodmodel_van_grp.mxm	1	1	pearl_vrcam/scripts/data/actors.lua
pearl_vrcam/models/sq04s90light_sq04s90anim_volvorig1_volvoprodmodel_volvo_grp.mxm	1	1	pearl_vrcam/scripts/data/actors.lua
pearl_vrcam/models/sq04s90light_sq04s90anim_volvorig_volvoprodmodel_volvo_grp.mxm	1	1	pearl_vrcam/scripts/data/actors.lua
pearl_vrcam/models/sq04s90vrtrig_animation.mxm	1	2	pearl_vrcam/scripts/data/actors.lua
pearl_vrcam/models/sq05s10light_carpearlnewextattachrig_carpearlnewextattach_carpearlextattach_grp_01.mxm	1	1	pearl_vrcam/scripts/data/actors.lua
pearl_vrcam/models/sq05s10light_envgrp_01.mxm	1	1	pearl_vrcam/scripts/data/actors.lua
pearl_vrcam/models/sq05s10light_lightshapes_grp_01.mxm	1	1	pearl_vrcam/scripts/data/actors.lua
pearl_vrcam/models/sq05s10light_shadowshape03_grp_01.mxm	1	1	pearl_vrcam/scripts/data/actors.lua
pearl_vrcam/models/sq05s10light_shadowshape_04.mxm	1	1	pearl_vrcam/scripts/data/actors.lua
pearl_vrcam/models/sq05s10light_sq05s10anim_carpearlnewrig_carpearl_grp.mxm	1	1	pearl_vrcam/scripts/data/actors.lua
pearl_vrcam/models/sq05s10light_sq05s10anim_dadmiddleagedrig_dadmiddleagedprodmodel_dadmm.mxm	1	1	pearl_vrcam/scripts/data/actors.lua
pearl_vrcam/models/sq05s10light_sq05s10anim_pickuptruck02rig_pickuptruck02prodmodel_pickuptruck02_grp.mxm	1	1	pearl_vrcam/scripts/data/actors.lua
pearl_vrcam/models/sq05s10light_sq05s10anim_sarateenrig_sarateenprodmodel_saratm.mxm	1	1	pearl_vrcam/scripts/data/actors.lua
pearl_vrcam/models/sq05s10light_sq05s10anim_sc0510setdressing_sc0510setdressing.mxm	1	1	pearl_vrcam/scripts/data/actors.lua
pearl_vrcam/models/sq05s10light_sq05s10anim_sq05s10flo_mobilehomepark_mobilehomes_grp_01.mxm	1	1	pearl_vrcam/scripts/data/actors.lua
pearl_vrcam/models/sq05s10light_sq05s10anim_vanrig_vanprodmodel_van_grp.mxm	1	1	pearl_vrcam/scripts/data/actors.lua
pearl_vrcam/models/sq05s10light_sq05s10anim_volvorig_volvoprodmodel_volvo_grp.mxm	1	1	pearl_vrcam/scripts/data/actors.lua
pearl_vrcam/models/sq05s10light_sunflare_01.mxm	1	1	pearl_vrcam/scripts/data/actors.lua
pearl_vrcam/models/sq05s10vrtrig_animation.mxm	1	2	pearl_vrcam/scripts/data/actors.lua
pearl_vrcam/models/sq05s20light_carpearlnewextattachrig_carpearlnewextattach_carpearlextattach_grp_01.mxm	1	1	pearl_vrcam/scripts/data/actors.lua
pearl_vrcam/models/sq05s20light_lightshapes1.mxm	1	1	pearl_vrcam/scripts/data/actors.lua
pearl_vrcam/models/sq05s20light_sq05s20anim_acousticguitar_acousticguitar.mxm	1	1	pearl_vrcam/scripts/data/actors.lua
pearl_vrcam/models/sq05s20light_sq05s20anim_bassistrig_bassistprodmodel_bassistm.mxm	1	1	pearl_vrcam/scripts/data/actors.lua
pearl_vrcam/models/sq05s20light_sq05s20anim_carpearlnewrig_carpearl_grp.mxm	1	1	pearl_vrcam/scripts/data/actors.lua
pearl_vrcam/models/sq05s20light_sq05s20anim_drummerrig_drummerprodmodel_drummerm.mxm	1	1	pearl_vrcam/scripts/data/actors.lua
pearl_vrcam/models/sq05s20light_sq05s20anim_guitaristrig_guitaristprodmodel_guitaristm.mxm	1	1	pearl_vrcam/scripts/data/actors.lua
pearl_vrcam/models/sq05s20light_sq05s20anim_melodica_melodica.mxm	1	1	pearl_vrcam/scripts/data/actors.lua
pearl_vrcam/models/sq05s20light_sq05s20anim_sarateenrig_sarateenprodmodel_saratm.mxm	1	1	pearl_vrcam/scripts/data/actors.lua
pearl_vrcam/models/sq05s20light_sq05s20anim_sc0520setdressingclouds_sc05s20setdressingclouds_grp.mxm	1	1	pearl_vrcam/scripts/data/actors.lua
pearl_vrcam/models/sq05s20light_sq05s20anim_sq05s20flo_deserthighwaysurf_deserthighway_grp_01.mxm	1	1	pearl_vrcam/scripts/data/actors.lua
pearl_vrcam/models/sq05s20light_sq05s20anim_ukulele_ukulele.mxm	1	1	pearl_vrcam/scripts/data/actors.lua
pearl_vrcam/models/sq05s20light_sun1.mxm	1	1	pearl_vrcam/scripts/data/actors.lua
pearl_vrcam/models/sq05s20vrtrig_animation.mxm	1	2	pearl_vrcam/scripts/data/actors.lua
pearl_vrcam/models/sq05s30light_carpearlnewextattachrig_carpearlnewextattach_carpearlextattach_grp_01.mxm	1	1	pearl_vrcam/scripts/data/actors.lua
pearl_vrcam/models/sq05s30light_light_glow_plane.mxm	1	1	pearl_vrcam/scripts/data/actors.lua
pearl_vrcam/models/sq05s30light_light_glow_plane1.mxm	1	1	pearl_vrcam/scripts/data/actors.lua
pearl_vrcam/models/sq05s30light_lightshapes.mxm	1	1	pearl_vrcam/scripts/data/actors.lua
pearl_vrcam/models/sq05s30light_sc0530setdressing_sc0530setdressing_grp_01.mxm	1	1	pearl_vrcam/scripts/data/actors.lua
pearl_vrcam/models/sq05s30light_sq05s30anim_bassistrig_bassistprodmodel_bassistm.mxm	1	1	pearl_vrcam/scripts/data/actors.lua
pearl_vrcam/models/sq05s30light_sq05s30anim_carpearlnewrig_carpearl_grp.mxm	1	1	pearl_vrcam/scripts/data/actors.lua
pearl_vrcam/models/sq05s30light_sq05s30anim_drummerrig_drummerprodmodel_drummerm.mxm	1	1	pearl_vrcam/scripts/data/actors.lua
pearl_vrcam/models/sq05s30light_sq05s30anim_guitaristrig_guitaristprodmodel_guitaristm.mxm	1	1	pearl_vrcam/scripts/data/actors.lua
pearl_vrcam/models/sq05s30light_sq05s30anim_moxiecamera1.mxm	1	1	pearl_vrcam/scripts/data/actors.lua
pearl_vrcam/models/sq05s30light_sq05s30anim_sarateenrig_sarateenprodmodel_saratm.mxm	1	1	pearl_vrcam/scripts/data/actors.lua
pearl_vrcam/models/sq05s30light_sq05s30anim_shirtgeom.mxm	1	1	pearl_vrcam/scripts/data/actors.lua
pearl_vrcam/models/sq05s30light_sq05s30anim_shortsdeformgrp.mxm	1	1	pearl_vrcam/scripts/data/actors.lua
pearl_vrcam/models/sq05s30light_sq05s30anim_sq05s30flo_carparkedonbeachnight_carparkedonbeachnight_grp_01.mxm	1	1	pearl_vrcam/scripts/data/actors.lua
pearl_vrcam/models/sq05s30vrtrig_animation.mxm	1	2	pearl_vrcam/scripts/data/actors.lua
pearl_vrcam/models/sq05s40light_carpearlnewextattachrig_carpearlnewextattach_carpearlextattach_grp_01.mxm	1	1	pearl_vrcam/scripts/data/actors.lua
pearl_vrcam/models/sq05s40light_lightshapes.mxm	1	1	pearl_vrcam/scripts/data/actors.lua
pearl_vrcam/models/sq05s40light_sq05s40anim_bassistrig_bassistprodmodel_bassistm.mxm	1	1	pearl_vrcam/scripts/data/actors.lua
pearl_vrcam/models/sq05s40light_sq05s40anim_carpearlnewrig_carpearl_grp.mxm	1	1	pearl_vrcam/scripts/data/actors.lua
pearl_vrcam/models/sq05s40light_sq05s40anim_drummerrig_drummerprodmodel_drummerm.mxm	1	1	pearl_vrcam/scripts/data/actors.lua
pearl_vrcam/models/sq05s40light_sq05s40anim_guitaristrig_guitaristprodmodel_guitaristm.mxm	1	1	pearl_vrcam/scripts/data/actors.lua
pearl_vrcam/models/sq05s40light_sq05s40anim_sarateenrig_sarateenprodmodel_saratm.mxm	1	1	pearl_vrcam/scripts/data/actors.lua
pearl_vrcam/models/sq05s40light_sq05s40anim_semitruck02rig1_semitruck02prodmodel_semitruck02_grp.mxm	1	1	pearl_vrcam/scripts/data/actors.lua
pearl_vrcam/models/sq05s40light_sq05s40anim_semitruck02rig_semitruck02prodmodel_semitruck02_grp.mxm	1	1	pearl_vrcam/scripts/data/actors.lua
pearl_vrcam/models/sq05s40light_sq05s40anim_semitruckrig_semitruckprodmodel_semitruck_grp.mxm	1	1	pearl_vrcam/scripts/data/actors.lua
pearl_vrcam/models/sq05s40light_sq05s40anim_sq05s40flo_highway395_highway395_grp.mxm	1	1	pearl_vrcam/scripts/data/actors.lua
pearl_vrcam/models/sq05s40light_sq05s40anim_stationwagonrig_stationwagonprodmodel_stationwagon_grp.mxm	1	1	pearl_vrcam/scripts/data/actors.lua
pearl_vrcam/models/sq05s40light_sq05s40anim_vanrig_vanprodmodel_van_grp.mxm	1	1	pearl_vrcam/scripts/data/actors.lua
pearl_vrcam/models/sq05s40vrtrig_animation.mxm	1	2	pearl_vrcam/scripts/data/actors.lua
pearl_vrcam/models/sq05s50light_carpearlnewextattachrig_carpearlnewextattach_carpearlextattach_grp_01.mxm	1	1	pearl_vrcam/scripts/data/actors.lua
pearl_vrcam/models/sq05s50light_lampglow_grp_01.mxm	1	1	pearl_vrcam/scripts/data/actors.lua
pearl_vrcam/models/sq05s50light_lightshapes.mxm	1	1	pearl_vrcam/scripts/data/actors.lua
pearl_vrcam/models/sq05s50light_lightvolumes_01.mxm	1	1	pearl_vrcam/scripts/data/actors.lua
pearl_vrcam/models/sq05s50light_shadowshapes.mxm	1	1	pearl_vrcam/scripts/data/actors.lua
pearl_vrcam/models/sq05s50light_sq05s50anim_bassistrig_bassistprodmodel_bassistm.mxm	1	1	pearl_vrcam/scripts/data/actors.lua
pearl_vrcam/models/sq05s50light_sq05s50anim_carpearlnewrig_carpearl_grp.mxm	1	1	pearl_vrcam/scripts/data/actors.lua
pearl_vrcam/models/sq05s50light_sq05s50anim_drummerrig_drummerprodmodel_drummerm.mxm	1	1	pearl_vrcam/scripts/data/actors.lua
pearl_vrcam/models/sq05s50light_sq05s50anim_guitaristrig_guitaristprodmodel_guitaristm.mxm	1	1	pearl_vrcam/scripts/data/actors.lua
pearl_vrcam/models/sq05s50light_sq05s50anim_sarateenrig_sarateenprodmodel_saratm.mxm	1	1	pearl_vrcam/scripts/data/actors.lua
pearl_vrcam/models/sq05s50light_sq05s50anim_sq05s50flo_countyfair_countyfair_grp_01.mxm	1	1	pearl_vrcam/scripts/data/actors.lua
pearl_vrcam/models/sq05s50vrtrig_animation.mxm	1	2	pearl_vrcam/scripts/data/actors.lua
pearl_vrcam/models/sq05s70light_carpearlnewextattachrig_carpearlnewextattach_carpearlextattach_grp_01.mxm	1	1	pearl_vrcam/scripts/data/actors.lua
pearl_vrcam/models/sq05s70light_lightshapes.mxm	1	1	pearl_vrcam/scripts/data/actors.lua
pearl_vrcam/models/sq05s70light_sq05s70anim_acousticguitar_acousticguitar.mxm	1	1	pearl_vrcam/scripts/data/actors.lua
pearl_vrcam/models/sq05s70light_sq05s70anim_bassistrig_bassistprodmodel_bassistm.mxm	1	1	pearl_vrcam/scripts/data/actors.lua
pearl_vrcam/models/sq05s70light_sq05s70anim_carpearlnewrig_carpearl_grp.mxm	1	1	pearl_vrcam/scripts/data/actors.lua
pearl_vrcam/models/sq05s70light_sq05s70anim_drummerrig_drummerprodmodel_drummerm.mxm	1	1	pearl_vrcam/scripts/data/actors.lua
pearl_vrcam/models/sq05s70light_sq05s70anim_guitaristrig_guitaristprodmodel_guitaristm.mxm	1	1	pearl_vrcam/scripts/data/actors.lua
pearl_vrcam/models/sq05s70light_sq05s70anim_sarateenrig_sarateenprodmodel_saratm.mxm	1	1	pearl_vrcam/scripts/data/actors.lua
pearl_vrcam/models/sq05s70light_sq05s70anim_sq05s70flo_mountainroadtunnel_mountainroadtunnel_grp.mxm	1	1	pearl_vrcam/scripts/data/actors.lua
pearl_vrcam/models/sq05s70vrtrig_animation.mxm	1	2	pearl_vrcam/scripts/data/actors.lua
pearl_vrcam/models/sq05s80light_carpearlnewextattachrig_carpearlnewextattach_carpearlextattach_grp_01.mxm	1	1	pearl_vrcam/scripts/data/actors.lua
pearl_vrcam/models/sq05s80light_carshadows_grp_01.mxm	1	1	pearl_vrcam/scripts/data/actors.lua
pearl_vrcam/models/sq05s80light_clouds.mxm	1	1	pearl_vrcam/scripts/data/actors.lua
pearl_vrcam/models/sq05s80light_cornshadow_01.mxm	1	1	pearl_vrcam/scripts/data/actors.lua
pearl_vrcam/models/sq05s80light_lensflare_lensflare_loc.mxm	1	1	pearl_vrcam/scripts/data/actors.lua
pearl_vrcam/models/sq05s80light_shadow_sphere_sara.mxm	1	1	pearl_vrcam/scripts/data/actors.lua
pearl_vrcam/models/sq05s80light_shadowshapes_grp_01.mxm	1	1	pearl_vrcam/scripts/data/actors.lua
pearl_vrcam/models/sq05s80light_sky.mxm	1	1	pearl_vrcam/scripts/data/actors.lua
pearl_vrcam/models/sq05s80light_sq05s80anim_acousticguitar_acousticguitar.mxm	1	1	pearl_vrcam/scripts/data/actors.lua
pearl_vrcam/models/sq05s80light_sq05s80anim_bassistrig_bassistprodmodel_bassistm.mxm	1	1	pearl_vrcam/scripts/data/actors.lua
pearl_vrcam/models/sq05s80light_sq05s80anim_carpearlnewrig_carpearl_grp.mxm	1	1	pearl_vrcam/scripts/data/actors.lua
pearl_vrcam/models/sq05s80light_sq05s80anim_carsteamgrp.mxm	1	1	pearl_vrcam/scripts/data/actors.lua
pearl_vrcam/models/sq05s80light_sq05s80anim_cornstalks_const2bg_loc.mxm	1	1	pearl_vrcam/scripts/data/actors.lua
pearl_vrcam/models/sq05s80light_sq05s80anim_drummerrig_drummerprodmodel_drummerm.mxm	1	1	pearl_vrcam/scripts/data/actors.lua
pearl_vrcam/models/sq05s80light_sq05s80anim_guitaristrig_guitaristprodmodel_guitaristm.mxm	1	1	pearl_vrcam/scripts/data/actors.lua
pearl_vrcam/models/sq05s80light_sq05s80anim_pickuptruck02rig_pickuptruck02prodmodel_pickuptruck02_grp.mxm	1	1	pearl_vrcam/scripts/data/actors.lua
pearl_vrcam/models/sq05s80light_sq05s80anim_sarateenrig_sarateenprodmodel_saratm.mxm	1	1	pearl_vrcam/scripts/data/actors.lua
pearl_vrcam/models/sq05s80light_sq05s80anim_semitruck02rig_semitruck02prodmodel_semitruck02_grp.mxm	1	1	pearl_vrcam/scripts/data/actors.lua
pearl_vrcam/models/sq05s80light_sq05s80anim_sq05s80flo_countryfarmroad_countryfarmroad_grp.mxm	1	1	pearl_vrcam/scripts/data/actors.lua
pearl_vrcam/models/sq05s80light_sq05s80anim_toyunicorn_toyunicorn_grp.mxm	1	1	pearl_vrcam/scripts/data/actors.lua
pearl_vrcam/models/sq05s80light_sq05s80anim_vanrig_vanprodmodel_van_grp.mxm	1	1	pearl_vrcam/scripts/data/actors.lua
pearl_vrcam/models/sq05s80light_sq05s80anim_volvorig_volvoprodmodel_volvo_grp.mxm	1	1	pearl_vrcam/scripts/data/actors.lua
pearl_vrcam/models/sq05s80light_tail_lights_truck.mxm	1	1	pearl_vrcam/scripts/data/actors.lua
pearl_vrcam/models/sq05s80light_volvo_break_lights.mxm	1	1	pearl_vrcam/scripts/data/actors.lua
pearl_vrcam/models/sq05s80light_volvo_headlights.mxm	1	1	pearl_vrcam/scripts/data/actors.lua
pearl_vrcam/models/sq05s80vrtrig_animation.mxm	1	2	pearl_vrcam/scripts/data/actors.lua
pearl_vrcam/models/sq05s90light_carpearlnewextattachrig_carpearlnewextattach_carpearlextattach_grp_01.mxm	1	1	pearl_vrcam/scripts/data/actors.lua
pearl_vrcam/models/sq05s90light_matte_painting_clouds.mxm	1	1	pearl_vrcam/scripts/data/actors.lua
pearl_vrcam/models/sq05s90light_shadowshapes_car.mxm	1	1	pearl_vrcam/scripts/data/actors.lua
pearl_vrcam/models/sq05s90light_shadowshapes_envir.mxm	1	1	pearl_vrcam/scripts/data/actors.lua
pearl_vrcam/models/sq05s90light_skydome.mxm	1	1	pearl_vrcam/scripts/data/actors.lua
pearl_vrcam/models/sq05s90light_sq05s90anim_bassistrig_bassistprodmodel_bassistm.mxm	1	1	pearl_vrcam/scripts/data/actors.lua
pearl_vrcam/models/sq05s90light_sq05s90anim_box_grp.mxm	1	1	pearl_vrcam/scripts/data/actors.lua
pearl_vrcam/models/sq05s90light_sq05s90anim_carpearlnewrig_carpearl_grp.mxm	1	1	pearl_vrcam/scripts/data/actors.lua
pearl_vrcam/models/sq05s90light_sq05s90anim_cornstalks_const2bg_loc.mxm	1	1	pearl_vrcam/scripts/data/actors.lua
pearl_vrcam/models/sq05s90light_sq05s90anim_dadyoungguitarcase_dadyoungguitarcase_grp.mxm	1	1	pearl_vrcam/scripts/data/actors.lua
pearl_vrcam/models/sq05s90light_sq05s90anim_drummerrig_drummerprodmodel_drummerm.mxm	1	1	pearl_vrcam/scripts/data/actors.lua
pearl_vrcam/models/sq05s90light_sq05s90anim_guitaristrig_guitaristprodmodel_guitaristm.mxm	1	1	pearl_vrcam/scripts/data/actors.lua
pearl_vrcam/models/sq05s90light_sq05s90anim_pickuptruck02rig_pickuptruck02prodmodel_pickuptruck02_grp.mxm	1	1	pearl_vrcam/scripts/data/actors.lua
pearl_vrcam/models/sq05s90light_sq05s90anim_sarateenrig_sarateenprodmodel_saratm.mxm	1	1	pearl_vrcam/scripts/data/actors.lua
pearl_vrcam/models/sq05s90light_sq05s90anim_sq05s90animbgcar_volvorig_volvoprodmodel_volvo_grp.mxm	1	1	pearl_vrcam/scripts/data/actors.lua
pearl_vrcam/models/sq05s90light_sq05s90anim_sq05s90flo_countryfarmroad_countryfarmroad_grp.mxm	1	1	pearl_vrcam/scripts/data/actors.lua
pearl_vrcam/models/sq05s90light_sq05s90anim_towtruckrig_towtruckprodmodel_towtruck_grp.mxm	1	1	pearl_vrcam/scripts/data/actors.lua
pearl_vrcam/models/sq05s90light_sq05s90anim_toyunicorn_toyunicorn_grp.mxm	1	1	pearl_vrcam/scripts/data/actors.lua
pearl_vrcam/models/sq05s90vrtrig_animation.mxm	1	2	pearl_vrcam/scripts/data/actors.lua
pearl_vrcam/models/sq06s30light_carpearlweedsextattachrig_carpearlweedsextattach_carpearlweedsextattach_grp_01.mxm	1	1	pearl_vrcam/scripts/data/actors.lua
pearl_vrcam/models/sq06s30light_sc0110setdressingvr_box_01.mxm	1	1	pearl_vrcam/scripts/data/actors.lua
pearl_vrcam/models/sq06s30light_shadowshapes.mxm	1	1	pearl_vrcam/scripts/data/actors.lua
pearl_vrcam/models/sq06s30light_sq06s30anim_carpearlnewrig_carpearl_grp.mxm	1	1	pearl_vrcam/scripts/data/actors.lua
pearl_vrcam/models/sq06s30light_sq06s30anim_keyanimgrp.mxm	1	1	pearl_vrcam/scripts/data/actors.lua
pearl_vrcam/models/sq06s30light_sq06s30anim_pcylinder1.mxm	1	1	pearl_vrcam/scripts/data/actors.lua
pearl_vrcam/models/sq06s30light_sq06s30anim_saraadultrig_saraadultprodmodel_sarama.mxm	1	5	pearl_vrcam/modelMapping.txt
pearl_vrcam/models/sq06s30light_sq06s30anim_sc0110setdressing_sc0110setdressing_grp_01.mxm	1	1	pearl_vrcam/scripts/data/actors.lua
pearl_vrcam/models/sq06s30light_sq06s30anim_sq06s30flo_junkyard_junkyard_grp.mxm	1	1	pearl_vrcam/scripts/data/actors.lua
pearl_vrcam/models/sq06s30light_sq06s30anim_steeringwheel_grp_dup_offset.mxm	1	1	pearl_vrcam/scripts/data/actors.lua
pearl_vrcam/models/sq06s30light_sq06s30anim_toyunicorn_toyunicorn_grp.mxm	1	1	pearl_vrcam/scripts/data/actors.lua
pearl_vrcam/models/sq06s30light_sq06s30anim_trackrecorder_trackrecordergrp.mxm	1	1	pearl_vrcam/scripts/data/actors.lua
pearl_vrcam/models/sq06s30light_unicorn_shadow.mxm	1	1	pearl_vrcam/scripts/data/actors.lua
pearl_vrcam/models/sq06s30vrtrig_animation.mxm	1	2	pearl_vrcam/scripts/data/actors.lua
pearl_vrcam/models/sq06s40light_carpearlnewextattachrig_carpearlnewextattach_carpearlextattach_grp_01.mxm	1	1	pearl_vrcam/scripts/data/actors.lua
pearl_vrcam/models/sq06s40light_lightshapes.mxm	1	1	pearl_vrcam/scripts/data/actors.lua
pearl_vrcam/models/sq06s40light_saraground.mxm	1	1	pearl_vrcam/scripts/data/actors.lua
pearl_vrcam/models/sq06s40light_sq06s40anim_carpearlnewrig_carpearl_grp.mxm	1	1	pearl_vrcam/scripts/data/actors.lua
pearl_vrcam/models/sq06s40light_sq06s40anim_dadoldrig_dadoldprodmodel_dadoldm.mxm	1	4	pearl_vrcam/modelMapping.txt
pearl_vrcam/models/sq06s40light_sq06s40anim_pickuptruck02rig_pickuptruck02prodmodel_pickuptruck02_grp.mxm	1	1	pearl_vrcam/scripts/data/actors.lua
pearl_vrcam/models/sq06s40light_sq06s40anim_saraadultrig_saraadultprodmodel_sarama.mxm	1	1	pearl_vrcam/scripts/data/actors.lua
pearl_vrcam/models/sq06s40light_sq06s40anim_sc0640setdressing_bushwreath_grp.mxm	1	1	pearl_vrcam/scripts/data/actors.lua
pearl_vrcam/models/sq06s40light_sq06s40anim_sq06s40flo_mobilehomepark_mobilehomes_grp_01.mxm	1	1	pearl_vrcam/scripts/data/actors.lua
pearl_vrcam/models/sq06s40light_sq06s40anim_stationwagonrig_stationwagonprodmodel_stationwagon_grp.mxm	1	1	pearl_vrcam/scripts/data/actors.lua
pearl_vrcam/models/sq06s40light_sq06s40anim_trashbin_grp.mxm	1	1	pearl_vrcam/scripts/data/actors.lua
pearl_vrcam/models/sq06s40light_sq06s40anim_vanrig_vanprodmodel_van_grp.mxm	1	1	pearl_vrcam/scripts/data/actors.lua
pearl_vrcam/models/sq06s40light_sq06s40anim_volvorig_volvoprodmodel_volvo_grp.mxm	1	1	pearl_vrcam/scripts/data/actors.lua
pearl_vrcam/models/sq06s40vrtrig_animation.mxm	1	2	pearl_vrcam/scripts/data/actors.lua
pearl_vrcam/models/sq06s50light_carpearlnewextattachrig_carpearlnewextattach_carpearlextattach_grp_01.mxm	1	1	pearl_vrcam/scripts/data/actors.lua
pearl_vrcam/models/sq06s50light_lightshapes.mxm	1	1	pearl_vrcam/scripts/data/actors.lua
pearl_vrcam/models/sq06s50light_roofpanel.mxm	1	1	pearl_vrcam/scripts/data/actors.lua
pearl_vrcam/models/sq06s50light_sq06s50anim_bassistrig_bassistprodmodel_bassistm.mxm	1	1	pearl_vrcam/scripts/data/actors.lua
pearl_vrcam/models/sq06s50light_sq06s50anim_carpearlnewrig_carpearl_grp.mxm	1	1	pearl_vrcam/scripts/data/actors.lua
pearl_vrcam/models/sq06s50light_sq06s50anim_dadoldrig_dadoldprodmodel_dadoldm.mxm	1	1	pearl_vrcam/scripts/data/actors.lua
pearl_vrcam/models/sq06s50light_sq06s50anim_drummerrig_drummerprodmodel_drummerm.mxm	1	1	pearl_vrcam/scripts/data/actors.lua
pearl_vrcam/models/sq06s50light_sq06s50anim_saraadultrig_saraadultprodmodel_sarama.mxm	1	1	pearl_vrcam/scripts/data/actors.lua
pearl_vrcam/models/sq06s50light_sq06s50anim_sq06s50flo_friendshouse_friendshouse_grp_01.mxm	1	1	pearl_vrcam/scripts/data/actors.lua
pearl_vrcam/models/sq06s50vrtrig_animation.mxm	1	2	pearl_vrcam/scripts/data/actors.lua
pearl_vrcam/models/sq06s70light_carpearlnewextattachrig_carpearlnewextattach_carpearlextattach_grp_01.mxm	1	1	pearl_vrcam/scripts/data/actors.lua
pearl_vrcam/models/sq06s70light_haze.mxm	1	1	pearl_vrcam/scripts/data/actors.lua
pearl_vrcam/models/sq06s70light_lightcutters.mxm	1	1	pearl_vrcam/scripts/data/actors.lua
pearl_vrcam/models/sq06s70light_lt_marquee_lights.mxm	1	1	pearl_vrcam/scripts/data/actors.lua
pearl_vrcam/models/sq06s70light_seats_light_scope.mxm	1	1	pearl_vrcam/scripts/data/actors.lua
pearl_vrcam/models/sq06s70light_shadowshapes.mxm	1	1	pearl_vrcam/scripts/data/actors.lua
pearl_vrcam/models/sq06s70light_sq06s70anim_bassistrig_bassistprodmodel_bassistm.mxm	1	1	pearl_vrcam/scripts/data/actors.lua
pearl_vrcam/models/sq06s70light_sq06s70anim_carpearlnewrig_carpearl_grp.mxm	1	1	pearl_vrcam/scripts/data/actors.lua
pearl_vrcam/models/sq06s70light_sq06s70anim_crowdcard_const_grp.mxm	1	1	pearl_vrcam/scripts/data/actors.lua
pearl_vrcam/models/sq06s70light_sq06s70anim_dadoldrig_dadoldprodmodel_dadoldm.mxm	1	1	pearl_vrcam/scripts/data/actors.lua
pearl_vrcam/models/sq06s70light_sq06s70anim_drummerrig_drummerprodmodel_drummerm.mxm	1	1	pearl_vrcam/scripts/data/actors.lua
pearl_vrcam/models/sq06s70light_sq06s70anim_fadeinout_irisplane.mxm	1	1	pearl_vrcam/scripts/data/actors.lua
pearl_vrcam/models/sq06s70light_sq06s70anim_guitaristrig_guitaristprodmodel_guitaristm.mxm	1	1	pearl_vrcam/scripts/data/actors.lua
pearl_vrcam/models/sq06s70light_sq06s70anim_paparazziflashesgrp.mxm	1	1	pearl_vrcam/scripts/data/actors.lua
pearl_vrcam/models/sq06s70light_sq06s70anim_saraadultrig_saraadultprodmodel_sarama.mxm	1	1	pearl_vrcam/scripts/data/actors.lua
pearl_vrcam/models/sq06s70light_sq06s70anim_setdressingmainstreet_setdressingmainstreet_grp.mxm	1	1	pearl_vrcam/scripts/data/actors.lua
pearl_vrcam/models/sq06s70light_sq06s70anim_sq06s70animcrowdstatic_statictmpchar.mxm	1	1	pearl_vrcam/scripts/data/actors.lua
pearl_vrcam/models/sq06s70light_sq06s70anim_sq06s70flo_mainstreetconcert_mainstreet_grp_01.mxm	1	1	pearl_vrcam/scripts/data/actors.lua
pearl_vrcam/models/sq06s70vrtrig_animation.mxm	1	2	pearl_vrcam/scripts/data/actors.lua
pearl_vrcam/models/surroundaudioemitter_animation.mxm	1	1	pearl_vrcam/scripts/data/actors.lua
pearl_vrcam/models/taillights.mxm	1	1	pearl_vrcam/scripts/data/actors.lua
pearl_vrcam/models/towerlights.mxm	1	1	pearl_vrcam/scripts/data/actors.lua
pearl_vrcam/textures/01_50_skydome.dds	1	1	pearl_vrcam/models/sq01s50light_sq01s50anim_sq01s50flo_countryfarmroad_countryfarmroad_grp.mxm
pearl_vrcam/textures/02_20_no_glow.dds	1	1	pearl_vrcam/models/sq02s20light_christmas_light_glows.mxm
pearl_vrcam/textures/02_20_pink_light_glow.dds	1	1	pearl_vrcam/models/sq02s20light_christmas_light_glows.mxm
pearl_vrcam/textures/02_20_yellow_light_glow.dds	1	1	pearl_vrcam/models/sq02s20light_christmas_light_glows.mxm
pearl_vrcam/textures/04_90_mpaint_sky.dds	1	1	pearl_vrcam/models/sq04s90light_skyelements.mxm
pearl_vrcam/textures/04_90_skydome_new.dds	1	1	pearl_vrcam/models/sq04s90light_skydome.mxm
pearl_vrcam/textures/04_90_sun.dds	1	1	pearl_vrcam/models/sq04s90light_skyelements.mxm
pearl_vrcam/textures/05_30_glowlights.dds	1	2	pearl_vrcam/models/sq05s30light_light_glow_plane.mxm
pearl_vrcam/textures/05_80_break_light_glow.dds	1	2	pearl_vrcam/models/sq05s80light_tail_lights_truck.mxm
pearl_vrcam/textures/05_80_clouds.dds	1	1	pearl_vrcam/models/sq05s80light_clouds.mxm
pearl_vrcam/textures/05_80_light_glow.dds	1	1	pearl_vrcam/models/sq05s80light_volvo_headlights.mxm
pearl_vrcam/textures/05_80_skydome.dds	1	1	pearl_vrcam/models/sq05s80light_sq05s80anim_carpearlnewrig_carpearl_grp.mxm
pearl_vrcam/textures/4_80_cloudsmattepainting.dds	1	1	pearl_vrcam/models/sq04s80light_cloud_cylinder.mxm
pearl_vrcam/textures/5_80_skydome.dds	1	1	pearl_vrcam/models/sq05s80light_sky.mxm
pearl_vrcam/textures/5_90__mattehorizon.dds	1	1	pearl_vrcam/models/sq05s90light_matte_painting_clouds.mxm
pearl_vrcam/textures/5_90_skydome.dds	1	1	pearl_vrcam/models/sq05s90light_skydome.mxm
pearl_vrcam/textures/711_chainlinkedfence_color_01.dds	1	1	pearl_vrcam/models/sq04s40light_sq04s40anim_sq04s40flo_parkinglot711_parkinglot711_grp.mxm
pearl_vrcam/textures/acousticguitar_highlight.dds	1	1	pearl_vrcam/models/sq04s90light_sq04s90anim_acousticguitar_acousticguitar.mxm
pearl_vrcam/textures/bugtimer.dds	1	1	pearl_vrcam/models/sq01s55light_sq01s55anim_bugbutt_grp.mxm
pearl_vrcam/textures/cardboardboxb_map.dds	1	5	pearl_vrcam/models/sq01s55light_sc0155setdressingvr_cardboardbox_grp.mxm
pearl_vrcam/textures/carpearlnew_map_01_20.dds	1	3	pearl_vrcam/models/sq01s20light_carpearlnewextattachrig_carpearlnewextattach_carpearlextattach_grp_01.mxm
pearl_vrcam/textures/carpearlnew_map_01_20_dark.dds	1	3	pearl_vrcam/models/sq01s20light_carpearlnewextattachrig_carpearlnewextattach_carpearlextattach_grp_01.mxm
pearl_vrcam/textures/carpearlnewsurf_map.dds	1	1	pearl_vrcam/models/sq04s10light_carpearlnewextattachrig_carpearlnewextattach_carpearlextattach_grp_01.mxm
pearl_vrcam/textures/carshadow.dds	1	1	pearl_vrcam/models/sq05s80light_carshadows_grp_01.mxm
pearl_vrcam/textures/cloudcard.dds	1	1	pearl_vrcam/models/sq05s20light_sq05s20anim_sc0520setdressingclouds_sc05s20setdressingclouds_grp.mxm
pearl_vrcam/textures/cloudshapesmattepaintingnew.dds	1	1	pearl_vrcam/models/sq05s40light_sq05s40anim_sq05s40flo_highway395_highway395_grp.mxm
pearl_vrcam/textures/dadyoungguitarcase_dark.dds	1	1	pearl_vrcam/models/sq01s50light_sq01s50anim_sc0150setdressing_dadyoungguitarcase_dadyoungguitarcase_grp.mxm
pearl_vrcam/textures/dadyoungguitarcase_map.dds	1	1	pearl_vrcam/models/sq01s50light_sq01s50anim_sc0150setdressing_dadyoungguitarcase_dadyoungguitarcase_grp.mxm
pearl_vrcam/textures/drummer_dark.dds	1	1	pearl_vrcam/models/sq05s90light_sq05s90anim_drummerrig_drummerprodmodel_drummerm.mxm
pearl_vrcam/textures/drummer_diffuse.dds	1	1	pearl_vrcam/models/sq05s90light_sq05s90anim_drummerrig_drummerprodmodel_drummerm.mxm
pearl_vrcam/textures/endingcard_temp.dds	1	1	pearl_vrcam/models/endingcard.mxm
pearl_vrcam/textures/foglayer_colormap.dds	1	1	pearl_vrcam/models/sq05s40light_sq05s40anim_sq05s40flo_highway395_highway395_grp.mxm
pearl_vrcam/textures/genericman_b_map.dds	1	1	pearl_vrcam/models/sq03s50light_sq03s50anim_staticman02_v001_genericman01rig_genericmanprodmodel_genericmanm.mxm
pearl_vrcam/textures/genericman_map.dds	1	1	pearl_vrcam/models/sq03s50light_sq03s50anim_staticman05_v001_genericman01rig_genericmanprodmodel_genericmanm.mxm
pearl_vrcam/textures/genericwoman_map.dds	1	1	pearl_vrcam/models/sq03s50light_sq03s50anim_staticwoman05_v001_genericwomanrig_genericwomanprodmodel_genericwomanm.mxm
pearl_vrcam/textures/guitarist_legs.dds	1	1	pearl_vrcam/models/sq05s90light_sq05s90anim_guitaristrig_guitaristprodmodel_guitaristm.mxm
pearl_vrcam/textures/guitarist_legs_dark.dds	1	1	pearl_vrcam/models/sq05s90light_sq05s90anim_guitaristrig_guitaristprodmodel_guitaristm.mxm
pearl_vrcam/textures/guitarist_tanktop_diffuse_dark.dds	1	1	pearl_vrcam/models/sq05s90light_sq05s90anim_guitaristrig_guitaristprodmodel_guitaristm.mxm
pearl_vrcam/textures/marquee_lights.dds	1	1	pearl_vrcam/models/sq06s70light_lt_marquee_lights.mxm
pearl_vrcam/textures/mountainsmattepainting_colormap.dds	1	1	pearl_vrcam/models/sq05s40light_sq05s40anim_sq05s40flo_highway395_highway395_grp.mxm
pearl_vrcam/textures/nighttimebusinessdistrict_chainlinkedfence_color_01.dds	1	2	pearl_vrcam/models/sq04s85light_sq04s85anim_sq04s85flo_nighttimebusinessdistrict_nighttimebusinessdistrict_grp.mxm
pearl_vrcam/textures/nighttimebusinessdistrict_misc_color_01.dds	1	1	pearl_vrcam/models/sq04s90light_sq04s90anim_setdressingnighttimebusinessdistrict_setdressingnighttimebusinessdistrict_grp.mxm
pearl_vrcam/textures/outsidemall_light_color_02.dds	1	1	pearl_vrcam/models/sq04s55light_transparenttextured_objects_grp_01.mxm
pearl_vrcam/textures/paparazzoflash.dds	1	1	pearl_vrcam/models/sq06s70light_sq06s70anim_paparazziflashesgrp.mxm
pearl_vrcam/textures/parkinglot711_fence_color_01.dds	1	1	pearl_vrcam/models/sq04s40light_sq04s40anim_sq04s40flo_parkinglot711_parkinglot711_grp.mxm
pearl_vrcam/textures/parkinglot711surf_map.dds	1	1	pearl_vrcam/models/sq04s40light_sq04s40anim_sq04s40flo_parkinglot711_parkinglot711_grp.mxm
pearl_vrcam/textures/pearlintroglowlong.dds	1	1	pearl_vrcam/models/sq01s10light_titlefx_pearlwriteonglowgeo.mxm
pearl_vrcam/textures/pickuptruck02_map.dds	1	2	pearl_vrcam/models/sq03s50light_sq03s50anim_pickuptruck02rig1_pickuptruck02prodmodel_pickuptruck02_grp.mxm
pearl_vrcam/textures/raindrop_anim2.dds	1	1	pearl_vrcam/models/sq03s60light_raindrop_fx.mxm
pearl_vrcam/textures/raindrop_anim3.dds	1	1	pearl_vrcam/models/sq03s60light_raindrop_fx.mxm
pearl_vrcam/textures/rearview_reflection.dds	1	1	pearl_vrcam/models/sq05s90light_sq05s90anim_carpearlnewrig_carpearl_grp.mxm
pearl_vrcam/textures/rearview_side_mirrors.dds	1	1	pearl_vrcam/models/sq05s90light_sq05s90anim_carpearlnewrig_carpearl_grp.mxm
pearl_vrcam/textures/sarablankey_01_20_dark2.dds	1	1	pearl_vrcam/models/sq01s20light_sq01s20anim_sc120setdressing_sc120setdressing.mxm
pearl_vrcam/textures/sarablankey_01_20_diffuse2.dds	1	1	pearl_vrcam/models/sq01s20light_sq01s20anim_sc120setdressing_sc120setdressing.mxm
pearl_vrcam/textures/sc0110setdressing_map.dds	1	2	pearl_vrcam/models/sq06s30light_sc0110setdressingvr_box_01.mxm
pearl_vrcam/textures/sc0240setdressing_cable_color_01.dds	1	1	pearl_vrcam/models/sq02s40light_sq02s40anim_sc0240setdressing_sc0240setdressing_grp_01.mxm
pearl_vrcam/textures/sc0240setdressing_map.dds	1	1	pearl_vrcam/models/sq02s40light_sq02s40anim_sc0240setdressing_sc0240setdressing_grp_01.mxm
pearl_vrcam/textures/sc0240setdressing_signs_color_01.dds	1	1	pearl_vrcam/models/sq02s40light_sq02s40anim_sc0240setdressing_sc0240setdressing_grp_01.mxm
pearl_vrcam/textures/sc0520setdressingclouds_map.dds	1	1	pearl_vrcam/models/sq05s20light_sq05s20anim_sc0520setdressingclouds_sc05s20setdressingclouds_grp.mxm
pearl_vrcam/textures/semitruck02_map.dds	1	1	pearl_vrcam/models/sq05s80light_sq05s80anim_semitruck02rig_semitruck02prodmodel_semitruck02_grp.mxm
pearl_vrcam/textures/setdressingmainstreet_map.dds	1	1	pearl_vrcam/models/sq02s10light_sq02s10anim_sq02s10flo_setdressingmainstreet_setdressingmainstreet_grp.mxm
pearl_vrcam/textures/shadow.dds	1	1	pearl_vrcam/models/sq05s80light_cornshadow_01.mxm
pearl_vrcam/textures/shadow_01.dds	1	1	pearl_vrcam/models/sq05s10light_envgrp_01.mxm
pearl_vrcam/textures/sign_glow.dds	1	2	pearl_vrcam/models/sq04s40light_sign_glow1.mxm
pearl_vrcam/textures/signs_billboards_clr.dds	1	1	pearl_vrcam/models/sq04s90light_sq04s90anim_setdressingnighttimebusinessdistrict_setdressingnighttimebusinessdistrict_grp.mxm
pearl_vrcam/textures/sq00s10_cable_02_diffuse.dds	1	1	pearl_vrcam/models/envir.mxm
pearl_vrcam/textures/sq00s10_cable_02_fog.dds	1	1	pearl_vrcam/models/envir.mxm
pearl_vrcam/textures/sq00s10_deserthighwaysurf_diffuse.dds	1	1	pearl_vrcam/models/envir.mxm
pearl_vrcam/textures/sq00s10_distantmountains_diffuse.dds	1	1	pearl_vrcam/models/envir.mxm
pearl_vrcam/textures/sq00s10_exitsign_01_diffuse.dds	1	1	pearl_vrcam/models/envir.mxm
pearl_vrcam/textures/sq00s10_giantboulder_diffuse.dds	1	1	pearl_vrcam/models/envir.mxm
pearl_vrcam/textures/sq00s10_ground.dds	1	1	pearl_vrcam/models/grounddetail.mxm
pearl_vrcam/textures/sq00s10_headphones_pearl.dds	1	1	pearl_vrcam/models/landingworld.mxm
pearl_vrcam/textures/sq00s10_nocontrollers_pearl.dds	1	1	pearl_vrcam/models/landingworld.mxm
pearl_vrcam/textures/sq00s10_road_diffuse.dds	1	1	pearl_vrcam/models/envir.mxm
pearl_vrcam/textures/sq00s10_rocks_diffuse.dds	1	1	pearl_vrcam/models/rocks.mxm
pearl_vrcam/textures/sq00s10_sagebrush_diffuse.dds	1	1	pearl_vrcam/models/sagebrush_grp.mxm
pearl_vrcam/textures/sq00s10_seated_pearl.dds	1	1	pearl_vrcam/models/landingworld.mxm
pearl_vrcam/textures/sq00s10_sitdowntext_pearl.dds	1	1	pearl_vrcam/models/landingworld.mxm
pearl_vrcam/textures/sq00s10_transmissiontower_01_diffuse.dds	1	1	pearl_vrcam/models/envir.mxm
pearl_vrcam/textures/sq01s10_carpearlnew_windows_left_diffuse.dds	1	1	pearl_vrcam/models/sq01s10light_sq01s10anim_carpearlnewrig_carpearl_grp.mxm
pearl_vrcam/textures/sq01s10_carpearlnew_windows_left_wipe1.dds	1	1	pearl_vrcam/models/sq01s10light_sq01s10anim_carpearlnewrig_carpearl_grp.mxm
pearl_vrcam/textures/sq01s10_carpearlnew_windows_left_wipe2.dds	1	2	pearl_vrcam/models/sq01s10light_sq01s10anim_carpearlnewrig_carpearl_grp.mxm
pearl_vrcam/textures/sq01s10_vrbigtree_diffuse.dds	1	2	pearl_vrcam/models/sq01s10light_sq01s10anim_sq01s10flo_junkyard_junkyard_grp.mxm
pearl_vrcam/textures/sq01s10_vrbigtree_glow1.dds	1	2	pearl_vrcam/models/sq01s10light_sq01s10anim_sq01s10flo_junkyard_junkyard_grp.mxm
pearl_vrcam/textures/sq01s10_vrneartree_diffuse.dds	1	2	pearl_vrcam/models/sq01s10light_sq01s10anim_sq01s10flo_junkyard_junkyard_grp.mxm
pearl_vrcam/textures/sq01s10_vrneartree_glow1.dds	1	2	pearl_vrcam/models/sq01s10light_sq01s10anim_sq01s10flo_junkyard_junkyard_grp.mxm
pearl_vrcam/textures/sq01s10_vrtrees_diffuse.dds	1	2	pearl_vrcam/models/sq01s10light_sq01s10anim_sq01s10flo_junkyard_junkyard_grp.mxm
pearl_vrcam/textures/sq01s10_vrtrees_fog.dds	1	2	pearl_vrcam/models/sq01s10light_sq01s10anim_sq01s10flo_junkyard_junkyard_grp.mxm
pearl_vrcam/textures/sq01s10_vrtrees_glow1.dds	1	2	pearl_vrcam/models/sq01s10light_sq01s10anim_sq01s10flo_junkyard_junkyard_grp.mxm
pearl_vrcam/textures/sq01s10light_carpearlnew_carpearlweeds_diffuse.dds	1	2	pearl_vrcam/models/sq01s10light_carpearlweedsextattachrig_carpearlweedsextattach_carpearlweedsextattach_grp_01.mxm
pearl_vrcam/textures/sq01s10light_carpearlnew_windows_diffuse.dds	1	1	pearl_vrcam/models/sq01s10light_sq01s10anim_carpearlnewrig_carpearl_grp.mxm
pearl_vrcam/textures/sq01s10light_carpearlnew_windows_highlight.dds	1	1	pearl_vrcam/models/sq01s10light_sq01s10anim_carpearlnewrig_carpearl_grp.mxm
pearl_vrcam/textures/sq01s10light_junkyard_barrel_mat_01_spot_diffuse.dds	1	1	pearl_vrcam/models/sq01s10light_sq01s10anim_sq01s10flo_junkyard_junkyard_grp.mxm
pearl_vrcam/textures/sq01s10light_junkyard_bush_mat_02_spot_diffuse.dds	1	2	pearl_vrcam/models/sq01s10light_sq01s10anim_sq01s10flo_junkyard_junkyard_grp.mxm
pearl_vrcam/textures/sq01s10light_junkyard_bush_mat_03_spot_diffuse.dds	1	1	pearl_vrcam/models/sq01s10light_sq01s10anim_sq01s10flo_junkyard_junkyard_grp.mxm
pearl_vrcam/textures/sq01s10light_junkyard_bush_mat_04_spot_diffuse.dds	1	2	pearl_vrcam/models/sq01s10light_sq01s10anim_sq01s10flo_junkyard_junkyard_grp.mxm
pearl_vrcam/textures/sq01s10light_junkyard_car_mat_01_spot_diffuse.dds	1	1	pearl_vrcam/models/sq01s10light_sq01s10anim_sq01s10flo_junkyard_junkyard_grp.mxm
pearl_vrcam/textures/sq01s10light_junkyard_ground_mat_05_spot_diffuse.dds	1	1	pearl_vrcam/models/sq01s10light_sq01s10anim_sq01s10flo_junkyard_junkyard_grp.mxm
pearl_vrcam/textures/sq01s10light_junkyard_ground_mat_06_spot_diffuse.dds	1	1	pearl_vrcam/models/sq01s10light_sq01s10anim_sq01s10flo_junkyard_junkyard_grp.mxm
pearl_vrcam/textures/sq01s10light_junkyard_ground_mat_07_spot_diffuse.dds	1	1	pearl_vrcam/models/sq01s10light_sq01s10anim_sq01s10flo_junkyard_junkyard_grp.mxm
pearl_vrcam/textures/sq01s10light_junkyard_sky_mat_01_spot_diffuse.dds	1	1	pearl_vrcam/models/sq01s10light_sq01s10anim_sq01s10flo_junkyard_junkyard_grp.mxm
pearl_vrcam/textures/sq01s10light_junkyard_tire_mat_01_spot_diffuse.dds	1	1	pearl_vrcam/models/sq01s10light_sq01s10anim_sq01s10flo_junkyard_junkyard_grp.mxm
pearl_vrcam/textures/sq01s10light_junkyard_tree_mat_03_spot_diffuse.dds	1	1	pearl_vrcam/models/sq01s10light_sq01s10anim_sq01s10flo_junkyard_junkyard_grp.mxm
pearl_vrcam/textures/sq01s10light_junkyard_tree_mat_04_spot_diffuse.dds	1	1	pearl_vrcam/models/sq01s10light_sq01s10anim_sq01s10flo_junkyard_junkyard_grp.mxm
pearl_vrcam/textures/sq01s10light_junkyard_tree_mat_05_spot_diffuse.dds	1	1	pearl_vrcam/models/sq01s10light_sq01s10anim_sq01s10flo_junkyard_junkyard_grp.mxm
pearl_vrcam/textures/sq01s10light_junkyard_tree_mat_06_spot_diffuse.dds	1	1	pearl_vrcam/models/sq01s10light_sq01s10anim_sq01s10flo_junkyard_junkyard_grp.mxm
pearl_vrcam/textures/sq01s10light_junkyard_tree_mat_07_spot_diffuse.dds	1	1	pearl_vrcam/models/sq01s10light_sq01s10anim_sq01s10flo_junkyard_junkyard_grp.mxm
pearl_vrcam/textures/sq01s10light_junkyard_tree_mat_08_spot_diffusevr.dds	1	2	pearl_vrcam/models/sq01s10light_sq01s10anim_sq01s10flo_junkyard_junkyard_grp.mxm
pearl_vrcam/textures/sq01s10light_junkyard_tree_mat_09_spot_diffuse.dds	1	1	pearl_vrcam/models/sq01s10light_sq01s10anim_sq01s10flo_junkyard_junkyard_grp.mxm
pearl_vrcam/textures/sq01s10light_junkyard_truck_mat_01_spot_diffuse.dds	1	1	pearl_vrcam/models/sq01s10light_sq01s10anim_sq01s10flo_junkyard_junkyard_grp.mxm
pearl_vrcam/textures/sq01s10light_saraadultprodmodel_saraadult_body_diffuse.dds	1	1	pearl_vrcam/models/sq01s10light_sq01s10anim_saraadultrig_saraadultprodmodel_sarama.mxm
pearl_vrcam/textures/sq01s10light_saraadultprodmodel_saraadult_body_highlight.dds	1	1	pearl_vrcam/models/sq01s10light_sq01s10anim_saraadultrig_saraadultprodmodel_sarama.mxm
pearl_vrcam/textures/sq01s10light_saraadultprodmodel_saraadult_body_highlight_c.dds	1	1	pearl_vrcam/models/sq01s10light_sq01s10anim_saraadultrig_saraadultprodmodel_sarama.mxm
pearl_vrcam/textures/sq01s10light_saraadultprodmodel_saraadult_diffuse.dds	1	2	pearl_vrcam/models/sq01s10light_sq01s10anim_saraadultrig_saraadultprodmodel_sarama.mxm
pearl_vrcam/textures/sq01s10light_saraadultprodmodel_saraadult_features_diffuse.dds	1	1	pearl_vrcam/models/sq01s10light_sq01s10anim_saraadultrig_saraadultprodmodel_sarama.mxm
pearl_vrcam/textures/sq01s10light_saraadultprodmodel_saraadult_features_highlight.dds	1	1	pearl_vrcam/models/sq01s10light_sq01s10anim_saraadultrig_saraadultprodmodel_sarama.mxm
pearl_vrcam/textures/sq01s10light_saraadultprodmodel_saraadult_features_shadow.dds	1	2	pearl_vrcam/models/sq01s10light_sq01s10anim_saraadultrig_saraadultprodmodel_sarama.mxm
pearl_vrcam/textures/sq01s10light_saraadultprodmodel_saraadult_hair_diffuse.dds	1	1	pearl_vrcam/models/sq01s10light_sq01s10anim_saraadultrig_saraadultprodmodel_sarama.mxm
pearl_vrcam/textures/sq01s10light_saraadultprodmodel_saraadult_hair_highlight.dds	1	1	pearl_vrcam/models/sq01s10light_sq01s10anim_saraadultrig_saraadultprodmodel_sarama.mxm
pearl_vrcam/textures/sq01s10light_saraadultprodmodel_saraadult_hair_highlight_brighter.dds	1	1	pearl_vrcam/models/sq01s10light_sq01s10anim_saraadultrig_saraadultprodmodel_sarama.mxm
pearl_vrcam/textures/sq01s10light_saraadultprodmodel_saraadult_shadow.dds	1	1	pearl_vrcam/models/sq01s10light_sq01s10anim_saraadultrig_saraadultprodmodel_sarama.mxm
pearl_vrcam/textures/sq01s10light_saraadultprodmodel_saraadult_shirts_diffuse.dds	1	1	pearl_vrcam/models/sq01s10light_sq01s10anim_saraadultrig_saraadultprodmodel_sarama.mxm
pearl_vrcam/textures/sq01s10light_saraadultprodmodel_saraadult_shirts_highlight.dds	1	1	pearl_vrcam/models/sq01s10light_sq01s10anim_saraadultrig_saraadultprodmodel_sarama.mxm
pearl_vrcam/textures/sq01s10light_saraadultprodmodel_saraadult_shirts_shadow.dds	1	1	pearl_vrcam/models/sq01s10light_sq01s10anim_saraadultrig_saraadultprodmodel_sarama.mxm
pearl_vrcam/textures/sq01s10light_sc0110setdressing_sc0110setdressing_diffuse.dds	1	2	pearl_vrcam/models/sq01s10light_sc0110setdressingvr_box_01.mxm
pearl_vrcam/textures/sq01s10light_trackrecorder_trackrecorder_diffuse.dds	1	1	pearl_vrcam/models/sq01s10light_sq01s10anim_trackrecorder_trackrecordergrp.mxm
pearl_vrcam/textures/sq01s10light_trackrecorder_trackrecorder_shadow.dds	1	1	pearl_vrcam/models/sq01s10light_sq01s10anim_trackrecorder_trackrecordergrp.mxm
pearl_vrcam/textures/sq01s20_acousticguitar_acousticguitar_diffuse.dds	1	1	pearl_vrcam/models/sq01s20light_sq01s20anim_acousticguitar_acousticguitar.mxm
pearl_vrcam/textures/sq01s20_acousticguitar_acousticguitar_highlight.dds	1	1	pearl_vrcam/models/sq01s20light_sq01s20anim_acousticguitar_acousticguitar.mxm
pearl_vrcam/textures/sq01s20_acousticguitar_acousticguitar_shadow.dds	1	1	pearl_vrcam/models/sq01s20light_sq01s20anim_acousticguitar_acousticguitar.mxm
pearl_vrcam/textures/sq01s20_bagofchips_diffuse.dds	1	1	pearl_vrcam/models/sq01s20light_sq01s20anim_sc120setdressing_sc120setdressing.mxm
pearl_vrcam/textures/sq01s20_bagofchips_shadow.dds	1	1	pearl_vrcam/models/sq01s20light_sq01s20anim_sc120setdressing_sc120setdressing.mxm
pearl_vrcam/textures/sq01s20_beachball_diffuse.dds	1	1	pearl_vrcam/models/sq01s20light_sq01s20anim_sc120setdressing_sc120setdressing.mxm
pearl_vrcam/textures/sq01s20_beachball_shadow.dds	1	1	pearl_vrcam/models/sq01s20light_sq01s20anim_sc120setdressing_sc120setdressing.mxm
pearl_vrcam/textures/sq01s20_cable_02_diffuse.dds	1	1	pearl_vrcam/models/sq01s20light_sq01s20anim_sq01s20flo_deserthighwaysurf_deserthighway_grp_01.mxm
pearl_vrcam/textures/sq01s20_carbody_highlight.dds	1	3	pearl_vrcam/models/sq01s20light_carpearlnewextattachrig_carpearlnewextattach_carpearlextattach_grp_01.mxm
pearl_vrcam/textures/sq01s20_cardboardboxa_diffuse.dds	1	1	pearl_vrcam/models/sq01s20light_sq01s20anim_sc120setdressing_sc120setdressing.mxm
pearl_vrcam/textures/sq01s20_cardboardboxa_shadow.dds	1	1	pearl_vrcam/models/sq01s20light_sq01s20anim_sc120setdressing_sc120setdressing.mxm
pearl_vrcam/textures/sq01s20_carmirror_left_diffuse.dds	1	1	pearl_vrcam/models/sq01s20light_sq01s20anim_carpearlnewrig_carpearl_grp.mxm
pearl_vrcam/textures/sq01s20_carmirror_rear_diffuse.dds	1	1	pearl_vrcam/models/sq01s20light_sq01s20anim_carpearlnewrig_carpearl_grp.mxm
pearl_vrcam/textures/sq01s20_carmirror_right_diffuse.dds	1	1	pearl_vrcam/models/sq01s20light_sq01s20anim_carpearlnewrig_carpearl_grp.mxm
pearl_vrcam/textures/sq01s20_carseats_highlight.dds	1	1	pearl_vrcam/models/sq01s20light_sq01s20anim_carpearlnewrig_carpearl_grp.mxm
pearl_vrcam/textures/sq01s20_dadyoungprodmodel_dadarms_cutout.dds	1	1	pearl_vrcam/models/sq01s20light_sq01s20anim_dadyoungrig_dadyoungprodmodel_dadym.mxm
pearl_vrcam/textures/sq01s20_dadyoungprodmodel_dadarms_diffuse.dds	1	1	pearl_vrcam/models/sq01s20light_sq01s20anim_dadyoungrig_dadyoungprodmodel_dadym.mxm
pearl_vrcam/textures/sq01s20_dadyoungprodmodel_dadarms_shadow.dds	1	1	pearl_vrcam/models/sq01s20light_sq01s20anim_dadyoungrig_dadyoungprodmodel_dadym.mxm
pearl_vrcam/textures/sq01s20_dadyoungprodmodel_dadface_diffuse.dds	1	1	pearl_vrcam/models/sq01s20light_sq01s20anim_dadyoungrig_dadyoungprodmodel_dadym.mxm
pearl_vrcam/textures/sq01s20_dadyoungprodmodel_dadface_shadow.dds	1	1	pearl_vrcam/models/sq01s20light_sq01s20anim_dadyoungrig_dadyoungprodmodel_dadym.mxm
pearl_vrcam/textures/sq01s20_dadyoungprodmodel_dadfeatures_diffuse.dds	1	1	pearl_vrcam/models/sq01s20light_sq01s20anim_dadyoungrig_dadyoungprodmodel_dadym.mxm
pearl_vrcam/textures/sq01s20_dadyoungprodmodel_dadfeatures_shadow.dds	1	1	pearl_vrcam/models/sq01s20light_sq01s20anim_dadyoungrig_dadyoungprodmodel_dadym.mxm
pearl_vrcam/textures/sq01s20_dadyoungprodmodel_dadshirt_diffuse.dds	1	1	pearl_vrcam/models/sq01s20light_sq01s20anim_dadyoungrig_dadyoungprodmodel_dadym.mxm
pearl_vrcam/textures/sq01s20_dadyoungprodmodel_dadshirt_shadow.dds	1	1	pearl_vrcam/models/sq01s20light_sq01s20anim_dadyoungrig_dadyoungprodmodel_dadym.mxm
pearl_vrcam/textures/sq01s20_dadyoungprodmodel_dadvest_shadow.dds	1	1	pearl_vrcam/models/sq01s20light_sq01s20anim_dadyoungrig_dadyoungprodmodel_dadym.mxm
pearl_vrcam/textures/sq01s20_dadyoungprodmodel_dadyoung_hair_diffuse.dds	1	1	pearl_vrcam/models/sq01s20light_sq01s20anim_dadyoungrig_dadyoungprodmodel_dadym.mxm
pearl_vrcam/textures/sq01s20_dadyoungprodmodel_dadyoung_hair_shadow.dds	1	1	pearl_vrcam/models/sq01s20light_sq01s20anim_dadyoungrig_dadyoungprodmodel_dadym.mxm
pearl_vrcam/textures/sq01s20_dadyoungprodmodel_dadyoungsurf_diffuse.dds	1	1	pearl_vrcam/models/sq01s20light_sq01s20anim_dadyoungrig_dadyoungprodmodel_dadym.mxm
pearl_vrcam/textures/sq01s20_dadyoungprodmodel_dadyoungsurf_shadow.dds	1	1	pearl_vrcam/models/sq01s20light_sq01s20anim_dadyoungrig_dadyoungprodmodel_dadym.mxm
pearl_vrcam/textures/sq01s20_deserthighwaysurf_cable_02_fog.dds	1	1	pearl_vrcam/models/sq01s20light_sq01s20anim_sq01s20flo_deserthighwaysurf_deserthighway_grp_01.mxm
pearl_vrcam/textures/sq01s20_deserthighwaysurf_diffuse.dds	1	1	pearl_vrcam/models/sq01s20light_sq01s20anim_sq01s20flo_deserthighwaysurf_deserthighway_grp_01.mxm
pearl_vrcam/textures/sq01s20_deserthighwaysurf_distantmountains_diffuse.dds	1	1	pearl_vrcam/models/sq01s20light_sq01s20anim_sq01s20flo_deserthighwaysurf_deserthighway_grp_01.mxm
pearl_vrcam/textures/sq01s20_deserthighwaysurf_fog.dds	1	1	pearl_vrcam/models/sq01s20light_sq01s20anim_sq01s20flo_deserthighwaysurf_deserthighway_grp_01.mxm
pearl_vrcam/textures/sq01s20_deserthighwaysurf_giantboulder_fog.dds	1	1	pearl_vrcam/models/sq01s20light_sq01s20anim_sq01s20flo_deserthighwaysurf_deserthighway_grp_01.mxm
pearl_vrcam/textures/sq01s20_deserthighwaysurf_transmissiontower_01_fog.dds	1	1	pearl_vrcam/models/sq01s20light_sq01s20anim_sq01s20flo_deserthighwaysurf_deserthighway_grp_01.mxm
pearl_vrcam/textures/sq01s20_exitsign_01_diffuse.dds	1	1	pearl_vrcam/models/sq01s20light_sq01s20anim_sq01s20flo_deserthighwaysurf_deserthighway_grp_01.mxm
pearl_vrcam/textures/sq01s20_giantboulder_diffuse.dds	1	1	pearl_vrcam/models/sq01s20light_sq01s20anim_sq01s20flo_deserthighwaysurf_deserthighway_grp_01.mxm
pearl_vrcam/textures/sq01s20_gymbag_diffuse.dds	1	1	pearl_vrcam/models/sq01s20light_sq01s20anim_sc120setdressing_sc120setdressing.mxm
pearl_vrcam/textures/sq01s20_gymbag_shadow.dds	1	1	pearl_vrcam/models/sq01s20light_sq01s20anim_sc120setdressing_sc120setdressing.mxm
pearl_vrcam/textures/sq01s20_road_diffuse.dds	1	1	pearl_vrcam/models/sq01s20light_sq01s20anim_sq01s20flo_deserthighwaysurf_deserthighway_grp_01.mxm
pearl_vrcam/textures/sq01s20_sarakidprodmodel_sarakid_boots_diffuse.dds	1	1	pearl_vrcam/models/sq01s20light_sq01s20anim_sarakidrig_sarakidprodmodel_sarakm.mxm
pearl_vrcam/textures/sq01s20_sarakidprodmodel_sarakid_clothes_highlight.dds	1	1	pearl_vrcam/models/sq01s20light_sq01s20anim_sarakidrig_sarakidprodmodel_sarakm.mxm
pearl_vrcam/textures/sq01s20_sarakidprodmodel_sarakid_features_diffuse.dds	1	1	pearl_vrcam/models/sq01s20light_sq01s20anim_sarakidrig_sarakidprodmodel_sarakm.mxm
pearl_vrcam/textures/sq01s20_sarakidprodmodel_sarakid_features_highlight.dds	1	1	pearl_vrcam/models/sq01s20light_sq01s20anim_sarakidrig_sarakidprodmodel_sarakm.mxm
pearl_vrcam/textures/sq01s20_sarakidprodmodel_sarakid_features_shadow.dds	1	1	pearl_vrcam/models/sq01s20light_sq01s20anim_sarakidrig_sarakidprodmodel_sarakm.mxm
pearl_vrcam/textures/sq01s20_sarakidprodmodel_sarakid_hair_diffuse.dds	1	1	pearl_vrcam/models/sq01s20light_sq01s20anim_sarakidrig_sarakidprodmodel_sarakm.mxm
pearl_vrcam/textures/sq01s20_sarakidprodmodel_sarakid_hair_shadow.dds	1	1	pearl_vrcam/models/sq01s20light_sq01s20anim_sarakidrig_sarakidprodmodel_sarakm.mxm
pearl_vrcam/textures/sq01s20_sarakidprodmodel_sarakidbody_diffuse.dds	1	1	pearl_vrcam/models/sq01s20light_sq01s20anim_sarakidrig_sarakidprodmodel_sarakm.mxm
pearl_vrcam/textures/sq01s20_sarakidprodmodel_sarakidbody_shadow.dds	1	1	pearl_vrcam/models/sq01s20light_sq01s20anim_sarakidrig_sarakidprodmodel_sarakm.mxm
pearl_vrcam/textures/sq01s20_sarakidprodmodel_sarakidshirt_diffuse.dds	1	1	pearl_vrcam/models/sq01s20light_sq01s20anim_sarakidrig_sarakidprodmodel_sarakm.mxm
pearl_vrcam/textures/sq01s20_sarakidprodmodel_sarakidshirt_shadow.dds	1	1	pearl_vrcam/models/sq01s20light_sq01s20anim_sarakidrig_sarakidprodmodel_sarakm.mxm
pearl_vrcam/textures/sq01s20_sarasweater_diffuse.dds	1	1	pearl_vrcam/models/sq01s20light_sq01s20anim_sc120setdressing_sc120setdressing.mxm
pearl_vrcam/textures/sq01s20_sarasweater_shadow.dds	1	1	pearl_vrcam/models/sq01s20light_sq01s20anim_sc120setdressing_sc120setdressing.mxm
pearl_vrcam/textures/sq01s20_skydome_diffuse.dds	1	1	pearl_vrcam/models/sq01s20light_sq01s20anim_sq01s20flo_deserthighwaysurf_deserthighway_grp_01.mxm
pearl_vrcam/textures/sq01s20_sodacan_diffuse.dds	1	1	pearl_vrcam/models/sq01s20light_sq01s20anim_sc120setdressing_sc120setdressing.mxm
pearl_vrcam/textures/sq01s20_sodacan_highlight.dds	1	1	pearl_vrcam/models/sq01s20light_sq01s20anim_sc120setdressing_sc120setdressing.mxm
pearl_vrcam/textures/sq01s20_sodacan_shadow.dds	1	1	pearl_vrcam/models/sq01s20light_sq01s20anim_sc120setdressing_sc120setdressing.mxm
pearl_vrcam/textures/sq01s20_stuffedanimalb_diffuse.dds	1	1	pearl_vrcam/models/sq01s20light_sq01s20anim_sc120setdressing_stuffedanimalb1_stuffedanimalb.mxm
pearl_vrcam/textures/sq01s20_stuffedanimalb_shadow.dds	1	1	pearl_vrcam/models/sq01s20light_sq01s20anim_sc120setdressing_stuffedanimalb1_stuffedanimalb.mxm
pearl_vrcam/textures/sq01s20_trackrecorder_shadow.dds	1	1	pearl_vrcam/models/sq01s20light_sq01s20anim_trackrecorder_trackrecordergrp.mxm
pearl_vrcam/textures/sq01s20_transmissiontower_01_diffuse.dds	1	1	pearl_vrcam/models/sq01s20light_sq01s20anim_sq01s20flo_deserthighwaysurf_deserthighway_grp_01.mxm
pearl_vrcam/textures/sq01s20light_front_bagofchips_diffuse.dds	1	1	pearl_vrcam/models/sq01s20light_sq01s20anim_sc0120setdressingfront_sc0120setdressingfront_grp.mxm
pearl_vrcam/textures/sq01s20light_front_bagofchips_shadow.dds	1	1	pearl_vrcam/models/sq01s20light_sq01s20anim_sc0120setdressingfront_sc0120setdressingfront_grp.mxm
pearl_vrcam/textures/sq01s20light_front_cheappen_diffuse.dds	1	1	pearl_vrcam/models/sq01s20light_sq01s20anim_sc0120setdressingfront_sc0120setdressingfront_grp.mxm
pearl_vrcam/textures/sq01s20light_front_cupholder_diffuse.dds	1	1	pearl_vrcam/models/sq01s20light_sq01s20anim_sc0120setdressingfront_sc0120setdressingfront_grp.mxm
pearl_vrcam/textures/sq01s20light_front_cupholder_shadow.dds	1	1	pearl_vrcam/models/sq01s20light_sq01s20anim_sc0120setdressingfront_sc0120setdressingfront_grp.mxm
pearl_vrcam/textures/sq01s20light_front_dadsshoe_diffuse.dds	1	1	pearl_vrcam/models/sq01s20light_sq01s20anim_sc0120setdressingfront_sc0120setdressingfront_grp.mxm
pearl_vrcam/textures/sq01s20light_front_dadyoungguitarcase_diffuse.dds	1	1	pearl_vrcam/models/sq01s20light_sq01s20anim_sc0120setdressingfront_sc0120setdressingfront_grp.mxm
pearl_vrcam/textures/sq01s20light_front_dadyoungguitarcase_shadow.dds	1	1	pearl_vrcam/models/sq01s20light_sq01s20anim_sc0120setdressingfront_sc0120setdressingfront_grp.mxm
pearl_vrcam/textures/sq01s20light_front_legalpad_diffuse.dds	1	1	pearl_vrcam/models/sq01s20light_sq01s20anim_sc0120setdressingfront_sc0120setdressingfront_grp.mxm
pearl_vrcam/textures/sq01s20light_front_map_diffuse.dds	1	1	pearl_vrcam/models/sq01s20light_sq01s20anim_sc0120setdressingfront_sc0120setdressingfront_grp.mxm
pearl_vrcam/textures/sq01s20light_front_map_shadow.dds	1	1	pearl_vrcam/models/sq01s20light_sq01s20anim_sc0120setdressingfront_sc0120setdressingfront_grp.mxm
pearl_vrcam/textures/sq01s20light_front_sodacan_diffuse.dds	1	1	pearl_vrcam/models/sq01s20light_sq01s20anim_sc0120setdressingfront_sc0120setdressingfront_grp.mxm
pearl_vrcam/textures/sq01s20light_front_sodacan_highlight.dds	1	1	pearl_vrcam/models/sq01s20light_sq01s20anim_sc0120setdressingfront_sc0120setdressingfront_grp.mxm
pearl_vrcam/textures/sq01s20light_front_sodacan_shadow.dds	1	1	pearl_vrcam/models/sq01s20light_sq01s20anim_sc0120setdressingfront_sc0120setdressingfront_grp.mxm
pearl_vrcam/textures/sq01s20light_front_stripedbox_diffuse.dds	1	1	pearl_vrcam/models/sq01s20light_sq01s20anim_sc0120setdressingfront_sc0120setdressingfront_grp.mxm
pearl_vrcam/textures/sq01s50light_acousticguitar_acousticguitar_diffuse.dds	1	1	pearl_vrcam/models/sq01s50light_sq01s50anim_acousticguitar_acousticguitar.mxm
pearl_vrcam/textures/sq01s50light_acousticguitar_acousticguitar_highlight.dds	1	1	pearl_vrcam/models/sq01s50light_sq01s50anim_acousticguitar_acousticguitar.mxm
pearl_vrcam/textures/sq01s50light_acousticguitar_acousticguitar_shadow.dds	1	1	pearl_vrcam/models/sq01s50light_sq01s50anim_acousticguitar_acousticguitar.mxm
pearl_vrcam/textures/sq01s50light_cardboardboxb_cardboardboxb_diffuse.dds	1	2	pearl_vrcam/models/sq01s50light_sc0150setdressingvr_cardboardbox_grp.mxm
pearl_vrcam/textures/sq01s50light_carpearlnew_carbody_diffuse.dds	1	2	pearl_vrcam/models/sq01s50light_carpearlnewextattachrig_carpearlnewextattach_carpearlextattach_grp_01.mxm
pearl_vrcam/textures/sq01s50light_carpearlnew_carbody_glow.dds	1	2	pearl_vrcam/models/sq01s50light_carpearlnewextattachrig_carpearlnewextattach_carpearlextattach_grp_01.mxm
pearl_vrcam/textures/sq01s50light_carpearlnew_carbody_highlight.dds	1	2	pearl_vrcam/models/sq01s50light_carpearlnewextattachrig_carpearlnewextattach_carpearlextattach_grp_01.mxm
pearl_vrcam/textures/sq01s50light_carpearlnew_carbody_shadow.dds	1	2	pearl_vrcam/models/sq01s50light_carpearlnewextattachrig_carpearlnewextattach_carpearlextattach_grp_01.mxm
pearl_vrcam/textures/sq01s50light_carpearlnew_carmirror_left_diffuse.dds	1	1	pearl_vrcam/models/sq01s50light_sq01s50anim_carpearlnewrig_carpearl_grp.mxm
pearl_vrcam/textures/sq01s50light_carpearlnew_carmirror_rear_diffuse.dds	1	1	pearl_vrcam/models/sq01s50light_sq01s50anim_carpearlnewrig_carpearl_grp.mxm
pearl_vrcam/textures/sq01s50light_carpearlnew_carmirror_right_diffuse.dds	1	1	pearl_vrcam/models/sq01s50light_sq01s50anim_carpearlnewrig_carpearl_grp.mxm
pearl_vrcam/textures/sq01s50light_carpearlnew_carseats_diffuse.dds	1	1	pearl_vrcam/models/sq01s50light_sq01s50anim_carpearlnewrig_carpearl_grp.mxm
pearl_vrcam/textures/sq01s50light_carpearlnew_carseats_highlight.dds	1	1	pearl_vrcam/models/sq01s50light_sq01s50anim_carpearlnewrig_carpearl_grp.mxm
pearl_vrcam/textures/sq01s50light_cornstalks_cornstalkbg_diffuse.dds	1	1	pearl_vrcam/models/sq01s50light_sq01s50anim_cornstalks_const2bg_loc.mxm
pearl_vrcam/textures/sq01s50light_dadyoungprodmodel_dadarms_diffuse.dds	1	1	pearl_vrcam/models/sq01s50light_sq01s50anim_dadyoungrig_dadyoungprodmodel_dadym.mxm
pearl_vrcam/textures/sq01s50light_dadyoungprodmodel_dadarms_highlight.dds	1	1	pearl_vrcam/models/sq01s50light_sq01s50anim_dadyoungrig_dadyoungprodmodel_dadym.mxm
pearl_vrcam/textures/sq01s50light_dadyoungprodmodel_dadface_diffuse.dds	1	1	pearl_vrcam/models/sq01s50light_sq01s50anim_dadyoungrig_dadyoungprodmodel_dadym.mxm
pearl_vrcam/textures/sq01s50light_dadyoungprodmodel_dadface_highlight.dds	1	1	pearl_vrcam/models/sq01s50light_sq01s50anim_dadyoungrig_dadyoungprodmodel_dadym.mxm
pearl_vrcam/textures/sq01s50light_dadyoungprodmodel_dadfeatures_diffuse.dds	1	1	pearl_vrcam/models/sq01s50light_sq01s50anim_dadyoungrig_dadyoungprodmodel_dadym.mxm
pearl_vrcam/textures/sq01s50light_dadyoungprodmodel_dadfeatures_highlight.dds	1	1	pearl_vrcam/models/sq01s50light_sq01s50anim_dadyoungrig_dadyoungprodmodel_dadym.mxm
pearl_vrcam/textures/sq01s50light_dadyoungprodmodel_dadshirt_diffuse.dds	1	1	pearl_vrcam/models/sq01s50light_sq01s50anim_dadyoungrig_dadyoungprodmodel_dadym.mxm
pearl_vrcam/textures/sq01s50light_dadyoungprodmodel_dadshirt_highlight.dds	1	1	pearl_vrcam/models/sq01s50light_sq01s50anim_dadyoungrig_dadyoungprodmodel_dadym.mxm
pearl_vrcam/textures/sq01s50light_dadyoungprodmodel_dadyoung_hair_diffuse.dds	1	1	pearl_vrcam/models/sq01s50light_sq01s50anim_dadyoungrig_dadyoungprodmodel_dadym.mxm
pearl_vrcam/textures/sq01s50light_dadyoungprodmodel_dadyoung_hair_highlight.dds	1	1	pearl_vrcam/models/sq01s50light_sq01s50anim_dadyoungrig_dadyoungprodmodel_dadym.mxm
pearl_vrcam/textures/sq01s50light_dadyoungprodmodel_dadyoungsurf_shadow.dds	1	1	pearl_vrcam/models/sq01s50light_sq01s50anim_dadyoungrig_dadyoungprodmodel_dadym.mxm
pearl_vrcam/textures/sq01s50light_map_diffuse.dds	1	1	pearl_vrcam/models/sq01s50light_sq01s50anim_sc0150setdressing_map_map.mxm
pearl_vrcam/textures/sq01s50light_sarakidprodmodel_sarakid_boots_shadow.dds	1	1	pearl_vrcam/models/sq01s50light_sq01s50anim_sarakidrig_sarakidprodmodel_sarakm.mxm
pearl_vrcam/textures/sq01s50light_sarakidprodmodel_sarakid_clothes_diffuse.dds	1	1	pearl_vrcam/models/sq01s50light_sq01s50anim_sarakidrig_sarakidprodmodel_sarakm.mxm
pearl_vrcam/textures/sq01s50light_sarakidprodmodel_sarakid_clothes_shadow.dds	1	1	pearl_vrcam/models/sq01s50light_sq01s50anim_sarakidrig_sarakidprodmodel_sarakm.mxm
pearl_vrcam/textures/sq01s50light_sarakidprodmodel_sarakid_features_diffuse.dds	1	1	pearl_vrcam/models/sq01s50light_sq01s50anim_sarakidrig_sarakidprodmodel_sarakm.mxm
pearl_vrcam/textures/sq01s50light_sarakidprodmodel_sarakid_features_highlight.dds	1	1	pearl_vrcam/models/sq01s50light_sq01s50anim_sarakidrig_sarakidprodmodel_sarakm.mxm
pearl_vrcam/textures/sq01s50light_sarakidprodmodel_sarakid_hair_diffuse.dds	1	1	pearl_vrcam/models/sq01s50light_sq01s50anim_sarakidrig_sarakidprodmodel_sarakm.mxm
pearl_vrcam/textures/sq01s50light_sarakidprodmodel_sarakid_hair_highlight.dds	1	1	pearl_vrcam/models/sq01s50light_sq01s50anim_sarakidrig_sarakidprodmodel_sarakm.mxm
pearl_vrcam/textures/sq01s50light_sarakidprodmodel_sarakidbody_diffuse.dds	1	1	pearl_vrcam/models/sq01s50light_sq01s50anim_sarakidrig_sarakidprodmodel_sarakm.mxm
pearl_vrcam/textures/sq01s50light_sarakidprodmodel_sarakidbody_highlight.dds	1	1	pearl_vrcam/models/sq01s50light_sq01s50anim_sarakidrig_sarakidprodmodel_sarakm.mxm
pearl_vrcam/textures/sq01s50light_sarakidprodmodel_sarakidshirt_diffuse.dds	1	1	pearl_vrcam/models/sq01s50light_sq01s50anim_sarakidrig_sarakidprodmodel_sarakm.mxm
pearl_vrcam/textures/sq01s50light_sarakidprodmodel_sarakidshirt_highlight.dds	1	1	pearl_vrcam/models/sq01s50light_sq01s50anim_sarakidrig_sarakidprodmodel_sarakm.mxm
pearl_vrcam/textures/sq01s50light_sc0150setdressingb_back_diffuse.dds	1	1	pearl_vrcam/models/sq01s50light_sq01s50anim_sc0150setdressingb_sc0150setdressing_grp.mxm
pearl_vrcam/textures/sq01s50light_sc0150setdressingb_back_highlight.dds	1	1	pearl_vrcam/models/sq01s50light_sq01s50anim_sc0150setdressingb_sc0150setdressing_grp.mxm
pearl_vrcam/textures/sq01s50light_sc0150setdressingb_blankeyshd_diffuse.dds	1	1	pearl_vrcam/models/sq01s50light_sq01s50anim_sc0150setdressingb_sc0150setdressing_grp.mxm
pearl_vrcam/textures/sq01s50light_sc0150setdressingb_front_diffuse.dds	1	1	pearl_vrcam/models/sq01s50light_sq01s50anim_sc0150setdressingb_sc0150setdressing_grp.mxm
pearl_vrcam/textures/sq01s50light_semitruckprodmodel_semitruck_diffuse.dds	1	1	pearl_vrcam/models/sq01s50light_sq01s50anim_semitruckrig_semitruckprodmodel_semitruck_grp.mxm
pearl_vrcam/textures/sq01s50light_stuffedanimalb_stuffedanimalb_diffuse.dds	1	1	pearl_vrcam/models/sq01s50light_sq01s50anim_sc0150setdressing_stuffedanimalb_stuffedanimalb.mxm
pearl_vrcam/textures/sq01s50light_stuffedanimalb_stuffedanimalb_highlight.dds	1	1	pearl_vrcam/models/sq01s50light_sq01s50anim_sc0150setdressing_stuffedanimalb_stuffedanimalb.mxm
pearl_vrcam/textures/sq01s55light_backseat_diffuse.dds	1	1	pearl_vrcam/models/sq01s55light_sq01s55anim_sc0155setdressingcarintb_sc0155setdressingb.mxm
pearl_vrcam/textures/sq01s55light_bagofchips_diffuse.dds	1	1	pearl_vrcam/models/sq01s55light_sq01s55anim_sc0155setdressingcarintb_sc0155setdressingb.mxm
pearl_vrcam/textures/sq01s55light_blankeyshd_diffuse.dds	1	1	pearl_vrcam/models/sq01s55light_sq01s55anim_sc0155setdressingcarintb_sc0155setdressingb.mxm
pearl_vrcam/textures/sq01s55light_carbody_diffuse.dds	1	2	pearl_vrcam/models/sq01s55light_carpearlnewextattachrig_carpearlnewextattach_carpearlextattach_grp_01.mxm
pearl_vrcam/textures/sq01s55light_carbody_highlight.dds	1	2	pearl_vrcam/models/sq01s55light_carpearlnewextattachrig_carpearlnewextattach_carpearlextattach_grp_01.mxm
pearl_vrcam/textures/sq01s55light_carbody_shadow.dds	1	2	pearl_vrcam/models/sq01s55light_carpearlnewextattachrig_carpearlnewextattach_carpearlextattach_grp_01.mxm
pearl_vrcam/textures/sq01s55light_cardboardboxa_diffuse.dds	1	1	pearl_vrcam/models/sq01s55light_sq01s55anim_sc0155setdressingcarintb_sc0155setdressingb.mxm
pearl_vrcam/textures/sq01s55light_carseats_diffuse.dds	1	1	pearl_vrcam/models/sq01s55light_sq01s55anim_carpearlnewrig_carpearl_grp.mxm
pearl_vrcam/textures/sq01s55light_dadarms_diffuse.dds	1	1	pearl_vrcam/models/sq01s55light_sq01s55anim_dadyoungrig_dadyoungprodmodel_dadym.mxm
pearl_vrcam/textures/sq01s55light_dadface_diffuse.dds	1	1	pearl_vrcam/models/sq01s55light_sq01s55anim_dadyoungrig_dadyoungprodmodel_dadym.mxm
pearl_vrcam/textures/sq01s55light_dadfeatures_diffuse.dds	1	1	pearl_vrcam/models/sq01s55light_sq01s55anim_dadyoungrig_dadyoungprodmodel_dadym.mxm
pearl_vrcam/textures/sq01s55light_dadshirt_diffuse.dds	1	1	pearl_vrcam/models/sq01s55light_sq01s55anim_dadyoungrig_dadyoungprodmodel_dadym.mxm
pearl_vrcam/textures/sq01s55light_dadsshoe_diffuse.dds	1	1	pearl_vrcam/models/sq01s55light_sq01s55anim_sc0155setdressingcarintb_sc0155setdressingb.mxm
pearl_vrcam/textures/sq01s55light_dadyoung_hair_diffuse.dds	1	1	pearl_vrcam/models/sq01s55light_sq01s55anim_dadyoungrig_dadyoungprodmodel_dadym.mxm
pearl_vrcam/textures/sq01s55light_dadyoungguitarcase_diffuse.dds	1	1	pearl_vrcam/models/sq01s55light_sq01s55anim_sc0155setdressingcarintb_sc0155setdressingb.mxm
pearl_vrcam/textures/sq01s55light_dadyoungsurf_diffuse.dds	1	1	pearl_vrcam/models/sq01s55light_sq01s55anim_dadyoungrig_dadyoungprodmodel_dadym.mxm
pearl_vrcam/textures/sq01s55light_dash_diffuse.dds	1	1	pearl_vrcam/models/sq01s55light_sq01s55anim_sc0155setdressingcarintb_sc0155setdressingb.mxm
pearl_vrcam/textures/sq01s55light_doors_diffuse.dds	1	1	pearl_vrcam/models/sq01s55light_sq01s55anim_sc0155setdressingcarintb_sc0155setdressingb.mxm
pearl_vrcam/textures/sq01s55light_fflysroadshad_diffuse.dds	1	1	pearl_vrcam/models/sq01s55light_sq01s55anim_roadfflys_grp.mxm
pearl_vrcam/textures/sq01s55light_glow.dds	1	1	pearl_vrcam/models/sq01s55light_glowsgroup.mxm
pearl_vrcam/textures/sq01s55light_gymbag_diffuse.dds	1	1	pearl_vrcam/models/sq01s55light_sq01s55anim_sc0155setdressingcarintb_sc0155setdressingb.mxm
pearl_vrcam/textures/sq01s55light_legalpad_mtl1_diffuse.dds	1	1	pearl_vrcam/models/sq01s55light_sq01s55anim_sc0155setdressingcarintb_sc0155setdressingb.mxm
pearl_vrcam/textures/sq01s55light_map_diffuse.dds	1	1	pearl_vrcam/models/sq01s55light_sq01s55anim_sc0155setdressingcarintb_sc0155setdressingb.mxm
pearl_vrcam/textures/sq01s55light_misc_diffuse.dds	1	1	pearl_vrcam/models/sq01s55light_sq01s55anim_sc0155setdressingcarintb_sc0155setdressingb.mxm
pearl_vrcam/textures/sq01s55light_nightforest_diffuse.dds	1	1	pearl_vrcam/models/sq01s55light_sq01s55anim_sq01s55flo_nightforest_nightforest_grp.mxm
pearl_vrcam/textures/sq01s55light_sarakid_boots_diffuse.dds	1	1	pearl_vrcam/models/sq01s55light_sq01s55anim_sarakidrig_sarakidprodmodel_sarakm.mxm
pearl_vrcam/textures/sq01s55light_sarakid_clothes_diffuse.dds	1	1	pearl_vrcam/models/sq01s55light_sq01s55anim_sarakidrig_sarakidprodmodel_sarakm.mxm
pearl_vrcam/textures/sq01s55light_sarakid_features_diffuse.dds	1	1	pearl_vrcam/models/sq01s55light_sq01s55anim_sarakidrig_sarakidprodmodel_sarakm.mxm
pearl_vrcam/textures/sq01s55light_sarakid_hair_diffuse.dds	1	1	pearl_vrcam/models/sq01s55light_sq01s55anim_sarakidrig_sarakidprodmodel_sarakm.mxm
pearl_vrcam/textures/sq01s55light_sarakidbody_diffuse.dds	1	1	pearl_vrcam/models/sq01s55light_sq01s55anim_sarakidrig_sarakidprodmodel_sarakm.mxm
pearl_vrcam/textures/sq01s55light_sarakidshirt_diffuse.dds	1	1	pearl_vrcam/models/sq01s55light_sq01s55anim_sarakidrig_sarakidprodmodel_sarakm.mxm
pearl_vrcam/textures/sq01s55light_stuffedanimalb_mtl1_diffuse.dds	1	1	pearl_vrcam/models/sq01s55light_sq01s55anim_sc0155setdressingcarintb_sc0155setdressingb.mxm
pearl_vrcam/textures/sq01s55light_trunk_diffuse.dds	1	1	pearl_vrcam/models/sq01s55light_sq01s55anim_sc0155setdressingcarintb_sc0155setdressingb.mxm
pearl_vrcam/textures/sq01s60_carbody_diffuse_dbl.dds	1	4	pearl_vrcam/models/sq01s60light_carpearlnewextattachrig_carpearlnewextattach_carpearlextattach_grp_01.mxm
pearl_vrcam/textures/sq01s60_carbody_highlight_dbl.dds	1	2	pearl_vrcam/models/sq01s60light_flashback_sq01s60anim_carpearlnewrig_carpearl_grp.mxm
pearl_vrcam/textures/sq01s60_carmirror_left_diffuse.dds	1	2	pearl_vrcam/models/sq01s60light_flashback_sq01s60anim_carpearlnewrig_carpearl_grp.mxm
pearl_vrcam/textures/sq01s60_carmirror_rear_cutout.dds	1	2	pearl_vrcam/models/sq01s60light_flashback_sq01s60anim_carpearlnewrig_carpearl_grp.mxm
pearl_vrcam/textures/sq01s60_carmirror_rear_diffuse.dds	1	2	pearl_vrcam/models/sq01s60light_flashback_sq01s60anim_carpearlnewrig_carpearl_grp.mxm
pearl_vrcam/textures/sq01s60_carmirror_right_diffuse.dds	1	2	pearl_vrcam/models/sq01s60light_flashback_sq01s60anim_carpearlnewrig_carpearl_grp.mxm
pearl_vrcam/textures/sq01s60_carseats_shadow.dds	1	2	pearl_vrcam/models/sq01s60light_flashback_sq01s60anim_carpearlnewrig_carpearl_grp.mxm
pearl_vrcam/textures/sq01s60_dadarms_diffuse_dbl.dds	1	2	pearl_vrcam/models/sq01s60light_flashback_sq01s60anim_dadyoungrig_dadyoungprodmodel_dadym.mxm
pearl_vrcam/textures/sq01s60_dadarms_highlight_dbl.dds	1	2	pearl_vrcam/models/sq01s60light_flashback_sq01s60anim_dadyoungrig_dadyoungprodmodel_dadym.mxm
pearl_vrcam/textures/sq01s60_dadarms_shadow.dds	1	2	pearl_vrcam/models/sq01s60light_flashback_sq01s60anim_dadyoungrig_dadyoungprodmodel_dadym.mxm
pearl_vrcam/textures/sq01s60_dadface_diffuse_dbl.dds	1	2	pearl_vrcam/models/sq01s60light_flashback_sq01s60anim_dadyoungrig_dadyoungprodmodel_dadym.mxm
pearl_vrcam/textures/sq01s60_dadface_highlight_dbl.dds	1	2	pearl_vrcam/models/sq01s60light_flashback_sq01s60anim_dadyoungrig_dadyoungprodmodel_dadym.mxm
pearl_vrcam/textures/sq01s60_dadface_shadow.dds	1	2	pearl_vrcam/models/sq01s60light_flashback_sq01s60anim_dadyoungrig_dadyoungprodmodel_dadym.mxm
pearl_vrcam/textures/sq01s60_dadfeatures_diffuse_dbl.dds	1	2	pearl_vrcam/models/sq01s60light_flashback_sq01s60anim_dadyoungrig_dadyoungprodmodel_dadym.mxm
pearl_vrcam/textures/sq01s60_dadfeatures_highlight_dbl.dds	1	2	pearl_vrcam/models/sq01s60light_flashback_sq01s60anim_dadyoungrig_dadyoungprodmodel_dadym.mxm
pearl_vrcam/textures/sq01s60_dadfeatures_shadow.dds	1	2	pearl_vrcam/models/sq01s60light_flashback_sq01s60anim_dadyoungrig_dadyoungprodmodel_dadym.mxm
pearl_vrcam/textures/sq01s60_dadshirt_diffuse_dbl.dds	1	2	pearl_vrcam/models/sq01s60light_flashback_sq01s60anim_dadyoungrig_dadyoungprodmodel_dadym.mxm
pearl_vrcam/textures/sq01s60_dadshirt_highlight_dbl.dds	1	2	pearl_vrcam/models/sq01s60light_flashback_sq01s60anim_dadyoungrig_dadyoungprodmodel_dadym.mxm
pearl_vrcam/textures/sq01s60_dadshirt_shadow.dds	1	2	pearl_vrcam/models/sq01s60light_flashback_sq01s60anim_dadyoungrig_dadyoungprodmodel_dadym.mxm
pearl_vrcam/textures/sq01s60_dadyoung_hair_diffuse_dbl.dds	1	2	pearl_vrcam/models/sq01s60light_flashback_sq01s60anim_dadyoungrig_dadyoungprodmodel_dadym.mxm
pearl_vrcam/textures/sq01s60_dadyoung_hair_highlight_dbl.dds	1	2	pearl_vrcam/models/sq01s60light_flashback_sq01s60anim_dadyoungrig_dadyoungprodmodel_dadym.mxm
pearl_vrcam/textures/sq01s60_dadyoung_hair_shadow.dds	1	2	pearl_vrcam/models/sq01s60light_flashback_sq01s60anim_dadyoungrig_dadyoungprodmodel_dadym.mxm
pearl_vrcam/textures/sq01s60_dadyoungsurf_shadow.dds	1	2	pearl_vrcam/models/sq01s60light_flashback_sq01s60anim_dadyoungrig_dadyoungprodmodel_dadym.mxm
pearl_vrcam/textures/sq01s60_distantmountains_diffuse.dds	1	2	pearl_vrcam/models/sq01s60light_flashback_sq01s60anim_sq01s60flo_mountainroadtunnel_mountainroadtunnel_grp.mxm
pearl_vrcam/textures/sq01s60_midground_mountains_diffuse.dds	1	2	pearl_vrcam/models/sq01s60light_flashback_sq01s60anim_sq01s60flo_mountainroadtunnel_mountainroadtunnel_grp.mxm
pearl_vrcam/textures/sq01s60_mountainroadtunnel_diffuse.dds	1	2	pearl_vrcam/models/sq01s60light_flashback_sq01s60anim_sq01s60flo_mountainroadtunnel_mountainroadtunnel_grp.mxm
pearl_vrcam/textures/sq01s60_sarakid_boots_shadow.dds	1	2	pearl_vrcam/models/sq01s60light_flashback_sq01s60anim_sarakidrig_sarakidprodmodel_sarakm.mxm
pearl_vrcam/textures/sq01s60_sarakid_boots_sodium.dds	1	2	pearl_vrcam/models/sq01s60light_flashback_sq01s60anim_sarakidrig_sarakidprodmodel_sarakm.mxm
pearl_vrcam/textures/sq01s60_sarakid_clothes_shadow.dds	1	2	pearl_vrcam/models/sq01s60light_flashback_sq01s60anim_sarakidrig_sarakidprodmodel_sarakm.mxm
pearl_vrcam/textures/sq01s60_sarakid_features_diffuse_dbl.dds	1	2	pearl_vrcam/models/sq01s60light_flashback_sq01s60anim_sarakidrig_sarakidprodmodel_sarakm.mxm
pearl_vrcam/textures/sq01s60_sarakid_features_highlight_dbl.dds	1	2	pearl_vrcam/models/sq01s60light_flashback_sq01s60anim_sarakidrig_sarakidprodmodel_sarakm.mxm
pearl_vrcam/textures/sq01s60_sarakid_features_shadow.dds	1	2	pearl_vrcam/models/sq01s60light_flashback_sq01s60anim_sarakidrig_sarakidprodmodel_sarakm.mxm
pearl_vrcam/textures/sq01s60_sarakid_hair_diffuse_dbl.dds	1	2	pearl_vrcam/models/sq01s60light_flashback_sq01s60anim_sarakidrig_sarakidprodmodel_sarakm.mxm
pearl_vrcam/textures/sq01s60_sarakid_hair_highlight_dbl.dds	1	2	pearl_vrcam/models/sq01s60light_flashback_sq01s60anim_sarakidrig_sarakidprodmodel_sarakm.mxm
pearl_vrcam/textures/sq01s60_sarakid_hair_shadow.dds	1	2	pearl_vrcam/models/sq01s60light_flashback_sq01s60anim_sarakidrig_sarakidprodmodel_sarakm.mxm
pearl_vrcam/textures/sq01s60_sarakidbody_diffuse_dbl.dds	1	2	pearl_vrcam/models/sq01s60light_flashback_sq01s60anim_sarakidrig_sarakidprodmodel_sarakm.mxm
pearl_vrcam/textures/sq01s60_sarakidbody_highlight_dbl.dds	1	2	pearl_vrcam/models/sq01s60light_flashback_sq01s60anim_sarakidrig_sarakidprodmodel_sarakm.mxm
pearl_vrcam/textures/sq01s60_sarakidbody_shadow.dds	1	2	pearl_vrcam/models/sq01s60light_flashback_sq01s60anim_sarakidrig_sarakidprodmodel_sarakm.mxm
pearl_vrcam/textures/sq01s60_sarakidshirt_diffuse_dbl.dds	1	2	pearl_vrcam/models/sq01s60light_flashback_sq01s60anim_sarakidrig_sarakidprodmodel_sarakm.mxm
pearl_vrcam/textures/sq01s60_sarakidshirt_highlight_dbl.dds	1	2	pearl_vrcam/models/sq01s60light_flashback_sq01s60anim_sarakidrig_sarakidprodmodel_sarakm.mxm
pearl_vrcam/textures/sq01s60_sarakidshirt_shadow.dds	1	2	pearl_vrcam/models/sq01s60light_flashback_sq01s60anim_sarakidrig_sarakidprodmodel_sarakm.mxm
pearl_vrcam/textures/sq01s60_sd_backseat_diffuse_dbl.dds	1	2	pearl_vrcam/models/sq01s60light_flashback_sq01s60anim_sc0160setdressingcarinta_sc0160setdressinga.mxm
pearl_vrcam/textures/sq01s60_sd_backseat_highlight_dbl.dds	1	2	pearl_vrcam/models/sq01s60light_flashback_sq01s60anim_sc0160setdressingcarinta_sc0160setdressinga.mxm
pearl_vrcam/textures/sq01s60_sd_beadsdecoration_diffuse_dbl.dds	1	2	pearl_vrcam/models/sq01s60light_flashback_sq01s60anim_sc0160setdressingcarinta_sc0160setdressinga.mxm
pearl_vrcam/textures/sq01s60_sd_beadsdecoration_highlight_dbl.dds	1	2	pearl_vrcam/models/sq01s60light_flashback_sq01s60anim_sc0160setdressingcarinta_sc0160setdressinga.mxm
pearl_vrcam/textures/sq01s60_sd_cardboardboxa_diffuse_dbl.dds	1	6	pearl_vrcam/models/sq01s60light_flashback_sc0160setdressingvr_cardboardbox_grp.mxm
pearl_vrcam/textures/sq01s60_sd_cardboardboxa_highlight_dbl.dds	1	6	pearl_vrcam/models/sq01s60light_flashback_sc0160setdressingvr_cardboardbox_grp.mxm
pearl_vrcam/textures/sq01s60_sd_cardboardnolid_diffuse_dbl.dds	1	2	pearl_vrcam/models/sq01s60light_flashback_sq01s60anim_sc0160setdressingcarinta_cardboardnolid_nolidbox_grp.mxm
pearl_vrcam/textures/sq01s60_sd_cardboardnolid_highlight_dbl.dds	1	2	pearl_vrcam/models/sq01s60light_flashback_sq01s60anim_sc0160setdressingcarinta_cardboardnolid_nolidbox_grp.mxm
pearl_vrcam/textures/sq01s60_sd_dadyoungguitarcase_diffuse_dbl.dds	1	2	pearl_vrcam/models/sq01s60light_flashback_sq01s60anim_sc0160setdressingcarinta_dadyoungguitarcase_dadyoungguitarcase_grp.mxm
pearl_vrcam/textures/sq01s60_sd_dadyoungguitarcase_highlight_dbl.dds	1	2	pearl_vrcam/models/sq01s60light_flashback_sq01s60anim_sc0160setdressingcarinta_dadyoungguitarcase_dadyoungguitarcase_grp.mxm
pearl_vrcam/textures/sq01s60_sd_dadyoungguitarcase_shadow.dds	1	2	pearl_vrcam/models/sq01s60light_flashback_sq01s60anim_sc0160setdressingcarinta_dadyoungguitarcase_dadyoungguitarcase_grp.mxm
pearl_vrcam/textures/sq01s60_sd_dash_diffuse_dbl.dds	1	2	pearl_vrcam/models/sq01s60light_flashback_sq01s60anim_sc0160setdressingcarinta_sc0160setdressinga.mxm
pearl_vrcam/textures/sq01s60_sd_dash_highlight_dbl.dds	1	2	pearl_vrcam/models/sq01s60light_flashback_sq01s60anim_sc0160setdressingcarinta_sc0160setdressinga.mxm
pearl_vrcam/textures/sq01s60_sd_doors_diffuse_dbl.dds	1	2	pearl_vrcam/models/sq01s60light_flashback_sq01s60anim_sc0160setdressingcarinta_sc0160setdressinga.mxm
pearl_vrcam/textures/sq01s60_sd_doors_highlight_dbl.dds	1	2	pearl_vrcam/models/sq01s60light_flashback_sq01s60anim_sc0160setdressingcarinta_sc0160setdressinga.mxm
pearl_vrcam/textures/sq01s60_sd_legalpad_mtl1_diffuse_dbl.dds	1	2	pearl_vrcam/models/sq01s60light_flashback_sq01s60anim_sc0160setdressingcarinta_sc0160setdressinga.mxm
pearl_vrcam/textures/sq01s60_sd_legalpad_mtl1_highlight_dbl.dds	1	2	pearl_vrcam/models/sq01s60light_flashback_sq01s60anim_sc0160setdressingcarinta_sc0160setdressinga.mxm
pearl_vrcam/textures/sq01s60_sd_misc_diffuse_dbl.dds	1	2	pearl_vrcam/models/sq01s60light_flashback_sq01s60anim_sc0160setdressingcarinta_sc0160setdressinga.mxm
pearl_vrcam/textures/sq01s60_sd_misc_highlight_dbl.dds	1	2	pearl_vrcam/models/sq01s60light_flashback_sq01s60anim_sc0160setdressingcarinta_sc0160setdressinga.mxm
pearl_vrcam/textures/sq01s60_sd_sc0160setdressingcarintb_diffuse_dbl.dds	1	2	pearl_vrcam/models/sq01s60light_flashback_sq01s60anim_sc0160setdressingcarintb_sc0160setdressingb.mxm
pearl_vrcam/textures/sq01s60_sd_sc0160setdressingcarintb_highlight_dbl.dds	1	2	pearl_vrcam/models/sq01s60light_flashback_sq01s60anim_sc0160setdressingcarintb_sc0160setdressingb.mxm
pearl_vrcam/textures/sq01s60_sd_sc0250setdressing_back_diffuse_dbl.dds	1	2	pearl_vrcam/models/sq01s60light_flashback_sq01s60anim_sc0160setdressingcarinta_sc0160setdressinga.mxm
pearl_vrcam/textures/sq01s60_sd_sc0250setdressing_back_highlight_dbl.dds	1	2	pearl_vrcam/models/sq01s60light_flashback_sq01s60anim_sc0160setdressingcarinta_sc0160setdressinga.mxm
pearl_vrcam/textures/sq01s60_sd_sc0250setdressing_front_diffuse_dbl.dds	1	2	pearl_vrcam/models/sq01s60light_flashback_sq01s60anim_sc0160setdressingcarinta_sc0160setdressinga.mxm
pearl_vrcam/textures/sq01s60_sd_sc0250setdressing_front_highlight_dbl.dds	1	2	pearl_vrcam/models/sq01s60light_flashback_sq01s60anim_sc0160setdressingcarinta_sc0160setdressinga.mxm
pearl_vrcam/textures/sq01s60_sd_sketchbook_diffuse_dbl.dds	1	2	pearl_vrcam/models/sq01s60light_flashback_sq01s60anim_sc0160setdressingcarinta_sc0160setdressinga.mxm
pearl_vrcam/textures/sq01s60_sd_sketchbook_highlight_dbl.dds	1	2	pearl_vrcam/models/sq01s60light_flashback_sq01s60anim_sc0160setdressingcarinta_sc0160setdressinga.mxm
pearl_vrcam/textures/sq01s60_sd_stuffedanimalb_diffuse_dbl.dds	1	2	pearl_vrcam/models/sq01s60light_flashback_sq01s60anim_sc0160setdressingcarinta_stuffedanimalb_stuffedanimalb.mxm
pearl_vrcam/textures/sq01s60_sd_stuffedanimalb_highlight_dbl.dds	1	2	pearl_vrcam/models/sq01s60light_flashback_sq01s60anim_sc0160setdressingcarinta_stuffedanimalb_stuffedanimalb.mxm
pearl_vrcam/textures/sq01s60_sd_trunk_diffuse_dbl.dds	1	2	pearl_vrcam/models/sq01s60light_flashback_sq01s60anim_sc0160setdressingcarinta_sc0160setdressinga.mxm
pearl_vrcam/textures/sq01s60_sd_trunk_highlight_dbl.dds	1	2	pearl_vrcam/models/sq01s60light_flashback_sq01s60anim_sc0160setdressingcarinta_sc0160setdressinga.mxm
pearl_vrcam/textures/sq01s60_sky_diffuse.dds	1	2	pearl_vrcam/models/sq01s60light_flashback_sq01s60anim_sq01s60flo_mountainroadtunnel_mountainroadtunnel_grp.mxm
pearl_vrcam/textures/sq01s80light_carpearlnew_carbody_darkglow.dds	1	3	pearl_vrcam/models/sq01s80light_carpearllightshape_offset_01.mxm
pearl_vrcam/textures/sq01s80light_carpearlnew_carbody_diffuse.dds	1	3	pearl_vrcam/models/sq01s80light_carpearllightshape_offset_01.mxm
pearl_vrcam/textures/sq01s80light_carpearlnew_carbody_glow.dds	1	3	pearl_vrcam/models/sq01s80light_carpearllightshape_offset_01.mxm
pearl_vrcam/textures/sq01s80light_carpearlnew_carmirror_left_diffuse.dds	1	1	pearl_vrcam/models/sq01s80light_sq01s80anim_carpearlnewrig_carpearl_grp.mxm
pearl_vrcam/textures/sq01s80light_carpearlnew_carmirror_rear_diffuse.dds	1	1	pearl_vrcam/models/sq01s80light_sq01s80anim_carpearlnewrig_carpearl_grp.mxm
pearl_vrcam/textures/sq01s80light_carpearlnew_carmirror_right_diffuse.dds	1	1	pearl_vrcam/models/sq01s80light_sq01s80anim_carpearlnewrig_carpearl_grp.mxm
pearl_vrcam/textures/sq01s80light_carpearlnew_carseats_diffuse.dds	1	1	pearl_vrcam/models/sq01s80light_sq01s80anim_carpearlnewrig_carpearl_grp.mxm
pearl_vrcam/textures/sq01s80light_carpearlnew_carseats_glow.dds	1	1	pearl_vrcam/models/sq01s80light_sq01s80anim_carpearlnewrig_carpearl_grp.mxm
pearl_vrcam/textures/sq01s80light_carpearlnew_carwindows_diffuse.dds	1	1	pearl_vrcam/models/sq01s80light_sq01s80anim_carpearlnewrig_carpearl_grp.mxm
pearl_vrcam/textures/sq01s80light_dadyoungprodmodel_dadarms_diffuse.dds	1	1	pearl_vrcam/models/sq01s80light_sq01s80anim_dadyoungrig_dadyoungprodmodel_dadym.mxm
pearl_vrcam/textures/sq01s80light_dadyoungprodmodel_dadarms_highlight.dds	1	1	pearl_vrcam/models/sq01s80light_sq01s80anim_dadyoungrig_dadyoungprodmodel_dadym.mxm
pearl_vrcam/textures/sq01s80light_dadyoungprodmodel_dadface_diffuse.dds	1	1	pearl_vrcam/models/sq01s80light_sq01s80anim_dadyoungrig_dadyoungprodmodel_dadym.mxm
pearl_vrcam/textures/sq01s80light_dadyoungprodmodel_dadfeatures_diffuse.dds	1	1	pearl_vrcam/models/sq01s80light_sq01s80anim_dadyoungrig_dadyoungprodmodel_dadym.mxm
pearl_vrcam/textures/sq01s80light_dadyoungprodmodel_dadshirt_diffuse.dds	1	1	pearl_vrcam/models/sq01s80light_sq01s80anim_dadyoungrig_dadyoungprodmodel_dadym.mxm
pearl_vrcam/textures/sq01s80light_dadyoungprodmodel_dadyoung_hair_diffuse.dds	1	1	pearl_vrcam/models/sq01s80light_sq01s80anim_dadyoungrig_dadyoungprodmodel_dadym.mxm
pearl_vrcam/textures/sq01s80light_dadyoungprodmodel_dadyoungsurf_diffuse.dds	1	1	pearl_vrcam/models/sq01s80light_sq01s80anim_dadyoungrig_dadyoungprodmodel_dadym.mxm
pearl_vrcam/textures/sq01s80light_pickuptruck02prodmodel_pickuptruck02_diffuse.dds	1	1	pearl_vrcam/models/sq01s80light_sq01s80anim_pickuptruck02rig_pickuptruck02prodmodel_pickuptruck02_grp.mxm
pearl_vrcam/textures/sq01s80light_pickuptruck02prodmodel_pickuptruck02_highlight.dds	1	1	pearl_vrcam/models/sq01s80light_sq01s80anim_pickuptruck02rig_pickuptruck02prodmodel_pickuptruck02_grp.mxm
pearl_vrcam/textures/sq01s80light_sarakidprodmodel_sarakid_boots_diffuse.dds	1	1	pearl_vrcam/models/sq01s80light_sq01s80anim_sarakidrig_sarakidprodmodel_sarakm.mxm
pearl_vrcam/textures/sq01s80light_sarakidprodmodel_sarakid_clothes_diffuse.dds	1	1	pearl_vrcam/models/sq01s80light_sq01s80anim_sarakidrig_sarakidprodmodel_sarakm.mxm
pearl_vrcam/textures/sq01s80light_sarakidprodmodel_sarakid_clothes_highlight.dds	1	1	pearl_vrcam/models/sq01s80light_sq01s80anim_sarakidrig_sarakidprodmodel_sarakm.mxm
pearl_vrcam/textures/sq01s80light_sarakidprodmodel_sarakid_features_diffuse.dds	1	1	pearl_vrcam/models/sq01s80light_sq01s80anim_sarakidrig_sarakidprodmodel_sarakm.mxm
pearl_vrcam/textures/sq01s80light_sarakidprodmodel_sarakid_features_highlight.dds	1	1	pearl_vrcam/models/sq01s80light_sq01s80anim_sarakidrig_sarakidprodmodel_sarakm.mxm
pearl_vrcam/textures/sq01s80light_sarakidprodmodel_sarakid_hair_diffuse.dds	1	1	pearl_vrcam/models/sq01s80light_sq01s80anim_sarakidrig_sarakidprodmodel_sarakm.mxm
pearl_vrcam/textures/sq01s80light_sarakidprodmodel_sarakid_hair_highlight.dds	1	1	pearl_vrcam/models/sq01s80light_sq01s80anim_sarakidrig_sarakidprodmodel_sarakm.mxm
pearl_vrcam/textures/sq01s80light_sarakidprodmodel_sarakidbody_diffuse.dds	1	1	pearl_vrcam/models/sq01s80light_sq01s80anim_sarakidrig_sarakidprodmodel_sarakm.mxm
pearl_vrcam/textures/sq01s80light_sarakidprodmodel_sarakidbody_highlight.dds	1	1	pearl_vrcam/models/sq01s80light_sq01s80anim_sarakidrig_sarakidprodmodel_sarakm.mxm
pearl_vrcam/textures/sq01s80light_sarakidprodmodel_sarakidshirt_diffuse.dds	1	1	pearl_vrcam/models/sq01s80light_sq01s80anim_sarakidrig_sarakidprodmodel_sarakm.mxm
pearl_vrcam/textures/sq01s80light_sarakidprodmodel_sarakidshirt_highlight.dds	1	1	pearl_vrcam/models/sq01s80light_sq01s80anim_sarakidrig_sarakidprodmodel_sarakm.mxm
pearl_vrcam/textures/sq01s80light_sc0180setdressinga_backseat_diffuse.dds	1	1	pearl_vrcam/models/sq01s80light_sq01s80anim_sc0180setdressinga_sc0180setdresscarinta.mxm
pearl_vrcam/textures/sq01s80light_sc0180setdressinga_backseat_glow.dds	1	1	pearl_vrcam/models/sq01s80light_sq01s80anim_sc0180setdressinga_sc0180setdresscarinta.mxm
pearl_vrcam/textures/sq01s80light_sc0180setdressinga_blankeyshd_diffuse.dds	1	1	pearl_vrcam/models/sq01s80light_sq01s80anim_sc0180setdressinga_sc0180setdresscarinta.mxm
pearl_vrcam/textures/sq01s80light_sc0180setdressinga_blankeyshd_glow.dds	1	1	pearl_vrcam/models/sq01s80light_sq01s80anim_sc0180setdressinga_sc0180setdresscarinta.mxm
pearl_vrcam/textures/sq01s80light_sc0180setdressinga_cardboardboxb_diffuse.dds	1	1	pearl_vrcam/models/sq01s80light_sq01s80anim_sc0180setdressinga_sc0180setdresscarinta.mxm
pearl_vrcam/textures/sq01s80light_sc0180setdressinga_cardboardboxb_glow.dds	1	1	pearl_vrcam/models/sq01s80light_sq01s80anim_sc0180setdressinga_sc0180setdresscarinta.mxm
pearl_vrcam/textures/sq01s80light_sc0180setdressinga_dadyoungguitarcase_diffuse.dds	1	1	pearl_vrcam/models/sq01s80light_sq01s80anim_sc0180setdressinga_sc0180setdresscarinta.mxm
pearl_vrcam/textures/sq01s80light_sc0180setdressinga_dadyoungguitarcase_glow.dds	1	1	pearl_vrcam/models/sq01s80light_sq01s80anim_sc0180setdressinga_sc0180setdresscarinta.mxm
pearl_vrcam/textures/sq01s80light_sc0180setdressinga_dash_diffuse.dds	1	1	pearl_vrcam/models/sq01s80light_sq01s80anim_sc0180setdressinga_sc0180setdresscarinta.mxm
pearl_vrcam/textures/sq01s80light_sc0180setdressinga_dash_glow.dds	1	2	pearl_vrcam/models/sq01s80light_carpearllightshape_offset_01.mxm
pearl_vrcam/textures/sq01s80light_sc0180setdressinga_dash_highlight.dds	1	1	pearl_vrcam/models/sq01s80light_sq01s80anim_sc0180setdressinga_sc0180setdresscarinta.mxm
pearl_vrcam/textures/sq01s80light_sc0180setdressinga_doors_diffuse.dds	1	1	pearl_vrcam/models/sq01s80light_sq01s80anim_sc0180setdressinga_sc0180setdresscarinta.mxm
pearl_vrcam/textures/sq01s80light_sc0180setdressinga_doors_glow.dds	1	1	pearl_vrcam/models/sq01s80light_sq01s80anim_sc0180setdressinga_sc0180setdresscarinta.mxm
pearl_vrcam/textures/sq01s80light_sc0180setdressinga_fastfooddrink_diffuse.dds	1	1	pearl_vrcam/models/sq01s80light_sq01s80anim_sc0180setdressinga_sc0180setdresscarinta.mxm
pearl_vrcam/textures/sq01s80light_sc0180setdressinga_fastfooddrink_glow.dds	1	1	pearl_vrcam/models/sq01s80light_sq01s80anim_sc0180setdressinga_sc0180setdresscarinta.mxm
pearl_vrcam/textures/sq01s80light_sc0180setdressinga_fastfooddrink_highlight.dds	1	1	pearl_vrcam/models/sq01s80light_sq01s80anim_sc0180setdressinga_sc0180setdresscarinta.mxm
pearl_vrcam/textures/sq01s80light_sc0180setdressinga_frontseat_diffuse.dds	1	1	pearl_vrcam/models/sq01s80light_sq01s80anim_sc0180setdressinga_sc0180setdresscarinta.mxm
pearl_vrcam/textures/sq01s80light_sc0180setdressinga_frontseat_glow.dds	1	1	pearl_vrcam/models/sq01s80light_sq01s80anim_sc0180setdressinga_sc0180setdresscarinta.mxm
pearl_vrcam/textures/sq01s80light_sc0180setdressinga_frontseat_mtl1_diffuse.dds	1	1	pearl_vrcam/models/sq01s80light_sq01s80anim_sc0180setdressinga_sc0180setdresscarinta.mxm
pearl_vrcam/textures/sq01s80light_sc0180setdressinga_gymbag_diffuse.dds	1	1	pearl_vrcam/models/sq01s80light_sq01s80anim_sc0180setdressinga_sc0180setdresscarinta.mxm
pearl_vrcam/textures/sq01s80light_sc0180setdressinga_gymbag_glow.dds	1	1	pearl_vrcam/models/sq01s80light_sq01s80anim_sc0180setdressinga_sc0180setdresscarinta.mxm
pearl_vrcam/textures/sq01s80light_sc0180setdressinga_misc_diffuse.dds	1	1	pearl_vrcam/models/sq01s80light_sq01s80anim_sc0180setdressinga_sc0180setdresscarinta.mxm
pearl_vrcam/textures/sq01s80light_sc0180setdressinga_misc_glow.dds	1	1	pearl_vrcam/models/sq01s80light_sq01s80anim_sc0180setdressinga_sc0180setdresscarinta.mxm
pearl_vrcam/textures/sq01s80light_sc0180setdressinga_sc0160setdressingcarintb_diffuse.dds	1	1	pearl_vrcam/models/sq01s80light_sq01s80anim_sc0180setdressinga_sc0180setdresscarinta.mxm
pearl_vrcam/textures/sq01s80light_sc0180setdressinga_sc0160setdressingcarintb_glow.dds	1	1	pearl_vrcam/models/sq01s80light_sq01s80anim_sc0180setdressinga_sc0180setdresscarinta.mxm
pearl_vrcam/textures/sq01s80light_sc0180setdressinga_sc0310setdressinga_mm_diffuse.dds	1	1	pearl_vrcam/models/sq01s80light_sq01s80anim_sc0180setdressinga_sc0180setdresscarinta.mxm
pearl_vrcam/textures/sq01s80light_sc0180setdressinga_sc0310setdressinga_mm_glow.dds	1	1	pearl_vrcam/models/sq01s80light_sq01s80anim_sc0180setdressinga_sc0180setdresscarinta.mxm
pearl_vrcam/textures/sq01s80light_sc0180setdressinga_trunk_diffuse.dds	1	1	pearl_vrcam/models/sq01s80light_sq01s80anim_sc0180setdressinga_sc0180setdresscarinta.mxm
pearl_vrcam/textures/sq01s80light_sc0180setdressinga_trunk_glow.dds	1	1	pearl_vrcam/models/sq01s80light_sq01s80anim_sc0180setdressinga_sc0180setdresscarinta.mxm
pearl_vrcam/textures/sq01s80light_sc0180setdressingb_back_diffuse.dds	1	1	pearl_vrcam/models/sq01s80light_sq01s80anim_sc0180setdressingb_sc0180setdresscarintb.mxm
pearl_vrcam/textures/sq01s80light_sc0180setdressingb_back_glow.dds	1	1	pearl_vrcam/models/sq01s80light_sq01s80anim_sc0180setdressingb_sc0180setdresscarintb.mxm
pearl_vrcam/textures/sq01s80light_sc0180setdressingb_dash_darkglow.dds	1	2	pearl_vrcam/models/sq01s80light_carpearllightshape_offset_01.mxm
pearl_vrcam/textures/sq01s80light_sc0180setdressingb_dash_diffuse.dds	1	2	pearl_vrcam/models/sq01s80light_carpearllightshape_offset_01.mxm
pearl_vrcam/textures/sq01s80light_sc0180setdressingb_dash_highlight.dds	1	2	pearl_vrcam/models/sq01s80light_carpearllightshape_offset_01.mxm
pearl_vrcam/textures/sq01s80light_sc0180setdressingb_floor_diffuse.dds	1	1	pearl_vrcam/models/sq01s80light_sq01s80anim_sc0180setdressingb_sc0180setdresscarintb.mxm
pearl_vrcam/textures/sq01s80light_sc0180setdressingb_floor_glow.dds	1	1	pearl_vrcam/models/sq01s80light_sq01s80anim_sc0180setdressingb_sc0180setdresscarintb.mxm
pearl_vrcam/textures/sq01s80light_semitruck02prodmodel_semitruck02_diffuse.dds	1	1	pearl_vrcam/models/sq01s80light_sq01s80anim_semitruck02rig_semitruck02prodmodel_semitruck02_grp.mxm
pearl_vrcam/textures/sq01s80light_semitruck02prodmodel_semitruck02_highlight.dds	1	1	pearl_vrcam/models/sq01s80light_sq01s80anim_semitruck02rig_semitruck02prodmodel_semitruck02_grp.mxm
pearl_vrcam/textures/sq01s80light_semitruckprodmodel_semitruck_diffuse.dds	1	1	pearl_vrcam/models/sq01s80light_sq01s80anim_semitruckrig_semitruckprodmodel_semitruck_grp.mxm
pearl_vrcam/textures/sq01s80light_semitruckprodmodel_semitruck_highlight.dds	1	1	pearl_vrcam/models/sq01s80light_sq01s80anim_semitruckrig_semitruckprodmodel_semitruck_grp.mxm
pearl_vrcam/textures/sq01s80light_sierravalleyhighway_sierravalleyhighway_diffuse.dds	1	1	pearl_vrcam/models/sq01s80light_sq01s80anim_sq01s80flo_sierravalleyhighway_environmentdetail_gpr.mxm
pearl_vrcam/textures/sq01s80light_sierravalleyhighway_sky_mat_01_spot_diffuse.dds	1	1	pearl_vrcam/models/sq01s80light_sq01s80anim_sq01s80flo_sierravalleyhighway_environmentdetail_gpr.mxm
pearl_vrcam/textures/sq01s80light_sierravalleyhighway_trees_mat_02_spot_diffuse.dds	1	1	pearl_vrcam/models/sq01s80light_sq01s80anim_sq01s80flo_sierravalleyhighway_environmentdetail_gpr.mxm
pearl_vrcam/textures/sq01s80light_sierravalleyhighway_trees_mat_02_spot_fog.dds	1	1	pearl_vrcam/models/sq01s80light_sq01s80anim_sq01s80flo_sierravalleyhighway_environmentdetail_gpr.mxm
pearl_vrcam/textures/sq01s80light_sierravalleyhighway_trees_mat_02_spot_glow2.dds	1	1	pearl_vrcam/models/sq01s80light_sq01s80anim_sq01s80flo_sierravalleyhighway_environmentdetail_gpr.mxm
pearl_vrcam/textures/sq01s80light_sierravalleyhighway_trees_mat_03_spot_diffuse.dds	1	1	pearl_vrcam/models/sq01s80light_sq01s80anim_sq01s80flo_sierravalleyhighway_environmentdetail_gpr.mxm
pearl_vrcam/textures/sq01s80light_sierravalleyhighway_trees_mat_03_spot_fog.dds	1	1	pearl_vrcam/models/sq01s80light_sq01s80anim_sq01s80flo_sierravalleyhighway_environmentdetail_gpr.mxm
pearl_vrcam/textures/sq01s80light_stationwagonprodmodel_stationwagon_diffuse.dds	1	1	pearl_vrcam/models/sq01s80light_sq01s80anim_stationwagonrig_stationwagonprodmodel_stationwagon_grp.mxm
pearl_vrcam/textures/sq01s80light_stationwagonprodmodel_stationwagon_fog.dds	1	1	pearl_vrcam/models/sq01s80light_sq01s80anim_stationwagonrig_stationwagonprodmodel_stationwagon_grp.mxm
pearl_vrcam/textures/sq01s80light_stationwagonprodmodel_stationwagon_people_diffuse.dds	1	1	pearl_vrcam/models/sq01s80light_sq01s80anim_stationwagonrig_stationwagonprodmodel_stationwagon_grp.mxm
pearl_vrcam/textures/sq01s80light_uhaultruckprodmodel_uhaultruck_diffuse.dds	1	1	pearl_vrcam/models/sq01s80light_sq01s80anim_uhaultruckrig_uhaultruckprodmodel_uhaultruck_grp.mxm
pearl_vrcam/textures/sq01s80light_uhaultruckprodmodel_uhaultruck_people_diffuse.dds	1	1	pearl_vrcam/models/sq01s80light_sq01s80anim_uhaultruckrig_uhaultruckprodmodel_uhaultruck_grp.mxm
pearl_vrcam/textures/sq01s80light_vanprodmodel_van_diffuse.dds	1	1	pearl_vrcam/models/sq01s80light_sq01s80anim_vanrig_vanprodmodel_van_grp.mxm
pearl_vrcam/textures/sq01s80light_vanprodmodel_van_fog.dds	1	1	pearl_vrcam/models/sq01s80light_sq01s80anim_vanrig_vanprodmodel_van_grp.mxm
pearl_vrcam/textures/sq01s80light_volvoprodmodel_volvo_diffuse.dds	1	1	pearl_vrcam/models/sq01s80light_sq01s80anim_volvorig_volvoprodmodel_volvo_grp.mxm
pearl_vrcam/textures/sq01s80light_volvoprodmodel_volvo_diffuse_fog.dds	1	1	pearl_vrcam/models/sq01s80light_sq01s80anim_volvorig_volvoprodmodel_volvo_grp.mxm
pearl_vrcam/textures/sq02s10light_acousticguitar_diffuse_adjusted.dds	1	1	pearl_vrcam/models/sq02s10light_sq02s10anim_acousticguitar_acousticguitar.mxm
pearl_vrcam/textures/sq02s10light_backseat_diffuse.dds	1	1	pearl_vrcam/models/sq02s10light_sq02s10anim_model_sc0210_setdressingcarint_grp.mxm
pearl_vrcam/textures/sq02s10light_bagofchips_diffuse.dds	1	1	pearl_vrcam/models/sq02s10light_sq02s10anim_model_sc0210_setdressingcarint_grp.mxm
pearl_vrcam/textures/sq02s10light_billboard_etc_diffuse.dds	1	1	pearl_vrcam/models/sq02s10light_sq02s10anim_sq02s10flo_setdressingmainstreet_setdressingmainstreet_grp.mxm
pearl_vrcam/textures/sq02s10light_blankeyshd_diffuse.dds	1	1	pearl_vrcam/models/sq02s10light_sq02s10anim_model_sc0210_setdressingcarint_grp.mxm
pearl_vrcam/textures/sq02s10light_carbody_diffuse_adjusted.dds	1	2	pearl_vrcam/models/sq02s10light_carpearlnewextattachrig_carpearlnewextattach_carpearlextattach_grp_01.mxm
pearl_vrcam/textures/sq02s10light_carmirror_left_diffuse_adjusted.dds	1	1	pearl_vrcam/models/sq02s10light_sq02s10anim_carpearlnewrig_carpearl_grp.mxm
pearl_vrcam/textures/sq02s10light_carmirror_rear_diffuse_adjusted.dds	1	1	pearl_vrcam/models/sq02s10light_sq02s10anim_carpearlnewrig_carpearl_grp.mxm
pearl_vrcam/textures/sq02s10light_carmirror_right_diffuse_adjusted.dds	1	1	pearl_vrcam/models/sq02s10light_sq02s10anim_carpearlnewrig_carpearl_grp.mxm
pearl_vrcam/textures/sq02s10light_carseats_diffuse_adjusted.dds	1	1	pearl_vrcam/models/sq02s10light_sq02s10anim_carpearlnewrig_carpearl_grp.mxm
pearl_vrcam/textures/sq02s10light_city1_diffuse.dds	1	1	pearl_vrcam/models/sq02s10light_sq02s10anim_sq02s10flo_setdressingmainstreet_setdressingmainstreet_grp.mxm
pearl_vrcam/textures/sq02s10light_dadarms_diffuse_adjusted.dds	1	1	pearl_vrcam/models/sq02s10light_sq02s10anim_dadyoungrig_dadyoungprodmodel_dadym.mxm
pearl_vrcam/textures/sq02s10light_dadface_diffuse_adjusted.dds	1	1	pearl_vrcam/models/sq02s10light_sq02s10anim_dadyoungrig_dadyoungprodmodel_dadym.mxm
pearl_vrcam/textures/sq02s10light_dadfeatures_diffuse_adjusted.dds	1	1	pearl_vrcam/models/sq02s10light_sq02s10anim_dadyoungrig_dadyoungprodmodel_dadym.mxm
pearl_vrcam/textures/sq02s10light_dadglasses_diffuse_adjusted.dds	1	1	pearl_vrcam/models/sq02s10light_sq02s10anim_dadyoungrig_dadyoungprodmodel_dadym.mxm
pearl_vrcam/textures/sq02s10light_dadshirt_diffuse_adjusted.dds	1	1	pearl_vrcam/models/sq02s10light_sq02s10anim_dadyoungrig_dadyoungprodmodel_dadym.mxm
pearl_vrcam/textures/sq02s10light_dadvest_diffuse_adjusted.dds	1	1	pearl_vrcam/models/sq02s10light_sq02s10anim_dadyoungrig_dadyoungprodmodel_dadym.mxm
pearl_vrcam/textures/sq02s10light_dadyoung_hair_diffuse_adjusted.dds	1	1	pearl_vrcam/models/sq02s10light_sq02s10anim_dadyoungrig_dadyoungprodmodel_dadym.mxm
pearl_vrcam/textures/sq02s10light_dadyoungguitarcase_diffuse_adjusted.dds	1	1	pearl_vrcam/models/sq02s10light_sq02s10anim_dadyoungguitarcase_dadyoungguitarcase_grp.mxm
pearl_vrcam/textures/sq02s10light_dadyoungsurf_diffuse_adjusted.dds	1	1	pearl_vrcam/models/sq02s10light_sq02s10anim_dadyoungrig_dadyoungprodmodel_dadym.mxm
pearl_vrcam/textures/sq02s10light_dash_diffuse.dds	1	1	pearl_vrcam/models/sq02s10light_sq02s10anim_model_sc0210_setdressingcarint_grp.mxm
pearl_vrcam/textures/sq02s10light_doors_diffuse.dds	1	1	pearl_vrcam/models/sq02s10light_sq02s10anim_model_sc0210_setdressingcarint_grp.mxm
pearl_vrcam/textures/sq02s10light_fastfooddrink_diffuse.dds	1	1	pearl_vrcam/models/sq02s10light_sq02s10anim_model_sc0210_setdressingcarint_grp.mxm
pearl_vrcam/textures/sq02s10light_frontseat_diffuse.dds	1	1	pearl_vrcam/models/sq02s10light_sq02s10anim_model_sc0210_setdressingcarint_grp.mxm
pearl_vrcam/textures/sq02s10light_genericman01_diffuse.dds	1	1	pearl_vrcam/models/sq02s10light_sq02s10anim_sq02s10animcrowd_walking03_v008_genericman01rig_genericmanprodmodel_genericmanm.mxm
pearl_vrcam/textures/sq02s10light_genericman02_diffuse.dds	1	1	pearl_vrcam/models/sq02s10light_sq02s10anim_sq02s10animcrowd_walking2_v015_genericman01rig_genericmanprodmodel_genericmanm.mxm
pearl_vrcam/textures/sq02s10light_genericman03_diffuse.dds	1	1	pearl_vrcam/models/sq02s10light_sq02s10anim_sq02s10animcrowd_genericman01rig_genericmanprodmodel_genericmanm.mxm
pearl_vrcam/textures/sq02s10light_genericwoman01_diffuse.dds	1	1	pearl_vrcam/models/sq02s10light_sq02s10anim_sq02s10animcrowd_genericwomanrig_genericwomanprodmodel_genericwomanm.mxm
pearl_vrcam/textures/sq02s10light_mainstreetsurf_diffuse_adjusted.dds	1	1	pearl_vrcam/models/sq02s10light_sq02s10anim_sq02s10flo_mainstreet_mainstreet_grp_01.mxm
pearl_vrcam/textures/sq02s10light_mainstreetsurf_diffuse_adjusted_bright.dds	1	1	pearl_vrcam/models/sq02s10light_sq02s10anim_sq02s10flo_mainstreet_mainstreet_grp_01.mxm
pearl_vrcam/textures/sq02s10light_mainstreetsurf_shadow.dds	1	1	pearl_vrcam/models/sq02s10light_sq02s10anim_sq02s10flo_mainstreet_mainstreet_grp_01.mxm
pearl_vrcam/textures/sq02s10light_mainstreetsurf_shadow_adjusted.dds	1	1	pearl_vrcam/models/sq02s10light_sq02s10anim_sq02s10flo_mainstreet_mainstreet_grp_01.mxm
pearl_vrcam/textures/sq02s10light_map_diffuse.dds	1	1	pearl_vrcam/models/sq02s10light_sq02s10anim_model_sc0210_setdressingcarint_grp.mxm
pearl_vrcam/textures/sq02s10light_marquee_diffuse.dds	1	2	pearl_vrcam/models/sq02s10light_otheractors.mxm
pearl_vrcam/textures/sq02s10light_marquee_diffuse_shadow.dds	1	1	pearl_vrcam/models/sq02s10light_sq02s10anim_sq02s10flo_setdressingmainstreet_setdressingmainstreet_grp.mxm
pearl_vrcam/textures/sq02s10light_misc_diffuse.dds	1	1	pearl_vrcam/models/sq02s10light_sq02s10anim_model_sc0210_setdressingcarint_grp.mxm
pearl_vrcam/textures/sq02s10light_pickuptruck02_diffuse.dds	1	1	pearl_vrcam/models/sq02s10light_sq02s10anim_pickuptruck02rig_pickuptruck02prodmodel_pickuptruck02_grp.mxm
pearl_vrcam/textures/sq02s10light_portlandsidewalktexture.dds	1	1	pearl_vrcam/models/sq02s10light_otheractors.mxm
pearl_vrcam/textures/sq02s10light_posters_diffuse.dds	1	2	pearl_vrcam/models/sq02s10light_sq02s10anim_sq02s10flo_mainstreet_mainstreet_grp_01.mxm
pearl_vrcam/textures/sq02s10light_sarakid_boots_diffuse.dds	1	1	pearl_vrcam/models/sq02s10light_sq02s10anim_sarakidrig_sarakidprodmodel_sarakm.mxm
pearl_vrcam/textures/sq02s10light_sarakid_features_diffuse.dds	1	1	pearl_vrcam/models/sq02s10light_sq02s10anim_sarakidrig_sarakidprodmodel_sarakm.mxm
pearl_vrcam/textures/sq02s10light_sarakid_hair_diffuse.dds	1	1	pearl_vrcam/models/sq02s10light_sq02s10anim_sarakidrig_sarakidprodmodel_sarakm.mxm
pearl_vrcam/textures/sq02s10light_sarakid_longsleevedshirt_diffuse.dds	1	1	pearl_vrcam/models/sq02s10light_sq02s10anim_sarakidrig_sarakidprodmodel_sarakm.mxm
pearl_vrcam/textures/sq02s10light_sarakidbody_diffuse.dds	1	1	pearl_vrcam/models/sq02s10light_sq02s10anim_sarakidrig_sarakidprodmodel_sarakm.mxm
pearl_vrcam/textures/sq02s10light_setdressingmainstreet_diffuse.dds	1	1	pearl_vrcam/models/sq02s10light_sq02s10anim_sq02s10flo_setdressingmainstreet_setdressingmainstreet_grp.mxm
pearl_vrcam/textures/sq02s10light_setdressingmainstreet_diffuse_semilight.dds	1	1	pearl_vrcam/models/sq02s10light_sq02s10anim_sq02s10flo_setdressingmainstreet_setdressingmainstreet_grp.mxm
pearl_vrcam/textures/sq02s10light_setdressingmainstreet_shadow.dds	1	1	pearl_vrcam/models/sq02s10light_sq02s10anim_sq02s10flo_setdressingmainstreet_setdressingmainstreet_grp.mxm
pearl_vrcam/textures/sq02s10light_sky.dds	1	1	pearl_vrcam/models/sq02s10light_skydomegroup.mxm
pearl_vrcam/textures/sq02s10light_stationwagon_diffuse.dds	1	1	pearl_vrcam/models/sq02s10light_sq02s10anim_stationwagonrig_stationwagonprodmodel_stationwagon_grp.mxm
pearl_vrcam/textures/sq02s10light_trunk_diffuse.dds	1	1	pearl_vrcam/models/sq02s10light_sq02s10anim_model_sc0210_setdressingcarint_grp.mxm
pearl_vrcam/textures/sq02s10light_van_diffuse.dds	1	1	pearl_vrcam/models/sq02s10light_sq02s10anim_vanrig_vanprodmodel_van_grp.mxm
pearl_vrcam/textures/sq02s10light_volvo_diffuse.dds	1	1	pearl_vrcam/models/sq02s10light_sq02s10anim_volvorig_volvoprodmodel_volvo_grp.mxm
pearl_vrcam/textures/sq02s20light_acousticguitar_acousticguitar_shadow.dds	1	1	pearl_vrcam/models/sq02s20light_sq02s20anim_acousticguitar_acousticguitar.mxm
pearl_vrcam/textures/sq02s20light_bagofchips1_bagofchips_diffuse.dds	1	1	pearl_vrcam/models/sq02s20light_sq02s20anim_sq02s20flo_sc0220setdressing_sc0220setdressing.mxm
pearl_vrcam/textures/sq02s20light_bagofchips1_bagofchips_highlight.dds	1	1	pearl_vrcam/models/sq02s20light_sq02s20anim_sq02s20flo_sc0220setdressing_sc0220setdressing.mxm
pearl_vrcam/textures/sq02s20light_bagofgroceries_bagofgroceries_diffuse.dds	1	1	pearl_vrcam/models/sq02s20light_sq02s20anim_sq02s20flo_sc0220setdressing_sc0220setdressing.mxm
pearl_vrcam/textures/sq02s20light_bagofgroceries_bagofgroceries_highlight.dds	1	1	pearl_vrcam/models/sq02s20light_sq02s20anim_sq02s20flo_sc0220setdressing_sc0220setdressing.mxm
pearl_vrcam/textures/sq02s20light_beachball1_beachball_diffuse.dds	1	1	pearl_vrcam/models/sq02s20light_sq02s20anim_sq02s20flo_sc0220setdressing_sc0220setdressing.mxm
pearl_vrcam/textures/sq02s20light_billboard_etc_diffuse.dds	1	1	pearl_vrcam/models/sq02s20light_citybackground_grp_01.mxm
pearl_vrcam/textures/sq02s20light_cardboardboxa_cardboardboxa_diffuse.dds	1	1	pearl_vrcam/models/sq02s20light_sq02s20anim_sq02s20flo_sc0220setdressing_sc0220setdressing.mxm
pearl_vrcam/textures/sq02s20light_carpearlnew_carbody_shadow.dds	1	2	pearl_vrcam/models/sq02s20light_carpearlnewextattachrig_carpearlnewextattach_carpearlextattach_grp_01.mxm
pearl_vrcam/textures/sq02s20light_carpearlnew_carmirror_left_diffuse.dds	1	1	pearl_vrcam/models/sq02s20light_sq02s20anim_carpearlnewrig_carpearl_grp.mxm
pearl_vrcam/textures/sq02s20light_carpearlnew_carmirror_rear_diffuse.dds	1	1	pearl_vrcam/models/sq02s20light_rearviewmirror_01.mxm
pearl_vrcam/textures/sq02s20light_carpearlnew_carmirror_right_diffuse.dds	1	1	pearl_vrcam/models/sq02s20light_sq02s20anim_carpearlnewrig_carpearl_grp.mxm
pearl_vrcam/textures/sq02s20light_carpearlnew_carseats_dark_shadow.dds	1	1	pearl_vrcam/models/sq02s20light_sq02s20anim_carpearlnewrig_carpearl_grp.mxm
pearl_vrcam/textures/sq02s20light_carpearlnew_carseats_diffuse.dds	1	1	pearl_vrcam/models/sq02s20light_sq02s20anim_carpearlnewrig_carpearl_grp.mxm
pearl_vrcam/textures/sq02s20light_dadyoungprodmodel_dadarms_highlight.dds	1	1	pearl_vrcam/models/sq02s20light_sq02s20anim_dadyoungrig_dadyoungprodmodel_dadym.mxm
pearl_vrcam/textures/sq02s20light_dadyoungprodmodel_dadarms_shadow.dds	1	1	pearl_vrcam/models/sq02s20light_sq02s20anim_dadyoungrig_dadyoungprodmodel_dadym.mxm
pearl_vrcam/textures/sq02s20light_dadyoungprodmodel_dadface_highlight.dds	1	1	pearl_vrcam/models/sq02s20light_sq02s20anim_dadyoungrig_dadyoungprodmodel_dadym.mxm
pearl_vrcam/textures/sq02s20light_dadyoungprodmodel_dadface_shadow.dds	1	1	pearl_vrcam/models/sq02s20light_sq02s20anim_dadyoungrig_dadyoungprodmodel_dadym.mxm
pearl_vrcam/textures/sq02s20light_dadyoungprodmodel_dadfeatures_shadow.dds	1	1	pearl_vrcam/models/sq02s20light_sq02s20anim_dadyoungrig_dadyoungprodmodel_dadym.mxm
pearl_vrcam/textures/sq02s20light_dadyoungprodmodel_dadshirt_diffuse.dds	1	1	pearl_vrcam/models/sq02s20light_sq02s20anim_dadyoungrig_dadyoungprodmodel_dadym.mxm
pearl_vrcam/textures/sq02s20light_dadyoungprodmodel_dadshirt_highlight.dds	1	1	pearl_vrcam/models/sq02s20light_sq02s20anim_dadyoungrig_dadyoungprodmodel_dadym.mxm
pearl_vrcam/textures/sq02s20light_dadyoungprodmodel_dadshirt_shadow.dds	1	1	pearl_vrcam/models/sq02s20light_sq02s20anim_dadyoungrig_dadyoungprodmodel_dadym.mxm
pearl_vrcam/textures/sq02s20light_dadyoungprodmodel_dadyoung_hair_diffuse.dds	1	1	pearl_vrcam/models/sq02s20light_sq02s20anim_dadyoungrig_dadyoungprodmodel_dadym.mxm
pearl_vrcam/textures/sq02s20light_dadyoungprodmodel_dadyoungsurf_shadow.dds	1	1	pearl_vrcam/models/sq02s20light_sq02s20anim_dadyoungrig_dadyoungprodmodel_dadym.mxm
pearl_vrcam/textures/sq02s20light_gymbag_gymbag_diffuse.dds	1	1	pearl_vrcam/models/sq02s20light_sq02s20anim_sq02s20flo_sc0220setdressing_sc0220setdressing.mxm
pearl_vrcam/textures/sq02s20light_gymbag_gymbag_highlight.dds	1	1	pearl_vrcam/models/sq02s20light_sq02s20anim_sq02s20flo_sc0220setdressing_sc0220setdressing.mxm
pearl_vrcam/textures/sq02s20light_sarakidprodmodel_sarakid_boots_highlight.dds	1	1	pearl_vrcam/models/sq02s20light_sq02s20anim_sarakidrig_sarakidprodmodel_sarakm.mxm
pearl_vrcam/textures/sq02s20light_sarakidprodmodel_sarakid_boots_shadow.dds	1	1	pearl_vrcam/models/sq02s20light_sq02s20anim_sarakidrig_sarakidprodmodel_sarakm.mxm
pearl_vrcam/textures/sq02s20light_sarakidprodmodel_sarakid_clothes_highlight.dds	1	1	pearl_vrcam/models/sq02s20light_sq02s20anim_sarakidrig_sarakidprodmodel_sarakm.mxm
pearl_vrcam/textures/sq02s20light_sarakidprodmodel_sarakid_clothes_shadow.dds	1	1	pearl_vrcam/models/sq02s20light_sq02s20anim_sarakidrig_sarakidprodmodel_sarakm.mxm
pearl_vrcam/textures/sq02s20light_sarakidprodmodel_sarakid_features_shadow.dds	1	1	pearl_vrcam/models/sq02s20light_sq02s20anim_sarakidrig_sarakidprodmodel_sarakm.mxm
pearl_vrcam/textures/sq02s20light_sarakidprodmodel_sarakid_hair_highlight.dds	1	1	pearl_vrcam/models/sq02s20light_sq02s20anim_sarakidrig_sarakidprodmodel_sarakm.mxm
pearl_vrcam/textures/sq02s20light_sarakidprodmodel_sarakid_hair_shadow.dds	1	1	pearl_vrcam/models/sq02s20light_sq02s20anim_sarakidrig_sarakidprodmodel_sarakm.mxm
pearl_vrcam/textures/sq02s20light_sarakidprodmodel_sarakidbody_diffuse.dds	1	1	pearl_vrcam/models/sq02s20light_sq02s20anim_sarakidrig_sarakidprodmodel_sarakm.mxm
pearl_vrcam/textures/sq02s20light_sarakidprodmodel_sarakidshirt_highlight.dds	1	1	pearl_vrcam/models/sq02s20light_sq02s20anim_sarakidrig_sarakidprodmodel_sarakm.mxm
pearl_vrcam/textures/sq02s20light_sarakidprodmodel_sarakidshirt_shadow.dds	1	1	pearl_vrcam/models/sq02s20light_sq02s20anim_sarakidrig_sarakidprodmodel_sarakm.mxm
pearl_vrcam/textures/sq02s20light_sc0220setdressing_newspaper_main1_diffuse.dds	1	1	pearl_vrcam/models/sq02s20light_sq02s20anim_sq02s20flo_sc0220setdressing_sc0220setdressing.mxm
pearl_vrcam/textures/sq02s20light_sc0220setdressing_newspaper_main1_highlight.dds	1	1	pearl_vrcam/models/sq02s20light_sq02s20anim_sq02s20flo_sc0220setdressing_sc0220setdressing.mxm
pearl_vrcam/textures/sq02s20light_sc0220setdressing_sc0220setdressing_christmas_lights_diffuse.dds	1	1	pearl_vrcam/models/sq02s20light_sq02s20anim_sq02s20flo_sc0220setdressing_sc0220setdressing.mxm
pearl_vrcam/textures/sq02s20light_sc0220setdressing_sc0220setdressing_christmas_lights_highlight.dds	1	1	pearl_vrcam/models/sq02s20light_sq02s20anim_sq02s20flo_sc0220setdressing_sc0220setdressing.mxm
pearl_vrcam/textures/sq02s20light_sc0220setdressing_sc0220setdressing_diffuse.dds	1	1	pearl_vrcam/models/sq02s20light_sq02s20anim_sq02s20flo_sc0220setdressing_sc0220setdressing.mxm
pearl_vrcam/textures/sq02s20light_sc0220setdressing_sc0220setdressing_highlight.dds	1	1	pearl_vrcam/models/sq02s20light_sq02s20anim_sq02s20flo_sc0220setdressing_sc0220setdressing.mxm
pearl_vrcam/textures/sq02s20light_sc0220setdressing_sc0220setdressing_shadow.dds	1	1	pearl_vrcam/models/sq02s20light_sq02s20anim_sq02s20flo_sc0220setdressing_sc0220setdressing.mxm
pearl_vrcam/textures/sq02s20light_stuffedanimalb1_stuffedanimalb_diffuse.dds	1	1	pearl_vrcam/models/sq02s20light_sq02s20anim_sq02s20flo_sc0220setdressing_sc0220setdressing.mxm
pearl_vrcam/textures/sq02s20light_stuffedanimalb1_stuffedanimalb_highlight.dds	1	1	pearl_vrcam/models/sq02s20light_sq02s20anim_sq02s20flo_sc0220setdressing_sc0220setdressing.mxm
pearl_vrcam/textures/sq02s20light_xmasblankets_xmasblankets_diffuse.dds	1	1	pearl_vrcam/models/sq02s20light_xmasblankets_xmasblankets_grp_01.mxm
pearl_vrcam/textures/sq02s40light_carbody_dashlit.dds	1	2	pearl_vrcam/models/sq02s40light_carpearlnewextattachrig_carpearlnewextattach_carpearlextattach_grp_01.mxm
pearl_vrcam/textures/sq02s40light_carbody_diffuse.dds	1	2	pearl_vrcam/models/sq02s40light_carpearlnewextattachrig_carpearlnewextattach_carpearlextattach_grp_01.mxm
pearl_vrcam/textures/sq02s40light_carbody_shadow.dds	1	2	pearl_vrcam/models/sq02s40light_carpearlnewextattachrig_carpearlnewextattach_carpearlextattach_grp_01.mxm
pearl_vrcam/textures/sq02s40light_carmirror_left_diffuse.dds	1	1	pearl_vrcam/models/sq02s40light_sq02s40anim_carpearlnewrig_carpearl_grp.mxm
pearl_vrcam/textures/sq02s40light_carmirror_rear_diffuse.dds	1	1	pearl_vrcam/models/sq02s40light_sq02s40anim_carpearlnewrig_carpearl_grp.mxm
pearl_vrcam/textures/sq02s40light_carmirror_right_diffuse.dds	1	1	pearl_vrcam/models/sq02s40light_sq02s40anim_carpearlnewrig_carpearl_grp.mxm
pearl_vrcam/textures/sq02s40light_carseats_diffuse.dds	1	1	pearl_vrcam/models/sq02s40light_sq02s40anim_carpearlnewrig_carpearl_grp.mxm
pearl_vrcam/textures/sq02s40light_dadarms_diffuse.dds	1	1	pearl_vrcam/models/sq02s40light_sq02s40anim_dadyoungrig_dadyoungprodmodel_dadym.mxm
pearl_vrcam/textures/sq02s40light_dadface_diffuse.dds	1	1	pearl_vrcam/models/sq02s40light_sq02s40anim_dadyoungrig_dadyoungprodmodel_dadym.mxm
pearl_vrcam/textures/sq02s40light_dadfeatures_diffuse.dds	1	1	pearl_vrcam/models/sq02s40light_sq02s40anim_dadyoungrig_dadyoungprodmodel_dadym.mxm
pearl_vrcam/textures/sq02s40light_dadshirt_diffuse.dds	1	1	pearl_vrcam/models/sq02s40light_sq02s40anim_dadyoungrig_dadyoungprodmodel_dadym.mxm
pearl_vrcam/textures/sq02s40light_dadvest_diffuse.dds	1	1	pearl_vrcam/models/sq02s40light_sq02s40anim_dadyoungrig_dadyoungprodmodel_dadym.mxm
pearl_vrcam/textures/sq02s40light_dadyoung_hair_diffuse.dds	1	1	pearl_vrcam/models/sq02s40light_sq02s40anim_dadyoungrig_dadyoungprodmodel_dadym.mxm
pearl_vrcam/textures/sq02s40light_dadyoungguitarcase_diffuse.dds	1	1	pearl_vrcam/models/sq02s40light_sq02s40anim_dadyoungguitarcase1_dadyoungguitarcase_grp.mxm
pearl_vrcam/textures/sq02s40light_dadyoungsurf_diffuse.dds	1	1	pearl_vrcam/models/sq02s40light_sq02s40anim_dadyoungrig_dadyoungprodmodel_dadym.mxm
pearl_vrcam/textures/sq02s40light_fence_grey_mat_01_spot_diffuse.dds	1	1	pearl_vrcam/models/sq02s40light_sq02s40anim_sq02s40flo_outskirtsofsmalltown_outskirtsofsmalltown_grp_01.mxm
pearl_vrcam/textures/sq02s40light_lightvolume_diffuse.dds	1	1	pearl_vrcam/models/sq02s40light_sq02s40anim_sq02s40flo_outskirtsofsmalltown_outskirtsofsmalltown_grp_01.mxm
pearl_vrcam/textures/sq02s40light_outskirts_color_mat_01_spot_diffuse.dds	1	1	pearl_vrcam/models/sq02s40light_sq02s40anim_sq02s40flo_outskirtsofsmalltown_outskirtsofsmalltown_grp_01.mxm
pearl_vrcam/textures/sq02s40light_outskirtsofsmalltownsurf_diffuse.dds	1	1	pearl_vrcam/models/sq02s40light_sq02s40anim_sq02s40flo_outskirtsofsmalltown_outskirtsofsmalltown_grp_01.mxm
pearl_vrcam/textures/sq02s40light_outskirtsofsmalltownsurf_fog.dds	1	1	pearl_vrcam/models/sq02s40light_sq02s40anim_sq02s40flo_outskirtsofsmalltown_outskirtsofsmalltown_grp_01.mxm
pearl_vrcam/textures/sq02s40light_pickuptruck02rig1_pickuptruck02_diffuse.dds	1	1	pearl_vrcam/models/sq02s40light_sq02s40anim_pickuptruck02_01_scale_grp.mxm
pearl_vrcam/textures/sq02s40light_pickuptruck02rig_pickuptruck02_diffuse.dds	1	1	pearl_vrcam/models/sq02s40light_sq02s40anim_pickuptruck02_02_scale_grp.mxm
pearl_vrcam/textures/sq02s40light_sarakid_colormap_diffuse.dds	1	1	pearl_vrcam/models/sq02s40light_sq02s40anim_sarakidrig_sarakidprodmodel_sarakm.mxm
pearl_vrcam/textures/sq02s40light_sarakid_hair_diffuse.dds	1	1	pearl_vrcam/models/sq02s40light_sq02s40anim_sarakidrig_sarakidprodmodel_sarakm.mxm
pearl_vrcam/textures/sq02s40light_sarakid_longsleevedshirt_diffuse.dds	1	1	pearl_vrcam/models/sq02s40light_sq02s40anim_sarakidrig_sarakidprodmodel_sarakm.mxm
pearl_vrcam/textures/sq02s40light_sarakidbody_diffuse.dds	1	1	pearl_vrcam/models/sq02s40light_sq02s40anim_sarakidrig_sarakidprodmodel_sarakm.mxm
pearl_vrcam/textures/sq02s40light_semitruck02rig_semitruck02_diffuse.dds	1	1	pearl_vrcam/models/sq02s40light_sq02s40anim_semitruck02_scale_grp.mxm
pearl_vrcam/textures/sq02s40light_setdressing_backseat_diffuse.dds	1	1	pearl_vrcam/models/sq02s40light_sq02s40anim_sc0240setdressingcarint_sc0240_setdressingcarint_grp.mxm
pearl_vrcam/textures/sq02s40light_setdressing_dash_diffuse.dds	1	1	pearl_vrcam/models/sq02s40light_sq02s40anim_sc0240setdressingcarint_sc0240_setdressingcarint_grp.mxm
pearl_vrcam/textures/sq02s40light_setdressing_doors_diffuse.dds	1	1	pearl_vrcam/models/sq02s40light_sq02s40anim_sc0240setdressingcarint_sc0240_setdressingcarint_grp.mxm
pearl_vrcam/textures/sq02s40light_setdressing_frontseat_diffuse.dds	1	1	pearl_vrcam/models/sq02s40light_sq02s40anim_sc0240setdressingcarint_sc0240_setdressingcarint_grp.mxm
pearl_vrcam/textures/sq02s40light_setdressing_misc_diffuse.dds	1	1	pearl_vrcam/models/sq02s40light_sq02s40anim_sc0240setdressingcarint_sc0240_setdressingcarint_grp.mxm
pearl_vrcam/textures/sq02s40light_setdressing_trunk_diffuse.dds	1	1	pearl_vrcam/models/sq02s40light_sq02s40anim_sc0240setdressingcarint_sc0240_setdressingcarint_grp.mxm
pearl_vrcam/textures/sq02s40light_skydome_mat_01_spot_diffuse.dds	1	1	pearl_vrcam/models/sq02s40light_sq02s40anim_sq02s40flo_outskirtsofsmalltown_outskirtsofsmalltown_grp_01.mxm
pearl_vrcam/textures/sq02s40light_staticman02_v001_diffuse.dds	1	1	pearl_vrcam/models/sq02s40light_sq02s40anim_sq02s40animcrowd_staticman02_v001_genericman01rig_genericmanprodmodel_genericmanm.mxm
pearl_vrcam/textures/sq02s40light_staticman05_v001_diffuse.dds	1	1	pearl_vrcam/models/sq02s40light_sq02s40anim_sq02s40animcrowd_staticman05_v001_genericman01rig_genericmanprodmodel_genericmanm.mxm
pearl_vrcam/textures/sq02s40light_staticwoman01_v001_diffuse.dds	1	1	pearl_vrcam/models/sq02s40light_sq02s40anim_sq02s40animcrowd_staticwoman01_v001_genericwomanrig_genericwomanprodmodel_genericwomanm.mxm
pearl_vrcam/textures/sq02s40light_stationwagonrig_stationwagon_diffuse.dds	1	1	pearl_vrcam/models/sq02s40light_sq02s40anim_stationwagonrig_stationwagonprodmodel_stationwagon_grp.mxm
pearl_vrcam/textures/sq02s40light_stationwagonrig_stationwagon_people_diffuse.dds	1	1	pearl_vrcam/models/sq02s40light_sq02s40anim_stationwagonrig_stationwagonprodmodel_stationwagon_grp.mxm
pearl_vrcam/textures/sq02s40light_uhaultruckrig_uhaultruck_diffuse.dds	1	1	pearl_vrcam/models/sq02s40light_sq02s40anim_uhaultruckrig_uhaultruckprodmodel_uhaultruck_grp.mxm
pearl_vrcam/textures/sq02s40light_uhaultruckrig_uhaultruck_people_diffuse.dds	1	1	pearl_vrcam/models/sq02s40light_sq02s40anim_uhaultruckrig_uhaultruckprodmodel_uhaultruck_grp.mxm
pearl_vrcam/textures/sq02s40light_van_diffuse.dds	1	1	pearl_vrcam/models/sq02s40light_sq02s40anim_van_scalegrp.mxm
pearl_vrcam/textures/sq02s40light_volvo_diffuse.dds	1	1	pearl_vrcam/models/sq02s40light_sq02s40anim_volvorig_volvoprodmodel_volvo_grp.mxm
pearl_vrcam/textures/sq02s40light_walking1woman_v015_diffuse.dds	1	1	pearl_vrcam/models/sq02s40light_sq02s40anim_sq02s40animcrowd_walking1woman_v015_genericwomanrig_genericwomanprodmodel_genericwomanm.mxm
pearl_vrcam/textures/sq02s50light1_carpearlnew_carwindows_diffuse.dds	1	1	pearl_vrcam/models/sq02s50light_sq02s50anim_carpearlnewrig_carpearl_grp.mxm
pearl_vrcam/textures/sq02s50light_acousticguitar_acousticguitar_diffuse.dds	1	1	pearl_vrcam/models/sq02s50light_sq02s50anim_acousticguitar_acousticguitar.mxm
pearl_vrcam/textures/sq02s50light_campground_backgroundtrees_mat_01_spot_diffuse.dds	1	1	pearl_vrcam/models/sq02s50light_sq02s50anim_sq02s50flo_campground_campground_grp_01.mxm
pearl_vrcam/textures/sq02s50light_campground_backgroundtrees_mat_02_spot_diffuse.dds	1	1	pearl_vrcam/models/sq02s50light_sq02s50anim_sq02s50flo_campground_campground_grp_01.mxm
pearl_vrcam/textures/sq02s50light_campground_campground_diffuse.dds	1	1	pearl_vrcam/models/sq02s50light_sq02s50anim_sq02s50flo_campground_campground_grp_01.mxm
pearl_vrcam/textures/sq02s50light_campground_mountains_mat_01_spot_diffuse.dds	1	1	pearl_vrcam/models/sq02s50light_sq02s50anim_sq02s50flo_campground_campground_grp_01.mxm
pearl_vrcam/textures/sq02s50light_campground_sky_mat_01_spot_diffuse.dds	1	1	pearl_vrcam/models/sq02s50light_sq02s50anim_sq02s50flo_campground_campground_grp_01.mxm
pearl_vrcam/textures/sq02s50light_campground_snow_mat_01_spot_diffuse.dds	1	1	pearl_vrcam/models/sq02s50light_sq02s50anim_sq02s50flo_campground_campground_grp_01.mxm
pearl_vrcam/textures/sq02s50light_campground_snow_mat_02_spot_diffuse.dds	1	1	pearl_vrcam/models/sq02s50light_sq02s50anim_sq02s50flo_campground_campground_grp_01.mxm
pearl_vrcam/textures/sq02s50light_carpearlnew_carbody_diffuse.dds	1	2	pearl_vrcam/models/sq02s50light_carpearlnewextattachrig_carpearlnewextattach_carpearlextattach_grp_01.mxm
pearl_vrcam/textures/sq02s50light_carpearlnew_carbody_diffuse_v002.dds	1	1	pearl_vrcam/models/sq05s30light_sq05s30anim_carpearlnewrig_carpearl_grp.mxm
pearl_vrcam/textures/sq02s50light_carpearlnew_carbody_highlight_blue_desat_lighter.dds	1	2	pearl_vrcam/models/sq05s30light_carpearlnewextattachrig_carpearlnewextattach_carpearlextattach_grp_01.mxm
pearl_vrcam/textures/sq02s50light_carpearlnew_carbody_shadow_adjusted_03.dds	1	2	pearl_vrcam/models/sq05s30light_carpearlnewextattachrig_carpearlnewextattach_carpearlextattach_grp_01.mxm
pearl_vrcam/textures/sq02s50light_carpearlnew_carmirror_left_diffuse.dds	1	1	pearl_vrcam/models/sq02s50light_sq02s50anim_carpearlnewrig_carpearl_grp.mxm
pearl_vrcam/textures/sq02s50light_carpearlnew_carmirror_rear_diffuse.dds	1	1	pearl_vrcam/models/sq02s50light_sq02s50anim_carpearlnewrig_carpearl_grp.mxm
pearl_vrcam/textures/sq02s50light_carpearlnew_carmirror_right_diffuse.dds	1	1	pearl_vrcam/models/sq02s50light_sq02s50anim_carpearlnewrig_carpearl_grp.mxm
pearl_vrcam/textures/sq02s50light_carpearlnew_carseats_diffuse.dds	1	1	pearl_vrcam/models/sq02s50light_sq02s50anim_carpearlnewrig_carpearl_grp.mxm
pearl_vrcam/textures/sq02s50light_dadyoungprodmodel_dadarms_diffuse.dds	1	1	pearl_vrcam/models/sq02s50light_sq02s50anim_dadyoungrig_dadyoungprodmodel_dadym.mxm
pearl_vrcam/textures/sq02s50light_dadyoungprodmodel_dadface_diffuse.dds	1	1	pearl_vrcam/models/sq02s50light_sq02s50anim_dadyoungrig_dadyoungprodmodel_dadym.mxm
pearl_vrcam/textures/sq02s50light_dadyoungprodmodel_dadfeatures_diffuse.dds	1	1	pearl_vrcam/models/sq02s50light_sq02s50anim_dadyoungrig_dadyoungprodmodel_dadym.mxm
pearl_vrcam/textures/sq02s50light_dadyoungprodmodel_dadshirt_pink_diffuse.dds	1	1	pearl_vrcam/models/sq02s50light_sq02s50anim_dadyoungrig_dadyoungprodmodel_dadym.mxm
pearl_vrcam/textures/sq02s50light_dadyoungprodmodel_dadyoung_hair_diffuse.dds	1	1	pearl_vrcam/models/sq02s50light_sq02s50anim_dadyoungrig_dadyoungprodmodel_dadym.mxm
pearl_vrcam/textures/sq02s50light_dadyoungprodmodel_dadyoung_jacket_diffuse.dds	1	1	pearl_vrcam/models/sq02s50light_sq02s50anim_dadyoungrig_dadyoungprodmodel_dadym.mxm
pearl_vrcam/textures/sq02s50light_dadyoungprodmodel_dadyoungsurf_diffuse.dds	1	1	pearl_vrcam/models/sq02s50light_sq02s50anim_dadyoungrig_dadyoungprodmodel_dadym.mxm
pearl_vrcam/textures/sq02s50light_gymbag1_gymbag_diffuse.dds	1	1	pearl_vrcam/models/sq02s50light_sq02s50anim_sc0250setdressinga_sc0250setdressinga.mxm
pearl_vrcam/textures/sq02s50light_sarakidprodmodel_sarakid_boots_diffuse.dds	1	1	pearl_vrcam/models/sq02s50light_sq02s50anim_sarakidrig_sarakidprodmodel_sarakm.mxm
pearl_vrcam/textures/sq02s50light_sarakidprodmodel_sarakid_clothes_diffuse.dds	1	1	pearl_vrcam/models/sq02s50light_sq02s50anim_sarakidrig_sarakidprodmodel_sarakm.mxm
pearl_vrcam/textures/sq02s50light_sarakidprodmodel_sarakid_features_diffuse.dds	1	1	pearl_vrcam/models/sq02s50light_sq02s50anim_sarakidrig_sarakidprodmodel_sarakm.mxm
pearl_vrcam/textures/sq02s50light_sarakidprodmodel_sarakid_hair_diffuse.dds	1	1	pearl_vrcam/models/sq02s50light_sq02s50anim_sarakidrig_sarakidprodmodel_sarakm.mxm
pearl_vrcam/textures/sq02s50light_sarakidprodmodel_sarakidbody_diffuse.dds	1	1	pearl_vrcam/models/sq02s50light_sq02s50anim_sarakidrig_sarakidprodmodel_sarakm.mxm
pearl_vrcam/textures/sq02s50light_sarakidprodmodel_sarakidshirt_diffuse.dds	1	1	pearl_vrcam/models/sq02s50light_sq02s50anim_sarakidrig_sarakidprodmodel_sarakm.mxm
pearl_vrcam/textures/sq02s50light_sc0250setdressing_sc0250setdressing_back_diffuse.dds	1	1	pearl_vrcam/models/sq02s50light_sq02s50anim_sc0250setdressing_sc0250setdressing_grp.mxm
pearl_vrcam/textures/sq02s50light_sc0250setdressing_sc0250setdressing_front_diffuse.dds	1	1	pearl_vrcam/models/sq02s50light_sq02s50anim_sc0250setdressing_sc0250setdressing_grp.mxm
pearl_vrcam/textures/sq02s50light_stuffedanimalb1_stuffedanimalb_diffuse.dds	1	1	pearl_vrcam/models/sq02s50light_sq02s50anim_sc0250setdressinga_sc0250setdressinga.mxm
pearl_vrcam/textures/sq02s60light_acousticguitar_acousticguitar_diffuse.dds	1	1	pearl_vrcam/models/sq02s60light_sq02s60anim_acousticguitar_acousticguitar.mxm
pearl_vrcam/textures/sq02s60light_blanket01_back_diffuse.dds	1	1	pearl_vrcam/models/sq02s60light_sq02s60anim_sc0260setdressingcarinta_sc0260setdressinga.mxm
pearl_vrcam/textures/sq02s60light_carpearlnew_carbody_diffuse.dds	1	2	pearl_vrcam/models/sq02s60light_carpearlnewextattachrig_carpearlnewextattach_carpearlextattach_grp_01.mxm
pearl_vrcam/textures/sq02s60light_carpearlnew_carbody_highlight.dds	1	2	pearl_vrcam/models/sq02s60light_carpearlnewextattachrig_carpearlnewextattach_carpearlextattach_grp_01.mxm
pearl_vrcam/textures/sq02s60light_carpearlnew_carbody_shadow.dds	1	2	pearl_vrcam/models/sq02s60light_carpearlnewextattachrig_carpearlnewextattach_carpearlextattach_grp_01.mxm
pearl_vrcam/textures/sq02s60light_carpearlnew_carseats_diffuse.dds	1	1	pearl_vrcam/models/sq02s60light_sq02s60anim_carpearlnewrig_carpearl_grp.mxm
pearl_vrcam/textures/sq02s60light_carpearlnew_carseats_highlight.dds	1	1	pearl_vrcam/models/sq02s60light_sq02s60anim_carpearlnewrig_carpearl_grp.mxm
pearl_vrcam/textures/sq02s60light_carpearlnew_carseats_shadow.dds	1	1	pearl_vrcam/models/sq02s60light_sq02s60anim_carpearlnewrig_carpearl_grp.mxm
pearl_vrcam/textures/sq02s60light_carpearlnew_carwindows_diffuse.dds	1	1	pearl_vrcam/models/sq02s60light_sq02s60anim_carpearlnewrig_carpearl_grp.mxm
pearl_vrcam/textures/sq02s60light_carpearlnew_carwindows_warp.dds	1	1	pearl_vrcam/models/sq02s60light_sq02s60anim_carpearlnewrig_carpearl_grp.mxm
pearl_vrcam/textures/sq02s60light_copcarprodmodel_copcar_diffuse.dds	1	1	pearl_vrcam/models/sq02s60light_sq02s60anim_copcarrig_copcarprodmodel_copcar_grp.mxm
pearl_vrcam/textures/sq02s60light_copcarprodmodel_copcar_people_diffuse.dds	1	1	pearl_vrcam/models/sq02s60light_sq02s60anim_copcarrig_copcarprodmodel_copcar_grp.mxm
pearl_vrcam/textures/sq02s60light_dadyoungguitarcase_dadyoungguitarcase_diffuse.dds	1	1	pearl_vrcam/models/sq02s60light_sq02s60anim_sq02s60animcrowd_dadyoungguitarcase_dadyoungguitarcase_grp.mxm
pearl_vrcam/textures/sq02s60light_dadyoungprodmodel_dadarms_diffuse.dds	1	1	pearl_vrcam/models/sq02s60light_sq02s60anim_dadyoungrig_dadyoungprodmodel_dadym.mxm
pearl_vrcam/textures/sq02s60light_dadyoungprodmodel_dadface_diffuse.dds	1	1	pearl_vrcam/models/sq02s60light_sq02s60anim_dadyoungrig_dadyoungprodmodel_dadym.mxm
pearl_vrcam/textures/sq02s60light_dadyoungprodmodel_dadfeatures_diffuse.dds	1	1	pearl_vrcam/models/sq02s60light_sq02s60anim_dadyoungrig_dadyoungprodmodel_dadym.mxm
pearl_vrcam/textures/sq02s60light_dadyoungprodmodel_dadglasses_diffuse.dds	1	1	pearl_vrcam/models/sq02s60light_sq02s60anim_dadyoungrig_dadyoungprodmodel_dadym.mxm
pearl_vrcam/textures/sq02s60light_dadyoungprodmodel_dadshirt_diffuse.dds	1	1	pearl_vrcam/models/sq02s60light_sq02s60anim_dadyoungrig_dadyoungprodmodel_dadym.mxm
pearl_vrcam/textures/sq02s60light_dadyoungprodmodel_dadyoung_hair_diffuse.dds	1	1	pearl_vrcam/models/sq02s60light_sq02s60anim_dadyoungrig_dadyoungprodmodel_dadym.mxm
pearl_vrcam/textures/sq02s60light_dadyoungprodmodel_dadyoung_jacket_diffuse.dds	1	1	pearl_vrcam/models/sq02s60light_sq02s60anim_dadyoungrig_dadyoungprodmodel_dadym.mxm
pearl_vrcam/textures/sq02s60light_dadyoungprodmodel_dadyoungsurf_diffuse.dds	1	1	pearl_vrcam/models/sq02s60light_sq02s60anim_dadyoungrig_dadyoungprodmodel_dadym.mxm
pearl_vrcam/textures/sq02s60light_fastfooddrink_fastfooddrink_diffuse.dds	1	1	pearl_vrcam/models/sq02s60light_sq02s60anim_sc0260setdressingcarinta_fastfooddrink_fastfooddrink_grp.mxm
pearl_vrcam/textures/sq02s60light_genericboyprodmodel_genericboy_diffuse.dds	1	1	pearl_vrcam/models/sq02s60light_sq02s60anim_sq02s60animcrowd_boyspectator_v001_genericboy01rig_genericboyprodmodel_genericboym.mxm
pearl_vrcam/textures/sq02s60light_pickuptruck02prodmodel_pickuptruck02_diffuse.dds	1	1	pearl_vrcam/models/sq02s60light_sq02s60anim_pickuptruck02rig_pickuptruck02prodmodel_pickuptruck02_grp.mxm
pearl_vrcam/textures/sq02s60light_sarakidprodmodel_sarakid_boots_diffuse.dds	1	1	pearl_vrcam/models/sq02s60light_sq02s60anim_sarakidrig_sarakidprodmodel_sarakm.mxm
pearl_vrcam/textures/sq02s60light_sarakidprodmodel_sarakid_clothes_diffuse.dds	1	1	pearl_vrcam/models/sq02s60light_sq02s60anim_sarakidrig_sarakidprodmodel_sarakm.mxm
pearl_vrcam/textures/sq02s60light_sarakidprodmodel_sarakid_features_diffuse.dds	1	1	pearl_vrcam/models/sq02s60light_sq02s60anim_sarakidrig_sarakidprodmodel_sarakm.mxm
pearl_vrcam/textures/sq02s60light_sarakidprodmodel_sarakid_hair_diffuse.dds	1	1	pearl_vrcam/models/sq02s60light_sq02s60anim_sarakidrig_sarakidprodmodel_sarakm.mxm
pearl_vrcam/textures/sq02s60light_sarakidprodmodel_sarakidbody_diffuse.dds	1	1	pearl_vrcam/models/sq02s60light_sq02s60anim_sarakidrig_sarakidprodmodel_sarakm.mxm
pearl_vrcam/textures/sq02s60light_sc0260setdressingcarinta_backseat_diffuse.dds	1	1	pearl_vrcam/models/sq02s60light_sq02s60anim_sc0260setdressingcarinta_sc0260setdressinga.mxm
pearl_vrcam/textures/sq02s60light_sc0260setdressingcarinta_bagofchips_diffuse.dds	1	1	pearl_vrcam/models/sq02s60light_sq02s60anim_sc0260setdressingcarinta_sc0260setdressinga.mxm
pearl_vrcam/textures/sq02s60light_sc0260setdressingcarinta_beadsdecoration_diffuse.dds	1	1	pearl_vrcam/models/sq02s60light_sq02s60anim_sc0260setdressingcarinta_sc0260setdressinga.mxm
pearl_vrcam/textures/sq02s60light_sc0260setdressingcarinta_blankeyshd_diffuse.dds	1	1	pearl_vrcam/models/sq02s60light_sq02s60anim_sc0260setdressingcarinta_sc0260setdressinga.mxm
pearl_vrcam/textures/sq02s60light_sc0260setdressingcarinta_cardboardboxa_diffuse.dds	1	1	pearl_vrcam/models/sq02s60light_sq02s60anim_sc0260setdressingcarinta_sc0260setdressinga.mxm
pearl_vrcam/textures/sq02s60light_sc0260setdressingcarinta_dadsshoe_diffuse.dds	1	1	pearl_vrcam/models/sq02s60light_sq02s60anim_sc0260setdressingcarinta_sc0260setdressinga.mxm
pearl_vrcam/textures/sq02s60light_sc0260setdressingcarinta_dash_diffuse.dds	1	1	pearl_vrcam/models/sq02s60light_sq02s60anim_sc0260setdressingcarinta_sc0260setdressinga.mxm
pearl_vrcam/textures/sq02s60light_sc0260setdressingcarinta_doors_diffuse.dds	1	1	pearl_vrcam/models/sq02s60light_sq02s60anim_sc0260setdressingcarinta_sc0260setdressinga.mxm
pearl_vrcam/textures/sq02s60light_sc0260setdressingcarinta_legalpad_mtl1_diffuse.dds	1	1	pearl_vrcam/models/sq02s60light_sq02s60anim_sc0260setdressingcarinta_sc0260setdressinga.mxm
pearl_vrcam/textures/sq02s60light_sc0260setdressingcarinta_map_diffuse.dds	1	1	pearl_vrcam/models/sq02s60light_sq02s60anim_sc0260setdressingcarinta_sc0260setdressinga.mxm
pearl_vrcam/textures/sq02s60light_sc0260setdressingcarinta_misc_diffuse.dds	1	1	pearl_vrcam/models/sq02s60light_sq02s60anim_sc0260setdressingcarinta_sc0260setdressinga.mxm
pearl_vrcam/textures/sq02s60light_sc0260setdressingcarinta_sc0250setdressing_back_diffuse.dds	1	1	pearl_vrcam/models/sq02s60light_sq02s60anim_sc0260setdressingcarinta_sc0260setdressinga.mxm
pearl_vrcam/textures/sq02s60light_sc0260setdressingcarinta_sc0250setdressing_front_diffuse.dds	1	1	pearl_vrcam/models/sq02s60light_sq02s60anim_sc0260setdressingcarinta_sc0260setdressinga.mxm
pearl_vrcam/textures/sq02s60light_sc0260setdressingcarinta_stuffedanimalb_mtl1_diffuse.dds	1	1	pearl_vrcam/models/sq02s60light_sq02s60anim_sc0260setdressingcarinta_sc0260setdressinga.mxm
pearl_vrcam/textures/sq02s60light_sc0260setdressingcarinta_trunk_diffuse.dds	1	1	pearl_vrcam/models/sq02s60light_sq02s60anim_sc0260setdressingcarinta_sc0260setdressinga.mxm
pearl_vrcam/textures/sq02s60light_sc0260setdressingcarintb_sc0260setdressingcarintb_diffuse.dds	1	1	pearl_vrcam/models/sq02s60light_sq02s60anim_sc0260setdressingcarintb_sc0260setdressingb.mxm
pearl_vrcam/textures/sq02s60light_spectator01_v008_genericmanprodmodel_genericman_diffuse.dds	1	1	pearl_vrcam/models/sq02s60light_sq02s60anim_sq02s60animcrowd_spectator01_v008_genericman01rig_genericmanprodmodel_genericmanm.mxm
pearl_vrcam/textures/sq02s60light_spectator02_v004_genericwomanprodmodel_genericwoman_diffuse.dds	1	1	pearl_vrcam/models/sq02s60light_sq02s60anim_sq02s60animcrowd_spectator02_v004_genericwomanrig_genericwomanprodmodel_genericwomanm.mxm
pearl_vrcam/textures/sq02s60light_spectator03_v007_genericmanprodmodel_genericman_diffuse.dds	1	1	pearl_vrcam/models/sq02s60light_sq02s60anim_sq02s60animcrowd_spectator03_v007_genericman01rig_genericmanprodmodel_genericmanm.mxm
pearl_vrcam/textures/sq02s60light_spectator04_v003_genericmanprodmodel_genericman_diffuse.dds	1	1	pearl_vrcam/models/sq02s60light_sq02s60anim_sq02s60animcrowd_spectator04_v003_genericman01rig_genericmanprodmodel_genericmanm.mxm
pearl_vrcam/textures/sq02s60light_sq02s60animcrowd_genericmanprodmodel_genericman_diffuse.dds	1	1	pearl_vrcam/models/sq02s60light_sq02s60anim_sq02s60animcrowd_genericman01rig_genericmanprodmodel_genericmanm.mxm
pearl_vrcam/textures/sq02s60light_sq02s60animcrowd_genericwomanprodmodel_genericwoman_diffuse.dds	1	1	pearl_vrcam/models/sq02s60light_sq02s60anim_sq02s60animcrowd_genericwomanrig_genericwomanprodmodel_genericwomanm.mxm
pearl_vrcam/textures/sq02s60light_stationwagonprodmodel_stationwagon_diffuse.dds	1	1	pearl_vrcam/models/sq02s60light_sq02s60anim_stationwagonrig_stationwagonprodmodel_stationwagon_grp.mxm
pearl_vrcam/textures/sq02s60light_stationwagonprodmodel_stationwagon_people_diffuse.dds	1	1	pearl_vrcam/models/sq02s60light_sq02s60anim_stationwagonrig_stationwagonprodmodel_stationwagon_grp.mxm
pearl_vrcam/textures/sq02s60light_touristymountiainstreet_sky_mat_01_spot_diffuse.dds	1	2	pearl_vrcam/models/sq02s60light_sq02s60anim_carpearlnewrig_carpearl_grp.mxm
pearl_vrcam/textures/sq02s60light_towtruckprodmodel_towtruckprodmodel_diffuse.dds	1	1	pearl_vrcam/models/sq02s60light_sq02s60anim_towtruckrig_towtruckprodmodel_towtruck_grp.mxm
pearl_vrcam/textures/sq02s60light_vanprodmodel_van_diffuse.dds	1	1	pearl_vrcam/models/sq02s60light_sq02s60anim_vanrig_vanprodmodel_van_grp.mxm
pearl_vrcam/textures/sq02s60light_volvoprodmodel_volvo_diffuse.dds	1	1	pearl_vrcam/models/sq02s60light_sq02s60anim_volvorig_volvoprodmodel_volvo_grp.mxm
pearl_vrcam/textures/sq03s10light_bagofgroceries_bagofgroceries_diffuse.dds	1	1	pearl_vrcam/models/sq03s10light_sq03s10anim_bag_control.mxm
pearl_vrcam/textures/sq03s10light_bagofgroceries_diffuse.dds	1	1	pearl_vrcam/models/sq03s10light_sq03s10anim_sc0310setdressingb_sc0310setdressingb_grp_01.mxm
pearl_vrcam/textures/sq03s10light_bagofgroceries_highlight.dds	1	1	pearl_vrcam/models/sq03s10light_sq03s10anim_sc0310setdressingb_sc0310setdressingb_grp_01.mxm
pearl_vrcam/textures/sq03s10light_beachball_diffuse.dds	1	1	pearl_vrcam/models/sq03s10light_sq03s10anim_sc0310setdressingb_sc0310setdressingb_grp_01.mxm
pearl_vrcam/textures/sq03s10light_beachball_highlight.dds	1	1	pearl_vrcam/models/sq03s10light_sq03s10anim_sc0310setdressingb_sc0310setdressingb_grp_01.mxm
pearl_vrcam/textures/sq03s10light_beadsdecoration_beadsdecoration_diffuse.dds	1	1	pearl_vrcam/models/sq03s10light_sq03s10anim_sc0310setdressingb_sc0310setdressingb_grp_01.mxm
pearl_vrcam/textures/sq03s10light_cardboardboxa_diffuse.dds	1	2	pearl_vrcam/models/sq03s10light_sc0310setdressingvr_cardboardbox_grp.mxm
pearl_vrcam/textures/sq03s10light_carpearlnew_carbody_diffuse.dds	1	2	pearl_vrcam/models/sq03s10light_carpearlnewextattachrig_carpearlnewextattach_carpearlextattach_grp_01.mxm
pearl_vrcam/textures/sq03s10light_carpearlnew_carbody_highlight.dds	1	2	pearl_vrcam/models/sq03s10light_carpearlnewextattachrig_carpearlnewextattach_carpearlextattach_grp_01.mxm
pearl_vrcam/textures/sq03s10light_carpearlnew_carmirror_left_diffuse.dds	1	1	pearl_vrcam/models/sq03s10light_sq03s10anim_carpearlnewrig_carpearl_grp.mxm
pearl_vrcam/textures/sq03s10light_carpearlnew_carmirror_rear_diffuse.dds	1	1	pearl_vrcam/models/sq03s10light_sq03s10anim_carpearlnewrig_carpearl_grp.mxm
pearl_vrcam/textures/sq03s10light_carpearlnew_carmirror_right_diffuse.dds	1	1	pearl_vrcam/models/sq03s10light_sq03s10anim_carpearlnewrig_carpearl_grp.mxm
pearl_vrcam/textures/sq03s10light_carpearlnew_carseats_diffuse.dds	1	1	pearl_vrcam/models/sq03s10light_sq03s10anim_carpearlnewrig_carpearl_grp.mxm
pearl_vrcam/textures/sq03s10light_carpearlnew_carseats_highlight.dds	1	1	pearl_vrcam/models/sq03s10light_sq03s10anim_carpearlnewrig_carpearl_grp.mxm
pearl_vrcam/textures/sq03s10light_dadsshoe_diffuse.dds	1	1	pearl_vrcam/models/sq03s10light_sq03s10anim_sc0310setdressingb_sc0310setdressingb_grp_01.mxm
pearl_vrcam/textures/sq03s10light_dadyoungguitarcase_diffuse.dds	1	1	pearl_vrcam/models/sq03s10light_sq03s10anim_sc0310setdressingb_sc0310setdressingb_grp_01.mxm
pearl_vrcam/textures/sq03s10light_dadyoungguitarcase_highlight.dds	1	1	pearl_vrcam/models/sq03s10light_sq03s10anim_sc0310setdressingb_sc0310setdressingb_grp_01.mxm
pearl_vrcam/textures/sq03s10light_dadyoungprodmodel_dadarms_diffuse.dds	1	1	pearl_vrcam/models/sq03s10light_sq03s10anim_dadyoungrig_dadyoungprodmodel_dadym.mxm
pearl_vrcam/textures/sq03s10light_dadyoungprodmodel_dadface_diffuse.dds	1	1	pearl_vrcam/models/sq03s10light_sq03s10anim_dadyoungrig_dadyoungprodmodel_dadym.mxm
pearl_vrcam/textures/sq03s10light_dadyoungprodmodel_dadfeatures_diffuse.dds	1	1	pearl_vrcam/models/sq03s10light_sq03s10anim_dadyoungrig_dadyoungprodmodel_dadym.mxm
pearl_vrcam/textures/sq03s10light_dadyoungprodmodel_dadfeatures_highlight.dds	1	1	pearl_vrcam/models/sq03s10light_sq03s10anim_dadyoungrig_dadyoungprodmodel_dadym.mxm
pearl_vrcam/textures/sq03s10light_dadyoungprodmodel_dadshirt_diffuse.dds	1	1	pearl_vrcam/models/sq03s10light_sq03s10anim_dadyoungrig_dadyoungprodmodel_dadym.mxm
pearl_vrcam/textures/sq03s10light_dadyoungprodmodel_dadyoung_hair_diffuse.dds	1	1	pearl_vrcam/models/sq03s10light_sq03s10anim_dadyoungrig_dadyoungprodmodel_dadym.mxm
pearl_vrcam/textures/sq03s10light_dadyoungprodmodel_dadyoung_jacket_diffuse.dds	1	1	pearl_vrcam/models/sq03s10light_sq03s10anim_dadyoungrig_dadyoungprodmodel_dadym.mxm
pearl_vrcam/textures/sq03s10light_dadyoungprodmodel_dadyoungsurf_diffuse.dds	1	1	pearl_vrcam/models/sq03s10light_sq03s10anim_dadyoungrig_dadyoungprodmodel_dadym.mxm
pearl_vrcam/textures/sq03s10light_genericboyprodmodel_genericboy_diffuse.dds	1	1	pearl_vrcam/models/sq03s10light_sq03s10anim_genericboy01rig_genericboyprodmodel_genericboym.mxm
pearl_vrcam/textures/sq03s10light_genericboyprodmodel_genericboy_glowcolor1.dds	1	1	pearl_vrcam/models/sq03s10light_sq03s10anim_genericboy01rig_genericboyprodmodel_genericboym.mxm
pearl_vrcam/textures/sq03s10light_genericgirlprodmodel_genericgirl_body_diffuse.dds	1	1	pearl_vrcam/models/sq03s10light_sq03s10anim_genericgirl01rig_genericgirlprodmodel_genericgirlm.mxm
pearl_vrcam/textures/sq03s10light_genericgirlprodmodel_genericgirl_body_glowcolor1.dds	1	1	pearl_vrcam/models/sq03s10light_sq03s10anim_genericgirl01rig_genericgirlprodmodel_genericgirlm.mxm
pearl_vrcam/textures/sq03s10light_genericgirlprodmodel_genericgirl_diffuse.dds	1	1	pearl_vrcam/models/sq03s10light_sq03s10anim_genericgirl01rig_genericgirlprodmodel_genericgirlm.mxm
pearl_vrcam/textures/sq03s10light_genericgirlprodmodel_genericgirl_glowcolor1.dds	1	1	pearl_vrcam/models/sq03s10light_sq03s10anim_genericgirl01rig_genericgirlprodmodel_genericgirlm.mxm
pearl_vrcam/textures/sq03s10light_genericgirlprodmodel_genericgirl_hair_diffuse.dds	1	1	pearl_vrcam/models/sq03s10light_sq03s10anim_genericgirl01rig_genericgirlprodmodel_genericgirlm.mxm
pearl_vrcam/textures/sq03s10light_genericgirlprodmodel_genericgirl_hair_glowcolor1.dds	1	1	pearl_vrcam/models/sq03s10light_sq03s10anim_genericgirl01rig_genericgirlprodmodel_genericgirlm.mxm
pearl_vrcam/textures/sq03s10light_genericmanprodmodel_genericman_diffuse.dds	1	1	pearl_vrcam/models/sq03s10light_sq03s10anim_genericman01rig_genericmanprodmodel_genericmanm.mxm
pearl_vrcam/textures/sq03s10light_genericmanprodmodel_genericman_glowcolor1.dds	1	1	pearl_vrcam/models/sq03s10light_sq03s10anim_genericman01rig_genericmanprodmodel_genericmanm.mxm
pearl_vrcam/textures/sq03s10light_genericwomanprodmodel_genericwoman_diffuse.dds	1	1	pearl_vrcam/models/sq03s10light_sq03s10anim_genericwomanrig_genericwomanprodmodel_genericwomanm.mxm
pearl_vrcam/textures/sq03s10light_genericwomanprodmodel_genericwoman_glowcolor1.dds	1	1	pearl_vrcam/models/sq03s10light_sq03s10anim_genericwomanrig_genericwomanprodmodel_genericwomanm.mxm
pearl_vrcam/textures/sq03s10light_gymbag_diffuse.dds	1	1	pearl_vrcam/models/sq03s10light_sq03s10anim_sc0310setdressingb_sc0310setdressingb_grp_01.mxm
pearl_vrcam/textures/sq03s10light_gymbag_highlight.dds	1	1	pearl_vrcam/models/sq03s10light_sq03s10anim_sc0310setdressingb_sc0310setdressingb_grp_01.mxm
pearl_vrcam/textures/sq03s10light_legalpad_diffuse.dds	1	1	pearl_vrcam/models/sq03s10light_sq03s10anim_sc0310setdressingb_sc0310setdressingb_grp_01.mxm
pearl_vrcam/textures/sq03s10light_nexttopark_bow_mat_01_spot_diffuse.dds	1	1	pearl_vrcam/models/sq03s10light_sq03s10anim_sq03s10_nexttopark_nexttopark_grp_01.mxm
pearl_vrcam/textures/sq03s10light_nexttopark_bush_mat_01_spot_diffuse.dds	1	1	pearl_vrcam/models/sq03s10light_sq03s10anim_sq03s10_nexttopark_nexttopark_grp_01.mxm
pearl_vrcam/textures/sq03s10light_nexttopark_logs_mat_01_spot_diffuse.dds	1	1	pearl_vrcam/models/sq03s10light_sq03s10anim_sq03s10_nexttopark_nexttopark_grp_01.mxm
pearl_vrcam/textures/sq03s10light_nexttopark_mountains_mat_01_spot_diffuse.dds	1	1	pearl_vrcam/models/sq03s10light_sq03s10anim_sq03s10_nexttopark_nexttopark_grp_01.mxm
pearl_vrcam/textures/sq03s10light_nexttopark_mountains_mat_02_spot_diffuse.dds	1	1	pearl_vrcam/models/sq03s10light_sq03s10anim_sq03s10_nexttopark_nexttopark_grp_01.mxm
pearl_vrcam/textures/sq03s10light_nexttopark_nexttopark_diffuse.dds	1	1	pearl_vrcam/models/sq03s10light_sq03s10anim_sq03s10_nexttopark_nexttopark_grp_01.mxm
pearl_vrcam/textures/sq03s10light_nexttopark_sign_mat_05_spot_diffuse.dds	1	1	pearl_vrcam/models/sq03s10light_sq03s10anim_sq03s10_nexttopark_nexttopark_grp_01.mxm
pearl_vrcam/textures/sq03s10light_nexttopark_signs_mat_01_spot_diffuse.dds	1	1	pearl_vrcam/models/sq03s10light_sq03s10anim_sq03s10_nexttopark_nexttopark_grp_01.mxm
pearl_vrcam/textures/sq03s10light_nexttopark_sky_mat_01_spot_diffuse.dds	1	1	pearl_vrcam/models/sq03s10light_sq03s10anim_sq03s10_nexttopark_nexttopark_grp_01.mxm
pearl_vrcam/textures/sq03s10light_nexttopark_skydome_mat_01_spot_diffuse.dds	1	1	pearl_vrcam/models/sq03s10light_sq03s10anim_sq03s10_nexttopark_nexttopark_grp_01.mxm
pearl_vrcam/textures/sq03s10light_nexttopark_snowman_mat_01_spot_diffuse.dds	1	1	pearl_vrcam/models/sq03s10light_sq03s10anim_sq03s10_nexttopark_nexttopark_grp_01.mxm
pearl_vrcam/textures/sq03s10light_pickuptruck02prodmodel_pickuptruck02_diffuse.dds	1	1	pearl_vrcam/models/sq03s10light_sq03s10anim_pickuptruck02rig_pickuptruck02prodmodel_pickuptruck02_grp.mxm
pearl_vrcam/textures/sq03s10light_sarakidprodmodel_sarakid_clothes_diffuse.dds	1	1	pearl_vrcam/models/sq03s10light_sq03s10anim_sarakidrig_sarakidprodmodel_sarakm.mxm
pearl_vrcam/textures/sq03s10light_sarakidprodmodel_sarakid_clothes_shadow.dds	1	1	pearl_vrcam/models/sq03s10light_sq03s10anim_sarakidrig_sarakidprodmodel_sarakm.mxm
pearl_vrcam/textures/sq03s10light_sarakidprodmodel_sarakid_features_diffuse.dds	1	1	pearl_vrcam/models/sq03s10light_sq03s10anim_sarakidrig_sarakidprodmodel_sarakm.mxm
pearl_vrcam/textures/sq03s10light_sarakidprodmodel_sarakid_hair_diffuse.dds	1	1	pearl_vrcam/models/sq03s10light_sq03s10anim_sarakidrig_sarakidprodmodel_sarakm.mxm
pearl_vrcam/textures/sq03s10light_sarakidprodmodel_sarakidbody_diffuse.dds	1	1	pearl_vrcam/models/sq03s10light_sq03s10anim_sarakidrig_sarakidprodmodel_sarakm.mxm
pearl_vrcam/textures/sq03s10light_sarakidprodmodel_sarakidshirt_diffuse.dds	1	1	pearl_vrcam/models/sq03s10light_sq03s10anim_sarakidrig_sarakidprodmodel_sarakm.mxm
pearl_vrcam/textures/sq03s10light_sarakidprodmodel_sarakidshirt_shadow.dds	1	1	pearl_vrcam/models/sq03s10light_sq03s10anim_sarakidrig_sarakidprodmodel_sarakm.mxm
pearl_vrcam/textures/sq03s10light_sc0310setdressinga_sc0310setdressinga_mm_diffuse.dds	1	1	pearl_vrcam/models/sq03s10light_sq03s10anim_sc0310setdressinga_sc0310setdressinga_grp_01.mxm
pearl_vrcam/textures/sq03s10light_sc0310setdressinga_sc0310setdressinga_mm_highlight.dds	1	1	pearl_vrcam/models/sq03s10light_sq03s10anim_sc0310setdressinga_sc0310setdressinga_grp_01.mxm
pearl_vrcam/textures/sq03s10light_sc0310setdressinga_sc0310setdressinga_trans_diffuse.dds	1	1	pearl_vrcam/models/sq03s10light_sq03s10anim_sc0310setdressinga_sc0310setdressinga_grp_01.mxm
pearl_vrcam/textures/sq03s10light_sc0310setdressinga_sc0310setdressinga_vc_diffuse.dds	1	1	pearl_vrcam/models/sq03s10light_sq03s10anim_sc0310setdressinga_sc0310setdressinga_grp_01.mxm
pearl_vrcam/textures/sq03s10light_sc0310setdressinga_sc0310setdressinga_vc_highlight.dds	1	1	pearl_vrcam/models/sq03s10light_sq03s10anim_sc0310setdressinga_sc0310setdressinga_grp_01.mxm
pearl_vrcam/textures/sq03s10light_sc0310setdressingb_cupholder_diffuse.dds	1	1	pearl_vrcam/models/sq03s10light_sq03s10anim_sc0310setdressingb_sc0310setdressingb_grp_01.mxm
pearl_vrcam/textures/sq03s10light_semitruckprodmodel_semitruck_diffuse.dds	1	1	pearl_vrcam/models/sq03s10light_sq03s10anim_semitruckrig_semitruckprodmodel_semitruck_grp.mxm
pearl_vrcam/textures/sq03s10light_stationwagonprodmodel_stationwagon_diffuse.dds	1	1	pearl_vrcam/models/sq03s10light_sq03s10anim_stationwagonrig_stationwagonprodmodel_stationwagon_grp.mxm
pearl_vrcam/textures/sq03s10light_stuffedanimalb_diffuse.dds	1	1	pearl_vrcam/models/sq03s10light_sq03s10anim_sc0310setdressingb_sc0310setdressingb_grp_01.mxm
pearl_vrcam/textures/sq03s10light_towtruckprodmodel_towtruckprodmodel_diffuse.dds	1	1	pearl_vrcam/models/sq03s10light_sq03s10anim_towtruckrig_towtruckprodmodel_towtruck_grp.mxm
pearl_vrcam/textures/sq03s30_soldsign_diffuse.dds	1	1	pearl_vrcam/models/sq03s30light_sq03s30anim_sc0330setdressing_grp.mxm
pearl_vrcam/textures/sq03s30light_cardboardboxb_cardboardboxb_diffuse.dds	1	1	pearl_vrcam/models/sq03s30light_sq03s30anim_cardboardboxb_cardboardbox_grp.mxm
pearl_vrcam/textures/sq03s30light_cardboardnolid_cardboardnolid_glow2.dds	1	1	pearl_vrcam/models/sq03s30light_sq03s30anim_cardboardnolid_nolidbox_grp.mxm
pearl_vrcam/textures/sq03s30light_cardboardnolid_cardboardnolid_shadow.dds	1	1	pearl_vrcam/models/sq03s30light_sq03s30anim_cardboardnolid_nolidbox_grp.mxm
pearl_vrcam/textures/sq03s30light_carpearlnew_carbody_shadow.dds	1	2	pearl_vrcam/models/sq03s30light_carpearlnewextattachrig_carpearlnewextattach_carpearlextattach_grp_01.mxm
pearl_vrcam/textures/sq03s30light_carpearlnew_carmirror_left_diffuse.dds	1	1	pearl_vrcam/models/sq03s30light_sq03s30anim_carpearlnewrig_carpearl_grp.mxm
pearl_vrcam/textures/sq03s30light_carpearlnew_carmirror_rear_diffuse.dds	1	1	pearl_vrcam/models/sq03s30light_sq03s30anim_carpearlnewrig_carpearl_grp.mxm
pearl_vrcam/textures/sq03s30light_carpearlnew_carmirror_right_diffuse.dds	1	1	pearl_vrcam/models/sq03s30light_sq03s30anim_carpearlnewrig_carpearl_grp.mxm
pearl_vrcam/textures/sq03s30light_carpearlnew_carseats_diffuse.dds	1	1	pearl_vrcam/models/sq03s30light_sq03s30anim_carpearlnewrig_carpearl_grp.mxm
pearl_vrcam/textures/sq03s30light_carpearlnew_carseats_highlight.dds	1	1	pearl_vrcam/models/sq03s30light_sq03s30anim_carpearlnewrig_carpearl_grp.mxm
pearl_vrcam/textures/sq03s30light_carpearlnew_carseats_shadow.dds	1	1	pearl_vrcam/models/sq03s30light_sq03s30anim_carpearlnewrig_carpearl_grp.mxm
pearl_vrcam/textures/sq03s30light_dadyoungprodmodel_dad_newpants_diffuse.dds	1	1	pearl_vrcam/models/sq03s30light_sq03s30anim_dadyoungrig_dadyoungprodmodel_dadym.mxm
pearl_vrcam/textures/sq03s30light_dadyoungprodmodel_dad_newpants_shadow.dds	1	1	pearl_vrcam/models/sq03s30light_sq03s30anim_dadyoungrig_dadyoungprodmodel_dadym.mxm
pearl_vrcam/textures/sq03s30light_dadyoungprodmodel_dadarms_diffuse.dds	1	1	pearl_vrcam/models/sq03s30light_sq03s30anim_dadyoungrig_dadyoungprodmodel_dadym.mxm
pearl_vrcam/textures/sq03s30light_dadyoungprodmodel_dadarms_shadow.dds	1	1	pearl_vrcam/models/sq03s30light_sq03s30anim_dadyoungrig_dadyoungprodmodel_dadym.mxm
pearl_vrcam/textures/sq03s30light_dadyoungprodmodel_dadface_diffuse.dds	1	1	pearl_vrcam/models/sq03s30light_sq03s30anim_dadyoungrig_dadyoungprodmodel_dadym.mxm
pearl_vrcam/textures/sq03s30light_dadyoungprodmodel_dadface_shadow.dds	1	1	pearl_vrcam/models/sq03s30light_sq03s30anim_dadyoungrig_dadyoungprodmodel_dadym.mxm
pearl_vrcam/textures/sq03s30light_dadyoungprodmodel_dadfeatures_diffuse.dds	1	1	pearl_vrcam/models/sq03s30light_sq03s30anim_dadyoungrig_dadyoungprodmodel_dadym.mxm
pearl_vrcam/textures/sq03s30light_dadyoungprodmodel_dadfeatures_shadow.dds	1	1	pearl_vrcam/models/sq03s30light_sq03s30anim_dadyoungrig_dadyoungprodmodel_dadym.mxm
pearl_vrcam/textures/sq03s30light_dadyoungprodmodel_dadshirt_diffuse.dds	1	1	pearl_vrcam/models/sq03s30light_sq03s30anim_dadyoungrig_dadyoungprodmodel_dadym.mxm
pearl_vrcam/textures/sq03s30light_dadyoungprodmodel_dadshirt_shadow.dds	1	1	pearl_vrcam/models/sq03s30light_sq03s30anim_dadyoungrig_dadyoungprodmodel_dadym.mxm
pearl_vrcam/textures/sq03s30light_dadyoungprodmodel_dadyoung_hair_diffuse.dds	1	1	pearl_vrcam/models/sq03s30light_sq03s30anim_dadyoungrig_dadyoungprodmodel_dadym.mxm
pearl_vrcam/textures/sq03s30light_dadyoungprodmodel_dadyoung_hair_shadow.dds	1	1	pearl_vrcam/models/sq03s30light_sq03s30anim_dadyoungrig_dadyoungprodmodel_dadym.mxm
pearl_vrcam/textures/sq03s30light_dadyoungprodmodel_dadyoungsurf_diffuse.dds	1	1	pearl_vrcam/models/sq03s30light_sq03s30anim_dadyoungrig_dadyoungprodmodel_dadym.mxm
pearl_vrcam/textures/sq03s30light_dadyoungprodmodel_dadyoungsurf_shadow.dds	1	1	pearl_vrcam/models/sq03s30light_sq03s30anim_dadyoungrig_dadyoungprodmodel_dadym.mxm
pearl_vrcam/textures/sq03s30light_mobilehomepark_cable_02_diffuse.dds	1	1	pearl_vrcam/models/sq03s30light_sq03s30anim_sq03s30flo_mobilehomepark_mobilehomes_grp_01.mxm
pearl_vrcam/textures/sq03s30light_mobilehomepark_cable_02_fog.dds	1	1	pearl_vrcam/models/sq03s30light_sq03s30anim_sq03s30flo_mobilehomepark_mobilehomes_grp_01.mxm
pearl_vrcam/textures/sq03s30light_mobilehomepark_fence_grey_01_diffuse.dds	1	1	pearl_vrcam/models/sq03s30light_sq03s30anim_sq03s30flo_mobilehomepark_mobilehomes_grp_01.mxm
pearl_vrcam/textures/sq03s30light_mobilehomepark_grass_01_diffuse.dds	1	1	pearl_vrcam/models/sq03s30light_sq03s30anim_sq03s30flo_mobilehomepark_mobilehomes_grp_01.mxm
pearl_vrcam/textures/sq03s30light_mobilehomepark_mhp_sky_blue_01_diffuse.dds	1	1	pearl_vrcam/models/sq03s30light_sq03s30anim_sq03s30flo_mobilehomepark_mobilehomes_grp_01.mxm
pearl_vrcam/textures/sq03s30light_mobilehomepark_mobilehomepark_diffuse.dds	1	1	pearl_vrcam/models/sq03s30light_sq03s30anim_sq03s30flo_mobilehomepark_mobilehomes_grp_01.mxm
pearl_vrcam/textures/sq03s30light_mobilehomepark_road_01_diffuse.dds	1	1	pearl_vrcam/models/sq03s30light_sq03s30anim_sq03s30flo_mobilehomepark_mobilehomes_grp_01.mxm
pearl_vrcam/textures/sq03s30light_mobilehomepark_transmissiontower_mat_01_spot_diffuse.dds	1	1	pearl_vrcam/models/sq03s30light_sq03s30anim_sq03s30flo_mobilehomepark_mobilehomes_grp_01.mxm
pearl_vrcam/textures/sq03s30light_sarakidprodmodel_sarakid_boots_diffuse.dds	1	1	pearl_vrcam/models/sq03s30light_sq03s30anim_sarakidrig_sarakidprodmodel_sarakm.mxm
pearl_vrcam/textures/sq03s30light_sarakidprodmodel_sarakid_clothes_diffuse.dds	1	1	pearl_vrcam/models/sq03s30light_sq03s30anim_sarakidrig_sarakidprodmodel_sarakm.mxm
pearl_vrcam/textures/sq03s30light_sarakidprodmodel_sarakid_features_diffuse.dds	1	1	pearl_vrcam/models/sq03s30light_sq03s30anim_sarakidrig_sarakidprodmodel_sarakm.mxm
pearl_vrcam/textures/sq03s30light_sarakidprodmodel_sarakid_features_glow.dds	1	1	pearl_vrcam/models/sq03s30light_sq03s30anim_sarakidrig_sarakidprodmodel_sarakm.mxm
pearl_vrcam/textures/sq03s30light_sarakidprodmodel_sarakid_hair_diffuse.dds	1	1	pearl_vrcam/models/sq03s30light_sq03s30anim_sarakidrig_sarakidprodmodel_sarakm.mxm
pearl_vrcam/textures/sq03s30light_sarakidprodmodel_sarakid_hair_glow.dds	1	1	pearl_vrcam/models/sq03s30light_sq03s30anim_sarakidrig_sarakidprodmodel_sarakm.mxm
pearl_vrcam/textures/sq03s30light_sarakidprodmodel_sarakidbody_diffuse.dds	1	1	pearl_vrcam/models/sq03s30light_sq03s30anim_sarakidrig_sarakidprodmodel_sarakm.mxm
pearl_vrcam/textures/sq03s30light_sarakidprodmodel_sarakidbody_glow.dds	1	1	pearl_vrcam/models/sq03s30light_sq03s30anim_sarakidrig_sarakidprodmodel_sarakm.mxm
pearl_vrcam/textures/sq03s30light_sarakidprodmodel_sarakidshirt_diffuse.dds	1	1	pearl_vrcam/models/sq03s30light_sq03s30anim_sarakidrig_sarakidprodmodel_sarakm.mxm
pearl_vrcam/textures/sq03s30light_stationwagonprodmodel_stationwagon_diffuse.dds	1	1	pearl_vrcam/models/sq03s30light_sq03s30anim_stationwagonrig_stationwagonprodmodel_stationwagon_grp.mxm
pearl_vrcam/textures/sq03s30light_stationwagonprodmodel_stationwagon_people_diffuse.dds	1	1	pearl_vrcam/models/sq03s30light_sq03s30anim_stationwagonrig_stationwagonprodmodel_stationwagon_grp.mxm
pearl_vrcam/textures/sq03s30light_stuffedanimalb_stuffedanimalb_glow2.dds	1	1	pearl_vrcam/models/sq03s30light_sq03s30anim_stuffedanimalb_stuffedanimalb.mxm
pearl_vrcam/textures/sq03s30light_stuffedanimalb_stuffedanimalb_shadow.dds	1	1	pearl_vrcam/models/sq03s30light_sq03s30anim_stuffedanimalb_stuffedanimalb.mxm
pearl_vrcam/textures/sq03s30light_v006_bag_diffuse.dds	1	1	pearl_vrcam/models/sq03s30light_sq03s30anim_sc0330setdressing_grp.mxm
pearl_vrcam/textures/sq03s30light_v006_bag_shadow.dds	1	1	pearl_vrcam/models/sq03s30light_sq03s30anim_sc0330setdressing_grp.mxm
pearl_vrcam/textures/sq03s30light_v006_books_diffuse.dds	1	1	pearl_vrcam/models/sq03s30light_sq03s30anim_sc0330setdressing_grp.mxm
pearl_vrcam/textures/sq03s30light_v006_cardboard_diffuse.dds	1	1	pearl_vrcam/models/sq03s30light_sq03s30anim_sc0330setdressing_grp.mxm
pearl_vrcam/textures/sq03s30light_v006_cardboardboxa_diffuse.dds	1	1	pearl_vrcam/models/sq03s30light_sq03s30anim_sc0330setdressing_grp.mxm
pearl_vrcam/textures/sq03s30light_v006_cardboardboxb_diffuse.dds	1	1	pearl_vrcam/models/sq03s30light_sq03s30anim_sc0330setdressing_grp.mxm
pearl_vrcam/textures/sq03s30light_v006_dadyoungguitarcase_diffuse.dds	1	1	pearl_vrcam/models/sq03s30light_sq03s30anim_sc0330setdressing_grp.mxm
pearl_vrcam/textures/sq03s30light_v006_gymbag_diffuse.dds	1	1	pearl_vrcam/models/sq03s30light_sq03s30anim_sc0330setdressing_grp.mxm
pearl_vrcam/textures/sq03s30light_v006_gymbag_shadow.dds	1	1	pearl_vrcam/models/sq03s30light_sq03s30anim_sc0330setdressing_grp.mxm
pearl_vrcam/textures/sq03s30light_v006_milkcrate_diffuse.dds	1	1	pearl_vrcam/models/sq03s30light_sq03s30anim_sc0330setdressing_grp.mxm
pearl_vrcam/textures/sq03s30light_v006_misc_diffuse.dds	1	1	pearl_vrcam/models/sq03s30light_sq03s30anim_sc0330setdressing_grp.mxm
pearl_vrcam/textures/sq03s30light_v006_misc_shadow.dds	1	1	pearl_vrcam/models/sq03s30light_sq03s30anim_sc0330setdressing_grp.mxm
pearl_vrcam/textures/sq03s30light_v008_pickuptruck02_diffuse.dds	1	1	pearl_vrcam/models/sq03s30light_sq03s30anim_pickuptruck02rig_pickuptruck02prodmodel_pickuptruck02_grp.mxm
pearl_vrcam/textures/sq03s30light_vanprodmodel_van_diffuse.dds	1	1	pearl_vrcam/models/sq03s30light_sq03s30anim_vanrig_vanprodmodel_van_grp.mxm
pearl_vrcam/textures/sq03s30light_volvoprodmodel_volvo_diffuse.dds	1	1	pearl_vrcam/models/sq03s30light_sq03s30anim_volvorig_volvoprodmodel_volvo_grp.mxm
pearl_vrcam/textures/sq03s40light_carpearlnew_carbody_diffuse.dds	1	2	pearl_vrcam/models/sq03s40light_carpearlnewextattachrig_carpearlnewextattach_carpearlextattach_grp_01.mxm
pearl_vrcam/textures/sq03s40light_carpearlnew_carmirror_left_diffuse.dds	1	1	pearl_vrcam/models/sq03s40light_sq03s40anim_carpearlnewrig_carpearl_grp.mxm
pearl_vrcam/textures/sq03s40light_carpearlnew_carmirror_rear_diffuse.dds	1	1	pearl_vrcam/models/sq03s40light_sq03s40anim_carpearlnewrig_carpearl_grp.mxm
pearl_vrcam/textures/sq03s40light_carpearlnew_carmirror_right_diffuse.dds	1	1	pearl_vrcam/models/sq03s40light_sq03s40anim_carpearlnewrig_carpearl_grp.mxm
pearl_vrcam/textures/sq03s40light_carpearlnew_carseats_diffuse.dds	1	1	pearl_vrcam/models/sq03s40light_sq03s40anim_carpearlnewrig_carpearl_grp.mxm
pearl_vrcam/textures/sq03s40light_carpearlnew_carwindows_diffuse.dds	1	1	pearl_vrcam/models/sq03s40light_sq03s40anim_carpearlnewrig_carpearl_grp.mxm
pearl_vrcam/textures/sq03s40light_dadyoungprodmodel_dad_newpants_diffuse.dds	1	1	pearl_vrcam/models/sq03s40light_sq03s40anim_dadyoungrig_dadyoungprodmodel_dadym.mxm
pearl_vrcam/textures/sq03s40light_dadyoungprodmodel_dadarms_diffuse.dds	1	1	pearl_vrcam/models/sq03s40light_sq03s40anim_dadyoungrig_dadyoungprodmodel_dadym.mxm
pearl_vrcam/textures/sq03s40light_dadyoungprodmodel_dadface_diffuse.dds	1	1	pearl_vrcam/models/sq03s40light_sq03s40anim_dadyoungrig_dadyoungprodmodel_dadym.mxm
pearl_vrcam/textures/sq03s40light_dadyoungprodmodel_dadfeatures_diffuse.dds	1	1	pearl_vrcam/models/sq03s40light_sq03s40anim_dadyoungrig_dadyoungprodmodel_dadym.mxm
pearl_vrcam/textures/sq03s40light_dadyoungprodmodel_dadyoung_bizshirt_diffuse.dds	1	1	pearl_vrcam/models/sq03s40light_sq03s40anim_dadyoungrig_dadyoungprodmodel_dadym.mxm
pearl_vrcam/textures/sq03s40light_dadyoungprodmodel_dadyoung_hair_diffuse.dds	1	1	pearl_vrcam/models/sq03s40light_sq03s40anim_dadyoungrig_dadyoungprodmodel_dadym.mxm
pearl_vrcam/textures/sq03s40light_dadyoungprodmodel_dadyoungsurf_diffuse.dds	1	1	pearl_vrcam/models/sq03s40light_sq03s40anim_dadyoungrig_dadyoungprodmodel_dadym.mxm
pearl_vrcam/textures/sq03s40light_genericgirlprodmodel_genericgirl_body_diffuse.dds	1	1	pearl_vrcam/models/sq03s40light_sq03s40anim_genericgirlrig_genericgirlprodmodel_genericgirlm.mxm
pearl_vrcam/textures/sq03s40light_genericgirlprodmodel_genericgirl_diffuse.dds	1	1	pearl_vrcam/models/sq03s40light_sq03s40anim_genericgirlrig_genericgirlprodmodel_genericgirlm.mxm
pearl_vrcam/textures/sq03s40light_genericgirlprodmodel_genericgirl_features_diffuse.dds	1	1	pearl_vrcam/models/sq03s40light_sq03s40anim_genericgirlrig_genericgirlprodmodel_genericgirlm.mxm
pearl_vrcam/textures/sq03s40light_genericgirlprodmodel_genericgirl_hair_diffuse.dds	1	1	pearl_vrcam/models/sq03s40light_sq03s40anim_genericgirlrig_genericgirlprodmodel_genericgirlm.mxm
pearl_vrcam/textures/sq03s40light_genericgirlprodmodel_genericgirl_shirt_diffuse.dds	1	1	pearl_vrcam/models/sq03s40light_sq03s40anim_genericgirlrig_genericgirlprodmodel_genericgirlm.mxm
pearl_vrcam/textures/sq03s40light_generickidprodmodel_generickid_body_diffuse.dds	1	1	pearl_vrcam/models/sq03s40light_sq03s40anim_generickidrig_generickidprodmodel_generic_kidm.mxm
pearl_vrcam/textures/sq03s40light_generickidprodmodel_generickid_diffuse.dds	1	1	pearl_vrcam/models/sq03s40light_sq03s40anim_generickidrig_generickidprodmodel_generic_kidm.mxm
pearl_vrcam/textures/sq03s40light_generickidprodmodel_generickid_features_diffuse.dds	1	1	pearl_vrcam/models/sq03s40light_sq03s40anim_generickidrig_generickidprodmodel_generic_kidm.mxm
pearl_vrcam/textures/sq03s40light_generickidprodmodel_generickid_hair_diffuse.dds	1	1	pearl_vrcam/models/sq03s40light_sq03s40anim_generickidrig_generickidprodmodel_generic_kidm.mxm
pearl_vrcam/textures/sq03s40light_generickidprodmodel_generickid_shirt_diffuse.dds	1	1	pearl_vrcam/models/sq03s40light_sq03s40anim_generickidrig_generickidprodmodel_generic_kidm.mxm
pearl_vrcam/textures/sq03s40light_genericmanprodmodel_genericman_diffuse.dds	1	1	pearl_vrcam/models/sq03s40light_sq03s40anim_genericman01rig1_genericmanprodmodel_genericmanm.mxm
pearl_vrcam/textures/sq03s40light_infrontofschool_diffuse.dds	1	1	pearl_vrcam/models/sq03s40light_sq03s40anim_sq03s40flo_infrontofschool_infrontofschool.mxm
pearl_vrcam/textures/sq03s40light_infrontofschool_ground_diffuse.dds	1	1	pearl_vrcam/models/sq03s40light_sq03s40anim_sq03s40flo_infrontofschool_infrontofschool.mxm
pearl_vrcam/textures/sq03s40light_infrontofschool_infrontofschool_diffuse.dds	1	1	pearl_vrcam/models/sq03s40light_mountains_01.mxm
pearl_vrcam/textures/sq03s40light_infrontofschool_sky_diffuse.dds	1	1	pearl_vrcam/models/sq03s40light_sq03s40anim_sq03s40flo_infrontofschool_infrontofschool.mxm
pearl_vrcam/textures/sq03s40light_infrontofschool_trees_diffuse.dds	1	1	pearl_vrcam/models/sq03s40light_sq03s40anim_sq03s40flo_infrontofschool_infrontofschool.mxm
pearl_vrcam/textures/sq03s40light_sarakidprodmodel_sarakid_boots_diffuse.dds	1	1	pearl_vrcam/models/sq03s40light_sq03s40anim_sarakidrig_sarakidprodmodel_sarakm.mxm
pearl_vrcam/textures/sq03s40light_sarakidprodmodel_sarakid_clothes_diffuse.dds	1	1	pearl_vrcam/models/sq03s40light_sq03s40anim_sarakidrig_sarakidprodmodel_sarakm.mxm
pearl_vrcam/textures/sq03s40light_sarakidprodmodel_sarakid_features_diffuse.dds	1	1	pearl_vrcam/models/sq03s40light_sq03s40anim_sarakidrig_sarakidprodmodel_sarakm.mxm
pearl_vrcam/textures/sq03s40light_sarakidprodmodel_sarakid_hair_diffuse.dds	1	1	pearl_vrcam/models/sq03s40light_sq03s40anim_sarakidrig_sarakidprodmodel_sarakm.mxm
pearl_vrcam/textures/sq03s40light_sarakidprodmodel_sarakidbody_diffuse.dds	1	1	pearl_vrcam/models/sq03s40light_sq03s40anim_sarakidrig_sarakidprodmodel_sarakm.mxm
pearl_vrcam/textures/sq03s40light_sarakidprodmodel_sarakidshirt_diffuse.dds	1	1	pearl_vrcam/models/sq03s40light_sq03s40anim_sarakidrig_sarakidprodmodel_sarakm.mxm
pearl_vrcam/textures/sq03s40light_sq03s40anim_genericmanprodmodel_genericman_diffuse.dds	1	1	pearl_vrcam/models/sq03s40light_sq03s40anim_genericman01rig_genericmanprodmodel_genericmanm.mxm
pearl_vrcam/textures/sq03s40light_staticman02_v001_genericmanprodmodel_genericman_diffuse.dds	1	1	pearl_vrcam/models/sq03s40light_sq03s40anim_sq03s40animcrowd_staticman04_v001_genericman01rig_genericmanprodmodel_genericmanm.mxm
pearl_vrcam/textures/sq03s40light_staticman04_v001_genericmanprodmodel_genericman_diffuse.dds	1	1	pearl_vrcam/models/sq03s40light_sq03s40anim_sq03s40animcrowd_staticman02_v001_genericman01rig_genericmanprodmodel_genericmanm.mxm
pearl_vrcam/textures/sq03s40light_staticwoman02_v001_genericwomanprodmodel_genericwoman_diffuse.dds	1	1	pearl_vrcam/models/sq03s40light_sq03s40anim_sq03s40animcrowd_staticwoman02_v001_genericwomanrig_genericwomanprodmodel_genericwomanm.mxm
pearl_vrcam/textures/sq03s40light_staticwoman03_v001_genericwomanprodmodel_genericwoman_diffuse.dds	1	1	pearl_vrcam/models/sq03s40light_sq03s40anim_sq03s40animcrowd_staticwoman03_v001_genericwomanrig_genericwomanprodmodel_genericwomanm.mxm
pearl_vrcam/textures/sq03s40light_staticwoman05_v001_genericwomanprodmodel_genericwoman_diffuse.dds	1	1	pearl_vrcam/models/sq03s40light_sq03s40anim_sq03s40animcrowd_staticwoman05_v001_genericwomanrig_genericwomanprodmodel_genericwomanm.mxm
pearl_vrcam/textures/sq03s40light_stationwagonprodmodel_stationwagon_diffuse.dds	1	1	pearl_vrcam/models/sq03s40light_sq03s40anim_sq03s40flo_stationwagonrig_stationwagonprodmodel_stationwagon_grp.mxm
pearl_vrcam/textures/sq03s40light_stationwagonprodmodel_stationwagon_people_diffuse.dds	1	1	pearl_vrcam/models/sq03s40light_sq03s40anim_sq03s40flo_stationwagonrig_stationwagonprodmodel_stationwagon_grp.mxm
pearl_vrcam/textures/sq03s40light_vanprodmodel_van_diffuse.dds	1	1	pearl_vrcam/models/sq03s40light_sq03s40anim_sq03s40flo_vanrig_vanprodmodel_van_grp.mxm
pearl_vrcam/textures/sq03s40light_volvoprodmodel_volvo_diffuse.dds	1	1	pearl_vrcam/models/sq03s40light_sq03s40anim_sq03s40flo_volvorig_volvoprodmodel_volvo_grp.mxm
pearl_vrcam/textures/sq03s50_car_mirror_left.dds	1	1	pearl_vrcam/models/sq03s50light_sq03s50anim_carpearlnewrig_carpearl_grp.mxm
pearl_vrcam/textures/sq03s50_car_mirror_rear.dds	1	1	pearl_vrcam/models/sq03s50light_sq03s50anim_carpearlnewrig_carpearl_grp.mxm
pearl_vrcam/textures/sq03s50_car_mirror_right.dds	1	1	pearl_vrcam/models/sq03s50light_sq03s50anim_carpearlnewrig_carpearl_grp.mxm
pearl_vrcam/textures/sq03s50_tree_shadow_sharp.dds	1	1	pearl_vrcam/models/sq03s50light_light_catcher_group.mxm
pearl_vrcam/textures/sq03s50_tree_shadow_sharp_33.dds	1	1	pearl_vrcam/models/sq03s50light_light_catcher_group.mxm
pearl_vrcam/textures/sq03s50light_carpearlnew_carbody_diffuse.dds	1	3	pearl_vrcam/models/sq03s50light_carpearlnewextattachrig_carpearlnewextattach_carpearlextattach_grp_01.mxm
pearl_vrcam/textures/sq03s50light_carpearlnew_carbody_highlight.dds	1	3	pearl_vrcam/models/sq03s50light_carpearlnewextattachrig_carpearlnewextattach_carpearlextattach_grp_01.mxm
pearl_vrcam/textures/sq03s50light_carpearlnew_carseats_diffuse.dds	1	1	pearl_vrcam/models/sq03s50light_sq03s50anim_carpearlnewrig_carpearl_grp.mxm
pearl_vrcam/textures/sq03s50light_carpearlnew_carseats_highlight.dds	1	1	pearl_vrcam/models/sq03s50light_sq03s50anim_carpearlnewrig_carpearl_grp.mxm
pearl_vrcam/textures/sq03s50light_dadmiddleagedprodmodel_dad_newpants_diffuse.dds	1	1	pearl_vrcam/models/sq03s50light_sq03s50anim_dadmiddleagedrig_dadmiddleagedprodmodel_dadmm.mxm
pearl_vrcam/textures/sq03s50light_dadmiddleagedprodmodel_dadarms_diffuse.dds	1	1	pearl_vrcam/models/sq03s50light_sq03s50anim_dadmiddleagedrig_dadmiddleagedprodmodel_dadmm.mxm
pearl_vrcam/textures/sq03s50light_dadmiddleagedprodmodel_dadface_diffuse.dds	1	1	pearl_vrcam/models/sq03s50light_sq03s50anim_dadmiddleagedrig_dadmiddleagedprodmodel_dadmm.mxm
pearl_vrcam/textures/sq03s50light_dadmiddleagedprodmodel_dadmiddleaged_hair_diffuse.dds	1	1	pearl_vrcam/models/sq03s50light_sq03s50anim_dadmiddleagedrig_dadmiddleagedprodmodel_dadmm.mxm
pearl_vrcam/textures/sq03s50light_dadmiddleagedprodmodel_dadyoung_bizshirt_diffuse.dds	1	1	pearl_vrcam/models/sq03s50light_sq03s50anim_dadmiddleagedrig_dadmiddleagedprodmodel_dadmm.mxm
pearl_vrcam/textures/sq03s50light_dadmiddleagedprodmodel_dadyoungsurf_diffuse.dds	1	1	pearl_vrcam/models/sq03s50light_sq03s50anim_dadmiddleagedrig_dadmiddleagedprodmodel_dadmm.mxm
pearl_vrcam/textures/sq03s50light_drummerprodmodel_drummer_body_diffuse.dds	1	1	pearl_vrcam/models/sq03s50light_sq03s50anim_drummerrig_drummerprodmodel_drummerm.mxm
pearl_vrcam/textures/sq03s50light_drummerprodmodel_drummer_diffuse.dds	1	1	pearl_vrcam/models/sq03s50light_sq03s50anim_drummerrig_drummerprodmodel_drummerm.mxm
pearl_vrcam/textures/sq03s50light_drummerprodmodel_drummer_features_diffuse.dds	1	1	pearl_vrcam/models/sq03s50light_sq03s50anim_drummerrig_drummerprodmodel_drummerm.mxm
pearl_vrcam/textures/sq03s50light_drummerprodmodel_drummer_hair_diffuse.dds	1	1	pearl_vrcam/models/sq03s50light_sq03s50anim_drummerrig_drummerprodmodel_drummerm.mxm
pearl_vrcam/textures/sq03s50light_drummerprodmodel_drummer_shirts_diffuse.dds	1	1	pearl_vrcam/models/sq03s50light_sq03s50anim_drummerrig_drummerprodmodel_drummerm.mxm
pearl_vrcam/textures/sq03s50light_guitaristprodmodel_guitarist_body_diffuse.dds	1	1	pearl_vrcam/models/sq03s50light_sq03s50anim_guitaristrig_guitaristprodmodel_guitaristm.mxm
pearl_vrcam/textures/sq03s50light_guitaristprodmodel_guitarist_body_shadow.dds	1	1	pearl_vrcam/models/sq03s50light_sq03s50anim_guitaristrig_guitaristprodmodel_guitaristm.mxm
pearl_vrcam/textures/sq03s50light_guitaristprodmodel_guitarist_diffuse.dds	1	1	pearl_vrcam/models/sq03s50light_sq03s50anim_guitaristrig_guitaristprodmodel_guitaristm.mxm
pearl_vrcam/textures/sq03s50light_guitaristprodmodel_guitarist_features_diffuse.dds	1	1	pearl_vrcam/models/sq03s50light_sq03s50anim_guitaristrig_guitaristprodmodel_guitaristm.mxm
pearl_vrcam/textures/sq03s50light_guitaristprodmodel_guitarist_features_shadow.dds	1	1	pearl_vrcam/models/sq03s50light_sq03s50anim_guitaristrig_guitaristprodmodel_guitaristm.mxm
pearl_vrcam/textures/sq03s50light_guitaristprodmodel_guitarist_hair_diffuse.dds	1	1	pearl_vrcam/models/sq03s50light_sq03s50anim_guitaristrig_guitaristprodmodel_guitaristm.mxm
pearl_vrcam/textures/sq03s50light_guitaristprodmodel_guitarist_hair_shadow.dds	1	1	pearl_vrcam/models/sq03s50light_sq03s50anim_guitaristrig_guitaristprodmodel_guitaristm.mxm
pearl_vrcam/textures/sq03s50light_guitaristprodmodel_guitarist_shadow.dds	1	1	pearl_vrcam/models/sq03s50light_sq03s50anim_guitaristrig_guitaristprodmodel_guitaristm.mxm
pearl_vrcam/textures/sq03s50light_guitaristprodmodel_guitarist_shirt_diffuse.dds	1	1	pearl_vrcam/models/sq03s50light_sq03s50anim_guitaristrig_guitaristprodmodel_guitaristm.mxm
pearl_vrcam/textures/sq03s50light_guitaristprodmodel_guitarist_shirt_shadow.dds	1	1	pearl_vrcam/models/sq03s50light_sq03s50anim_guitaristrig_guitaristprodmodel_guitaristm.mxm
pearl_vrcam/textures/sq03s50light_sarateenprodmodel_sarateen_hair_shadow.dds	1	1	pearl_vrcam/models/sq03s50light_sq03s50anim_sarateenrig_sarateenprodmodel_saratm.mxm
pearl_vrcam/textures/sq03s50light_sarateenprodmodel_sarateenbody_diffuse.dds	1	1	pearl_vrcam/models/sq03s50light_sq03s50anim_sarateenrig_sarateenprodmodel_saratm.mxm
pearl_vrcam/textures/sq03s50light_sarateenprodmodel_sarateenfeatures_diffuse.dds	1	1	pearl_vrcam/models/sq03s50light_sq03s50anim_sarateenrig_sarateenprodmodel_saratm.mxm
pearl_vrcam/textures/sq03s50light_sarateenprodmodel_sarateenshirt_diffuse.dds	1	1	pearl_vrcam/models/sq03s50light_sq03s50anim_sarateenrig_sarateenprodmodel_saratm.mxm
pearl_vrcam/textures/sq03s50light_sarateenprodmodel_sarateensurf_diffuse.dds	1	1	pearl_vrcam/models/sq03s50light_sq03s50anim_sarateenrig_sarateenprodmodel_saratm.mxm
pearl_vrcam/textures/sq03s50light_treelinedneighborhood_fence_spotlightshader_diffuse.dds	1	1	pearl_vrcam/models/sq03s50light_sq03s50anim_sq03s50flo_treelinedneighborhood_treelinedneighborhood_grp_01.mxm
pearl_vrcam/textures/sq03s60_raindrops7.dds	1	1	pearl_vrcam/models/sq03s60light_sq03s60anim_carpearlnewrig_carpearl_grp.mxm
pearl_vrcam/textures/sq03s60_wiper_streaks11.dds	1	1	pearl_vrcam/models/sq03s60light_warpshapesgroup.mxm
pearl_vrcam/textures/sq03s60light_billboards_diffuse.dds	1	1	pearl_vrcam/models/sq03s60light_sq03s60anim_setdressingnighttimebusinessdistrict_setdressingnighttimebusinessdistrict_grp.mxm
pearl_vrcam/textures/sq03s60light_carbody_diffuse.dds	1	2	pearl_vrcam/models/sq03s60light_carpearlnewextattachrig_carpearlnewextattach_carpearlextattach_grp_01.mxm
pearl_vrcam/textures/sq03s60light_carbody_highlight.dds	1	2	pearl_vrcam/models/sq03s60light_carpearlnewextattachrig_carpearlnewextattach_carpearlextattach_grp_01.mxm
pearl_vrcam/textures/sq03s60light_carbody_shadow.dds	1	2	pearl_vrcam/models/sq03s60light_carpearlnewextattachrig_carpearlnewextattach_carpearlextattach_grp_01.mxm
pearl_vrcam/textures/sq03s60light_carseats_diffuse.dds	1	1	pearl_vrcam/models/sq03s60light_sq03s60anim_carpearlnewrig_carpearl_grp.mxm
pearl_vrcam/textures/sq03s60light_copcar_diffuse.dds	1	1	pearl_vrcam/models/sq03s60light_sq03s60anim_copcarrig_copcarprodmodel_copcar_grp.mxm
pearl_vrcam/textures/sq03s60light_copcar_people_diffuse.dds	1	1	pearl_vrcam/models/sq03s60light_sq03s60anim_copcarrig_copcarprodmodel_copcar_grp.mxm
pearl_vrcam/textures/sq03s60light_dad_newpants_diffuse.dds	1	1	pearl_vrcam/models/sq03s60light_sq03s60anim_dadmiddleagedrig_dadmiddleagedprodmodel_dadmm.mxm
pearl_vrcam/textures/sq03s60light_dadarms_diffuse.dds	1	1	pearl_vrcam/models/sq03s60light_sq03s60anim_dadmiddleagedrig_dadmiddleagedprodmodel_dadmm.mxm
pearl_vrcam/textures/sq03s60light_dadface_diffuse.dds	1	1	pearl_vrcam/models/sq03s60light_sq03s60anim_dadmiddleagedrig_dadmiddleagedprodmodel_dadmm.mxm
pearl_vrcam/textures/sq03s60light_dadfeatures_diffuse.dds	1	1	pearl_vrcam/models/sq03s60light_sq03s60anim_dadmiddleagedrig_dadmiddleagedprodmodel_dadmm.mxm
pearl_vrcam/textures/sq03s60light_dadmiddleaged_hair_diffuse.dds	1	1	pearl_vrcam/models/sq03s60light_sq03s60anim_dadmiddleagedrig_dadmiddleagedprodmodel_dadmm.mxm
pearl_vrcam/textures/sq03s60light_dadyoung_bizshirt_diffuse.dds	1	1	pearl_vrcam/models/sq03s60light_sq03s60anim_dadmiddleagedrig_dadmiddleagedprodmodel_dadmm.mxm
pearl_vrcam/textures/sq03s60light_dadyoungsurf_diffuse.dds	1	1	pearl_vrcam/models/sq03s60light_sq03s60anim_dadmiddleagedrig_dadmiddleagedprodmodel_dadmm.mxm
pearl_vrcam/textures/sq03s60light_fastfooddrink_diffuse.dds	1	1	pearl_vrcam/models/sq03s60light_sq03s60anim_fastfooddrink_fastfooddrink_grp.mxm
pearl_vrcam/textures/sq03s60light_fence_mat_diffuse.dds	1	2	pearl_vrcam/models/sq03s60light_sq03s60anim_setdressingnighttimebusinessdistrict_setdressingnighttimebusinessdistrict_grp.mxm
pearl_vrcam/textures/sq03s60light_green_light.dds	1	1	pearl_vrcam/models/sq03s60light_envconstrainedgroup.mxm
pearl_vrcam/textures/sq03s60light_nighttimebusinessdistrict_misc_spotlightshader_01_diffuse.dds	1	2	pearl_vrcam/models/sq03s60light_sq03s60anim_setdressingnighttimebusinessdistrict_setdressingnighttimebusinessdistrict_grp.mxm
pearl_vrcam/textures/sq03s60light_pickuptruck02_diffuse.dds	1	1	pearl_vrcam/models/sq03s60light_sq03s60anim_pickuptruck02rig_pickuptruck02prodmodel_pickuptruck02_grp.mxm
pearl_vrcam/textures/sq03s60light_sarateen_hair_diffuse.dds	1	1	pearl_vrcam/models/sq03s60light_sq03s60anim_sarateenrig_sarateenprodmodel_saratm.mxm
pearl_vrcam/textures/sq03s60light_sarateenbody_diffuse.dds	1	1	pearl_vrcam/models/sq03s60light_sq03s60anim_sarateenrig_sarateenprodmodel_saratm.mxm
pearl_vrcam/textures/sq03s60light_sarateenfeatures_diffuse.dds	1	1	pearl_vrcam/models/sq03s60light_sq03s60anim_sarateenrig_sarateenprodmodel_saratm.mxm
pearl_vrcam/textures/sq03s60light_sarateenshirts_diffuse.dds	1	1	pearl_vrcam/models/sq03s60light_sq03s60anim_sarateenrig_sarateenprodmodel_saratm.mxm
pearl_vrcam/textures/sq03s60light_sarateensurf_diffuse.dds	1	1	pearl_vrcam/models/sq03s60light_sq03s60anim_sarateenrig_sarateenprodmodel_saratm.mxm
pearl_vrcam/textures/sq03s60light_stationwagon01_diffuse.dds	1	1	pearl_vrcam/models/sq03s60light_sq03s60anim_stationwagonrig1_stationwagonprodmodel_stationwagon_grp.mxm
pearl_vrcam/textures/sq03s60light_stationwagon01_people_diffuse.dds	1	1	pearl_vrcam/models/sq03s60light_sq03s60anim_stationwagonrig1_stationwagonprodmodel_stationwagon_grp.mxm
pearl_vrcam/textures/sq03s60light_stationwagon02_diffuse.dds	1	1	pearl_vrcam/models/sq03s60light_sq03s60anim_stationwagonrig_stationwagonprodmodel_stationwagon_grp.mxm
pearl_vrcam/textures/sq03s60light_stationwagon02_people_diffuse.dds	1	1	pearl_vrcam/models/sq03s60light_sq03s60anim_stationwagonrig_stationwagonprodmodel_stationwagon_grp.mxm
pearl_vrcam/textures/sq03s60light_storesign_diffuse.dds	1	1	pearl_vrcam/models/sq03s60light_sq03s60anim_setdressingnighttimebusinessdistrict_setdressingnighttimebusinessdistrict_grp.mxm
pearl_vrcam/textures/sq03s60light_towtruckprodmodel_diffuse.dds	1	1	pearl_vrcam/models/sq03s60light_sq03s60anim_towtruckrig_towtruckprodmodel_towtruck_grp.mxm
pearl_vrcam/textures/sq03s60light_van_diffuse.dds	1	1	pearl_vrcam/models/sq03s60light_sq03s60anim_vanrig_vanprodmodel_van_grp.mxm
pearl_vrcam/textures/sq03s60light_volvo_diffuse.dds	1	1	pearl_vrcam/models/sq03s60light_sq03s60anim_volvorig_volvoprodmodel_volvo_grp.mxm
pearl_vrcam/textures/sq04s10light_acousticguitar_diffuse_adjusted.dds	1	1	pearl_vrcam/models/sq04s10light_sq04s10anim_acousticguitar_acousticguitar.mxm
pearl_vrcam/textures/sq04s10light_cable_02_diffuse_adjusted.dds	1	1	pearl_vrcam/models/sq04s10light_sq04s10anim_sq04s10flo_mobilehomepark_mobilehomes_grp_01.mxm
pearl_vrcam/textures/sq04s10light_carbody_highlight.dds	1	2	pearl_vrcam/models/sq04s10light_carpearlnewextattachrig_carpearlnewextattach_carpearlextattach_grp_01.mxm
pearl_vrcam/textures/sq04s10light_carbody_highlight_adjusted.dds	1	1	pearl_vrcam/models/sq04s10light_sq04s10anim_carpearlnewrig_carpearl_grp.mxm
pearl_vrcam/textures/sq04s10light_carbodyfront_diffuse_adjusted.dds	1	2	pearl_vrcam/models/sq04s10light_carpearlnewextattachrig_carpearlnewextattach_carpearlextattach_grp_01.mxm
pearl_vrcam/textures/sq04s10light_carmirror_left_diffuse_adjusted.dds	1	1	pearl_vrcam/models/sq04s10light_sq04s10anim_carpearlnewrig_carpearl_grp.mxm
pearl_vrcam/textures/sq04s10light_carmirror_rear_diffuse_adjusted.dds	1	1	pearl_vrcam/models/sq04s10light_sq04s10anim_carpearlnewrig_carpearl_grp.mxm
pearl_vrcam/textures/sq04s10light_carmirror_right_diffuse_adjusted.dds	1	1	pearl_vrcam/models/sq04s10light_sq04s10anim_carpearlnewrig_carpearl_grp.mxm
pearl_vrcam/textures/sq04s10light_carseats_highlight.dds	1	1	pearl_vrcam/models/sq04s10light_sq04s10anim_carpearlnewrig_carpearl_grp.mxm
pearl_vrcam/textures/sq04s10light_carseats_highlight_adjusted.dds	1	1	pearl_vrcam/models/sq04s10light_sq04s10anim_carpearlnewrig_carpearl_grp.mxm
pearl_vrcam/textures/sq04s10light_carseatsfront_diffuse_adjusted.dds	1	1	pearl_vrcam/models/sq04s10light_sq04s10anim_carpearlnewrig_carpearl_grp.mxm
pearl_vrcam/textures/sq04s10light_fence_grey_01_diffuse_adjusted.dds	1	1	pearl_vrcam/models/sq04s10light_sq04s10anim_sq04s10flo_mobilehomepark_mobilehomes_grp_01.mxm
pearl_vrcam/textures/sq04s10light_grass_01_shadow.dds	1	1	pearl_vrcam/models/sq04s10light_sq04s10anim_sq04s10flo_mobilehomepark_mobilehomes_grp_01.mxm
pearl_vrcam/textures/sq04s10light_mhp_sky_blue_01_diffuse_adjusted.dds	1	1	pearl_vrcam/models/sq04s10light_sq04s10anim_sq04s10flo_mobilehomepark_mobilehomes_grp_01.mxm
pearl_vrcam/textures/sq04s10light_mobilehomepark_shadow.dds	1	1	pearl_vrcam/models/sq04s10light_sq04s10anim_sq04s10flo_mobilehomepark_mobilehomes_grp_01.mxm
pearl_vrcam/textures/sq04s10light_pickuptruck02_diffuse_adjusted.dds	1	1	pearl_vrcam/models/sq04s10light_sq04s10anim_pickuptruck02rig_pickuptruck02prodmodel_pickuptruck02_grp.mxm
pearl_vrcam/textures/sq04s10light_sarateen_hair_diffuse_adjusted.dds	1	1	pearl_vrcam/models/sq04s10light_sq04s10anim_sarateenrig_sarateenprodmodel_saratm.mxm
pearl_vrcam/textures/sq04s10light_sarateenbody_diffuse_adjusted.dds	1	1	pearl_vrcam/models/sq04s10light_sq04s10anim_sarateenrig_sarateenprodmodel_saratm.mxm
pearl_vrcam/textures/sq04s10light_sarateenbody_shadow_adjusted.dds	1	1	pearl_vrcam/models/sq04s10light_sq04s10anim_sarateenrig_sarateenprodmodel_saratm.mxm
pearl_vrcam/textures/sq04s10light_sarateenfeatures_diffuse_adjusted.dds	1	1	pearl_vrcam/models/sq04s10light_sq04s10anim_sarateenrig_sarateenprodmodel_saratm.mxm
pearl_vrcam/textures/sq04s10light_sarateenshirt_diffuse_adjusted.dds	1	1	pearl_vrcam/models/sq04s10light_sq04s10anim_sarateenrig_sarateenprodmodel_saratm.mxm
pearl_vrcam/textures/sq04s10light_sarateensurf_diffuse_adjusted.dds	1	1	pearl_vrcam/models/sq04s10light_sq04s10anim_sarateenrig_sarateenprodmodel_saratm.mxm
pearl_vrcam/textures/sq04s10light_stationwagon_diffuse_adjusted.dds	1	2	pearl_vrcam/models/sq04s10light_sq04s10anim_stationwagonrig1_stationwagonprodmodel_stationwagon_grp.mxm
pearl_vrcam/textures/sq04s10light_stationwagon_people_diffuse_adjusted.dds	1	2	pearl_vrcam/models/sq04s10light_sq04s10anim_stationwagonrig1_stationwagonprodmodel_stationwagon_grp.mxm
pearl_vrcam/textures/sq04s10light_taillight.dds	1	1	pearl_vrcam/models/sq04s10light_taillightgroup.mxm
pearl_vrcam/textures/sq04s10light_transmissiontower_mat_01_spot_diffuse_adjusted.dds	1	1	pearl_vrcam/models/sq04s10light_sq04s10anim_sq04s10flo_mobilehomepark_mobilehomes_grp_01.mxm
pearl_vrcam/textures/sq04s10light_uhaultruck_diffuse_adjusted.dds	1	1	pearl_vrcam/models/sq04s10light_sq04s10anim_uhaultruckrig_uhaultruckprodmodel_uhaultruck_grp.mxm
pearl_vrcam/textures/sq04s10light_uhaultruck_people_diffuse_adjusted.dds	1	1	pearl_vrcam/models/sq04s10light_sq04s10anim_uhaultruckrig_uhaultruckprodmodel_uhaultruck_grp.mxm
pearl_vrcam/textures/sq04s10light_van_diffuse_adjusted.dds	1	1	pearl_vrcam/models/sq04s10light_sq04s10anim_vanrig_vanprodmodel_van_grp.mxm
pearl_vrcam/textures/sq04s10light_volvo_diffuse_adjusted.dds	1	1	pearl_vrcam/models/sq04s10light_sq04s10anim_volvorig_volvoprodmodel_volvo_grp.mxm
pearl_vrcam/textures/sq04s10light_window_glow.dds	1	1	pearl_vrcam/models/sq04s10light_bloomshapesgroup.mxm
pearl_vrcam/textures/sq04s10light_window_glow_brighter.dds	1	1	pearl_vrcam/models/sq04s10light_bloomshapesgroup.mxm
pearl_vrcam/textures/sq04s10light_window_glow_cooler.dds	1	1	pearl_vrcam/models/sq04s10light_bloomshapesgroup.mxm
pearl_vrcam/textures/sq04s20light_billboards_diffuse.dds	1	1	pearl_vrcam/models/sq04s20light_sq04s20anim_setdressingnighttimebusinessdistrict_setdressingnighttimebusinessdistrict_grp.mxm
pearl_vrcam/textures/sq04s20light_carbody_diffuse.dds	1	2	pearl_vrcam/models/sq04s20light_carpearlnewextattachrig_carpearlnewextattach_carpearlextattach_grp_01.mxm
pearl_vrcam/textures/sq04s20light_carbody_shadow.dds	1	2	pearl_vrcam/models/sq04s20light_carpearlnewextattachrig_carpearlnewextattach_carpearlextattach_grp_01.mxm
pearl_vrcam/textures/sq04s20light_carmirror_left_diffuse.dds	1	1	pearl_vrcam/models/sq04s20light_sq04s20anim_carpearlnewrig_carpearl_grp.mxm
pearl_vrcam/textures/sq04s20light_carmirror_rear_diffuse.dds	1	1	pearl_vrcam/models/sq04s20light_sq04s20anim_carpearlnewrig_carpearl_grp.mxm
pearl_vrcam/textures/sq04s20light_carmirror_right_diffuse.dds	1	1	pearl_vrcam/models/sq04s20light_sq04s20anim_carpearlnewrig_carpearl_grp.mxm
pearl_vrcam/textures/sq04s20light_carseats_diffuse.dds	1	1	pearl_vrcam/models/sq04s20light_sq04s20anim_carpearlnewrig_carpearl_grp.mxm
pearl_vrcam/textures/sq04s20light_carseats_shadow.dds	1	1	pearl_vrcam/models/sq04s20light_sq04s20anim_carpearlnewrig_carpearl_grp.mxm
pearl_vrcam/textures/sq04s20light_copcar_diffuse.dds	1	1	pearl_vrcam/models/sq04s20light_sq04s20anim_copcarrig_copcarprodmodel_copcar_grp.mxm
pearl_vrcam/textures/sq04s20light_copcar_people_diffuse.dds	1	1	pearl_vrcam/models/sq04s20light_sq04s20anim_copcarrig_copcarprodmodel_copcar_grp.mxm
pearl_vrcam/textures/sq04s20light_drummer_body_diffuse.dds	1	1	pearl_vrcam/models/sq04s20light_sq04s20anim_drummerrig_drummerprodmodel_drummerm.mxm
pearl_vrcam/textures/sq04s20light_drummer_body_shadow.dds	1	1	pearl_vrcam/models/sq04s20light_sq04s20anim_drummerrig_drummerprodmodel_drummerm.mxm
pearl_vrcam/textures/sq04s20light_drummer_diffuse.dds	1	1	pearl_vrcam/models/sq04s20light_sq04s20anim_drummerrig_drummerprodmodel_drummerm.mxm
pearl_vrcam/textures/sq04s20light_drummer_features_diffuse.dds	1	1	pearl_vrcam/models/sq04s20light_sq04s20anim_drummerrig_drummerprodmodel_drummerm.mxm
pearl_vrcam/textures/sq04s20light_drummer_features_shadow.dds	1	1	pearl_vrcam/models/sq04s20light_sq04s20anim_drummerrig_drummerprodmodel_drummerm.mxm
pearl_vrcam/textures/sq04s20light_drummer_hair_diffuse.dds	1	1	pearl_vrcam/models/sq04s20light_sq04s20anim_drummerrig_drummerprodmodel_drummerm.mxm
pearl_vrcam/textures/sq04s20light_drummer_hair_shadow.dds	1	1	pearl_vrcam/models/sq04s20light_sq04s20anim_drummerrig_drummerprodmodel_drummerm.mxm
pearl_vrcam/textures/sq04s20light_drummer_shadow.dds	1	1	pearl_vrcam/models/sq04s20light_sq04s20anim_drummerrig_drummerprodmodel_drummerm.mxm
pearl_vrcam/textures/sq04s20light_drummer_shirts_diffuse.dds	1	1	pearl_vrcam/models/sq04s20light_sq04s20anim_drummerrig_drummerprodmodel_drummerm.mxm
pearl_vrcam/textures/sq04s20light_fence_mat_diffuse.dds	1	2	pearl_vrcam/models/sq04s20light_sq04s20anim_setdressingnighttimebusinessdistrict_setdressingnighttimebusinessdistrict_grp.mxm
pearl_vrcam/textures/sq04s20light_guitarist_body_diffuse.dds	1	1	pearl_vrcam/models/sq04s20light_sq04s20anim_guitaristrig_guitaristprodmodel_guitaristm.mxm
pearl_vrcam/textures/sq04s20light_guitarist_body_shadow.dds	1	1	pearl_vrcam/models/sq04s20light_sq04s20anim_guitaristrig_guitaristprodmodel_guitaristm.mxm
pearl_vrcam/textures/sq04s20light_guitarist_diffuse.dds	1	1	pearl_vrcam/models/sq04s20light_sq04s20anim_guitaristrig_guitaristprodmodel_guitaristm.mxm
pearl_vrcam/textures/sq04s20light_guitarist_features_diffuse.dds	1	1	pearl_vrcam/models/sq04s20light_sq04s20anim_guitaristrig_guitaristprodmodel_guitaristm.mxm
pearl_vrcam/textures/sq04s20light_guitarist_features_shadow.dds	1	1	pearl_vrcam/models/sq04s20light_sq04s20anim_guitaristrig_guitaristprodmodel_guitaristm.mxm
pearl_vrcam/textures/sq04s20light_guitarist_hair_diffuse.dds	1	1	pearl_vrcam/models/sq04s20light_sq04s20anim_guitaristrig_guitaristprodmodel_guitaristm.mxm
pearl_vrcam/textures/sq04s20light_guitarist_hair_shadow.dds	1	1	pearl_vrcam/models/sq04s20light_sq04s20anim_guitaristrig_guitaristprodmodel_guitaristm.mxm
pearl_vrcam/textures/sq04s20light_guitarist_shadow.dds	1	1	pearl_vrcam/models/sq04s20light_sq04s20anim_guitaristrig_guitaristprodmodel_guitaristm.mxm
pearl_vrcam/textures/sq04s20light_guitarist_shirt_diffuse.dds	1	1	pearl_vrcam/models/sq04s20light_sq04s20anim_guitaristrig_guitaristprodmodel_guitaristm.mxm
pearl_vrcam/textures/sq04s20light_guitarist_shirt_shadow.dds	1	1	pearl_vrcam/models/sq04s20light_sq04s20anim_guitaristrig_guitaristprodmodel_guitaristm.mxm
pearl_vrcam/textures/sq04s20light_headlight.dds	1	1	pearl_vrcam/models/sq04s20light_othercarlightsgroup.mxm
pearl_vrcam/textures/sq04s20light_headlight_cooler.dds	1	1	pearl_vrcam/models/sq04s20light_othercarlightsgroup.mxm
pearl_vrcam/textures/sq04s20light_matte_painting_lower.dds	1	1	pearl_vrcam/models/sq04s20light_envcontstrainedgroup.mxm
pearl_vrcam/textures/sq04s20light_matte_painting_mid.dds	1	1	pearl_vrcam/models/sq04s20light_envcontstrainedgroup.mxm
pearl_vrcam/textures/sq04s20light_nighttimebusinessdistrict_misc_spotlightshader_01_diffuse.dds	1	2	pearl_vrcam/models/sq04s20light_sq04s20anim_setdressingnighttimebusinessdistrict_setdressingnighttimebusinessdistrict_grp.mxm
pearl_vrcam/textures/sq04s20light_pickuptruck02_diffuse.dds	1	3	pearl_vrcam/models/sq04s20light_sq04s20anim_pickuptruck02rig1_pickuptruck02prodmodel_pickuptruck02_grp.mxm
pearl_vrcam/textures/sq04s20light_sarateen_hair_diffuse.dds	1	1	pearl_vrcam/models/sq04s20light_sq04s20anim_sarateenrig_sarateenprodmodel_saratm.mxm
pearl_vrcam/textures/sq04s20light_sarateenbody_diffuse.dds	1	1	pearl_vrcam/models/sq04s20light_sq04s20anim_sarateenrig_sarateenprodmodel_saratm.mxm
pearl_vrcam/textures/sq04s20light_sarateenfeatures_diffuse.dds	1	1	pearl_vrcam/models/sq04s20light_sq04s20anim_sarateenrig_sarateenprodmodel_saratm.mxm
pearl_vrcam/textures/sq04s20light_sarateenshirt_diffuse.dds	1	1	pearl_vrcam/models/sq04s20light_sq04s20anim_sarateenrig_sarateenprodmodel_saratm.mxm
pearl_vrcam/textures/sq04s20light_sarateensurf_diffuse.dds	1	1	pearl_vrcam/models/sq04s20light_sq04s20anim_sarateenrig_sarateenprodmodel_saratm.mxm
pearl_vrcam/textures/sq04s20light_semitruck02_diffuse.dds	1	1	pearl_vrcam/models/sq04s20light_sq04s20anim_semitruck02rig_semitruck02prodmodel_semitruck02_grp.mxm
pearl_vrcam/textures/sq04s20light_sky.dds	1	1	pearl_vrcam/models/sq04s20light_sq04s20anim_sq04s20flo1_nighttimebusinessdistrict_nighttimebusinessdistrict_grp.mxm
pearl_vrcam/textures/sq04s20light_stationwagon_diffuse.dds	1	2	pearl_vrcam/models/sq04s20light_sq04s20anim_stationwagonrig1_stationwagonprodmodel_stationwagon_grp.mxm
pearl_vrcam/textures/sq04s20light_stationwagon_people_diffuse.dds	1	2	pearl_vrcam/models/sq04s20light_sq04s20anim_stationwagonrig1_stationwagonprodmodel_stationwagon_grp.mxm
pearl_vrcam/textures/sq04s20light_storesign_diffuse.dds	1	1	pearl_vrcam/models/sq04s20light_sq04s20anim_setdressingnighttimebusinessdistrict_setdressingnighttimebusinessdistrict_grp.mxm
pearl_vrcam/textures/sq04s20light_taillight.dds	1	1	pearl_vrcam/models/sq04s20light_othercarlightsgroup.mxm
pearl_vrcam/textures/sq04s20light_uhaultruck_diffuse.dds	1	1	pearl_vrcam/models/sq04s20light_sq04s20anim_uhaultruckrig_uhaultruckprodmodel_uhaultruck_grp.mxm
pearl_vrcam/textures/sq04s20light_uhaultruck_people_diffuse.dds	1	1	pearl_vrcam/models/sq04s20light_sq04s20anim_uhaultruckrig_uhaultruckprodmodel_uhaultruck_grp.mxm
pearl_vrcam/textures/sq04s20light_van_diffuse.dds	1	1	pearl_vrcam/models/sq04s20light_sq04s20anim_vanrig_vanprodmodel_van_grp.mxm
pearl_vrcam/textures/sq04s20light_volvo_diffuse.dds	1	2	pearl_vrcam/models/sq04s20light_sq04s20anim_volvorig1_volvoprodmodel_volvo_grp.mxm
pearl_vrcam/textures/sq04s40light_bassistprodmodel_bassist_diffuse.dds	1	1	pearl_vrcam/models/sq04s40light_sq04s40anim_bassistrig_bassistprodmodel_bassistm.mxm
pearl_vrcam/textures/sq04s40light_bassistprodmodel_bassist_face_diffuse.dds	1	1	pearl_vrcam/models/sq04s40light_sq04s40anim_bassistrig_bassistprodmodel_bassistm.mxm
pearl_vrcam/textures/sq04s40light_bassistprodmodel_bassist_face_highlight.dds	1	1	pearl_vrcam/models/sq04s40light_sq04s40anim_bassistrig_bassistprodmodel_bassistm.mxm
pearl_vrcam/textures/sq04s40light_bassistprodmodel_bassist_face_shadow.dds	1	1	pearl_vrcam/models/sq04s40light_sq04s40anim_bassistrig_bassistprodmodel_bassistm.mxm
pearl_vrcam/textures/sq04s40light_bassistprodmodel_bassist_features_diffuse.dds	1	1	pearl_vrcam/models/sq04s40light_sq04s40anim_bassistrig_bassistprodmodel_bassistm.mxm
pearl_vrcam/textures/sq04s40light_bassistprodmodel_bassist_features_shadow.dds	1	1	pearl_vrcam/models/sq04s40light_sq04s40anim_bassistrig_bassistprodmodel_bassistm.mxm
pearl_vrcam/textures/sq04s40light_bassistprodmodel_bassist_hair_diffuse.dds	1	1	pearl_vrcam/models/sq04s40light_sq04s40anim_bassistrig_bassistprodmodel_bassistm.mxm
pearl_vrcam/textures/sq04s40light_bassistprodmodel_bassist_hair_highlight.dds	1	1	pearl_vrcam/models/sq04s40light_sq04s40anim_bassistrig_bassistprodmodel_bassistm.mxm
pearl_vrcam/textures/sq04s40light_bassistprodmodel_bassist_hair_shadow.dds	1	1	pearl_vrcam/models/sq04s40light_sq04s40anim_bassistrig_bassistprodmodel_bassistm.mxm
pearl_vrcam/textures/sq04s40light_bassistprodmodel_bassist_hands_diffuse.dds	1	1	pearl_vrcam/models/sq04s40light_sq04s40anim_bassistrig_bassistprodmodel_bassistm.mxm
pearl_vrcam/textures/sq04s40light_bassistprodmodel_bassist_hands_highlight.dds	1	1	pearl_vrcam/models/sq04s40light_sq04s40anim_bassistrig_bassistprodmodel_bassistm.mxm
pearl_vrcam/textures/sq04s40light_bassistprodmodel_bassist_hands_shadow.dds	1	1	pearl_vrcam/models/sq04s40light_sq04s40anim_bassistrig_bassistprodmodel_bassistm.mxm
pearl_vrcam/textures/sq04s40light_bassistprodmodel_bassist_highlight.dds	1	1	pearl_vrcam/models/sq04s40light_sq04s40anim_bassistrig_bassistprodmodel_bassistm.mxm
pearl_vrcam/textures/sq04s40light_bassistprodmodel_bassist_shadow.dds	1	1	pearl_vrcam/models/sq04s40light_sq04s40anim_bassistrig_bassistprodmodel_bassistm.mxm
pearl_vrcam/textures/sq04s40light_bassistprodmodel_bassist_shirt_diffuse.dds	1	1	pearl_vrcam/models/sq04s40light_sq04s40anim_bassistrig_bassistprodmodel_bassistm.mxm
pearl_vrcam/textures/sq04s40light_bassistprodmodel_bassist_shirt_shadow.dds	1	1	pearl_vrcam/models/sq04s40light_sq04s40anim_bassistrig_bassistprodmodel_bassistm.mxm
pearl_vrcam/textures/sq04s40light_carpearlnew_carbody_highlight.dds	1	2	pearl_vrcam/models/sq04s40light_carpearlnewextattachrig_carpearlnewextattach_carpearlextattach_grp_01.mxm
pearl_vrcam/textures/sq04s40light_carpearlnew_carbody_shadow.dds	1	2	pearl_vrcam/models/sq04s40light_carpearlnewextattachrig_carpearlnewextattach_carpearlextattach_grp_01.mxm
pearl_vrcam/textures/sq04s40light_carpearlnew_carseats_shadow.dds	1	1	pearl_vrcam/models/sq04s40light_sq04s40anim_carpearlnewrig_carpearl_grp.mxm
pearl_vrcam/textures/sq04s40light_drummerprodmodel_drummer_body_diffuse.dds	1	1	pearl_vrcam/models/sq04s40light_sq04s40anim_drummerrig_drummerprodmodel_drummerm.mxm
pearl_vrcam/textures/sq04s40light_drummerprodmodel_drummer_body_highlight.dds	1	1	pearl_vrcam/models/sq04s40light_sq04s40anim_drummerrig_drummerprodmodel_drummerm.mxm
pearl_vrcam/textures/sq04s40light_drummerprodmodel_drummer_body_shadow.dds	1	1	pearl_vrcam/models/sq04s40light_sq04s40anim_drummerrig_drummerprodmodel_drummerm.mxm
pearl_vrcam/textures/sq04s40light_drummerprodmodel_drummer_diffuse.dds	1	1	pearl_vrcam/models/sq04s40light_sq04s40anim_drummerrig_drummerprodmodel_drummerm.mxm
pearl_vrcam/textures/sq04s40light_drummerprodmodel_drummer_features_diffuse.dds	1	1	pearl_vrcam/models/sq04s40light_sq04s40anim_drummerrig_drummerprodmodel_drummerm.mxm
pearl_vrcam/textures/sq04s40light_drummerprodmodel_drummer_hair_diffuse.dds	1	1	pearl_vrcam/models/sq04s40light_sq04s40anim_drummerrig_drummerprodmodel_drummerm.mxm
pearl_vrcam/textures/sq04s40light_drummerprodmodel_drummer_hair_highlight.dds	1	1	pearl_vrcam/models/sq04s40light_sq04s40anim_drummerrig_drummerprodmodel_drummerm.mxm
pearl_vrcam/textures/sq04s40light_drummerprodmodel_drummer_hair_shadow.dds	1	1	pearl_vrcam/models/sq04s40light_sq04s40anim_drummerrig_drummerprodmodel_drummerm.mxm
pearl_vrcam/textures/sq04s40light_drummerprodmodel_drummer_highlight.dds	1	1	pearl_vrcam/models/sq04s40light_sq04s40anim_drummerrig_drummerprodmodel_drummerm.mxm
pearl_vrcam/textures/sq04s40light_drummerprodmodel_drummer_shadow.dds	1	1	pearl_vrcam/models/sq04s40light_sq04s40anim_drummerrig_drummerprodmodel_drummerm.mxm
pearl_vrcam/textures/sq04s40light_drummerprodmodel_drummer_shirts_diffuse.dds	1	1	pearl_vrcam/models/sq04s40light_sq04s40anim_drummerrig_drummerprodmodel_drummerm.mxm
pearl_vrcam/textures/sq04s40light_guitaristprodmodel_guitarist_body_highlight.dds	1	1	pearl_vrcam/models/sq04s40light_sq04s40anim_guitaristrig_guitaristprodmodel_guitaristm.mxm
pearl_vrcam/textures/sq04s40light_guitaristprodmodel_guitarist_body_shadow.dds	1	1	pearl_vrcam/models/sq04s40light_sq04s40anim_guitaristrig_guitaristprodmodel_guitaristm.mxm
pearl_vrcam/textures/sq04s40light_guitaristprodmodel_guitarist_features_shadow.dds	1	1	pearl_vrcam/models/sq04s40light_sq04s40anim_guitaristrig_guitaristprodmodel_guitaristm.mxm
pearl_vrcam/textures/sq04s40light_guitaristprodmodel_guitarist_hair_highlight.dds	1	1	pearl_vrcam/models/sq04s40light_sq04s40anim_guitaristrig_guitaristprodmodel_guitaristm.mxm
pearl_vrcam/textures/sq04s40light_guitaristprodmodel_guitarist_hair_shadow.dds	1	1	pearl_vrcam/models/sq04s40light_sq04s40anim_guitaristrig_guitaristprodmodel_guitaristm.mxm
pearl_vrcam/textures/sq04s40light_guitaristprodmodel_guitarist_highlight.dds	1	1	pearl_vrcam/models/sq04s40light_sq04s40anim_guitaristrig_guitaristprodmodel_guitaristm.mxm
pearl_vrcam/textures/sq04s40light_guitaristprodmodel_guitarist_shadow.dds	1	1	pearl_vrcam/models/sq04s40light_sq04s40anim_guitaristrig_guitaristprodmodel_guitaristm.mxm
pearl_vrcam/textures/sq04s40light_guitaristprodmodel_guitarist_shirt_highlight.dds	1	1	pearl_vrcam/models/sq04s40light_sq04s40anim_guitaristrig_guitaristprodmodel_guitaristm.mxm
pearl_vrcam/textures/sq04s40light_guitaristprodmodel_guitarist_shirt_shadow.dds	1	1	pearl_vrcam/models/sq04s40light_sq04s40anim_guitaristrig_guitaristprodmodel_guitaristm.mxm
pearl_vrcam/textures/sq04s40light_parkinglot711_skydome_diffuse.dds	1	2	pearl_vrcam/models/sq04s40light_sq04s40anim_carpearlnewrig_carpearl_grp.mxm
pearl_vrcam/textures/sq04s40light_parkinglot711_storesignred_diffuse.dds	1	1	pearl_vrcam/models/sq04s40light_sq04s40anim_sq04s40flo_parkinglot711_parkinglot711_grp.mxm
pearl_vrcam/textures/sq04s40light_pickuptruck02prodmodel_pickuptruck02_diffuse.dds	1	1	pearl_vrcam/models/sq04s40light_sq04s40anim_pickuptruck02rig_pickuptruck02prodmodel_pickuptruck02_grp.mxm
pearl_vrcam/textures/sq04s40light_sarateenprodmodel_sarateen_hair_diffuse.dds	1	1	pearl_vrcam/models/sq04s40light_sq04s40anim_sarateenrig_sarateenprodmodel_saratm.mxm
pearl_vrcam/textures/sq04s40light_sarateenprodmodel_sarateen_hair_highlight.dds	1	1	pearl_vrcam/models/sq04s40light_sq04s40anim_sarateenrig_sarateenprodmodel_saratm.mxm
pearl_vrcam/textures/sq04s40light_sarateenprodmodel_sarateen_hair_shadow.dds	1	1	pearl_vrcam/models/sq04s40light_sq04s40anim_sarateenrig_sarateenprodmodel_saratm.mxm
pearl_vrcam/textures/sq04s40light_sarateenprodmodel_sarateenbody_diffuse.dds	1	1	pearl_vrcam/models/sq04s40light_sq04s40anim_sarateenrig_sarateenprodmodel_saratm.mxm
pearl_vrcam/textures/sq04s40light_sarateenprodmodel_sarateenbody_highlight.dds	1	1	pearl_vrcam/models/sq04s40light_sq04s40anim_sarateenrig_sarateenprodmodel_saratm.mxm
pearl_vrcam/textures/sq04s40light_sarateenprodmodel_sarateenbody_shadow.dds	1	1	pearl_vrcam/models/sq04s40light_sq04s40anim_sarateenrig_sarateenprodmodel_saratm.mxm
pearl_vrcam/textures/sq04s40light_sarateenprodmodel_sarateenfeatures_diffuse.dds	1	1	pearl_vrcam/models/sq04s40light_sq04s40anim_sarateenrig_sarateenprodmodel_saratm.mxm
pearl_vrcam/textures/sq04s40light_sarateenprodmodel_sarateenfeatures_shadow.dds	1	1	pearl_vrcam/models/sq04s40light_sq04s40anim_sarateenrig_sarateenprodmodel_saratm.mxm
pearl_vrcam/textures/sq04s40light_sarateenprodmodel_sarateenshirt_diffuse.dds	1	1	pearl_vrcam/models/sq04s40light_sq04s40anim_sarateenrig_sarateenprodmodel_saratm.mxm
pearl_vrcam/textures/sq04s40light_sarateenprodmodel_sarateenshirt_shadow.dds	1	1	pearl_vrcam/models/sq04s40light_sq04s40anim_sarateenrig_sarateenprodmodel_saratm.mxm
pearl_vrcam/textures/sq04s40light_sarateenprodmodel_sarateensurf_diffuse.dds	1	1	pearl_vrcam/models/sq04s40light_sq04s40anim_sarateenrig_sarateenprodmodel_saratm.mxm
pearl_vrcam/textures/sq04s40light_sarateenprodmodel_sarateensurf_highlight.dds	1	1	pearl_vrcam/models/sq04s40light_sq04s40anim_sarateenrig_sarateenprodmodel_saratm.mxm
pearl_vrcam/textures/sq04s40light_sarateenprodmodel_sarateensurf_shadow.dds	1	1	pearl_vrcam/models/sq04s40light_sq04s40anim_sarateenrig_sarateenprodmodel_saratm.mxm
pearl_vrcam/textures/sq04s55light_acousticguitar_acousticguitar_diffuse.dds	1	1	pearl_vrcam/models/sq04s55light_sq04s55anim_acousticguitar_acousticguitar.mxm
pearl_vrcam/textures/sq04s55light_acousticguitara_acousticguitara_diffuse.dds	1	1	pearl_vrcam/models/sq04s55light_sq04s55anim_acousticguitara_acousticguitara.mxm
pearl_vrcam/textures/sq04s55light_acousticguitara_acousticguitara_highlight.dds	1	1	pearl_vrcam/models/sq04s55light_sq04s55anim_acousticguitara_acousticguitara.mxm
pearl_vrcam/textures/sq04s55light_bassistprodmodel_bassist_diffuse.dds	1	1	pearl_vrcam/models/sq04s55light_sq04s55anim_bassistrig_bassistprodmodel_bassistm.mxm
pearl_vrcam/textures/sq04s55light_bassistprodmodel_bassist_face_diffuse.dds	1	1	pearl_vrcam/models/sq04s55light_sq04s55anim_bassistrig_bassistprodmodel_bassistm.mxm
pearl_vrcam/textures/sq04s55light_bassistprodmodel_bassist_features_diffuse.dds	1	1	pearl_vrcam/models/sq04s55light_sq04s55anim_bassistrig_bassistprodmodel_bassistm.mxm
pearl_vrcam/textures/sq04s55light_bassistprodmodel_bassist_hair_diffuse.dds	1	1	pearl_vrcam/models/sq04s55light_sq04s55anim_bassistrig_bassistprodmodel_bassistm.mxm
pearl_vrcam/textures/sq04s55light_bassistprodmodel_bassist_hands_diffuse.dds	1	1	pearl_vrcam/models/sq04s55light_sq04s55anim_bassistrig_bassistprodmodel_bassistm.mxm
pearl_vrcam/textures/sq04s55light_bassistprodmodel_bassist_workshirt_diffuse.dds	1	1	pearl_vrcam/models/sq04s55light_sq04s55anim_bassistrig_bassistprodmodel_bassistm.mxm
pearl_vrcam/textures/sq04s55light_bassistprodmodel_bassistworkclothes_diffuse.dds	1	1	pearl_vrcam/models/sq04s55light_sq04s55anim_bassistrig_bassistprodmodel_bassistm.mxm
pearl_vrcam/textures/sq04s55light_carpearlnew_carbody_diffuse.dds	1	2	pearl_vrcam/models/sq04s55light_carpearlnewextattachrig_carpearlnewextattach_carpearlextattach_grp_01.mxm
pearl_vrcam/textures/sq04s55light_carpearlnew_carbody_glow.dds	1	2	pearl_vrcam/models/sq04s55light_carpearlnewextattachrig_carpearlnewextattach_carpearlextattach_grp_01.mxm
pearl_vrcam/textures/sq04s55light_carpearlnew_carmirror_left_diffuse.dds	1	1	pearl_vrcam/models/sq04s55light_sq04s55anim_carpearlnewrig_carpearl_grp.mxm
pearl_vrcam/textures/sq04s55light_carpearlnew_carmirror_rear_diffuse.dds	1	1	pearl_vrcam/models/sq04s55light_sq04s55anim_carpearlnewrig_carpearl_grp.mxm
pearl_vrcam/textures/sq04s55light_carpearlnew_carmirror_right_diffuse.dds	1	1	pearl_vrcam/models/sq04s55light_sq04s55anim_carpearlnewrig_carpearl_grp.mxm
pearl_vrcam/textures/sq04s55light_carpearlnew_carseats_diffuse.dds	1	1	pearl_vrcam/models/sq04s55light_sq04s55anim_carpearlnewrig_carpearl_grp.mxm
pearl_vrcam/textures/sq04s55light_carpearlnew_carseats_glow.dds	1	1	pearl_vrcam/models/sq04s55light_sq04s55anim_carpearlnewrig_carpearl_grp.mxm
pearl_vrcam/textures/sq04s55light_drummerprodmodel_drummer_body_diffuse.dds	1	1	pearl_vrcam/models/sq04s55light_sq04s55anim_drummerrig_drummerprodmodel_drummerm.mxm
pearl_vrcam/textures/sq04s55light_drummerprodmodel_drummer_body_highlight.dds	1	1	pearl_vrcam/models/sq04s55light_sq04s55anim_drummerrig_drummerprodmodel_drummerm.mxm
pearl_vrcam/textures/sq04s55light_drummerprodmodel_drummer_diffuse.dds	1	1	pearl_vrcam/models/sq04s55light_sq04s55anim_drummerrig_drummerprodmodel_drummerm.mxm
pearl_vrcam/textures/sq04s55light_drummerprodmodel_drummer_features_diffuse.dds	1	1	pearl_vrcam/models/sq04s55light_sq04s55anim_drummerrig_drummerprodmodel_drummerm.mxm
pearl_vrcam/textures/sq04s55light_drummerprodmodel_drummer_hair_diffuse.dds	1	1	pearl_vrcam/models/sq04s55light_sq04s55anim_drummerrig_drummerprodmodel_drummerm.mxm
pearl_vrcam/textures/sq04s55light_drummerprodmodel_drummer_hair_highlight.dds	1	1	pearl_vrcam/models/sq04s55light_sq04s55anim_drummerrig_drummerprodmodel_drummerm.mxm
pearl_vrcam/textures/sq04s55light_drummerprodmodel_drummer_highlight.dds	1	1	pearl_vrcam/models/sq04s55light_sq04s55anim_drummerrig_drummerprodmodel_drummerm.mxm
pearl_vrcam/textures/sq04s55light_drummerprodmodel_drummer_shirts_diffuse.dds	1	1	pearl_vrcam/models/sq04s55light_sq04s55anim_drummerrig_drummerprodmodel_drummerm.mxm
pearl_vrcam/textures/sq04s55light_guitaristprodmodel_guitarist_body_diffuse.dds	1	1	pearl_vrcam/models/sq04s55light_sq04s55anim_guitaristrig_guitaristprodmodel_guitaristm.mxm
pearl_vrcam/textures/sq04s55light_guitaristprodmodel_guitarist_diffuse.dds	1	1	pearl_vrcam/models/sq04s55light_sq04s55anim_guitaristrig_guitaristprodmodel_guitaristm.mxm
pearl_vrcam/textures/sq04s55light_guitaristprodmodel_guitarist_features_diffuse.dds	1	1	pearl_vrcam/models/sq04s55light_sq04s55anim_guitaristrig_guitaristprodmodel_guitaristm.mxm
pearl_vrcam/textures/sq04s55light_guitaristprodmodel_guitarist_hair_diffuse.dds	1	1	pearl_vrcam/models/sq04s55light_sq04s55anim_guitaristrig_guitaristprodmodel_guitaristm.mxm
pearl_vrcam/textures/sq04s55light_guitaristprodmodel_guitarist_hair_highlight.dds	1	1	pearl_vrcam/models/sq04s55light_sq04s55anim_guitaristrig_guitaristprodmodel_guitaristm.mxm
pearl_vrcam/textures/sq04s55light_guitaristprodmodel_guitarist_highlight.dds	1	1	pearl_vrcam/models/sq04s55light_sq04s55anim_guitaristrig_guitaristprodmodel_guitaristm.mxm
pearl_vrcam/textures/sq04s55light_guitaristprodmodel_guitarist_shirt_diffuse.dds	1	1	pearl_vrcam/models/sq04s55light_sq04s55anim_guitaristrig_guitaristprodmodel_guitaristm.mxm
pearl_vrcam/textures/sq04s55light_outsidemall_light_mat_03_spot_diffuse.dds	1	1	pearl_vrcam/models/sq04s55light_sq04s55anim_sq04s55flo_outsidemall_outsidemall_grp.mxm
pearl_vrcam/textures/sq04s55light_outsidemall_light_mat_05_spot_diffuse.dds	1	1	pearl_vrcam/models/sq04s55light_sq04s55anim_sq04s55flo_outsidemall_outsidemall_grp.mxm
pearl_vrcam/textures/sq04s55light_outsidemall_mountains_mat_01_spot_diffuse.dds	1	1	pearl_vrcam/models/sq04s55light_sq04s55anim_sq04s55flo_outsidemall_outsidemall_grp.mxm
pearl_vrcam/textures/sq04s55light_outsidemall_mountains_mat_02_spot_diffuse.dds	1	1	pearl_vrcam/models/sq04s55light_sq04s55anim_sq04s55flo_outsidemall_outsidemall_grp.mxm
pearl_vrcam/textures/sq04s55light_outsidemall_outsidemall_diffuse.dds	1	2	pearl_vrcam/models/sq04s55light_sq04s55anim_sq04s55flo_outsidemall_outsidemall_grp.mxm
pearl_vrcam/textures/sq04s55light_outsidemall_sky_mat_01_spot_diffuse.dds	1	1	pearl_vrcam/models/sq04s55light_sq04s55anim_sq04s55flo_outsidemall_outsidemall_grp.mxm
pearl_vrcam/textures/sq04s55light_outsidemall_trees_mat_01_spot_diffuse.dds	1	1	pearl_vrcam/models/sq04s55light_sq04s55anim_sq04s55flo_outsidemall_outsidemall_grp.mxm
pearl_vrcam/textures/sq04s55light_outsidemall_trees_mat_02_spot_diffuse.dds	1	1	pearl_vrcam/models/sq04s55light_sq04s55anim_sq04s55flo_outsidemall_outsidemall_grp.mxm
pearl_vrcam/textures/sq04s55light_pickuptruck02prodmodel_pickuptruck02_diffuse.dds	1	1	pearl_vrcam/models/sq04s55light_sq04s55anim_pickuptruck02rig_pickuptruck02prodmodel_pickuptruck02_grp.mxm
pearl_vrcam/textures/sq04s55light_pickuptruck02prodmodel_pickuptruck02_highlight.dds	1	1	pearl_vrcam/models/sq04s55light_sq04s55anim_pickuptruck02rig_pickuptruck02prodmodel_pickuptruck02_grp.mxm
pearl_vrcam/textures/sq04s55light_sarateenprodmodel_sarateen_hair_diffuse.dds	1	1	pearl_vrcam/models/sq04s55light_sq04s55anim_sarateenrig_sarateenprodmodel_saratm.mxm
pearl_vrcam/textures/sq04s55light_sarateenprodmodel_sarateen_hair_highlight.dds	1	1	pearl_vrcam/models/sq04s55light_sq04s55anim_sarateenrig_sarateenprodmodel_saratm.mxm
pearl_vrcam/textures/sq04s55light_sarateenprodmodel_sarateenbody_diffuse.dds	1	1	pearl_vrcam/models/sq04s55light_sq04s55anim_sarateenrig_sarateenprodmodel_saratm.mxm
pearl_vrcam/textures/sq04s55light_sarateenprodmodel_sarateenbody_highlight.dds	1	1	pearl_vrcam/models/sq04s55light_sq04s55anim_sarateenrig_sarateenprodmodel_saratm.mxm
pearl_vrcam/textures/sq04s55light_sarateenprodmodel_sarateenfeatures_diffuse.dds	1	1	pearl_vrcam/models/sq04s55light_sq04s55anim_sarateenrig_sarateenprodmodel_saratm.mxm
pearl_vrcam/textures/sq04s55light_sarateenprodmodel_sarateenshirt_diffuse.dds	1	1	pearl_vrcam/models/sq04s55light_sq04s55anim_sarateenrig_sarateenprodmodel_saratm.mxm
pearl_vrcam/textures/sq04s55light_sarateenprodmodel_sarateensurf_diffuse.dds	1	1	pearl_vrcam/models/sq04s55light_sq04s55anim_sarateenrig_sarateenprodmodel_saratm.mxm
pearl_vrcam/textures/sq04s55light_semitruck02prodmodel_semitruck02_diffuse.dds	1	2	pearl_vrcam/models/sq04s55light_sq04s55anim_semitruck02rig1_semitruck02prodmodel_semitruck02_grp.mxm
pearl_vrcam/textures/sq04s55light_semitruckprodmodel_semitruck_diffuse.dds	1	1	pearl_vrcam/models/sq04s55light_sq04s55anim_semitruckrig_semitruckprodmodel_semitruck_grp.mxm
pearl_vrcam/textures/sq04s55light_stationwagonprodmodel_stationwagon_diffuse.dds	1	1	pearl_vrcam/models/sq04s55light_sq04s55anim_stationwagonrig_stationwagonprodmodel_stationwagon_grp.mxm
pearl_vrcam/textures/sq04s55light_transparent.dds	1	1	pearl_vrcam/models/sq04s55light_lightglowplanes_grp_01.mxm
pearl_vrcam/textures/sq04s55light_vanprodmodel_van_diffuse.dds	1	1	pearl_vrcam/models/sq04s55light_sq04s55anim_vanrig_vanprodmodel_van_grp.mxm
pearl_vrcam/textures/sq04s55light_volvoprodmodel_volvo_diffuse.dds	1	1	pearl_vrcam/models/sq04s55light_sq04s55anim_volvorig_volvoprodmodel_volvo_grp.mxm
pearl_vrcam/textures/sq04s60light_acousticguitar_diffuse.dds	1	1	pearl_vrcam/models/sq04s60light_sq04s60anim_acousticguitar_acousticguitar.mxm
pearl_vrcam/textures/sq04s60light_acousticguitar_shadow.dds	1	1	pearl_vrcam/models/sq04s60light_sq04s60anim_acousticguitar_acousticguitar.mxm
pearl_vrcam/textures/sq04s60light_bassist_diffuse.dds	1	1	pearl_vrcam/models/sq04s60light_sq04s60anim_bassistrig_bassistprodmodel_bassistm.mxm
pearl_vrcam/textures/sq04s60light_bassist_face_diffuse.dds	1	1	pearl_vrcam/models/sq04s60light_sq04s60anim_bassistrig_bassistprodmodel_bassistm.mxm
pearl_vrcam/textures/sq04s60light_bassist_face_shadow.dds	1	1	pearl_vrcam/models/sq04s60light_sq04s60anim_bassistrig_bassistprodmodel_bassistm.mxm
pearl_vrcam/textures/sq04s60light_bassist_features_diffuse.dds	1	1	pearl_vrcam/models/sq04s60light_sq04s60anim_bassistrig_bassistprodmodel_bassistm.mxm
pearl_vrcam/textures/sq04s60light_bassist_features_shadow.dds	1	1	pearl_vrcam/models/sq04s60light_sq04s60anim_bassistrig_bassistprodmodel_bassistm.mxm
pearl_vrcam/textures/sq04s60light_bassist_hair_diffuse.dds	1	1	pearl_vrcam/models/sq04s60light_sq04s60anim_bassistrig_bassistprodmodel_bassistm.mxm
pearl_vrcam/textures/sq04s60light_bassist_hair_shadow.dds	1	1	pearl_vrcam/models/sq04s60light_sq04s60anim_bassistrig_bassistprodmodel_bassistm.mxm
pearl_vrcam/textures/sq04s60light_bassist_hands_diffuse.dds	1	1	pearl_vrcam/models/sq04s60light_sq04s60anim_bassistrig_bassistprodmodel_bassistm.mxm
pearl_vrcam/textures/sq04s60light_bassist_hands_shadow.dds	1	1	pearl_vrcam/models/sq04s60light_sq04s60anim_bassistrig_bassistprodmodel_bassistm.mxm
pearl_vrcam/textures/sq04s60light_bassist_shadow.dds	1	1	pearl_vrcam/models/sq04s60light_sq04s60anim_bassistrig_bassistprodmodel_bassistm.mxm
pearl_vrcam/textures/sq04s60light_bassist_shirt_diffuse.dds	1	1	pearl_vrcam/models/sq04s60light_sq04s60anim_bassistrig_bassistprodmodel_bassistm.mxm
pearl_vrcam/textures/sq04s60light_bassist_shirt_shadow.dds	1	1	pearl_vrcam/models/sq04s60light_sq04s60anim_bassistrig_bassistprodmodel_bassistm.mxm
pearl_vrcam/textures/sq04s60light_billboards_diffuse.dds	1	1	pearl_vrcam/models/sq04s60light_sq04s60anim_setdressingnighttimebusinessdistrict_setdressingnighttimebusinessdistrict_grp.mxm
pearl_vrcam/textures/sq04s60light_bluelight.dds	1	1	pearl_vrcam/models/sq04s60light_copcarlightsgroup.mxm
pearl_vrcam/textures/sq04s60light_carbody_diffuse.dds	1	2	pearl_vrcam/models/sq04s60light_carpearlnewextattachrig_carpearlnewextattach_carpearlextattach_grp_01.mxm
pearl_vrcam/textures/sq04s60light_carbody_shadow.dds	1	2	pearl_vrcam/models/sq04s60light_carpearlnewextattachrig_carpearlnewextattach_carpearlextattach_grp_01.mxm
pearl_vrcam/textures/sq04s60light_carseats_diffuse.dds	1	1	pearl_vrcam/models/sq04s60light_sq04s60anim_carpearlnewrig_carpearl_grp.mxm
pearl_vrcam/textures/sq04s60light_carseats_shadow.dds	1	1	pearl_vrcam/models/sq04s60light_sq04s60anim_carpearlnewrig_carpearl_grp.mxm
pearl_vrcam/textures/sq04s60light_cop_car_lights_shadow.dds	1	1	pearl_vrcam/models/sq04s60light_copcarlightsgroup.mxm
pearl_vrcam/textures/sq04s60light_copcar_people_diffuse.dds	1	1	pearl_vrcam/models/sq04s60light_sq04s60anim_copcarrig_copcarprodmodel_copcar_grp.mxm
pearl_vrcam/textures/sq04s60light_copcar_shadow.dds	1	1	pearl_vrcam/models/sq04s60light_sq04s60anim_copcarrig_copcarprodmodel_copcar_grp.mxm
pearl_vrcam/textures/sq04s60light_drummer_body_diffuse.dds	1	1	pearl_vrcam/models/sq04s60light_sq04s60anim_drummerrig_drummerprodmodel_drummerm.mxm
pearl_vrcam/textures/sq04s60light_drummer_body_shadow.dds	1	1	pearl_vrcam/models/sq04s60light_sq04s60anim_drummerrig_drummerprodmodel_drummerm.mxm
pearl_vrcam/textures/sq04s60light_drummer_diffuse.dds	1	1	pearl_vrcam/models/sq04s60light_sq04s60anim_drummerrig_drummerprodmodel_drummerm.mxm
pearl_vrcam/textures/sq04s60light_drummer_features_diffuse.dds	1	1	pearl_vrcam/models/sq04s60light_sq04s60anim_drummerrig_drummerprodmodel_drummerm.mxm
pearl_vrcam/textures/sq04s60light_drummer_features_shadow.dds	1	1	pearl_vrcam/models/sq04s60light_sq04s60anim_drummerrig_drummerprodmodel_drummerm.mxm
pearl_vrcam/textures/sq04s60light_drummer_hair_diffuse.dds	1	1	pearl_vrcam/models/sq04s60light_sq04s60anim_drummerrig_drummerprodmodel_drummerm.mxm
pearl_vrcam/textures/sq04s60light_drummer_hair_shadow.dds	1	1	pearl_vrcam/models/sq04s60light_sq04s60anim_drummerrig_drummerprodmodel_drummerm.mxm
pearl_vrcam/textures/sq04s60light_drummer_shadow.dds	1	1	pearl_vrcam/models/sq04s60light_sq04s60anim_drummerrig_drummerprodmodel_drummerm.mxm
pearl_vrcam/textures/sq04s60light_drummer_shirts_diffuse.dds	1	1	pearl_vrcam/models/sq04s60light_sq04s60anim_drummerrig_drummerprodmodel_drummerm.mxm
pearl_vrcam/textures/sq04s60light_fence_mat_diffuse.dds	1	2	pearl_vrcam/models/sq04s60light_sq04s60anim_setdressingnighttimebusinessdistrict_setdressingnighttimebusinessdistrict_grp.mxm
pearl_vrcam/textures/sq04s60light_green_light.dds	1	2	pearl_vrcam/models/sq04s20light_envcontstrainedgroup.mxm
pearl_vrcam/textures/sq04s60light_guitarist_body_diffuse.dds	1	1	pearl_vrcam/models/sq04s60light_sq04s60anim_guitaristrig_guitaristprodmodel_guitaristm.mxm
pearl_vrcam/textures/sq04s60light_guitarist_body_shadow.dds	1	1	pearl_vrcam/models/sq04s60light_sq04s60anim_guitaristrig_guitaristprodmodel_guitaristm.mxm
pearl_vrcam/textures/sq04s60light_guitarist_diffuse.dds	1	1	pearl_vrcam/models/sq04s60light_sq04s60anim_guitaristrig_guitaristprodmodel_guitaristm.mxm
pearl_vrcam/textures/sq04s60light_guitarist_features_diffuse.dds	1	1	pearl_vrcam/models/sq04s60light_sq04s60anim_guitaristrig_guitaristprodmodel_guitaristm.mxm
pearl_vrcam/textures/sq04s60light_guitarist_features_shadow.dds	1	1	pearl_vrcam/models/sq04s60light_sq04s60anim_guitaristrig_guitaristprodmodel_guitaristm.mxm
pearl_vrcam/textures/sq04s60light_guitarist_hair_diffuse.dds	1	1	pearl_vrcam/models/sq04s60light_sq04s60anim_guitaristrig_guitaristprodmodel_guitaristm.mxm
pearl_vrcam/textures/sq04s60light_guitarist_hair_shadow.dds	1	1	pearl_vrcam/models/sq04s60light_sq04s60anim_guitaristrig_guitaristprodmodel_guitaristm.mxm
pearl_vrcam/textures/sq04s60light_guitarist_shadow.dds	1	1	pearl_vrcam/models/sq04s60light_sq04s60anim_guitaristrig_guitaristprodmodel_guitaristm.mxm
pearl_vrcam/textures/sq04s60light_guitarist_shirt_diffuse.dds	1	1	pearl_vrcam/models/sq04s60light_sq04s60anim_guitaristrig_guitaristprodmodel_guitaristm.mxm
pearl_vrcam/textures/sq04s60light_guitarist_shirt_shadow.dds	1	1	pearl_vrcam/models/sq04s60light_sq04s60anim_guitaristrig_guitaristprodmodel_guitaristm.mxm
pearl_vrcam/textures/sq04s60light_headlight.dds	1	2	pearl_vrcam/models/sq03s60light_othercarlightsgroup.mxm
pearl_vrcam/textures/sq04s60light_headlight_cooler.dds	1	3	pearl_vrcam/models/sq03s60light_othercarlightsgroup.mxm
pearl_vrcam/textures/sq04s60light_nighttimebusinessdistrict_misc_spotlightshader_01_diffuse.dds	1	2	pearl_vrcam/models/sq04s60light_sq04s60anim_setdressingnighttimebusinessdistrict_setdressingnighttimebusinessdistrict_grp.mxm
pearl_vrcam/textures/sq04s60light_pickuptruck02prodmodel_pickuptruck02_diffuse.dds	1	2	pearl_vrcam/models/sq04s60light_sq04s60anim_pickuptruck02rig1_pickuptruck02prodmodel_pickuptruck02_grp.mxm
pearl_vrcam/textures/sq04s60light_redlight.dds	1	1	pearl_vrcam/models/sq04s60light_copcarlightsgroup.mxm
pearl_vrcam/textures/sq04s60light_romancandle_diffuse.dds	1	1	pearl_vrcam/models/sq04s60light_sq04s60anim_romancandlefx_romancandlegrp.mxm
pearl_vrcam/textures/sq04s60light_sarateen_hair_diffuse.dds	1	1	pearl_vrcam/models/sq04s60light_sq04s60anim_sarateenrig_sarateenprodmodel_saratm.mxm
pearl_vrcam/textures/sq04s60light_sarateen_hair_shadow.dds	1	1	pearl_vrcam/models/sq04s60light_sq04s60anim_sarateenrig_sarateenprodmodel_saratm.mxm
pearl_vrcam/textures/sq04s60light_sarateenbody_diffuse.dds	1	1	pearl_vrcam/models/sq04s60light_sq04s60anim_sarateenrig_sarateenprodmodel_saratm.mxm
pearl_vrcam/textures/sq04s60light_sarateenbody_shadow.dds	1	1	pearl_vrcam/models/sq04s60light_sq04s60anim_sarateenrig_sarateenprodmodel_saratm.mxm
pearl_vrcam/textures/sq04s60light_sarateenfeatures_diffuse.dds	1	1	pearl_vrcam/models/sq04s60light_sq04s60anim_sarateenrig_sarateenprodmodel_saratm.mxm
pearl_vrcam/textures/sq04s60light_sarateenfeatures_shadow.dds	1	1	pearl_vrcam/models/sq04s60light_sq04s60anim_sarateenrig_sarateenprodmodel_saratm.mxm
pearl_vrcam/textures/sq04s60light_sarateenshirt_diffuse.dds	1	1	pearl_vrcam/models/sq04s60light_sq04s60anim_sarateenrig_sarateenprodmodel_saratm.mxm
pearl_vrcam/textures/sq04s60light_sarateenshirt_shadow.dds	1	1	pearl_vrcam/models/sq04s60light_sq04s60anim_sarateenrig_sarateenprodmodel_saratm.mxm
pearl_vrcam/textures/sq04s60light_sarateensurf_diffuse.dds	1	1	pearl_vrcam/models/sq04s60light_sq04s60anim_sarateenrig_sarateenprodmodel_saratm.mxm
pearl_vrcam/textures/sq04s60light_sarateensurf_shadow.dds	1	1	pearl_vrcam/models/sq04s60light_sq04s60anim_sarateenrig_sarateenprodmodel_saratm.mxm
pearl_vrcam/textures/sq04s60light_semitruck02_diffuse.dds	1	1	pearl_vrcam/models/sq04s60light_sq04s60anim_semitruck02rig_semitruck02prodmodel_semitruck02_grp.mxm
pearl_vrcam/textures/sq04s60light_semitruck_diffuse.dds	1	1	pearl_vrcam/models/sq04s60light_sq04s60anim_semitruckrig_semitruckprodmodel_semitruck_grp.mxm
pearl_vrcam/textures/sq04s60light_sky.dds	1	1	pearl_vrcam/models/sq04s60light_sq04s60anim_sq04s60flo_nighttimebusinessdistrict_nighttimebusinessdistrict_grp.mxm
pearl_vrcam/textures/sq04s60light_stationwagon_diffuse.dds	1	1	pearl_vrcam/models/sq04s60light_sq04s60anim_stationwagonrig_stationwagonprodmodel_stationwagon_grp.mxm
pearl_vrcam/textures/sq04s60light_stationwagon_people_diffuse.dds	1	1	pearl_vrcam/models/sq04s60light_sq04s60anim_stationwagonrig_stationwagonprodmodel_stationwagon_grp.mxm
pearl_vrcam/textures/sq04s60light_storesign_diffuse.dds	1	1	pearl_vrcam/models/sq04s60light_sq04s60anim_setdressingnighttimebusinessdistrict_setdressingnighttimebusinessdistrict_grp.mxm
pearl_vrcam/textures/sq04s60light_taillight.dds	1	2	pearl_vrcam/models/sq03s60light_othercarlightsgroup.mxm
pearl_vrcam/textures/sq04s60light_towtruckprodmodel_diffuse.dds	1	1	pearl_vrcam/models/sq04s60light_sq04s60anim_towtruckrig_towtruckprodmodel_towtruck_grp.mxm
pearl_vrcam/textures/sq04s60light_uhaultruck_diffuse.dds	1	1	pearl_vrcam/models/sq04s60light_sq04s60anim_uhaultruckrig_uhaultruckprodmodel_uhaultruck_grp.mxm
pearl_vrcam/textures/sq04s60light_uhaultruck_people_diffuse.dds	1	1	pearl_vrcam/models/sq04s60light_sq04s60anim_uhaultruckrig_uhaultruckprodmodel_uhaultruck_grp.mxm
pearl_vrcam/textures/sq04s60light_van_diffuse.dds	1	1	pearl_vrcam/models/sq04s60light_sq04s60anim_vanrig_vanprodmodel_van_grp.mxm
pearl_vrcam/textures/sq04s60light_volvoprodmodel_volvo_diffuse.dds	1	2	pearl_vrcam/models/sq04s60light_sq04s60anim_volvorig1_volvoprodmodel_volvo_grp.mxm
pearl_vrcam/textures/sq04s70light_billboards_diffuse.dds	1	1	pearl_vrcam/models/sq04s70light_sq04s70anim_setdressingnighttimebusinessdistrict_setdressingnighttimebusinessdistrict_grp.mxm
pearl_vrcam/textures/sq04s70light_carbody_diffuse.dds	1	2	pearl_vrcam/models/sq04s70light_carpearlnewextattachrig_carpearlnewextattach_carpearlextattach_grp_01.mxm
pearl_vrcam/textures/sq04s70light_carbody_shadow.dds	1	1	pearl_vrcam/models/sq04s70light_sq04s70anim_carpearlnewrig_carpearl_grp.mxm
pearl_vrcam/textures/sq04s70light_carmirror_left_diffuse.dds	1	1	pearl_vrcam/models/sq04s70light_sq04s70anim_carpearlnewrig_carpearl_grp.mxm
pearl_vrcam/textures/sq04s70light_carmirror_rear_diffuse.dds	1	1	pearl_vrcam/models/sq04s70light_sq04s70anim_carpearlnewrig_carpearl_grp.mxm
pearl_vrcam/textures/sq04s70light_carmirror_right_diffuse.dds	1	1	pearl_vrcam/models/sq04s70light_sq04s70anim_carpearlnewrig_carpearl_grp.mxm
pearl_vrcam/textures/sq04s70light_carseats_diffuse.dds	1	2	pearl_vrcam/models/sq04s70light_carpearlnewextattachrig_carpearlnewextattach_carpearlextattach_grp_01.mxm
pearl_vrcam/textures/sq04s70light_dad_newpants_diffuse.dds	1	1	pearl_vrcam/models/sq04s70light_sq04s70anim_dadmiddleagedrig_dadmiddleagedprodmodel_dadmm.mxm
pearl_vrcam/textures/sq04s70light_dadarms_diffuse.dds	1	1	pearl_vrcam/models/sq04s70light_sq04s70anim_dadmiddleagedrig_dadmiddleagedprodmodel_dadmm.mxm
pearl_vrcam/textures/sq04s70light_dadarms_shadow.dds	1	1	pearl_vrcam/models/sq04s70light_sq04s70anim_dadmiddleagedrig_dadmiddleagedprodmodel_dadmm.mxm
pearl_vrcam/textures/sq04s70light_dadface_diffuse.dds	1	1	pearl_vrcam/models/sq04s70light_sq04s70anim_dadmiddleagedrig_dadmiddleagedprodmodel_dadmm.mxm
pearl_vrcam/textures/sq04s70light_dadface_shadow.dds	1	1	pearl_vrcam/models/sq04s70light_sq04s70anim_dadmiddleagedrig_dadmiddleagedprodmodel_dadmm.mxm
pearl_vrcam/textures/sq04s70light_dadfeatures_diffuse.dds	1	1	pearl_vrcam/models/sq04s70light_sq04s70anim_dadmiddleagedrig_dadmiddleagedprodmodel_dadmm.mxm
pearl_vrcam/textures/sq04s70light_dadfeatures_shadow.dds	1	1	pearl_vrcam/models/sq04s70light_sq04s70anim_dadmiddleagedrig_dadmiddleagedprodmodel_dadmm.mxm
pearl_vrcam/textures/sq04s70light_dadmiddleaged_hair_diffuse.dds	1	1	pearl_vrcam/models/sq04s70light_sq04s70anim_dadmiddleagedrig_dadmiddleagedprodmodel_dadmm.mxm
pearl_vrcam/textures/sq04s70light_dadmiddleaged_hair_shadow.dds	1	1	pearl_vrcam/models/sq04s70light_sq04s70anim_dadmiddleagedrig_dadmiddleagedprodmodel_dadmm.mxm
pearl_vrcam/textures/sq04s70light_dadshirt_diffuse.dds	1	1	pearl_vrcam/models/sq04s70light_sq04s70anim_dadmiddleagedrig_dadmiddleagedprodmodel_dadmm.mxm
pearl_vrcam/textures/sq04s70light_dadshirt_shadow.dds	1	1	pearl_vrcam/models/sq04s70light_sq04s70anim_dadmiddleagedrig_dadmiddleagedprodmodel_dadmm.mxm
pearl_vrcam/textures/sq04s70light_dadyoung_jacket_diffuse.dds	1	1	pearl_vrcam/models/sq04s70light_sq04s70anim_dadmiddleagedrig_dadmiddleagedprodmodel_dadmm.mxm
pearl_vrcam/textures/sq04s70light_dadyoungsurf_diffuse.dds	1	1	pearl_vrcam/models/sq04s70light_sq04s70anim_dadmiddleagedrig_dadmiddleagedprodmodel_dadmm.mxm
pearl_vrcam/textures/sq04s70light_dadyoungsurf_shadow.dds	1	1	pearl_vrcam/models/sq04s70light_sq04s70anim_dadmiddleagedrig_dadmiddleagedprodmodel_dadmm.mxm
pearl_vrcam/textures/sq04s70light_fence_mat_diffuse.dds	1	2	pearl_vrcam/models/sq04s70light_sq04s70anim_setdressingnighttimebusinessdistrict_setdressingnighttimebusinessdistrict_grp.mxm
pearl_vrcam/textures/sq04s70light_green_light.dds	1	1	pearl_vrcam/models/sq04s70light_envconstrainedgroup.mxm
pearl_vrcam/textures/sq04s70light_headlight.dds	1	1	pearl_vrcam/models/sq04s70light_othercarlightsgroup.mxm
pearl_vrcam/textures/sq04s70light_headlight_cooler.dds	1	1	pearl_vrcam/models/sq04s70light_othercarlightsgroup.mxm
pearl_vrcam/textures/sq04s70light_headlight_double.dds	1	1	pearl_vrcam/models/sq04s70light_othercarlightsgroup.mxm
pearl_vrcam/textures/sq04s70light_nighttimebusinessdistrict_misc_spotlightshader_01_diffuse.dds	1	2	pearl_vrcam/models/sq04s70light_sq04s70anim_setdressingnighttimebusinessdistrict_setdressingnighttimebusinessdistrict_grp.mxm
pearl_vrcam/textures/sq04s70light_pickuptruck02_diffuse.dds	1	2	pearl_vrcam/models/sq04s70light_sq04s70anim_pickuptruck02rig1_pickuptruck02prodmodel_pickuptruck02_grp.mxm
pearl_vrcam/textures/sq04s70light_sarateen_hair_diffuse.dds	1	1	pearl_vrcam/models/sq04s70light_sq04s70anim_sarateenrig_sarateenprodmodel_saratm.mxm
pearl_vrcam/textures/sq04s70light_sarateen_hair_shadow.dds	1	1	pearl_vrcam/models/sq04s70light_sq04s70anim_sarateenrig_sarateenprodmodel_saratm.mxm
pearl_vrcam/textures/sq04s70light_sarateenbody_diffuse.dds	1	1	pearl_vrcam/models/sq04s70light_sq04s70anim_sarateenrig_sarateenprodmodel_saratm.mxm
pearl_vrcam/textures/sq04s70light_sarateenbody_shadow.dds	1	1	pearl_vrcam/models/sq04s70light_sq04s70anim_sarateenrig_sarateenprodmodel_saratm.mxm
pearl_vrcam/textures/sq04s70light_sarateenfeatures_diffuse.dds	1	1	pearl_vrcam/models/sq04s70light_sq04s70anim_sarateenrig_sarateenprodmodel_saratm.mxm
pearl_vrcam/textures/sq04s70light_sarateenfeatures_shadow.dds	1	1	pearl_vrcam/models/sq04s70light_sq04s70anim_sarateenrig_sarateenprodmodel_saratm.mxm
pearl_vrcam/textures/sq04s70light_sarateenshirt_diffuse.dds	1	1	pearl_vrcam/models/sq04s70light_sq04s70anim_sarateenrig_sarateenprodmodel_saratm.mxm
pearl_vrcam/textures/sq04s70light_sarateenshirt_shadow.dds	1	1	pearl_vrcam/models/sq04s70light_sq04s70anim_sarateenrig_sarateenprodmodel_saratm.mxm
pearl_vrcam/textures/sq04s70light_sarateensurf_diffuse.dds	1	1	pearl_vrcam/models/sq04s70light_sq04s70anim_sarateenrig_sarateenprodmodel_saratm.mxm
pearl_vrcam/textures/sq04s70light_sarateensurf_shadow.dds	1	1	pearl_vrcam/models/sq04s70light_sq04s70anim_sarateenrig_sarateenprodmodel_saratm.mxm
pearl_vrcam/textures/sq04s70light_semitruck02_diffuse.dds	1	1	pearl_vrcam/models/sq04s70light_sq04s70anim_semitruck02rig_semitruck02prodmodel_semitruck02_grp.mxm
pearl_vrcam/textures/sq04s70light_semitruck_diffuse.dds	1	1	pearl_vrcam/models/sq04s70light_sq04s70anim_semitruckrig_semitruckprodmodel_semitruck_grp.mxm
pearl_vrcam/textures/sq04s70light_sky.dds	1	1	pearl_vrcam/models/sq04s70light_sq04s70anim_sq04s70flo_nighttimebusinessdistrict_nighttimebusinessdistrict_grp.mxm
pearl_vrcam/textures/sq04s70light_stationwagon_diffuse.dds	1	1	pearl_vrcam/models/sq04s70light_sq04s70anim_stationwagonrig_stationwagonprodmodel_stationwagon_grp.mxm
pearl_vrcam/textures/sq04s70light_stationwagon_people_diffuse.dds	1	1	pearl_vrcam/models/sq04s70light_sq04s70anim_stationwagonrig_stationwagonprodmodel_stationwagon_grp.mxm
pearl_vrcam/textures/sq04s70light_storesign_diffuse.dds	1	1	pearl_vrcam/models/sq04s70light_sq04s70anim_setdressingnighttimebusinessdistrict_setdressingnighttimebusinessdistrict_grp.mxm
pearl_vrcam/textures/sq04s70light_taillight.dds	1	1	pearl_vrcam/models/sq04s70light_othercarlightsgroup.mxm
pearl_vrcam/textures/sq04s70light_towtruckprodmodel_diffuse.dds	1	1	pearl_vrcam/models/sq04s70light_sq04s70anim_towtruckrig_towtruckprodmodel_towtruck_grp.mxm
pearl_vrcam/textures/sq04s70light_van_diffuse.dds	1	1	pearl_vrcam/models/sq04s70light_sq04s70anim_vanrig_vanprodmodel_van_grp.mxm
pearl_vrcam/textures/sq04s70light_volvo_diffuse.dds	1	2	pearl_vrcam/models/sq04s70light_sq04s70anim_volvorig1_volvoprodmodel_volvo_grp.mxm
pearl_vrcam/textures/sq04s80light_carpearlnew_carbody_diffuse.dds	1	2	pearl_vrcam/models/sq04s80light_carpearlnewextattachrig_carpearlnewextattach_carpearlextattach_grp_01.mxm
pearl_vrcam/textures/sq04s80light_carpearlnew_carmirror_left_diffuse.dds	1	1	pearl_vrcam/models/sq04s80light_sq04s80anim_carpearlnewrig_carpearl_grp.mxm
pearl_vrcam/textures/sq04s80light_carpearlnew_carmirror_rear_diffuse.dds	1	1	pearl_vrcam/models/sq04s80light_sq04s80anim_carpearlnewrig_carpearl_grp.mxm
pearl_vrcam/textures/sq04s80light_carpearlnew_carmirror_right_diffuse.dds	1	1	pearl_vrcam/models/sq04s80light_sq04s80anim_carpearlnewrig_carpearl_grp.mxm
pearl_vrcam/textures/sq04s80light_carpearlnew_carseats_diffuse.dds	1	1	pearl_vrcam/models/sq04s80light_sq04s80anim_carpearlnewrig_carpearl_grp.mxm
pearl_vrcam/textures/sq04s80light_dadmiddleagedprodmodel_dad_newpants_diffuse.dds	1	1	pearl_vrcam/models/sq04s80light_sq04s80anim_dadmiddleagedrig_dadmiddleagedprodmodel_dadmm.mxm
pearl_vrcam/textures/sq04s80light_dadmiddleagedprodmodel_dadarms_diffuse.dds	1	1	pearl_vrcam/models/sq04s80light_sq04s80anim_dadmiddleagedrig_dadmiddleagedprodmodel_dadmm.mxm
pearl_vrcam/textures/sq04s80light_dadmiddleagedprodmodel_dadface_diffuse.dds	1	1	pearl_vrcam/models/sq04s80light_sq04s80anim_dadmiddleagedrig_dadmiddleagedprodmodel_dadmm.mxm
pearl_vrcam/textures/sq04s80light_dadmiddleagedprodmodel_dadfeatures_diffuse.dds	1	1	pearl_vrcam/models/sq04s80light_sq04s80anim_dadmiddleagedrig_dadmiddleagedprodmodel_dadmm.mxm
pearl_vrcam/textures/sq04s80light_dadmiddleagedprodmodel_dadmiddleaged_hair_diffuse.dds	1	1	pearl_vrcam/models/sq04s80light_sq04s80anim_dadmiddleagedrig_dadmiddleagedprodmodel_dadmm.mxm
pearl_vrcam/textures/sq04s80light_dadmiddleagedprodmodel_dadshirt_diffuse.dds	1	1	pearl_vrcam/models/sq04s80light_sq04s80anim_dadmiddleagedrig_dadmiddleagedprodmodel_dadmm.mxm
pearl_vrcam/textures/sq04s80light_dadmiddleagedprodmodel_dadyoung_jacket_diffuse.dds	1	1	pearl_vrcam/models/sq04s80light_sq04s80anim_dadmiddleagedrig_dadmiddleagedprodmodel_dadmm.mxm
pearl_vrcam/textures/sq04s80light_dadmiddleagedprodmodel_dadyoungsurf_diffuse.dds	1	1	pearl_vrcam/models/sq04s80light_sq04s80anim_dadmiddleagedrig_dadmiddleagedprodmodel_dadmm.mxm
pearl_vrcam/textures/sq04s80light_mobilehomepark_cable_02_diffuse.dds	1	1	pearl_vrcam/models/sq04s80light_sq04s80anim_sq04s80flo_mobilehomepark_mobilehomes_grp_01.mxm
pearl_vrcam/textures/sq04s80light_mobilehomepark_fence_grey_01_diffuse.dds	1	1	pearl_vrcam/models/sq04s80light_sq04s80anim_sq04s80flo_mobilehomepark_mobilehomes_grp_01.mxm
pearl_vrcam/textures/sq04s80light_mobilehomepark_grass_01_diffuse.dds	1	1	pearl_vrcam/models/sq04s80light_sq04s80anim_sq04s80flo_mobilehomepark_mobilehomes_grp_01.mxm
pearl_vrcam/textures/sq04s80light_mobilehomepark_mobilehomepark_diffuse.dds	1	1	pearl_vrcam/models/sq04s80light_sq04s80anim_sq04s80flo_mobilehomepark_mobilehomes_grp_01.mxm
pearl_vrcam/textures/sq04s80light_mobilehomepark_mobilehomepark_diffuse_windows.dds	1	1	pearl_vrcam/models/sq04s80light_sq04s80anim_sq04s80flo_mobilehomepark_mobilehomes_grp_01.mxm
pearl_vrcam/textures/sq04s80light_mobilehomepark_road_01_diffuse.dds	1	1	pearl_vrcam/models/sq04s80light_sq04s80anim_sq04s80flo_mobilehomepark_mobilehomes_grp_01.mxm
pearl_vrcam/textures/sq04s80light_mobilehomepark_transmissiontower_mat_01_spot_diffuse.dds	1	1	pearl_vrcam/models/sq04s80light_sq04s80anim_sq04s80flo_mobilehomepark_mobilehomes_grp_01.mxm
pearl_vrcam/textures/sq04s80light_pickuptruck02prodmodel_pickuptruck02_diffuse.dds	1	1	pearl_vrcam/models/sq04s80light_sq04s80anim_pickuptruck02rig_pickuptruck02prodmodel_pickuptruck02_grp.mxm
pearl_vrcam/textures/sq04s80light_skydome.dds	1	1	pearl_vrcam/models/sq04s80light_sq04s80anim_sq04s80flo_mobilehomepark_mobilehomes_grp_01.mxm
pearl_vrcam/textures/sq04s80light_vanprodmodel_van_diffuse.dds	1	1	pearl_vrcam/models/sq04s80light_sq04s80anim_vanrig_vanprodmodel_van_grp.mxm
pearl_vrcam/textures/sq04s80light_volvoprodmodel_volvo_diffuse.dds	1	1	pearl_vrcam/models/sq04s80light_sq04s80anim_volvorig_volvoprodmodel_volvo_grp.mxm
pearl_vrcam/textures/sq04s85light_billboards_diffuse.dds	1	1	pearl_vrcam/models/sq04s85light_sq04s85anim_setdressingnighttimebusinessdistrict_setdressingnighttimebusinessdistrict_grp.mxm
pearl_vrcam/textures/sq04s85light_carbody_diffuse.dds	1	2	pearl_vrcam/models/sq04s85light_carpearlnewextattachrig_carpearlnewextattach_carpearlextattach_grp_01.mxm
pearl_vrcam/textures/sq04s85light_carbody_shadow.dds	1	2	pearl_vrcam/models/sq04s85light_carpearlnewextattachrig_carpearlnewextattach_carpearlextattach_grp_01.mxm
pearl_vrcam/textures/sq04s85light_carmirror_left_diffuse.dds	1	1	pearl_vrcam/models/sq04s85light_sq04s85anim_carpearlnewrig_carpearl_grp.mxm
pearl_vrcam/textures/sq04s85light_carmirror_rear_diffuse.dds	1	1	pearl_vrcam/models/sq04s85light_sq04s85anim_carpearlnewrig_carpearl_grp.mxm
pearl_vrcam/textures/sq04s85light_carmirror_right_diffuse.dds	1	1	pearl_vrcam/models/sq04s85light_sq04s85anim_carpearlnewrig_carpearl_grp.mxm
pearl_vrcam/textures/sq04s85light_carseats_diffuse.dds	1	1	pearl_vrcam/models/sq04s85light_sq04s85anim_carpearlnewrig_carpearl_grp.mxm
pearl_vrcam/textures/sq04s85light_dad_newpants_diffuse.dds	1	1	pearl_vrcam/models/sq04s85light_sq04s85anim_dadmiddleagedrig_dadmiddleagedprodmodel_dadmm.mxm
pearl_vrcam/textures/sq04s85light_dadarms_diffuse.dds	1	1	pearl_vrcam/models/sq04s85light_sq04s85anim_dadmiddleagedrig_dadmiddleagedprodmodel_dadmm.mxm
pearl_vrcam/textures/sq04s85light_dadface_diffuse.dds	1	1	pearl_vrcam/models/sq04s85light_sq04s85anim_dadmiddleagedrig_dadmiddleagedprodmodel_dadmm.mxm
pearl_vrcam/textures/sq04s85light_dadfeatures_diffuse.dds	1	1	pearl_vrcam/models/sq04s85light_sq04s85anim_dadmiddleagedrig_dadmiddleagedprodmodel_dadmm.mxm
pearl_vrcam/textures/sq04s85light_dadmiddleaged_hair_diffuse.dds	1	1	pearl_vrcam/models/sq04s85light_sq04s85anim_dadmiddleagedrig_dadmiddleagedprodmodel_dadmm.mxm
pearl_vrcam/textures/sq04s85light_dadshirt_diffuse.dds	1	1	pearl_vrcam/models/sq04s85light_sq04s85anim_dadmiddleagedrig_dadmiddleagedprodmodel_dadmm.mxm
pearl_vrcam/textures/sq04s85light_dadyoung_jacket_diffuse.dds	1	1	pearl_vrcam/models/sq04s85light_sq04s85anim_dadmiddleagedrig_dadmiddleagedprodmodel_dadmm.mxm
pearl_vrcam/textures/sq04s85light_dadyoungsurf_diffuse.dds	1	1	pearl_vrcam/models/sq04s85light_sq04s85anim_dadmiddleagedrig_dadmiddleagedprodmodel_dadmm.mxm
pearl_vrcam/textures/sq04s85light_fence_mat_diffuse.dds	1	1	pearl_vrcam/models/sq04s85light_sq04s85anim_setdressingnighttimebusinessdistrict_setdressingnighttimebusinessdistrict_grp.mxm
pearl_vrcam/textures/sq04s85light_nighttimebusinessdistrict_misc_spotlightshader_01_diffuse.dds	1	2	pearl_vrcam/models/sq04s85light_sq04s85anim_setdressingnighttimebusinessdistrict_setdressingnighttimebusinessdistrict_grp.mxm
pearl_vrcam/textures/sq04s85light_pickuptruck0201_diffuse.dds	1	1	pearl_vrcam/models/sq04s85light_sq04s85anim_pickuptruck02rig1_pickuptruck02prodmodel_pickuptruck02_grp.mxm
pearl_vrcam/textures/sq04s85light_pickuptruck0202_diffuse.dds	1	1	pearl_vrcam/models/sq04s85light_sq04s85anim_pickuptruck02rig_pickuptruck02prodmodel_pickuptruck02_grp.mxm
pearl_vrcam/textures/sq04s85light_sky.dds	1	1	pearl_vrcam/models/sq04s85light_sq04s85anim_sq04s85flo_nighttimebusinessdistrict_nighttimebusinessdistrict_grp.mxm
pearl_vrcam/textures/sq04s85light_stationwagon_diffuse.dds	1	1	pearl_vrcam/models/sq04s85light_sq04s85anim_stationwagonrig_stationwagonprodmodel_stationwagon_grp.mxm
pearl_vrcam/textures/sq04s85light_stationwagon_people_diffuse.dds	1	1	pearl_vrcam/models/sq04s85light_sq04s85anim_stationwagonrig_stationwagonprodmodel_stationwagon_grp.mxm
pearl_vrcam/textures/sq04s85light_storesign_diffuse.dds	1	1	pearl_vrcam/models/sq04s85light_sq04s85anim_setdressingnighttimebusinessdistrict_setdressingnighttimebusinessdistrict_grp.mxm
pearl_vrcam/textures/sq04s85light_van_diffuse.dds	1	1	pearl_vrcam/models/sq04s85light_sq04s85anim_vanrig_vanprodmodel_van_grp.mxm
pearl_vrcam/textures/sq04s85light_volvo_diffuse.dds	1	1	pearl_vrcam/models/sq04s85light_sq04s85anim_volvorig_volvoprodmodel_volvo_grp.mxm
pearl_vrcam/textures/sq04s90_carmirror_left.dds	1	1	pearl_vrcam/models/sq04s90light_sq04s90anim_carpearlnewrig_carpearl_grp.mxm
pearl_vrcam/textures/sq04s90_carmirror_rear.dds	1	1	pearl_vrcam/models/sq04s90light_sq04s90anim_carpearlnewrig_carpearl_grp.mxm
pearl_vrcam/textures/sq04s90_carmirror_right.dds	1	1	pearl_vrcam/models/sq04s90light_sq04s90anim_carpearlnewrig_carpearl_grp.mxm
pearl_vrcam/textures/sq04s90_carpearlnew_carbody_shadow.dds	1	2	pearl_vrcam/models/sq04s90light_carpearlnewextattachrig_carpearlnewextattach_carpearlextattach_grp_01.mxm
pearl_vrcam/textures/sq04s90_carpearlnew_carseats_diffuse.dds	1	2	pearl_vrcam/models/sq04s90light_carpearlnewextattachrig_carpearlnewextattach_carpearlextattach_grp_01.mxm
pearl_vrcam/textures/sq04s90_carpearlnew_carseats_highlight.dds	1	1	pearl_vrcam/models/sq04s90light_sq04s90anim_carpearlnewrig_carpearl_grp.mxm
pearl_vrcam/textures/sq04s90_carpearlnew_carseats_shadow.dds	1	2	pearl_vrcam/models/sq04s90light_carpearlnewextattachrig_carpearlnewextattach_carpearlextattach_grp_01.mxm
pearl_vrcam/textures/sq04s90_dadface_diffuse.dds	1	1	pearl_vrcam/models/sq04s90light_sq04s90anim_dadmiddleagedrig_dadmiddleagedprodmodel_dadmm.mxm
pearl_vrcam/textures/sq04s90_dadface_shadow.dds	1	1	pearl_vrcam/models/sq04s90light_sq04s90anim_dadmiddleagedrig_dadmiddleagedprodmodel_dadmm.mxm
pearl_vrcam/textures/sq04s90_dadjacket_diffuse.dds	1	1	pearl_vrcam/models/sq04s90light_sq04s90anim_dadmiddleagedrig_dadmiddleagedprodmodel_dadmm.mxm
pearl_vrcam/textures/sq04s90_dadjacket_shadow.dds	1	1	pearl_vrcam/models/sq04s90light_sq04s90anim_dadmiddleagedrig_dadmiddleagedprodmodel_dadmm.mxm
pearl_vrcam/textures/sq04s90_dadmiddleagedhair_diffuse.dds	1	1	pearl_vrcam/models/sq04s90light_sq04s90anim_dadmiddleagedrig_dadmiddleagedprodmodel_dadmm.mxm
pearl_vrcam/textures/sq04s90_dadmiddleagedhair_shadow.dds	1	1	pearl_vrcam/models/sq04s90light_sq04s90anim_dadmiddleagedrig_dadmiddleagedprodmodel_dadmm.mxm
pearl_vrcam/textures/sq04s90_dadpants_shadow.dds	1	1	pearl_vrcam/models/sq04s90light_sq04s90anim_dadmiddleagedrig_dadmiddleagedprodmodel_dadmm.mxm
pearl_vrcam/textures/sq04s90_dadyoungguitarcase_diffuse.dds	1	1	pearl_vrcam/models/sq04s90light_dadyoungguitarcase_dadyoungguitarcase_grp.mxm
pearl_vrcam/textures/sq04s90_dadyoungguitarcase_shadow.dds	1	1	pearl_vrcam/models/sq04s90light_dadyoungguitarcase_dadyoungguitarcase_grp.mxm
pearl_vrcam/textures/sq04s90_semitruck02_diffuse.dds	1	1	pearl_vrcam/models/sq04s90light_sq04s90anim_semitruck02rig_semitruck02prodmodel_semitruck02_grp.mxm
pearl_vrcam/textures/sq04s90_semitruck02_shadow.dds	1	1	pearl_vrcam/models/sq04s90light_sq04s90anim_semitruck02rig_semitruck02prodmodel_semitruck02_grp.mxm
pearl_vrcam/textures/sq04s90_shadowwipe.dds	1	1	pearl_vrcam/models/sq04s90light_shadowshapes_car.mxm
pearl_vrcam/textures/sq04s90_shadowwipe33.dds	1	1	pearl_vrcam/models/sq04s90light_shadowshapes_car.mxm
pearl_vrcam/textures/sq04s90_staticman_diffuse.dds	1	1	pearl_vrcam/models/sq04s90light_sq04s90anim_sq04s90animcrowd_staticman05_v001_genericman01rig_genericmanprodmodel_genericmanm.mxm
pearl_vrcam/textures/sq04s90_staticman_shadow.dds	1	2	pearl_vrcam/models/sq04s90light_sq04s90anim_sq04s90animcrowd_staticman02_v001_genericman01rig_genericmanprodmodel_genericmanm.mxm
pearl_vrcam/textures/sq04s90_van_shadow.dds	1	1	pearl_vrcam/models/sq04s90light_sq04s90anim_vanrig_vanprodmodel_van_grp.mxm
pearl_vrcam/textures/sq04s90_volvo_shadow.dds	1	2	pearl_vrcam/models/sq04s90light_sq04s90anim_volvorig1_volvoprodmodel_volvo_grp.mxm
pearl_vrcam/textures/sq04s90light_acousticguitar_acousticguitar_diffuse.dds	1	1	pearl_vrcam/models/sq04s90light_sq04s90anim_acousticguitar_acousticguitar.mxm
pearl_vrcam/textures/sq04s90light_acousticguitar_acousticguitar_shadow.dds	1	1	pearl_vrcam/models/sq04s90light_sq04s90anim_acousticguitar_acousticguitar.mxm
pearl_vrcam/textures/sq04s90light_dadmiddleagedprodmodel_dadarms_diffuse.dds	1	1	pearl_vrcam/models/sq04s90light_sq04s90anim_dadmiddleagedrig_dadmiddleagedprodmodel_dadmm.mxm
pearl_vrcam/textures/sq04s90light_dadmiddleagedprodmodel_dadarms_shadow.dds	1	1	pearl_vrcam/models/sq04s90light_sq04s90anim_dadmiddleagedrig_dadmiddleagedprodmodel_dadmm.mxm
pearl_vrcam/textures/sq04s90light_dadmiddleagedprodmodel_dadfeatures_diffuse.dds	1	1	pearl_vrcam/models/sq04s90light_sq04s90anim_dadmiddleagedrig_dadmiddleagedprodmodel_dadmm.mxm
pearl_vrcam/textures/sq04s90light_dadmiddleagedprodmodel_dadfeatures_shadow.dds	1	1	pearl_vrcam/models/sq04s90light_sq04s90anim_dadmiddleagedrig_dadmiddleagedprodmodel_dadmm.mxm
pearl_vrcam/textures/sq04s90light_dadmiddleagedprodmodel_dadshirt_diffuse.dds	1	1	pearl_vrcam/models/sq04s90light_sq04s90anim_dadmiddleagedrig_dadmiddleagedprodmodel_dadmm.mxm
pearl_vrcam/textures/sq04s90light_dadmiddleagedprodmodel_dadshirt_shadow.dds	1	1	pearl_vrcam/models/sq04s90light_sq04s90anim_dadmiddleagedrig_dadmiddleagedprodmodel_dadmm.mxm
pearl_vrcam/textures/sq04s90light_dadmiddleagedprodmodel_dadyoungsurf_diffuse.dds	1	1	pearl_vrcam/models/sq04s90light_sq04s90anim_dadmiddleagedrig_dadmiddleagedprodmodel_dadmm.mxm
pearl_vrcam/textures/sq04s90light_dadmiddleagedprodmodel_dadyoungsurf_shadow.dds	1	1	pearl_vrcam/models/sq04s90light_sq04s90anim_dadmiddleagedrig_dadmiddleagedprodmodel_dadmm.mxm
pearl_vrcam/textures/sq04s90light_pickuptruck02prodmodel_pickuptruck02_diffuse.dds	1	1	pearl_vrcam/models/sq04s90light_sq04s90anim_pickuptruck02rig1_pickuptruck02prodmodel_pickuptruck02_grp.mxm
pearl_vrcam/textures/sq04s90light_pickuptruck02prodmodel_pickuptruck02_shadow.dds	1	2	pearl_vrcam/models/sq04s90light_sq04s90anim_pickuptruck02rig1_pickuptruck02prodmodel_pickuptruck02_grp.mxm
pearl_vrcam/textures/sq04s90light_sarateenprodmodel_sarateen_hair_diffuse.dds	1	1	pearl_vrcam/models/sq04s90light_sq04s90anim_sarateenrig_sarateenprodmodel_saratm.mxm
pearl_vrcam/textures/sq04s90light_sarateenprodmodel_sarateen_hair_shadow.dds	1	1	pearl_vrcam/models/sq04s90light_sq04s90anim_sarateenrig_sarateenprodmodel_saratm.mxm
pearl_vrcam/textures/sq04s90light_sarateenprodmodel_sarateenbody_diffuse.dds	1	1	pearl_vrcam/models/sq04s90light_sq04s90anim_sarateenrig_sarateenprodmodel_saratm.mxm
pearl_vrcam/textures/sq04s90light_sarateenprodmodel_sarateenbody_shadow.dds	1	1	pearl_vrcam/models/sq04s90light_sq04s90anim_sarateenrig_sarateenprodmodel_saratm.mxm
pearl_vrcam/textures/sq04s90light_sarateenprodmodel_sarateenfeatures_shadow.dds	1	1	pearl_vrcam/models/sq04s90light_sq04s90anim_sarateenrig_sarateenprodmodel_saratm.mxm
pearl_vrcam/textures/sq04s90light_sarateenprodmodel_sarateenshirt_diffuse.dds	1	1	pearl_vrcam/models/sq04s90light_sq04s90anim_sarateenrig_sarateenprodmodel_saratm.mxm
pearl_vrcam/textures/sq04s90light_sarateenprodmodel_sarateenshirt_shadow.dds	1	1	pearl_vrcam/models/sq04s90light_sq04s90anim_sarateenrig_sarateenprodmodel_saratm.mxm
pearl_vrcam/textures/sq04s90light_sarateenprodmodel_sarateensurf_diffuse.dds	1	1	pearl_vrcam/models/sq04s90light_sq04s90anim_sarateenrig_sarateenprodmodel_saratm.mxm
pearl_vrcam/textures/sq04s90light_sarateenprodmodel_sarateensurf_shadow.dds	1	1	pearl_vrcam/models/sq04s90light_sq04s90anim_sarateenrig_sarateenprodmodel_saratm.mxm
pearl_vrcam/textures/sq04s90light_setdressingnighttimebusinessdistrict_storesign_diffuse.dds	1	1	pearl_vrcam/models/sq04s90light_sq04s90anim_setdressingnighttimebusinessdistrict_setdressingnighttimebusinessdistrict_grp.mxm
pearl_vrcam/textures/sq04s90light_setdressingnighttimebusinessdistrict_storesign_shadow.dds	1	1	pearl_vrcam/models/sq04s90light_sq04s90anim_setdressingnighttimebusinessdistrict_setdressingnighttimebusinessdistrict_grp.mxm
pearl_vrcam/textures/sq04s90light_walking1woman_v015_genericwomanprodmodel_genericwoman_diffuse.dds	1	1	pearl_vrcam/models/sq04s90light_sq04s90anim_sq04s90animcrowd_walking1woman_v015_genericwomanrig_genericwomanprodmodel_genericwomanm.mxm
pearl_vrcam/textures/sq05_90_lightcatcher.dds	1	1	pearl_vrcam/models/sq05s90light_shadowshapes_envir.mxm
pearl_vrcam/textures/sq05s10light_carpearlnew_carbody_diffuse.dds	1	2	pearl_vrcam/models/sq05s10light_carpearlnewextattachrig_carpearlnewextattach_carpearlextattach_grp_01.mxm
pearl_vrcam/textures/sq05s10light_carpearlnew_carbody_glow01.dds	1	2	pearl_vrcam/models/sq05s10light_carpearlnewextattachrig_carpearlnewextattach_carpearlextattach_grp_01.mxm
pearl_vrcam/textures/sq05s10light_carpearlnew_carbody_highlight.dds	1	1	pearl_vrcam/models/sq05s10light_sq05s10anim_sc0510setdressing_sc0510setdressing.mxm
pearl_vrcam/textures/sq05s10light_carpearlnew_carmirrors_all.dds	1	1	pearl_vrcam/models/sq05s10light_sq05s10anim_carpearlnewrig_carpearl_grp.mxm
pearl_vrcam/textures/sq05s10light_carpearlnew_carseats_diffuse.dds	1	1	pearl_vrcam/models/sq05s10light_sq05s10anim_carpearlnewrig_carpearl_grp.mxm
pearl_vrcam/textures/sq05s10light_dadmiddleagedprodmodel_dad_newpants_diffuse.dds	1	1	pearl_vrcam/models/sq05s10light_sq05s10anim_dadmiddleagedrig_dadmiddleagedprodmodel_dadmm.mxm
pearl_vrcam/textures/sq05s10light_dadmiddleagedprodmodel_dad_newpants_highlight.dds	1	1	pearl_vrcam/models/sq05s10light_sq05s10anim_dadmiddleagedrig_dadmiddleagedprodmodel_dadmm.mxm
pearl_vrcam/textures/sq05s10light_dadmiddleagedprodmodel_dadarms_diffuse.dds	1	1	pearl_vrcam/models/sq05s10light_sq05s10anim_dadmiddleagedrig_dadmiddleagedprodmodel_dadmm.mxm
pearl_vrcam/textures/sq05s10light_dadmiddleagedprodmodel_dadarms_highlight.dds	1	1	pearl_vrcam/models/sq05s10light_sq05s10anim_dadmiddleagedrig_dadmiddleagedprodmodel_dadmm.mxm
pearl_vrcam/textures/sq05s10light_dadmiddleagedprodmodel_dadface_diffuse.dds	1	1	pearl_vrcam/models/sq05s10light_sq05s10anim_dadmiddleagedrig_dadmiddleagedprodmodel_dadmm.mxm
pearl_vrcam/textures/sq05s10light_dadmiddleagedprodmodel_dadface_highlight.dds	1	1	pearl_vrcam/models/sq05s10light_sq05s10anim_dadmiddleagedrig_dadmiddleagedprodmodel_dadmm.mxm
pearl_vrcam/textures/sq05s10light_dadmiddleagedprodmodel_dadfeatures_diffuse.dds	1	1	pearl_vrcam/models/sq05s10light_sq05s10anim_dadmiddleagedrig_dadmiddleagedprodmodel_dadmm.mxm
pearl_vrcam/textures/sq05s10light_dadmiddleagedprodmodel_dadfeatures_highlight.dds	1	1	pearl_vrcam/models/sq05s10light_sq05s10anim_dadmiddleagedrig_dadmiddleagedprodmodel_dadmm.mxm
pearl_vrcam/textures/sq05s10light_dadmiddleagedprodmodel_dadmiddleaged_hair_diffuse.dds	1	1	pearl_vrcam/models/sq05s10light_sq05s10anim_dadmiddleagedrig_dadmiddleagedprodmodel_dadmm.mxm
pearl_vrcam/textures/sq05s10light_dadmiddleagedprodmodel_dadmiddleaged_hair_highlight.dds	1	1	pearl_vrcam/models/sq05s10light_sq05s10anim_dadmiddleagedrig_dadmiddleagedprodmodel_dadmm.mxm
pearl_vrcam/textures/sq05s10light_dadmiddleagedprodmodel_dadshirt_diffuse.dds	1	1	pearl_vrcam/models/sq05s10light_sq05s10anim_dadmiddleagedrig_dadmiddleagedprodmodel_dadmm.mxm
pearl_vrcam/textures/sq05s10light_dadmiddleagedprodmodel_dadshirt_highlight.dds	1	1	pearl_vrcam/models/sq05s10light_sq05s10anim_dadmiddleagedrig_dadmiddleagedprodmodel_dadmm.mxm
pearl_vrcam/textures/sq05s10light_dadmiddleagedprodmodel_dadshirt_shadow.dds	1	1	pearl_vrcam/models/sq05s10light_sq05s10anim_dadmiddleagedrig_dadmiddleagedprodmodel_dadmm.mxm
pearl_vrcam/textures/sq05s10light_dadmiddleagedprodmodel_dadyoungsurf_diffuse.dds	1	1	pearl_vrcam/models/sq05s10light_sq05s10anim_dadmiddleagedrig_dadmiddleagedprodmodel_dadmm.mxm
pearl_vrcam/textures/sq05s10light_dadmiddleagedprodmodel_dadyoungsurf_shadow.dds	1	1	pearl_vrcam/models/sq05s10light_sq05s10anim_dadmiddleagedrig_dadmiddleagedprodmodel_dadmm.mxm
pearl_vrcam/textures/sq05s10light_mobilehomepark_cable_02_diffuse.dds	1	1	pearl_vrcam/models/sq05s10light_sq05s10anim_sq05s10flo_mobilehomepark_mobilehomes_grp_01.mxm
pearl_vrcam/textures/sq05s10light_mobilehomepark_cable_02_fog.dds	1	1	pearl_vrcam/models/sq05s10light_sq05s10anim_sq05s10flo_mobilehomepark_mobilehomes_grp_01.mxm
pearl_vrcam/textures/sq05s10light_mobilehomepark_cable_02_glow01.dds	1	1	pearl_vrcam/models/sq05s10light_sq05s10anim_sq05s10flo_mobilehomepark_mobilehomes_grp_01.mxm
pearl_vrcam/textures/sq05s10light_mobilehomepark_fence_grey_01_diffuse.dds	1	1	pearl_vrcam/models/sq05s10light_sq05s10anim_sq05s10flo_mobilehomepark_mobilehomes_grp_01.mxm
pearl_vrcam/textures/sq05s10light_mobilehomepark_grass_01_diffuse.dds	1	1	pearl_vrcam/models/sq05s10light_sq05s10anim_sq05s10flo_mobilehomepark_mobilehomes_grp_01.mxm
pearl_vrcam/textures/sq05s10light_mobilehomepark_mobilehomepark_diffuse.dds	1	1	pearl_vrcam/models/sq05s10light_sq05s10anim_sq05s10flo_mobilehomepark_mobilehomes_grp_01.mxm
pearl_vrcam/textures/sq05s10light_mobilehomepark_mobilehomepark_glow01.dds	1	1	pearl_vrcam/models/sq05s10light_sq05s10anim_sq05s10flo_mobilehomepark_mobilehomes_grp_01.mxm
pearl_vrcam/textures/sq05s10light_mobilehomepark_mobilehomepark_glow02.dds	1	1	pearl_vrcam/models/sq05s10light_sq05s10anim_sq05s10flo_mobilehomepark_mobilehomes_grp_01.mxm
pearl_vrcam/textures/sq05s10light_mobilehomepark_mobilehomepark_trees_diffuse.dds	1	1	pearl_vrcam/models/sq05s10light_sq05s10anim_sq05s10flo_mobilehomepark_mobilehomes_grp_01.mxm
pearl_vrcam/textures/sq05s10light_mobilehomepark_road_01_diffuse.dds	1	1	pearl_vrcam/models/sq05s10light_sq05s10anim_sq05s10flo_mobilehomepark_mobilehomes_grp_01.mxm
pearl_vrcam/textures/sq05s10light_mobilehomepark_transmissiontower_mat_01_spot_diffuse.dds	1	1	pearl_vrcam/models/sq05s10light_sq05s10anim_sq05s10flo_mobilehomepark_mobilehomes_grp_01.mxm
pearl_vrcam/textures/sq05s10light_pickuptruck02prodmodel_pickuptruck02_diffuse.dds	1	1	pearl_vrcam/models/sq05s10light_sq05s10anim_pickuptruck02rig_pickuptruck02prodmodel_pickuptruck02_grp.mxm
pearl_vrcam/textures/sq05s10light_sarateenprodmodel_sarateen_hair_diffuse.dds	1	1	pearl_vrcam/models/sq05s10light_sq05s10anim_sarateenrig_sarateenprodmodel_saratm.mxm
pearl_vrcam/textures/sq05s10light_sarateenprodmodel_sarateen_hair_highlight.dds	1	1	pearl_vrcam/models/sq05s10light_sq05s10anim_sarateenrig_sarateenprodmodel_saratm.mxm
pearl_vrcam/textures/sq05s10light_sarateenprodmodel_sarateenbody_diffuse.dds	1	1	pearl_vrcam/models/sq05s10light_sq05s10anim_sarateenrig_sarateenprodmodel_saratm.mxm
pearl_vrcam/textures/sq05s10light_sarateenprodmodel_sarateenbody_highlight.dds	1	1	pearl_vrcam/models/sq05s10light_sq05s10anim_sarateenrig_sarateenprodmodel_saratm.mxm
pearl_vrcam/textures/sq05s10light_sarateenprodmodel_sarateenfeatures_diffuse.dds	1	1	pearl_vrcam/models/sq05s10light_sq05s10anim_sarateenrig_sarateenprodmodel_saratm.mxm
pearl_vrcam/textures/sq05s10light_sarateenprodmodel_sarateenfeatures_highlight.dds	1	1	pearl_vrcam/models/sq05s10light_sq05s10anim_sarateenrig_sarateenprodmodel_saratm.mxm
pearl_vrcam/textures/sq05s10light_sarateenprodmodel_sarateenshirts_diffuse.dds	1	1	pearl_vrcam/models/sq05s10light_sq05s10anim_sarateenrig_sarateenprodmodel_saratm.mxm
pearl_vrcam/textures/sq05s10light_sarateenprodmodel_sarateensurf_diffuse.dds	1	1	pearl_vrcam/models/sq05s10light_sq05s10anim_sarateenrig_sarateenprodmodel_saratm.mxm
pearl_vrcam/textures/sq05s10light_sarateenprodmodel_sarateensurf_highlight.dds	1	1	pearl_vrcam/models/sq05s10light_sq05s10anim_sarateenrig_sarateenprodmodel_saratm.mxm
pearl_vrcam/textures/sq05s10light_sc0510setdressing_diffuse.dds	1	1	pearl_vrcam/models/sq05s10light_sq05s10anim_sc0510setdressing_sc0510setdressing.mxm
pearl_vrcam/textures/sq05s10light_sky_sun.dds	1	1	pearl_vrcam/models/sq05s10light_envgrp_01.mxm
pearl_vrcam/textures/sq05s10light_skydome.dds	1	1	pearl_vrcam/models/sq05s10light_sq05s10anim_sq05s10flo_mobilehomepark_mobilehomes_grp_01.mxm
pearl_vrcam/textures/sq05s10light_vanprodmodel_van_diffuse.dds	1	1	pearl_vrcam/models/sq05s10light_sq05s10anim_vanrig_vanprodmodel_van_grp.mxm
pearl_vrcam/textures/sq05s10light_volvoprodmodel_volvo_diffuse.dds	1	1	pearl_vrcam/models/sq05s10light_sq05s10anim_volvorig_volvoprodmodel_volvo_grp.mxm
pearl_vrcam/textures/sq05s20light_acousticguitar_acousticguitar_shadow.dds	1	1	pearl_vrcam/models/sq05s20light_sq05s20anim_acousticguitar_acousticguitar.mxm
pearl_vrcam/textures/sq05s20light_bassistprodmodel_bassist_diffuse.dds	1	1	pearl_vrcam/models/sq05s20light_sq05s20anim_bassistrig_bassistprodmodel_bassistm.mxm
pearl_vrcam/textures/sq05s20light_bassistprodmodel_bassist_face_diffuse.dds	1	1	pearl_vrcam/models/sq05s20light_sq05s20anim_bassistrig_bassistprodmodel_bassistm.mxm
pearl_vrcam/textures/sq05s20light_bassistprodmodel_bassist_face_shadow.dds	1	1	pearl_vrcam/models/sq05s20light_sq05s20anim_bassistrig_bassistprodmodel_bassistm.mxm
pearl_vrcam/textures/sq05s20light_bassistprodmodel_bassist_features_diffuse.dds	1	1	pearl_vrcam/models/sq05s20light_sq05s20anim_bassistrig_bassistprodmodel_bassistm.mxm
pearl_vrcam/textures/sq05s20light_bassistprodmodel_bassist_features_shadow.dds	1	1	pearl_vrcam/models/sq05s20light_sq05s20anim_bassistrig_bassistprodmodel_bassistm.mxm
pearl_vrcam/textures/sq05s20light_bassistprodmodel_bassist_hair_diffuse.dds	1	1	pearl_vrcam/models/sq05s20light_sq05s20anim_bassistrig_bassistprodmodel_bassistm.mxm
pearl_vrcam/textures/sq05s20light_bassistprodmodel_bassist_hair_shadow.dds	1	1	pearl_vrcam/models/sq05s20light_sq05s20anim_bassistrig_bassistprodmodel_bassistm.mxm
pearl_vrcam/textures/sq05s20light_bassistprodmodel_bassist_hands_diffuse.dds	1	1	pearl_vrcam/models/sq05s20light_sq05s20anim_bassistrig_bassistprodmodel_bassistm.mxm
pearl_vrcam/textures/sq05s20light_bassistprodmodel_bassist_hands_shadow.dds	1	1	pearl_vrcam/models/sq05s20light_sq05s20anim_bassistrig_bassistprodmodel_bassistm.mxm
pearl_vrcam/textures/sq05s20light_bassistprodmodel_bassist_shadow.dds	1	1	pearl_vrcam/models/sq05s20light_sq05s20anim_bassistrig_bassistprodmodel_bassistm.mxm
pearl_vrcam/textures/sq05s20light_bassistprodmodel_bassist_shirt_diffuse.dds	1	1	pearl_vrcam/models/sq05s20light_sq05s20anim_bassistrig_bassistprodmodel_bassistm.mxm
pearl_vrcam/textures/sq05s20light_bassistprodmodel_bassist_shirt_shadow.dds	1	1	pearl_vrcam/models/sq05s20light_sq05s20anim_bassistrig_bassistprodmodel_bassistm.mxm
pearl_vrcam/textures/sq05s20light_carpearlnew_carbody_highlight.dds	1	2	pearl_vrcam/models/sq05s20light_carpearlnewextattachrig_carpearlnewextattach_carpearlextattach_grp_01.mxm
pearl_vrcam/textures/sq05s20light_carpearlnew_carbody_shadow.dds	1	2	pearl_vrcam/models/sq05s20light_carpearlnewextattachrig_carpearlnewextattach_carpearlextattach_grp_01.mxm
pearl_vrcam/textures/sq05s20light_carpearlnew_carmirror_left_diffuse.dds	1	1	pearl_vrcam/models/sq05s20light_sq05s20anim_carpearlnewrig_carpearl_grp.mxm
pearl_vrcam/textures/sq05s20light_carpearlnew_carmirror_rear_diffuse.dds	1	1	pearl_vrcam/models/sq05s20light_sq05s20anim_carpearlnewrig_carpearl_grp.mxm
pearl_vrcam/textures/sq05s20light_carpearlnew_carmirror_right_diffuse.dds	1	1	pearl_vrcam/models/sq05s20light_sq05s20anim_carpearlnewrig_carpearl_grp.mxm
pearl_vrcam/textures/sq05s20light_carpearlnew_carseats_shadow.dds	1	1	pearl_vrcam/models/sq05s20light_sq05s20anim_carpearlnewrig_carpearl_grp.mxm
pearl_vrcam/textures/sq05s20light_deserthighwaysurf_deserthighwaysurf_diffuse.dds	1	1	pearl_vrcam/models/sq05s20light_sq05s20anim_sq05s20flo_deserthighwaysurf_deserthighway_grp_01.mxm
pearl_vrcam/textures/sq05s20light_deserthighwaysurf_distantmountains_diffuse.dds	1	1	pearl_vrcam/models/sq05s20light_sq05s20anim_sq05s20flo_deserthighwaysurf_deserthighway_grp_01.mxm
pearl_vrcam/textures/sq05s20light_deserthighwaysurf_exitsign_01_diffuse.dds	1	1	pearl_vrcam/models/sq05s20light_sq05s20anim_sq05s20flo_deserthighwaysurf_deserthighway_grp_01.mxm
pearl_vrcam/textures/sq05s20light_deserthighwaysurf_giantboulder_diffuse.dds	1	1	pearl_vrcam/models/sq05s20light_sq05s20anim_sq05s20flo_deserthighwaysurf_deserthighway_grp_01.mxm
pearl_vrcam/textures/sq05s20light_deserthighwaysurf_road_diffuse.dds	1	1	pearl_vrcam/models/sq05s20light_sq05s20anim_sq05s20flo_deserthighwaysurf_deserthighway_grp_01.mxm
pearl_vrcam/textures/sq05s20light_deserthighwaysurf_skydome_diffuse.dds	1	1	pearl_vrcam/models/sq05s20light_sq05s20anim_sq05s20flo_deserthighwaysurf_deserthighway_grp_01.mxm
pearl_vrcam/textures/sq05s20light_drummerprodmodel_drummer_body_shadow.dds	1	1	pearl_vrcam/models/sq05s20light_sq05s20anim_drummerrig_drummerprodmodel_drummerm.mxm
pearl_vrcam/textures/sq05s20light_drummerprodmodel_drummer_features_shadow.dds	1	1	pearl_vrcam/models/sq05s20light_sq05s20anim_drummerrig_drummerprodmodel_drummerm.mxm
pearl_vrcam/textures/sq05s20light_drummerprodmodel_drummer_hair_shadow.dds	1	1	pearl_vrcam/models/sq05s20light_sq05s20anim_drummerrig_drummerprodmodel_drummerm.mxm
pearl_vrcam/textures/sq05s20light_drummerprodmodel_drummer_shadow.dds	1	1	pearl_vrcam/models/sq05s20light_sq05s20anim_drummerrig_drummerprodmodel_drummerm.mxm
pearl_vrcam/textures/sq05s20light_guitaristprodmodel_guitarist_body_shadow.dds	1	1	pearl_vrcam/models/sq05s20light_sq05s20anim_guitaristrig_guitaristprodmodel_guitaristm.mxm
pearl_vrcam/textures/sq05s20light_guitaristprodmodel_guitarist_features_shadow.dds	1	1	pearl_vrcam/models/sq05s20light_sq05s20anim_guitaristrig_guitaristprodmodel_guitaristm.mxm
pearl_vrcam/textures/sq05s20light_guitaristprodmodel_guitarist_hair_shadow.dds	1	1	pearl_vrcam/models/sq05s20light_sq05s20anim_guitaristrig_guitaristprodmodel_guitaristm.mxm
pearl_vrcam/textures/sq05s20light_guitaristprodmodel_guitarist_shadow.dds	1	1	pearl_vrcam/models/sq05s20light_sq05s20anim_guitaristrig_guitaristprodmodel_guitaristm.mxm
pearl_vrcam/textures/sq05s20light_guitaristprodmodel_guitarist_shirt_shadow.dds	1	1	pearl_vrcam/models/sq05s20light_sq05s20anim_guitaristrig_guitaristprodmodel_guitaristm.mxm
pearl_vrcam/textures/sq05s20light_sarateenprodmodel_sarateen_hair_diffuse.dds	1	1	pearl_vrcam/models/sq05s20light_sq05s20anim_sarateenrig_sarateenprodmodel_saratm.mxm
pearl_vrcam/textures/sq05s20light_sarateenprodmodel_sarateen_hair_shadow.dds	1	1	pearl_vrcam/models/sq05s20light_sq05s20anim_sarateenrig_sarateenprodmodel_saratm.mxm
pearl_vrcam/textures/sq05s20light_sarateenprodmodel_sarateenbody_diffuse.dds	1	1	pearl_vrcam/models/sq05s20light_sq05s20anim_sarateenrig_sarateenprodmodel_saratm.mxm
pearl_vrcam/textures/sq05s20light_sarateenprodmodel_sarateenbody_shadow.dds	1	1	pearl_vrcam/models/sq05s20light_sq05s20anim_sarateenrig_sarateenprodmodel_saratm.mxm
pearl_vrcam/textures/sq05s20light_sarateenprodmodel_sarateenfeatures_diffuse.dds	1	1	pearl_vrcam/models/sq05s20light_sq05s20anim_sarateenrig_sarateenprodmodel_saratm.mxm
pearl_vrcam/textures/sq05s20light_sarateenprodmodel_sarateenfeatures_shadow.dds	1	1	pearl_vrcam/models/sq05s20light_sq05s20anim_sarateenrig_sarateenprodmodel_saratm.mxm
pearl_vrcam/textures/sq05s20light_sarateenprodmodel_sarateenshirts_diffuse.dds	1	1	pearl_vrcam/models/sq05s20light_sq05s20anim_sarateenrig_sarateenprodmodel_saratm.mxm
pearl_vrcam/textures/sq05s20light_sarateenprodmodel_sarateenshirts_shadow.dds	1	1	pearl_vrcam/models/sq05s20light_sq05s20anim_sarateenrig_sarateenprodmodel_saratm.mxm
pearl_vrcam/textures/sq05s20light_sarateenprodmodel_sarateensurf_diffuse.dds	1	1	pearl_vrcam/models/sq05s20light_sq05s20anim_sarateenrig_sarateenprodmodel_saratm.mxm
pearl_vrcam/textures/sq05s20light_sarateenprodmodel_sarateensurf_shadow.dds	1	1	pearl_vrcam/models/sq05s20light_sq05s20anim_sarateenrig_sarateenprodmodel_saratm.mxm
pearl_vrcam/textures/sq05s30light_bassistprodmodel_bassist_face_shadow.dds	1	1	pearl_vrcam/models/sq05s30light_sq05s30anim_bassistrig_bassistprodmodel_bassistm.mxm
pearl_vrcam/textures/sq05s30light_bassistprodmodel_bassist_features_shadow.dds	1	1	pearl_vrcam/models/sq05s30light_sq05s30anim_bassistrig_bassistprodmodel_bassistm.mxm
pearl_vrcam/textures/sq05s30light_bassistprodmodel_bassist_hair_shadow.dds	1	1	pearl_vrcam/models/sq05s30light_sq05s30anim_bassistrig_bassistprodmodel_bassistm.mxm
pearl_vrcam/textures/sq05s30light_bassistprodmodel_bassist_hands_shadow.dds	1	1	pearl_vrcam/models/sq05s30light_sq05s30anim_bassistrig_bassistprodmodel_bassistm.mxm
pearl_vrcam/textures/sq05s30light_bassistprodmodel_bassist_shadow.dds	1	1	pearl_vrcam/models/sq05s30light_sq05s30anim_bassistrig_bassistprodmodel_bassistm.mxm
pearl_vrcam/textures/sq05s30light_bassistprodmodel_bassist_shirt_diffuse.dds	1	1	pearl_vrcam/models/sq05s30light_sq05s30anim_bassistrig_bassistprodmodel_bassistm.mxm
pearl_vrcam/textures/sq05s30light_bassistprodmodel_bassist_shirt_shadow.dds	1	1	pearl_vrcam/models/sq05s30light_sq05s30anim_bassistrig_bassistprodmodel_bassistm.mxm
pearl_vrcam/textures/sq05s30light_carparkedonbeach_sky_color_01.dds	1	1	pearl_vrcam/models/sq05s30light_sq05s30anim_sq05s30flo_carparkedonbeachnight_carparkedonbeachnight_grp_01.mxm
pearl_vrcam/textures/sq05s30light_carparkedonbeachnight_carparkedonbeachnight_diffuse.dds	1	1	pearl_vrcam/models/sq05s30light_sq05s30anim_sq05s30flo_carparkedonbeachnight_carparkedonbeachnight_grp_01.mxm
pearl_vrcam/textures/sq05s30light_carparkedonbeachnight_mountains_color_01.dds	1	1	pearl_vrcam/models/sq05s30light_sq05s30anim_sq05s30flo_carparkedonbeachnight_carparkedonbeachnight_grp_01.mxm
pearl_vrcam/textures/sq05s30light_carparkedonbeachnight_sand_purple_mat_01_spot_adjusted.dds	1	1	pearl_vrcam/models/sq05s30light_sq05s30anim_sq05s30flo_carparkedonbeachnight_carparkedonbeachnight_grp_01.mxm
pearl_vrcam/textures/sq05s30light_carpearlnew_carmirror_left_diffuse.dds	1	1	pearl_vrcam/models/sq05s30light_sq05s30anim_carpearlnewrig_carpearl_grp.mxm
pearl_vrcam/textures/sq05s30light_carpearlnew_carmirror_rear_diffuse.dds	1	1	pearl_vrcam/models/sq05s30light_sq05s30anim_carpearlnewrig_carpearl_grp.mxm
pearl_vrcam/textures/sq05s30light_carpearlnew_carmirror_right_diffuse.dds	1	1	pearl_vrcam/models/sq05s30light_sq05s30anim_carpearlnewrig_carpearl_grp.mxm
pearl_vrcam/textures/sq05s30light_drummerprodmodel_drummer_body_shadow.dds	1	1	pearl_vrcam/models/sq05s30light_sq05s30anim_drummerrig_drummerprodmodel_drummerm.mxm
pearl_vrcam/textures/sq05s30light_drummerprodmodel_drummer_features_shadow.dds	1	1	pearl_vrcam/models/sq05s30light_sq05s30anim_drummerrig_drummerprodmodel_drummerm.mxm
pearl_vrcam/textures/sq05s30light_drummerprodmodel_drummer_hair_shadow.dds	1	1	pearl_vrcam/models/sq05s30light_sq05s30anim_drummerrig_drummerprodmodel_drummerm.mxm
pearl_vrcam/textures/sq05s30light_drummerprodmodel_drummer_shadow.dds	1	1	pearl_vrcam/models/sq05s30light_sq05s30anim_drummerrig_drummerprodmodel_drummerm.mxm
pearl_vrcam/textures/sq05s30light_guitaristprodmodel_guitarist_body_shadow.dds	1	1	pearl_vrcam/models/sq05s30light_sq05s30anim_guitaristrig_guitaristprodmodel_guitaristm.mxm
pearl_vrcam/textures/sq05s30light_guitaristprodmodel_guitarist_features_shadow.dds	1	1	pearl_vrcam/models/sq05s30light_sq05s30anim_guitaristrig_guitaristprodmodel_guitaristm.mxm
pearl_vrcam/textures/sq05s30light_guitaristprodmodel_guitarist_hair_shadow.dds	1	1	pearl_vrcam/models/sq05s30light_sq05s30anim_guitaristrig_guitaristprodmodel_guitaristm.mxm
pearl_vrcam/textures/sq05s30light_guitaristprodmodel_guitarist_legs_shadow.dds	1	1	pearl_vrcam/models/sq05s30light_sq05s30anim_guitaristrig_guitaristprodmodel_guitaristm.mxm
pearl_vrcam/textures/sq05s30light_guitaristprodmodel_guitarist_shadow.dds	1	1	pearl_vrcam/models/sq05s30light_sq05s30anim_guitaristrig_guitaristprodmodel_guitaristm.mxm
pearl_vrcam/textures/sq05s30light_sarateenprodmodel_sarateen_hair_shadow.dds	1	1	pearl_vrcam/models/sq05s30light_sq05s30anim_sarateenrig_sarateenprodmodel_saratm.mxm
pearl_vrcam/textures/sq05s30light_sarateenprodmodel_sarateenbody_shadow.dds	1	1	pearl_vrcam/models/sq05s30light_sq05s30anim_sarateenrig_sarateenprodmodel_saratm.mxm
pearl_vrcam/textures/sq05s30light_sarateenprodmodel_sarateenfeatures_shadow.dds	1	1	pearl_vrcam/models/sq05s30light_sq05s30anim_sarateenrig_sarateenprodmodel_saratm.mxm
pearl_vrcam/textures/sq05s30light_sarateenprodmodel_sarateenshirt_shadow.dds	1	1	pearl_vrcam/models/sq05s30light_sq05s30anim_sarateenrig_sarateenprodmodel_saratm.mxm
pearl_vrcam/textures/sq05s30lighttest_sc0530setdressing_sc0530setdressing_diffuse.dds	1	1	pearl_vrcam/models/sq05s30light_sc0530setdressing_sc0530setdressing_grp_01.mxm
pearl_vrcam/textures/sq05s40light_bassist_diffuse.dds	1	1	pearl_vrcam/models/sq05s40light_sq05s40anim_bassistrig_bassistprodmodel_bassistm.mxm
pearl_vrcam/textures/sq05s40light_bassist_face_diffuse.dds	1	1	pearl_vrcam/models/sq05s40light_sq05s40anim_bassistrig_bassistprodmodel_bassistm.mxm
pearl_vrcam/textures/sq05s40light_bassist_face_shadow.dds	1	1	pearl_vrcam/models/sq05s40light_sq05s40anim_bassistrig_bassistprodmodel_bassistm.mxm
pearl_vrcam/textures/sq05s40light_bassist_features_diffuse.dds	1	1	pearl_vrcam/models/sq05s40light_sq05s40anim_bassistrig_bassistprodmodel_bassistm.mxm
pearl_vrcam/textures/sq05s40light_bassist_features_shadow.dds	1	1	pearl_vrcam/models/sq05s40light_sq05s40anim_bassistrig_bassistprodmodel_bassistm.mxm
pearl_vrcam/textures/sq05s40light_bassist_hair_diffuse.dds	1	1	pearl_vrcam/models/sq05s40light_sq05s40anim_bassistrig_bassistprodmodel_bassistm.mxm
pearl_vrcam/textures/sq05s40light_bassist_hair_shadow.dds	1	1	pearl_vrcam/models/sq05s40light_sq05s40anim_bassistrig_bassistprodmodel_bassistm.mxm
pearl_vrcam/textures/sq05s40light_bassist_hands_diffuse.dds	1	1	pearl_vrcam/models/sq05s40light_sq05s40anim_bassistrig_bassistprodmodel_bassistm.mxm
pearl_vrcam/textures/sq05s40light_bassist_hands_shadow.dds	1	1	pearl_vrcam/models/sq05s40light_sq05s40anim_bassistrig_bassistprodmodel_bassistm.mxm
pearl_vrcam/textures/sq05s40light_bassist_shadow.dds	1	1	pearl_vrcam/models/sq05s40light_sq05s40anim_bassistrig_bassistprodmodel_bassistm.mxm
pearl_vrcam/textures/sq05s40light_bassist_shirt_diffuse.dds	1	1	pearl_vrcam/models/sq05s40light_sq05s40anim_bassistrig_bassistprodmodel_bassistm.mxm
pearl_vrcam/textures/sq05s40light_bassist_shirt_shadow.dds	1	1	pearl_vrcam/models/sq05s40light_sq05s40anim_bassistrig_bassistprodmodel_bassistm.mxm
pearl_vrcam/textures/sq05s40light_carbody_shadow.dds	1	2	pearl_vrcam/models/sq05s40light_carpearlnewextattachrig_carpearlnewextattach_carpearlextattach_grp_01.mxm
pearl_vrcam/textures/sq05s40light_carmirror_left_diffuse.dds	1	1	pearl_vrcam/models/sq05s40light_sq05s40anim_carpearlnewrig_carpearl_grp.mxm
pearl_vrcam/textures/sq05s40light_carmirror_right_diffuse.dds	1	1	pearl_vrcam/models/sq05s40light_sq05s40anim_carpearlnewrig_carpearl_grp.mxm
pearl_vrcam/textures/sq05s40light_carseats_shadow.dds	1	1	pearl_vrcam/models/sq05s40light_sq05s40anim_carpearlnewrig_carpearl_grp.mxm
pearl_vrcam/textures/sq05s40light_carwindows_diffuse.dds	1	1	pearl_vrcam/models/sq05s40light_sq05s40anim_carpearlnewrig_carpearl_grp.mxm
pearl_vrcam/textures/sq05s40light_drummer_body_diffuse.dds	1	1	pearl_vrcam/models/sq05s40light_sq05s40anim_drummerrig_drummerprodmodel_drummerm.mxm
pearl_vrcam/textures/sq05s40light_drummer_body_shadow.dds	1	1	pearl_vrcam/models/sq05s40light_sq05s40anim_drummerrig_drummerprodmodel_drummerm.mxm
pearl_vrcam/textures/sq05s40light_drummer_diffuse.dds	1	1	pearl_vrcam/models/sq05s40light_sq05s40anim_drummerrig_drummerprodmodel_drummerm.mxm
pearl_vrcam/textures/sq05s40light_drummer_features_diffuse.dds	1	1	pearl_vrcam/models/sq05s40light_sq05s40anim_drummerrig_drummerprodmodel_drummerm.mxm
pearl_vrcam/textures/sq05s40light_drummer_features_shadow.dds	1	1	pearl_vrcam/models/sq05s40light_sq05s40anim_drummerrig_drummerprodmodel_drummerm.mxm
pearl_vrcam/textures/sq05s40light_drummer_hair_diffuse.dds	1	1	pearl_vrcam/models/sq05s40light_sq05s40anim_drummerrig_drummerprodmodel_drummerm.mxm
pearl_vrcam/textures/sq05s40light_drummer_hair_shadow.dds	1	1	pearl_vrcam/models/sq05s40light_sq05s40anim_drummerrig_drummerprodmodel_drummerm.mxm
pearl_vrcam/textures/sq05s40light_drummer_shadow.dds	1	1	pearl_vrcam/models/sq05s40light_sq05s40anim_drummerrig_drummerprodmodel_drummerm.mxm
pearl_vrcam/textures/sq05s40light_drummer_shirts_diffuse.dds	1	1	pearl_vrcam/models/sq05s40light_sq05s40anim_drummerrig_drummerprodmodel_drummerm.mxm
pearl_vrcam/textures/sq05s40light_drummer_shirts_shadow.dds	1	1	pearl_vrcam/models/sq05s40light_sq05s40anim_drummerrig_drummerprodmodel_drummerm.mxm
pearl_vrcam/textures/sq05s40light_guitarist_body_diffuse.dds	1	1	pearl_vrcam/models/sq05s40light_sq05s40anim_guitaristrig_guitaristprodmodel_guitaristm.mxm
pearl_vrcam/textures/sq05s40light_guitarist_body_shadow.dds	1	1	pearl_vrcam/models/sq05s40light_sq05s40anim_guitaristrig_guitaristprodmodel_guitaristm.mxm
pearl_vrcam/textures/sq05s40light_guitarist_diffuse.dds	1	1	pearl_vrcam/models/sq05s40light_sq05s40anim_guitaristrig_guitaristprodmodel_guitaristm.mxm
pearl_vrcam/textures/sq05s40light_guitarist_features_diffuse.dds	1	1	pearl_vrcam/models/sq05s40light_sq05s40anim_guitaristrig_guitaristprodmodel_guitaristm.mxm
pearl_vrcam/textures/sq05s40light_guitarist_features_shadow.dds	1	1	pearl_vrcam/models/sq05s40light_sq05s40anim_guitaristrig_guitaristprodmodel_guitaristm.mxm
pearl_vrcam/textures/sq05s40light_guitarist_hair_diffuse.dds	1	1	pearl_vrcam/models/sq05s40light_sq05s40anim_guitaristrig_guitaristprodmodel_guitaristm.mxm
pearl_vrcam/textures/sq05s40light_guitarist_hair_shadow.dds	1	1	pearl_vrcam/models/sq05s40light_sq05s40anim_guitaristrig_guitaristprodmodel_guitaristm.mxm
pearl_vrcam/textures/sq05s40light_guitarist_shadow.dds	1	1	pearl_vrcam/models/sq05s40light_sq05s40anim_guitaristrig_guitaristprodmodel_guitaristm.mxm
pearl_vrcam/textures/sq05s40light_guitarist_shirt_diffuse.dds	1	1	pearl_vrcam/models/sq05s40light_sq05s40anim_guitaristrig_guitaristprodmodel_guitaristm.mxm
pearl_vrcam/textures/sq05s40light_guitarist_shirt_shadow.dds	1	1	pearl_vrcam/models/sq05s40light_sq05s40anim_guitaristrig_guitaristprodmodel_guitaristm.mxm
pearl_vrcam/textures/sq05s40light_sarateen_hair_shadow.dds	1	1	pearl_vrcam/models/sq05s40light_sq05s40anim_sarateenrig_sarateenprodmodel_saratm.mxm
pearl_vrcam/textures/sq05s40light_sarateenbody_shadow.dds	1	1	pearl_vrcam/models/sq05s40light_sq05s40anim_sarateenrig_sarateenprodmodel_saratm.mxm
pearl_vrcam/textures/sq05s40light_sarateenfeatures_shadow.dds	1	1	pearl_vrcam/models/sq05s40light_sq05s40anim_sarateenrig_sarateenprodmodel_saratm.mxm
pearl_vrcam/textures/sq05s40light_sarateensurf_shadow.dds	1	1	pearl_vrcam/models/sq05s40light_sq05s40anim_sarateenrig_sarateenprodmodel_saratm.mxm
pearl_vrcam/textures/sq05s40light_v003_semitruck02_diffuse.dds	1	2	pearl_vrcam/models/sq05s40light_sq05s40anim_semitruck02rig1_semitruck02prodmodel_semitruck02_grp.mxm
pearl_vrcam/textures/sq05s40light_v003_semitruck_diffuse.dds	1	1	pearl_vrcam/models/sq05s40light_sq05s40anim_semitruckrig_semitruckprodmodel_semitruck_grp.mxm
pearl_vrcam/textures/sq05s40light_v003_stationwagon_diffuse.dds	1	1	pearl_vrcam/models/sq05s40light_sq05s40anim_stationwagonrig_stationwagonprodmodel_stationwagon_grp.mxm
pearl_vrcam/textures/sq05s40light_v006_skydome_diffuse.dds	1	1	pearl_vrcam/models/sq05s40light_sq05s40anim_sq05s40flo_highway395_highway395_grp.mxm
pearl_vrcam/textures/sq05s50light_bassistprodmodel_bassist_diffuse.dds	1	1	pearl_vrcam/models/sq05s50light_sq05s50anim_bassistrig_bassistprodmodel_bassistm.mxm
pearl_vrcam/textures/sq05s50light_bassistprodmodel_bassist_face_diffuse.dds	1	1	pearl_vrcam/models/sq05s50light_sq05s50anim_bassistrig_bassistprodmodel_bassistm.mxm
pearl_vrcam/textures/sq05s50light_bassistprodmodel_bassist_features_diffuse.dds	1	1	pearl_vrcam/models/sq05s50light_sq05s50anim_bassistrig_bassistprodmodel_bassistm.mxm
pearl_vrcam/textures/sq05s50light_bassistprodmodel_bassist_hair_diffuse.dds	1	1	pearl_vrcam/models/sq05s50light_sq05s50anim_bassistrig_bassistprodmodel_bassistm.mxm
pearl_vrcam/textures/sq05s50light_bassistprodmodel_bassist_hands_diffuse.dds	1	1	pearl_vrcam/models/sq05s50light_sq05s50anim_bassistrig_bassistprodmodel_bassistm.mxm
pearl_vrcam/textures/sq05s50light_bassistprodmodel_bassist_shirt_diffuse.dds	1	1	pearl_vrcam/models/sq05s50light_sq05s50anim_bassistrig_bassistprodmodel_bassistm.mxm
pearl_vrcam/textures/sq05s50light_carpearlnew_carbody_diffuse.dds	1	2	pearl_vrcam/models/sq05s50light_carpearlnewextattachrig_carpearlnewextattach_carpearlextattach_grp_01.mxm
pearl_vrcam/textures/sq05s50light_carpearlnew_carmirror_left_diffuse.dds	1	1	pearl_vrcam/models/sq05s50light_sq05s50anim_carpearlnewrig_carpearl_grp.mxm
pearl_vrcam/textures/sq05s50light_carpearlnew_carmirror_rear_diffuse.dds	1	1	pearl_vrcam/models/sq05s50light_sq05s50anim_carpearlnewrig_carpearl_grp.mxm
pearl_vrcam/textures/sq05s50light_carpearlnew_carmirror_right_diffuse.dds	1	1	pearl_vrcam/models/sq05s50light_sq05s50anim_carpearlnewrig_carpearl_grp.mxm
pearl_vrcam/textures/sq05s50light_carpearlnew_carseats_diffuse.dds	1	1	pearl_vrcam/models/sq05s50light_sq05s50anim_carpearlnewrig_carpearl_grp.mxm
pearl_vrcam/textures/sq05s50light_countyfair_countyfair_diffuse.dds	1	1	pearl_vrcam/models/sq05s50light_sq05s50anim_sq05s50flo_countyfair_countyfair_grp_01.mxm
pearl_vrcam/textures/sq05s50light_countyfair_lightvolumes_diffuse.dds	1	1	pearl_vrcam/models/sq05s50light_sq05s50anim_sq05s50flo_countyfair_countyfair_grp_01.mxm
pearl_vrcam/textures/sq05s50light_countyfair_mountains_mat_01_spot_diffuse.dds	1	1	pearl_vrcam/models/sq05s50light_sq05s50anim_sq05s50flo_countyfair_countyfair_grp_01.mxm
pearl_vrcam/textures/sq05s50light_countyfair_sky_mat_01_spot_diffuse.dds	1	1	pearl_vrcam/models/sq05s50light_sq05s50anim_sq05s50flo_countyfair_countyfair_grp_01.mxm
pearl_vrcam/textures/sq05s50light_countyfair_tree_mat_01_spot_diffuse.dds	1	1	pearl_vrcam/models/sq05s50light_sq05s50anim_sq05s50flo_countyfair_countyfair_grp_01.mxm
pearl_vrcam/textures/sq05s50light_countyfair_trees_mat_01_spot_diffuse.dds	1	1	pearl_vrcam/models/sq05s50light_sq05s50anim_sq05s50flo_countyfair_countyfair_grp_01.mxm
pearl_vrcam/textures/sq05s50light_countyfair_trees_mat_02_spot_diffuse.dds	1	1	pearl_vrcam/models/sq05s50light_sq05s50anim_sq05s50flo_countyfair_countyfair_grp_01.mxm
pearl_vrcam/textures/sq05s50light_drummerprodmodel_drummer_body_diffuse.dds	1	1	pearl_vrcam/models/sq05s50light_sq05s50anim_drummerrig_drummerprodmodel_drummerm.mxm
pearl_vrcam/textures/sq05s50light_drummerprodmodel_drummer_body_highlight.dds	1	1	pearl_vrcam/models/sq05s50light_sq05s50anim_drummerrig_drummerprodmodel_drummerm.mxm
pearl_vrcam/textures/sq05s50light_drummerprodmodel_drummer_diffuse.dds	1	1	pearl_vrcam/models/sq05s50light_sq05s50anim_drummerrig_drummerprodmodel_drummerm.mxm
pearl_vrcam/textures/sq05s50light_drummerprodmodel_drummer_features_diffuse.dds	1	1	pearl_vrcam/models/sq05s50light_sq05s50anim_drummerrig_drummerprodmodel_drummerm.mxm
pearl_vrcam/textures/sq05s50light_drummerprodmodel_drummer_features_highlight.dds	1	1	pearl_vrcam/models/sq05s50light_sq05s50anim_drummerrig_drummerprodmodel_drummerm.mxm
pearl_vrcam/textures/sq05s50light_drummerprodmodel_drummer_hair_diffuse.dds	1	1	pearl_vrcam/models/sq05s50light_sq05s50anim_drummerrig_drummerprodmodel_drummerm.mxm
pearl_vrcam/textures/sq05s50light_drummerprodmodel_drummer_hair_highlight.dds	1	1	pearl_vrcam/models/sq05s50light_sq05s50anim_drummerrig_drummerprodmodel_drummerm.mxm
pearl_vrcam/textures/sq05s50light_drummerprodmodel_drummer_shirts_diffuse.dds	1	1	pearl_vrcam/models/sq05s50light_sq05s50anim_drummerrig_drummerprodmodel_drummerm.mxm
pearl_vrcam/textures/sq05s50light_guitaristprodmodel_guitarist_body_diffuse.dds	1	1	pearl_vrcam/models/sq05s50light_sq05s50anim_guitaristrig_guitaristprodmodel_guitaristm.mxm
pearl_vrcam/textures/sq05s50light_guitaristprodmodel_guitarist_diffuse.dds	1	1	pearl_vrcam/models/sq05s50light_sq05s50anim_guitaristrig_guitaristprodmodel_guitaristm.mxm
pearl_vrcam/textures/sq05s50light_guitaristprodmodel_guitarist_features_diffuse.dds	1	1	pearl_vrcam/models/sq05s50light_sq05s50anim_guitaristrig_guitaristprodmodel_guitaristm.mxm
pearl_vrcam/textures/sq05s50light_guitaristprodmodel_guitarist_hair_diffuse.dds	1	1	pearl_vrcam/models/sq05s50light_sq05s50anim_guitaristrig_guitaristprodmodel_guitaristm.mxm
pearl_vrcam/textures/sq05s50light_guitaristprodmodel_guitarist_shirt_diffuse.dds	1	1	pearl_vrcam/models/sq05s50light_sq05s50anim_guitaristrig_guitaristprodmodel_guitaristm.mxm
pearl_vrcam/textures/sq05s50light_sarateenprodmodel_sarateen_hair_diffuse.dds	1	1	pearl_vrcam/models/sq05s50light_sq05s50anim_sarateenrig_sarateenprodmodel_saratm.mxm
pearl_vrcam/textures/sq05s50light_sarateenprodmodel_sarateen_hair_highlight.dds	1	1	pearl_vrcam/models/sq05s50light_sq05s50anim_sarateenrig_sarateenprodmodel_saratm.mxm
pearl_vrcam/textures/sq05s50light_sarateenprodmodel_sarateenbody_diffuse.dds	1	1	pearl_vrcam/models/sq05s50light_sq05s50anim_sarateenrig_sarateenprodmodel_saratm.mxm
pearl_vrcam/textures/sq05s50light_sarateenprodmodel_sarateenbody_highlight.dds	1	1	pearl_vrcam/models/sq05s50light_sq05s50anim_sarateenrig_sarateenprodmodel_saratm.mxm
pearl_vrcam/textures/sq05s50light_sarateenprodmodel_sarateenfeatures_diffuse.dds	1	1	pearl_vrcam/models/sq05s50light_sq05s50anim_sarateenrig_sarateenprodmodel_saratm.mxm
pearl_vrcam/textures/sq05s50light_sarateenprodmodel_sarateenfeatures_highlight.dds	1	1	pearl_vrcam/models/sq05s50light_sq05s50anim_sarateenrig_sarateenprodmodel_saratm.mxm
pearl_vrcam/textures/sq05s50light_sarateenprodmodel_sarateenshirt_diffuse.dds	1	1	pearl_vrcam/models/sq05s50light_sq05s50anim_sarateenrig_sarateenprodmodel_saratm.mxm
pearl_vrcam/textures/sq05s50light_sarateenprodmodel_sarateenshirt_highlight.dds	1	1	pearl_vrcam/models/sq05s50light_sq05s50anim_sarateenrig_sarateenprodmodel_saratm.mxm
pearl_vrcam/textures/sq05s50light_sarateenprodmodel_sarateensurf_diffuse.dds	1	1	pearl_vrcam/models/sq05s50light_sq05s50anim_sarateenrig_sarateenprodmodel_saratm.mxm
pearl_vrcam/textures/sq05s50light_sarateenprodmodel_sarateensurf_highlight.dds	1	1	pearl_vrcam/models/sq05s50light_sq05s50anim_sarateenrig_sarateenprodmodel_saratm.mxm
pearl_vrcam/textures/sq05s50light_transparent.dds	1	1	pearl_vrcam/models/sq05s50light_lampglow_grp_01.mxm
pearl_vrcam/textures/sq05s70_acousticguitar_diffuse_dbl.dds	1	1	pearl_vrcam/models/sq05s70light_sq05s70anim_acousticguitar_acousticguitar.mxm
pearl_vrcam/textures/sq05s70_acousticguitar_highlight_dbl.dds	1	1	pearl_vrcam/models/sq05s70light_sq05s70anim_acousticguitar_acousticguitar.mxm
pearl_vrcam/textures/sq05s70_acousticguitar_shadow.dds	1	1	pearl_vrcam/models/sq05s70light_sq05s70anim_acousticguitar_acousticguitar.mxm
pearl_vrcam/textures/sq05s70_bassist_face_diffuse_dbl.dds	1	1	pearl_vrcam/models/sq05s70light_sq05s70anim_bassistrig_bassistprodmodel_bassistm.mxm
pearl_vrcam/textures/sq05s70_bassist_face_hi_dbl.dds	1	1	pearl_vrcam/models/sq05s70light_sq05s70anim_bassistrig_bassistprodmodel_bassistm.mxm
pearl_vrcam/textures/sq05s70_bassist_face_shadow.dds	1	1	pearl_vrcam/models/sq05s70light_sq05s70anim_bassistrig_bassistprodmodel_bassistm.mxm
pearl_vrcam/textures/sq05s70_bassist_features_diffuse_dbl.dds	1	1	pearl_vrcam/models/sq05s70light_sq05s70anim_bassistrig_bassistprodmodel_bassistm.mxm
pearl_vrcam/textures/sq05s70_bassist_features_hi_dbl.dds	1	1	pearl_vrcam/models/sq05s70light_sq05s70anim_bassistrig_bassistprodmodel_bassistm.mxm
pearl_vrcam/textures/sq05s70_bassist_features_shadow.dds	1	1	pearl_vrcam/models/sq05s70light_sq05s70anim_bassistrig_bassistprodmodel_bassistm.mxm
pearl_vrcam/textures/sq05s70_bassist_hair_diffuse_dbl.dds	1	1	pearl_vrcam/models/sq05s70light_sq05s70anim_bassistrig_bassistprodmodel_bassistm.mxm
pearl_vrcam/textures/sq05s70_bassist_hair_hi_dbl.dds	1	1	pearl_vrcam/models/sq05s70light_sq05s70anim_bassistrig_bassistprodmodel_bassistm.mxm
pearl_vrcam/textures/sq05s70_bassist_hair_shadow.dds	1	1	pearl_vrcam/models/sq05s70light_sq05s70anim_bassistrig_bassistprodmodel_bassistm.mxm
pearl_vrcam/textures/sq05s70_bassist_hands_diffuse_dbl.dds	1	1	pearl_vrcam/models/sq05s70light_sq05s70anim_bassistrig_bassistprodmodel_bassistm.mxm
pearl_vrcam/textures/sq05s70_bassist_hands_hi_dbl.dds	1	1	pearl_vrcam/models/sq05s70light_sq05s70anim_bassistrig_bassistprodmodel_bassistm.mxm
pearl_vrcam/textures/sq05s70_bassist_hands_shadow.dds	1	1	pearl_vrcam/models/sq05s70light_sq05s70anim_bassistrig_bassistprodmodel_bassistm.mxm
pearl_vrcam/textures/sq05s70_bassist_shadow.dds	1	1	pearl_vrcam/models/sq05s70light_sq05s70anim_bassistrig_bassistprodmodel_bassistm.mxm
pearl_vrcam/textures/sq05s70_bassist_shirt_diffuse_dbl.dds	1	1	pearl_vrcam/models/sq05s70light_sq05s70anim_bassistrig_bassistprodmodel_bassistm.mxm
pearl_vrcam/textures/sq05s70_bassist_shirt_highlight_dbl.dds	1	1	pearl_vrcam/models/sq05s70light_sq05s70anim_bassistrig_bassistprodmodel_bassistm.mxm
pearl_vrcam/textures/sq05s70_bassist_shirt_shadow.dds	1	1	pearl_vrcam/models/sq05s70light_sq05s70anim_bassistrig_bassistprodmodel_bassistm.mxm
pearl_vrcam/textures/sq05s70_carbody_diffuse_dbl.dds	1	2	pearl_vrcam/models/sq05s70light_carpearlnewextattachrig_carpearlnewextattach_carpearlextattach_grp_01.mxm
pearl_vrcam/textures/sq05s70_carbody_highlight_dbl.dds	1	1	pearl_vrcam/models/sq05s70light_sq05s70anim_carpearlnewrig_carpearl_grp.mxm
pearl_vrcam/textures/sq05s70_carmirror_left_diffuse.dds	1	1	pearl_vrcam/models/sq05s70light_sq05s70anim_carpearlnewrig_carpearl_grp.mxm
pearl_vrcam/textures/sq05s70_carmirror_rear_diffuse.dds	1	1	pearl_vrcam/models/sq05s70light_sq05s70anim_carpearlnewrig_carpearl_grp.mxm
pearl_vrcam/textures/sq05s70_carmirror_right_diffuse.dds	1	1	pearl_vrcam/models/sq05s70light_sq05s70anim_carpearlnewrig_carpearl_grp.mxm
pearl_vrcam/textures/sq05s70_carseats_shadow.dds	1	1	pearl_vrcam/models/sq05s70light_sq05s70anim_carpearlnewrig_carpearl_grp.mxm
pearl_vrcam/textures/sq05s70_carwindows_diffuse.dds	1	1	pearl_vrcam/models/sq05s70light_sq05s70anim_carpearlnewrig_carpearl_grp.mxm
pearl_vrcam/textures/sq05s70_distantmountains_diffuse.dds	1	1	pearl_vrcam/models/sq05s70light_sq05s70anim_sq05s70flo_mountainroadtunnel_mountainroadtunnel_grp.mxm
pearl_vrcam/textures/sq05s70_drummer_body_diffuse_dbl.dds	1	1	pearl_vrcam/models/sq05s70light_sq05s70anim_drummerrig_drummerprodmodel_drummerm.mxm
pearl_vrcam/textures/sq05s70_drummer_body_hi_dbl.dds	1	1	pearl_vrcam/models/sq05s70light_sq05s70anim_drummerrig_drummerprodmodel_drummerm.mxm
pearl_vrcam/textures/sq05s70_drummer_body_shadow.dds	1	1	pearl_vrcam/models/sq05s70light_sq05s70anim_drummerrig_drummerprodmodel_drummerm.mxm
pearl_vrcam/textures/sq05s70_drummer_features_diffuse_dbl.dds	1	1	pearl_vrcam/models/sq05s70light_sq05s70anim_drummerrig_drummerprodmodel_drummerm.mxm
pearl_vrcam/textures/sq05s70_drummer_features_hi_dbl.dds	1	1	pearl_vrcam/models/sq05s70light_sq05s70anim_drummerrig_drummerprodmodel_drummerm.mxm
pearl_vrcam/textures/sq05s70_drummer_features_shadow.dds	1	1	pearl_vrcam/models/sq05s70light_sq05s70anim_drummerrig_drummerprodmodel_drummerm.mxm
pearl_vrcam/textures/sq05s70_drummer_hair_diffuse_dbl.dds	1	1	pearl_vrcam/models/sq05s70light_sq05s70anim_drummerrig_drummerprodmodel_drummerm.mxm
pearl_vrcam/textures/sq05s70_drummer_hair_hi_dbl.dds	1	1	pearl_vrcam/models/sq05s70light_sq05s70anim_drummerrig_drummerprodmodel_drummerm.mxm
pearl_vrcam/textures/sq05s70_drummer_hair_shadow.dds	1	1	pearl_vrcam/models/sq05s70light_sq05s70anim_drummerrig_drummerprodmodel_drummerm.mxm
pearl_vrcam/textures/sq05s70_drummer_shadow.dds	1	1	pearl_vrcam/models/sq05s70light_sq05s70anim_drummerrig_drummerprodmodel_drummerm.mxm
pearl_vrcam/textures/sq05s70_drummer_shirts_diffuse_dbl.dds	1	1	pearl_vrcam/models/sq05s70light_sq05s70anim_drummerrig_drummerprodmodel_drummerm.mxm
pearl_vrcam/textures/sq05s70_drummer_shirts_hi_dbl.dds	1	1	pearl_vrcam/models/sq05s70light_sq05s70anim_drummerrig_drummerprodmodel_drummerm.mxm
pearl_vrcam/textures/sq05s70_guitarist_body_diffuse_dbl.dds	1	1	pearl_vrcam/models/sq05s70light_sq05s70anim_guitaristrig_guitaristprodmodel_guitaristm.mxm
pearl_vrcam/textures/sq05s70_guitarist_body_hi_dbl.dds	1	1	pearl_vrcam/models/sq05s70light_sq05s70anim_guitaristrig_guitaristprodmodel_guitaristm.mxm
pearl_vrcam/textures/sq05s70_guitarist_body_shadow.dds	1	1	pearl_vrcam/models/sq05s70light_sq05s70anim_guitaristrig_guitaristprodmodel_guitaristm.mxm
pearl_vrcam/textures/sq05s70_guitarist_features_diffuse_dbl.dds	1	1	pearl_vrcam/models/sq05s70light_sq05s70anim_guitaristrig_guitaristprodmodel_guitaristm.mxm
pearl_vrcam/textures/sq05s70_guitarist_features_hi_dbl.dds	1	1	pearl_vrcam/models/sq05s70light_sq05s70anim_guitaristrig_guitaristprodmodel_guitaristm.mxm
pearl_vrcam/textures/sq05s70_guitarist_features_shadow.dds	1	1	pearl_vrcam/models/sq05s70light_sq05s70anim_guitaristrig_guitaristprodmodel_guitaristm.mxm
pearl_vrcam/textures/sq05s70_guitarist_hair_diffuse_dbl.dds	1	1	pearl_vrcam/models/sq05s70light_sq05s70anim_guitaristrig_guitaristprodmodel_guitaristm.mxm
pearl_vrcam/textures/sq05s70_guitarist_hair_hi_dbl.dds	1	1	pearl_vrcam/models/sq05s70light_sq05s70anim_guitaristrig_guitaristprodmodel_guitaristm.mxm
pearl_vrcam/textures/sq05s70_guitarist_hair_shadow.dds	1	1	pearl_vrcam/models/sq05s70light_sq05s70anim_guitaristrig_guitaristprodmodel_guitaristm.mxm
pearl_vrcam/textures/sq05s70_guitarist_shadow.dds	1	1	pearl_vrcam/models/sq05s70light_sq05s70anim_guitaristrig_guitaristprodmodel_guitaristm.mxm
pearl_vrcam/textures/sq05s70_guitarist_shirt_diffuse_dbl.dds	1	1	pearl_vrcam/models/sq05s70light_sq05s70anim_guitaristrig_guitaristprodmodel_guitaristm.mxm
pearl_vrcam/textures/sq05s70_guitarist_shirt_highlight_dbl.dds	1	1	pearl_vrcam/models/sq05s70light_sq05s70anim_guitaristrig_guitaristprodmodel_guitaristm.mxm
pearl_vrcam/textures/sq05s70_guitarist_shirt_shadow.dds	1	1	pearl_vrcam/models/sq05s70light_sq05s70anim_guitaristrig_guitaristprodmodel_guitaristm.mxm
pearl_vrcam/textures/sq05s70_midground_mountains_diffuse.dds	1	1	pearl_vrcam/models/sq05s70light_sq05s70anim_sq05s70flo_mountainroadtunnel_mountainroadtunnel_grp.mxm
pearl_vrcam/textures/sq05s70_mountainroadtunnel_diffuse.dds	1	1	pearl_vrcam/models/sq05s70light_sq05s70anim_sq05s70flo_mountainroadtunnel_mountainroadtunnel_grp.mxm
pearl_vrcam/textures/sq05s70_sarateen_hair_hi_dbl.dds	1	1	pearl_vrcam/models/sq05s70light_sq05s70anim_sarateenrig_sarateenprodmodel_saratm.mxm
pearl_vrcam/textures/sq05s70_sarateen_hair_shadow.dds	1	1	pearl_vrcam/models/sq05s70light_sq05s70anim_sarateenrig_sarateenprodmodel_saratm.mxm
pearl_vrcam/textures/sq05s70_sarateenbody_diff_dbl.dds	1	1	pearl_vrcam/models/sq05s70light_sq05s70anim_sarateenrig_sarateenprodmodel_saratm.mxm
pearl_vrcam/textures/sq05s70_sarateenbody_hi_dbl.dds	1	1	pearl_vrcam/models/sq05s70light_sq05s70anim_sarateenrig_sarateenprodmodel_saratm.mxm
pearl_vrcam/textures/sq05s70_sarateenbody_shadow.dds	1	1	pearl_vrcam/models/sq05s70light_sq05s70anim_sarateenrig_sarateenprodmodel_saratm.mxm
pearl_vrcam/textures/sq05s70_sarateenfeatures_diffuse_dbl.dds	1	1	pearl_vrcam/models/sq05s70light_sq05s70anim_sarateenrig_sarateenprodmodel_saratm.mxm
pearl_vrcam/textures/sq05s70_sarateenfeatures_hi_dbl.dds	1	1	pearl_vrcam/models/sq05s70light_sq05s70anim_sarateenrig_sarateenprodmodel_saratm.mxm
pearl_vrcam/textures/sq05s70_sarateenfeatures_shadow.dds	1	1	pearl_vrcam/models/sq05s70light_sq05s70anim_sarateenrig_sarateenprodmodel_saratm.mxm
pearl_vrcam/textures/sq05s70_sarateenhair_diff_dbl.dds	1	1	pearl_vrcam/models/sq05s70light_sq05s70anim_sarateenrig_sarateenprodmodel_saratm.mxm
pearl_vrcam/textures/sq05s70_sarateenshirt_diff_dbl.dds	1	1	pearl_vrcam/models/sq05s70light_sq05s70anim_sarateenrig_sarateenprodmodel_saratm.mxm
pearl_vrcam/textures/sq05s70_sarateenshirt_hi_dbl.dds	1	1	pearl_vrcam/models/sq05s70light_sq05s70anim_sarateenrig_sarateenprodmodel_saratm.mxm
pearl_vrcam/textures/sq05s70_sarateenshirt_shadow.dds	1	1	pearl_vrcam/models/sq05s70light_sq05s70anim_sarateenrig_sarateenprodmodel_saratm.mxm
pearl_vrcam/textures/sq05s70_sarateensurf_shadow.dds	1	1	pearl_vrcam/models/sq05s70light_sq05s70anim_sarateenrig_sarateenprodmodel_saratm.mxm
pearl_vrcam/textures/sq05s70_sky_diffuse.dds	1	1	pearl_vrcam/models/sq05s70light_sq05s70anim_sq05s70flo_mountainroadtunnel_mountainroadtunnel_grp.mxm
pearl_vrcam/textures/sq05s70_tunnellights_diffuse.dds	1	1	pearl_vrcam/models/sq05s70light_sq05s70anim_sq05s70flo_mountainroadtunnel_mountainroadtunnel_grp.mxm
pearl_vrcam/textures/sq05s80light_acousticguitar_acousticguitar_diffuse.dds	1	1	pearl_vrcam/models/sq05s80light_sq05s80anim_acousticguitar_acousticguitar.mxm
pearl_vrcam/textures/sq05s80light_bassistprodmodel_bassist_diffuse.dds	1	1	pearl_vrcam/models/sq05s80light_sq05s80anim_bassistrig_bassistprodmodel_bassistm.mxm
pearl_vrcam/textures/sq05s80light_bassistprodmodel_bassist_face_diffuse.dds	1	1	pearl_vrcam/models/sq05s80light_sq05s80anim_bassistrig_bassistprodmodel_bassistm.mxm
pearl_vrcam/textures/sq05s80light_bassistprodmodel_bassist_features_diffuse.dds	1	1	pearl_vrcam/models/sq05s80light_sq05s80anim_bassistrig_bassistprodmodel_bassistm.mxm
pearl_vrcam/textures/sq05s80light_bassistprodmodel_bassist_hair_highlight.dds	1	1	pearl_vrcam/models/sq05s80light_sq05s80anim_bassistrig_bassistprodmodel_bassistm.mxm
pearl_vrcam/textures/sq05s80light_bassistprodmodel_bassist_hair_shadow.dds	1	1	pearl_vrcam/models/sq05s80light_sq05s80anim_bassistrig_bassistprodmodel_bassistm.mxm
pearl_vrcam/textures/sq05s80light_bassistprodmodel_bassist_hands_diffuse.dds	1	1	pearl_vrcam/models/sq05s80light_sq05s80anim_bassistrig_bassistprodmodel_bassistm.mxm
pearl_vrcam/textures/sq05s80light_bassistprodmodel_bassist_hands_highlight.dds	1	1	pearl_vrcam/models/sq05s80light_sq05s80anim_bassistrig_bassistprodmodel_bassistm.mxm
pearl_vrcam/textures/sq05s80light_bassistprodmodel_bassist_shirt_diffuse.dds	1	1	pearl_vrcam/models/sq05s80light_sq05s80anim_bassistrig_bassistprodmodel_bassistm.mxm
pearl_vrcam/textures/sq05s80light_carpearlnew_carbody_diffuse.dds	1	2	pearl_vrcam/models/sq05s80light_carpearlnewextattachrig_carpearlnewextattach_carpearlextattach_grp_01.mxm
pearl_vrcam/textures/sq05s80light_carpearlnew_carseats_diffuse.dds	1	1	pearl_vrcam/models/sq05s80light_sq05s80anim_carpearlnewrig_carpearl_grp.mxm
pearl_vrcam/textures/sq05s80light_carpearlnew_carseats_highlight.dds	1	1	pearl_vrcam/models/sq05s80light_sq05s80anim_carpearlnewrig_carpearl_grp.mxm
pearl_vrcam/textures/sq05s80light_carpearlnew_carseats_shadow.dds	1	1	pearl_vrcam/models/sq05s80light_sq05s80anim_carpearlnewrig_carpearl_grp.mxm
pearl_vrcam/textures/sq05s80light_cornstalks_cornstalkbg_diffuse.dds	1	1	pearl_vrcam/models/sq05s80light_sq05s80anim_cornstalks_const2bg_loc.mxm
pearl_vrcam/textures/sq05s80light_drummerprodmodel_drummer_body_shadow.dds	1	1	pearl_vrcam/models/sq05s80light_sq05s80anim_drummerrig_drummerprodmodel_drummerm.mxm
pearl_vrcam/textures/sq05s80light_drummerprodmodel_drummer_features_diffuse.dds	1	1	pearl_vrcam/models/sq05s80light_sq05s80anim_drummerrig_drummerprodmodel_drummerm.mxm
pearl_vrcam/textures/sq05s80light_drummerprodmodel_drummer_hair_diffuse.dds	1	1	pearl_vrcam/models/sq05s80light_sq05s80anim_drummerrig_drummerprodmodel_drummerm.mxm
pearl_vrcam/textures/sq05s80light_drummerprodmodel_drummer_hair_highlight.dds	1	1	pearl_vrcam/models/sq05s80light_sq05s80anim_drummerrig_drummerprodmodel_drummerm.mxm
pearl_vrcam/textures/sq05s80light_drummerprodmodel_drummer_shirts_diffuse.dds	1	1	pearl_vrcam/models/sq05s80light_sq05s80anim_drummerrig_drummerprodmodel_drummerm.mxm
pearl_vrcam/textures/sq05s80light_guitaristprodmodel_guitarist_blouse_diffuse.dds	1	1	pearl_vrcam/models/sq05s80light_sq05s80anim_guitaristrig_guitaristprodmodel_guitaristm.mxm
pearl_vrcam/textures/sq05s80light_guitaristprodmodel_guitarist_body_diffuse.dds	1	1	pearl_vrcam/models/sq05s80light_sq05s80anim_guitaristrig_guitaristprodmodel_guitaristm.mxm
pearl_vrcam/textures/sq05s80light_guitaristprodmodel_guitarist_body_highlight.dds	1	1	pearl_vrcam/models/sq05s80light_sq05s80anim_guitaristrig_guitaristprodmodel_guitaristm.mxm
pearl_vrcam/textures/sq05s80light_guitaristprodmodel_guitarist_diffuse.dds	1	1	pearl_vrcam/models/sq05s80light_sq05s80anim_guitaristrig_guitaristprodmodel_guitaristm.mxm
pearl_vrcam/textures/sq05s80light_guitaristprodmodel_guitarist_features_diffuse.dds	1	1	pearl_vrcam/models/sq05s80light_sq05s80anim_guitaristrig_guitaristprodmodel_guitaristm.mxm
pearl_vrcam/textures/sq05s80light_guitaristprodmodel_guitarist_hair_diffuse.dds	1	1	pearl_vrcam/models/sq05s80light_sq05s80anim_guitaristrig_guitaristprodmodel_guitaristm.mxm
pearl_vrcam/textures/sq05s80light_guitaristprodmodel_guitarist_hair_highlight.dds	1	1	pearl_vrcam/models/sq05s80light_sq05s80anim_guitaristrig_guitaristprodmodel_guitaristm.mxm
pearl_vrcam/textures/sq05s80light_guitaristprodmodel_guitarist_highlight.dds	1	1	pearl_vrcam/models/sq05s80light_sq05s80anim_guitaristrig_guitaristprodmodel_guitaristm.mxm
pearl_vrcam/textures/sq05s80light_guitaristprodmodel_guitarist_legs_diffuse.dds	1	1	pearl_vrcam/models/sq05s80light_sq05s80anim_guitaristrig_guitaristprodmodel_guitaristm.mxm
pearl_vrcam/textures/sq05s80light_pickuptruck02prodmodel_pickuptruck02_diffuse.dds	1	1	pearl_vrcam/models/sq05s80light_sq05s80anim_pickuptruck02rig_pickuptruck02prodmodel_pickuptruck02_grp.mxm
pearl_vrcam/textures/sq05s80light_sarateenprodmodel_sarateen_hair_diffuse.dds	1	1	pearl_vrcam/models/sq05s80light_sq05s80anim_sarateenrig_sarateenprodmodel_saratm.mxm
pearl_vrcam/textures/sq05s80light_sarateenprodmodel_sarateen_hair_glow.dds	1	1	pearl_vrcam/models/sq05s80light_sq05s80anim_sarateenrig_sarateenprodmodel_saratm.mxm
pearl_vrcam/textures/sq05s80light_sarateenprodmodel_sarateen_hair_highlight.dds	1	1	pearl_vrcam/models/sq05s80light_sq05s80anim_sarateenrig_sarateenprodmodel_saratm.mxm
pearl_vrcam/textures/sq05s80light_sarateenprodmodel_sarateenbody_diffuse.dds	1	1	pearl_vrcam/models/sq05s80light_sq05s80anim_sarateenrig_sarateenprodmodel_saratm.mxm
pearl_vrcam/textures/sq05s80light_sarateenprodmodel_sarateenfeatures_diffuse.dds	1	1	pearl_vrcam/models/sq05s80light_sq05s80anim_sarateenrig_sarateenprodmodel_saratm.mxm
pearl_vrcam/textures/sq05s80light_sarateenprodmodel_sarateenshirts_diffuse.dds	1	1	pearl_vrcam/models/sq05s80light_sq05s80anim_sarateenrig_sarateenprodmodel_saratm.mxm
pearl_vrcam/textures/sq05s80light_sarateenprodmodel_sarateensurf_diffuse.dds	1	1	pearl_vrcam/models/sq05s80light_sq05s80anim_sarateenrig_sarateenprodmodel_saratm.mxm
pearl_vrcam/textures/sq05s80light_sarateenprodmodel_sarateensurf_glow.dds	1	1	pearl_vrcam/models/sq05s80light_sq05s80anim_sarateenrig_sarateenprodmodel_saratm.mxm
pearl_vrcam/textures/sq05s80light_vanprodmodel_van_shadow.dds	1	1	pearl_vrcam/models/sq05s80light_sq05s80anim_vanrig_vanprodmodel_van_grp.mxm
pearl_vrcam/textures/sq05s80light_volvoprodmodel_volvo_diffuse.dds	1	1	pearl_vrcam/models/sq05s80light_sq05s80anim_volvorig_volvoprodmodel_volvo_grp.mxm
pearl_vrcam/textures/sq05s90light_bassistprodmodel_bassist_diffuse.dds	1	1	pearl_vrcam/models/sq05s90light_sq05s90anim_bassistrig_bassistprodmodel_bassistm.mxm
pearl_vrcam/textures/sq05s90light_bassistprodmodel_bassist_face_diffuse.dds	1	1	pearl_vrcam/models/sq05s90light_sq05s90anim_bassistrig_bassistprodmodel_bassistm.mxm
pearl_vrcam/textures/sq05s90light_bassistprodmodel_bassist_face_shadow.dds	1	1	pearl_vrcam/models/sq05s90light_sq05s90anim_bassistrig_bassistprodmodel_bassistm.mxm
pearl_vrcam/textures/sq05s90light_bassistprodmodel_bassist_features_diffuse.dds	1	1	pearl_vrcam/models/sq05s90light_sq05s90anim_bassistrig_bassistprodmodel_bassistm.mxm
pearl_vrcam/textures/sq05s90light_bassistprodmodel_bassist_features_shadow.dds	1	1	pearl_vrcam/models/sq05s90light_sq05s90anim_bassistrig_bassistprodmodel_bassistm.mxm
pearl_vrcam/textures/sq05s90light_bassistprodmodel_bassist_hair_diffuse.dds	1	1	pearl_vrcam/models/sq05s90light_sq05s90anim_bassistrig_bassistprodmodel_bassistm.mxm
pearl_vrcam/textures/sq05s90light_bassistprodmodel_bassist_hair_shadow.dds	1	1	pearl_vrcam/models/sq05s90light_sq05s90anim_bassistrig_bassistprodmodel_bassistm.mxm
pearl_vrcam/textures/sq05s90light_bassistprodmodel_bassist_hands_diffuse.dds	1	1	pearl_vrcam/models/sq05s90light_sq05s90anim_bassistrig_bassistprodmodel_bassistm.mxm
pearl_vrcam/textures/sq05s90light_bassistprodmodel_bassist_hands_shadow.dds	1	1	pearl_vrcam/models/sq05s90light_sq05s90anim_bassistrig_bassistprodmodel_bassistm.mxm
pearl_vrcam/textures/sq05s90light_bassistprodmodel_bassist_shadow.dds	1	1	pearl_vrcam/models/sq05s90light_sq05s90anim_bassistrig_bassistprodmodel_bassistm.mxm
pearl_vrcam/textures/sq05s90light_bassistprodmodel_bassist_shirt_diffuse.dds	1	1	pearl_vrcam/models/sq05s90light_sq05s90anim_bassistrig_bassistprodmodel_bassistm.mxm
pearl_vrcam/textures/sq05s90light_bassistprodmodel_bassist_shirt_shadow.dds	1	1	pearl_vrcam/models/sq05s90light_sq05s90anim_bassistrig_bassistprodmodel_bassistm.mxm
pearl_vrcam/textures/sq05s90light_carpearlnew_carbody_diffuse.dds	1	2	pearl_vrcam/models/sq05s90light_carpearlnewextattachrig_carpearlnewextattach_carpearlextattach_grp_01.mxm
pearl_vrcam/textures/sq05s90light_cornstalks_cornstalkbg_diffuse.dds	1	1	pearl_vrcam/models/sq05s90light_sq05s90anim_cornstalks_const2bg_loc.mxm
pearl_vrcam/textures/sq05s90light_dadyoungguitarcase_dadyoungguitarcase_diffuse.dds	1	1	pearl_vrcam/models/sq05s90light_sq05s90anim_dadyoungguitarcase_dadyoungguitarcase_grp.mxm
pearl_vrcam/textures/sq05s90light_dadyoungguitarcase_dadyoungguitarcase_shadow.dds	1	1	pearl_vrcam/models/sq05s90light_sq05s90anim_dadyoungguitarcase_dadyoungguitarcase_grp.mxm
pearl_vrcam/textures/sq05s90light_drummerprodmodel_drummer_body_diffuse.dds	1	1	pearl_vrcam/models/sq05s90light_sq05s90anim_drummerrig_drummerprodmodel_drummerm.mxm
pearl_vrcam/textures/sq05s90light_drummerprodmodel_drummer_body_shadow.dds	1	1	pearl_vrcam/models/sq05s90light_sq05s90anim_drummerrig_drummerprodmodel_drummerm.mxm
pearl_vrcam/textures/sq05s90light_drummerprodmodel_drummer_diffuse.dds	1	1	pearl_vrcam/models/sq05s90light_sq05s90anim_drummerrig_drummerprodmodel_drummerm.mxm
pearl_vrcam/textures/sq05s90light_drummerprodmodel_drummer_hair_diffuse.dds	1	1	pearl_vrcam/models/sq05s90light_sq05s90anim_drummerrig_drummerprodmodel_drummerm.mxm
pearl_vrcam/textures/sq05s90light_drummerprodmodel_drummer_hair_shadow.dds	1	1	pearl_vrcam/models/sq05s90light_sq05s90anim_drummerrig_drummerprodmodel_drummerm.mxm
pearl_vrcam/textures/sq05s90light_drummerprodmodel_drummer_shadow.dds	1	1	pearl_vrcam/models/sq05s90light_sq05s90anim_drummerrig_drummerprodmodel_drummerm.mxm
pearl_vrcam/textures/sq05s90light_drummerprodmodel_drummer_shirts_diffuse.dds	1	1	pearl_vrcam/models/sq05s90light_sq05s90anim_drummerrig_drummerprodmodel_drummerm.mxm
pearl_vrcam/textures/sq05s90light_guitaristprodmodel_guitarist_blouse_diffuse.dds	1	1	pearl_vrcam/models/sq05s90light_sq05s90anim_guitaristrig_guitaristprodmodel_guitaristm.mxm
pearl_vrcam/textures/sq05s90light_guitaristprodmodel_guitarist_body_diffuse.dds	1	1	pearl_vrcam/models/sq05s90light_sq05s90anim_guitaristrig_guitaristprodmodel_guitaristm.mxm
pearl_vrcam/textures/sq05s90light_guitaristprodmodel_guitarist_body_shadow.dds	1	1	pearl_vrcam/models/sq05s90light_sq05s90anim_guitaristrig_guitaristprodmodel_guitaristm.mxm
pearl_vrcam/textures/sq05s90light_guitaristprodmodel_guitarist_diffuse.dds	1	1	pearl_vrcam/models/sq05s90light_sq05s90anim_guitaristrig_guitaristprodmodel_guitaristm.mxm
pearl_vrcam/textures/sq05s90light_guitaristprodmodel_guitarist_features_diffuse.dds	1	1	pearl_vrcam/models/sq05s90light_sq05s90anim_guitaristrig_guitaristprodmodel_guitaristm.mxm
pearl_vrcam/textures/sq05s90light_guitaristprodmodel_guitarist_features_shadow.dds	1	1	pearl_vrcam/models/sq05s90light_sq05s90anim_guitaristrig_guitaristprodmodel_guitaristm.mxm
pearl_vrcam/textures/sq05s90light_guitaristprodmodel_guitarist_hair_diffuse.dds	1	1	pearl_vrcam/models/sq05s90light_sq05s90anim_guitaristrig_guitaristprodmodel_guitaristm.mxm
pearl_vrcam/textures/sq05s90light_guitaristprodmodel_guitarist_hair_shadow.dds	1	1	pearl_vrcam/models/sq05s90light_sq05s90anim_guitaristrig_guitaristprodmodel_guitaristm.mxm
pearl_vrcam/textures/sq05s90light_guitaristprodmodel_guitarist_shadow.dds	1	1	pearl_vrcam/models/sq05s90light_sq05s90anim_guitaristrig_guitaristprodmodel_guitaristm.mxm
pearl_vrcam/textures/sq05s90light_pickuptruck02prodmodel_pickuptruck02_diffuse.dds	1	1	pearl_vrcam/models/sq05s90light_sq05s90anim_pickuptruck02rig_pickuptruck02prodmodel_pickuptruck02_grp.mxm
pearl_vrcam/textures/sq05s90light_pickuptruck02prodmodel_pickuptruck02_shadow.dds	1	1	pearl_vrcam/models/sq05s90light_sq05s90anim_pickuptruck02rig_pickuptruck02prodmodel_pickuptruck02_grp.mxm
pearl_vrcam/textures/sq05s90light_sarateenprodmodel_sarateen_hair_diffuse.dds	1	1	pearl_vrcam/models/sq05s90light_sq05s90anim_sarateenrig_sarateenprodmodel_saratm.mxm
pearl_vrcam/textures/sq05s90light_sarateenprodmodel_sarateen_hair_shadow.dds	1	1	pearl_vrcam/models/sq05s90light_sq05s90anim_sarateenrig_sarateenprodmodel_saratm.mxm
pearl_vrcam/textures/sq05s90light_sarateenprodmodel_sarateenbody_diffuse.dds	1	1	pearl_vrcam/models/sq05s90light_sq05s90anim_sarateenrig_sarateenprodmodel_saratm.mxm
pearl_vrcam/textures/sq05s90light_sarateenprodmodel_sarateenbody_shadow.dds	1	1	pearl_vrcam/models/sq05s90light_sq05s90anim_sarateenrig_sarateenprodmodel_saratm.mxm
pearl_vrcam/textures/sq05s90light_sarateenprodmodel_sarateenfeatures_diffuse.dds	1	1	pearl_vrcam/models/sq05s90light_sq05s90anim_sarateenrig_sarateenprodmodel_saratm.mxm
pearl_vrcam/textures/sq05s90light_sarateenprodmodel_sarateenfeatures_shadow.dds	1	1	pearl_vrcam/models/sq05s90light_sq05s90anim_sarateenrig_sarateenprodmodel_saratm.mxm
pearl_vrcam/textures/sq05s90light_sarateenprodmodel_sarateenshirts_diffuse.dds	1	1	pearl_vrcam/models/sq05s90light_sq05s90anim_sarateenrig_sarateenprodmodel_saratm.mxm
pearl_vrcam/textures/sq05s90light_sarateenprodmodel_sarateenshirts_shadow.dds	1	1	pearl_vrcam/models/sq05s90light_sq05s90anim_sarateenrig_sarateenprodmodel_saratm.mxm
pearl_vrcam/textures/sq05s90light_sarateenprodmodel_sarateensurf_diffuse.dds	1	1	pearl_vrcam/models/sq05s90light_sq05s90anim_sarateenrig_sarateenprodmodel_saratm.mxm
pearl_vrcam/textures/sq05s90light_sarateenprodmodel_sarateensurf_shadow.dds	1	1	pearl_vrcam/models/sq05s90light_sq05s90anim_sarateenrig_sarateenprodmodel_saratm.mxm
pearl_vrcam/textures/sq05s90light_towtruckprodmodel_towtruckprodmodel_diffuse.dds	1	1	pearl_vrcam/models/sq05s90light_sq05s90anim_towtruckrig_towtruckprodmodel_towtruck_grp.mxm
pearl_vrcam/textures/sq05s90light_towtruckprodmodel_towtruckprodmodel_shadow.dds	1	1	pearl_vrcam/models/sq05s90light_sq05s90anim_towtruckrig_towtruckprodmodel_towtruck_grp.mxm
pearl_vrcam/textures/sq05s90light_volvorig_volvoprodmodel_volvo_diffuse.dds	1	1	pearl_vrcam/models/sq05s90light_sq05s90anim_sq05s90animbgcar_volvorig_volvoprodmodel_volvo_grp.mxm
pearl_vrcam/textures/sq05s90light_volvorig_volvoprodmodel_volvo_shadow.dds	1	1	pearl_vrcam/models/sq05s90light_sq05s90anim_sq05s90animbgcar_volvorig_volvoprodmodel_volvo_grp.mxm
pearl_vrcam/textures/sq06s30light_carpearlnew_carpearlweeds_diffuse.dds	1	3	pearl_vrcam/models/sq06s30light_carpearlweedsextattachrig_carpearlweedsextattach_carpearlweedsextattach_grp_01.mxm
pearl_vrcam/textures/sq06s30light_carpearlnew_windows_diffuse.dds	1	1	pearl_vrcam/models/sq06s30light_sq06s30anim_carpearlnewrig_carpearl_grp.mxm
pearl_vrcam/textures/sq06s30light_junkyard_barrel_mat_01_spot_diffuse.dds	1	1	pearl_vrcam/models/sq06s30light_sq06s30anim_sq06s30flo_junkyard_junkyard_grp.mxm
pearl_vrcam/textures/sq06s30light_junkyard_bush_mat_02_spot_diffuse.dds	1	1	pearl_vrcam/models/sq06s30light_sq06s30anim_sq06s30flo_junkyard_junkyard_grp.mxm
pearl_vrcam/textures/sq06s30light_junkyard_bush_mat_03_spot_diffuse.dds	1	1	pearl_vrcam/models/sq06s30light_sq06s30anim_sq06s30flo_junkyard_junkyard_grp.mxm
pearl_vrcam/textures/sq06s30light_junkyard_car_mat_01_spot_diffuse.dds	1	1	pearl_vrcam/models/sq06s30light_sq06s30anim_sq06s30flo_junkyard_junkyard_grp.mxm
pearl_vrcam/textures/sq06s30light_junkyard_ground_mat_05_spot_diffuse.dds	1	1	pearl_vrcam/models/sq06s30light_sq06s30anim_sq06s30flo_junkyard_junkyard_grp.mxm
pearl_vrcam/textures/sq06s30light_junkyard_ground_mat_06_spot_diffuse.dds	1	1	pearl_vrcam/models/sq06s30light_sq06s30anim_sq06s30flo_junkyard_junkyard_grp.mxm
pearl_vrcam/textures/sq06s30light_junkyard_ground_mat_07_spot_diffuse.dds	1	1	pearl_vrcam/models/sq06s30light_sq06s30anim_sq06s30flo_junkyard_junkyard_grp.mxm
pearl_vrcam/textures/sq06s30light_junkyard_sky_mat_01_spot_diffuse.dds	1	1	pearl_vrcam/models/sq06s30light_sq06s30anim_sq06s30flo_junkyard_junkyard_grp.mxm
pearl_vrcam/textures/sq06s30light_junkyard_tire_mat_01_spot_diffuse.dds	1	1	pearl_vrcam/models/sq06s30light_sq06s30anim_sq06s30flo_junkyard_junkyard_grp.mxm
pearl_vrcam/textures/sq06s30light_junkyard_tree_mat_03_spot_diffuse.dds	1	1	pearl_vrcam/models/sq06s30light_sq06s30anim_sq06s30flo_junkyard_junkyard_grp.mxm
pearl_vrcam/textures/sq06s30light_junkyard_tree_mat_04_spot_diffuse.dds	1	1	pearl_vrcam/models/sq06s30light_sq06s30anim_sq06s30flo_junkyard_junkyard_grp.mxm
pearl_vrcam/textures/sq06s30light_junkyard_tree_mat_05_spot_diffuse.dds	1	1	pearl_vrcam/models/sq06s30light_sq06s30anim_sq06s30flo_junkyard_junkyard_grp.mxm
pearl_vrcam/textures/sq06s30light_junkyard_tree_mat_06_spot_diffuse.dds	1	1	pearl_vrcam/models/sq06s30light_sq06s30anim_sq06s30flo_junkyard_junkyard_grp.mxm
pearl_vrcam/textures/sq06s30light_junkyard_tree_mat_07_spot_diffuse.dds	1	1	pearl_vrcam/models/sq06s30light_sq06s30anim_sq06s30flo_junkyard_junkyard_grp.mxm
pearl_vrcam/textures/sq06s30light_junkyard_tree_mat_09_spot_diffuse.dds	1	1	pearl_vrcam/models/sq06s30light_sq06s30anim_sq06s30flo_junkyard_junkyard_grp.mxm
pearl_vrcam/textures/sq06s30light_junkyard_truck_mat_01_spot_diffuse.dds	1	1	pearl_vrcam/models/sq06s30light_sq06s30anim_sq06s30flo_junkyard_junkyard_grp.mxm
pearl_vrcam/textures/sq06s30light_saraadultprodmodel_saraadult_body_diffuse.dds	1	1	pearl_vrcam/models/sq06s30light_sq06s30anim_saraadultrig_saraadultprodmodel_sarama.mxm
pearl_vrcam/textures/sq06s30light_saraadultprodmodel_saraadult_body_highlight.dds	1	1	pearl_vrcam/models/sq06s30light_sq06s30anim_saraadultrig_saraadultprodmodel_sarama.mxm
pearl_vrcam/textures/sq06s30light_saraadultprodmodel_saraadult_body_highlight_brighter.dds	1	1	pearl_vrcam/models/sq06s30light_sq06s30anim_saraadultrig_saraadultprodmodel_sarama.mxm
pearl_vrcam/textures/sq06s30light_saraadultprodmodel_saraadult_features_diffuse.dds	1	1	pearl_vrcam/models/sq06s30light_sq06s30anim_saraadultrig_saraadultprodmodel_sarama.mxm
pearl_vrcam/textures/sq06s30light_saraadultprodmodel_saraadult_features_highlight.dds	1	1	pearl_vrcam/models/sq06s30light_sq06s30anim_saraadultrig_saraadultprodmodel_sarama.mxm
pearl_vrcam/textures/sq06s30light_saraadultprodmodel_saraadult_hair_diffuse.dds	1	1	pearl_vrcam/models/sq06s30light_sq06s30anim_saraadultrig_saraadultprodmodel_sarama.mxm
pearl_vrcam/textures/sq06s30light_saraadultprodmodel_saraadult_hair_highlight.dds	1	1	pearl_vrcam/models/sq06s30light_sq06s30anim_saraadultrig_saraadultprodmodel_sarama.mxm
pearl_vrcam/textures/sq06s30light_saraadultprodmodel_saraadult_hair_highlight_brighter.dds	1	1	pearl_vrcam/models/sq06s30light_sq06s30anim_saraadultrig_saraadultprodmodel_sarama.mxm
pearl_vrcam/textures/sq06s30light_saraadultprodmodel_saraadult_shadow.dds	1	1	pearl_vrcam/models/sq06s30light_sq06s30anim_saraadultrig_saraadultprodmodel_sarama.mxm
pearl_vrcam/textures/sq06s30light_saraadultprodmodel_saraadult_shirts_diffuse.dds	1	1	pearl_vrcam/models/sq06s30light_sq06s30anim_saraadultrig_saraadultprodmodel_sarama.mxm
pearl_vrcam/textures/sq06s30light_saraadultprodmodel_saraadult_shirts_highlight.dds	1	1	pearl_vrcam/models/sq06s30light_sq06s30anim_saraadultrig_saraadultprodmodel_sarama.mxm
pearl_vrcam/textures/sq06s30light_saraadultprodmodel_saraadult_shirts_shadow.dds	1	1	pearl_vrcam/models/sq06s30light_sq06s30anim_saraadultrig_saraadultprodmodel_sarama.mxm
pearl_vrcam/textures/sq06s30light_trackrecorder_trackrecorder_highlight.dds	1	1	pearl_vrcam/models/sq06s30light_sq06s30anim_trackrecorder_trackrecordergrp.mxm
pearl_vrcam/textures/sq06s30light_trackrecorder_trackrecorder_shadow.dds	1	1	pearl_vrcam/models/sq06s30light_sq06s30anim_trackrecorder_trackrecordergrp.mxm
pearl_vrcam/textures/sq06s40light_carpearlnew_carbody_diffuse.dds	1	2	pearl_vrcam/models/sq06s40light_carpearlnewextattachrig_carpearlnewextattach_carpearlextattach_grp_01.mxm
pearl_vrcam/textures/sq06s40light_carpearlnew_carbody_highlight.dds	1	2	pearl_vrcam/models/sq06s40light_carpearlnewextattachrig_carpearlnewextattach_carpearlextattach_grp_01.mxm
pearl_vrcam/textures/sq06s40light_carpearlnew_carbody_shadow.dds	1	2	pearl_vrcam/models/sq06s40light_carpearlnewextattachrig_carpearlnewextattach_carpearlextattach_grp_01.mxm
pearl_vrcam/textures/sq06s40light_carpearlnew_carmirror_left_diffuse.dds	1	1	pearl_vrcam/models/sq06s40light_sq06s40anim_carpearlnewrig_carpearl_grp.mxm
pearl_vrcam/textures/sq06s40light_carpearlnew_carmirror_rear_diffuse.dds	1	1	pearl_vrcam/models/sq06s40light_sq06s40anim_carpearlnewrig_carpearl_grp.mxm
pearl_vrcam/textures/sq06s40light_carpearlnew_carmirror_right_diffuse.dds	1	1	pearl_vrcam/models/sq06s40light_sq06s40anim_carpearlnewrig_carpearl_grp.mxm
pearl_vrcam/textures/sq06s40light_carpearlnew_carseats_diffuse.dds	1	1	pearl_vrcam/models/sq06s40light_sq06s40anim_carpearlnewrig_carpearl_grp.mxm
pearl_vrcam/textures/sq06s40light_dadoldprodmodel_dadold_face_diffuse.dds	1	1	pearl_vrcam/models/sq06s40light_sq06s40anim_dadoldrig_dadoldprodmodel_dadoldm.mxm
pearl_vrcam/textures/sq06s40light_dadoldprodmodel_dadold_face_shadow.dds	1	1	pearl_vrcam/models/sq06s40light_sq06s40anim_dadoldrig_dadoldprodmodel_dadoldm.mxm
pearl_vrcam/textures/sq06s40light_dadoldprodmodel_dadold_features_diffuse.dds	1	1	pearl_vrcam/models/sq06s40light_sq06s40anim_dadoldrig_dadoldprodmodel_dadoldm.mxm
pearl_vrcam/textures/sq06s40light_dadoldprodmodel_dadold_features_shadow.dds	1	1	pearl_vrcam/models/sq06s40light_sq06s40anim_dadoldrig_dadoldprodmodel_dadoldm.mxm
pearl_vrcam/textures/sq06s40light_dadoldprodmodel_dadold_hair_diffuse.dds	1	1	pearl_vrcam/models/sq06s40light_sq06s40anim_dadoldrig_dadoldprodmodel_dadoldm.mxm
pearl_vrcam/textures/sq06s40light_dadoldprodmodel_dadold_hair_shadow.dds	1	1	pearl_vrcam/models/sq06s40light_sq06s40anim_dadoldrig_dadoldprodmodel_dadoldm.mxm
pearl_vrcam/textures/sq06s40light_dadoldprodmodel_dadold_hands_diffuse.dds	1	1	pearl_vrcam/models/sq06s40light_sq06s40anim_dadoldrig_dadoldprodmodel_dadoldm.mxm
pearl_vrcam/textures/sq06s40light_dadoldprodmodel_dadold_hands_shadow.dds	1	1	pearl_vrcam/models/sq06s40light_sq06s40anim_dadoldrig_dadoldprodmodel_dadoldm.mxm
pearl_vrcam/textures/sq06s40light_dadoldprodmodel_dadold_map_diffuse.dds	1	1	pearl_vrcam/models/sq06s40light_sq06s40anim_dadoldrig_dadoldprodmodel_dadoldm.mxm
pearl_vrcam/textures/sq06s40light_dadoldprodmodel_dadold_map_shadow.dds	1	1	pearl_vrcam/models/sq06s40light_sq06s40anim_dadoldrig_dadoldprodmodel_dadoldm.mxm
pearl_vrcam/textures/sq06s40light_mobilehomepark_cable_02_diffuse.dds	1	1	pearl_vrcam/models/sq06s40light_sq06s40anim_sq06s40flo_mobilehomepark_mobilehomes_grp_01.mxm
pearl_vrcam/textures/sq06s40light_mobilehomepark_cable_02_fog.dds	1	1	pearl_vrcam/models/sq06s40light_sq06s40anim_sq06s40flo_mobilehomepark_mobilehomes_grp_01.mxm
pearl_vrcam/textures/sq06s40light_mobilehomepark_fence_grey_01_diffuse.dds	1	1	pearl_vrcam/models/sq06s40light_sq06s40anim_sq06s40flo_mobilehomepark_mobilehomes_grp_01.mxm
pearl_vrcam/textures/sq06s40light_mobilehomepark_grass_01_diffuse.dds	1	1	pearl_vrcam/models/sq06s40light_sq06s40anim_sq06s40flo_mobilehomepark_mobilehomes_grp_01.mxm
pearl_vrcam/textures/sq06s40light_mobilehomepark_map_diffuse.dds	1	2	pearl_vrcam/models/sq06s40light_sq06s40anim_sq06s40flo_mobilehomepark_mobilehomes_grp_01.mxm
pearl_vrcam/textures/sq06s40light_mobilehomepark_mhp_sky_blue_01_diffuse.dds	1	1	pearl_vrcam/models/sq06s40light_sq06s40anim_sq06s40flo_mobilehomepark_mobilehomes_grp_01.mxm
pearl_vrcam/textures/sq06s40light_mobilehomepark_road_01_diffuse.dds	1	1	pearl_vrcam/models/sq06s40light_sq06s40anim_sq06s40flo_mobilehomepark_mobilehomes_grp_01.mxm
pearl_vrcam/textures/sq06s40light_mobilehomepark_transmissiontower_mat_01_spot_diffuse.dds	1	1	pearl_vrcam/models/sq06s40light_sq06s40anim_sq06s40flo_mobilehomepark_mobilehomes_grp_01.mxm
pearl_vrcam/textures/sq06s40light_pickuptruck02prodmodel_pickuptruck02_diffuse.dds	1	1	pearl_vrcam/models/sq06s40light_sq06s40anim_pickuptruck02rig_pickuptruck02prodmodel_pickuptruck02_grp.mxm
pearl_vrcam/textures/sq06s40light_saraadultprodmodel_sara_rockoutfit_diffuse.dds	1	1	pearl_vrcam/models/sq06s40light_sq06s40anim_saraadultrig_saraadultprodmodel_sarama.mxm
pearl_vrcam/textures/sq06s40light_saraadultprodmodel_sara_rockoutfit_shadow.dds	1	1	pearl_vrcam/models/sq06s40light_sq06s40anim_saraadultrig_saraadultprodmodel_sarama.mxm
pearl_vrcam/textures/sq06s40light_saraadultprodmodel_saraadult_body_map_diffuse.dds	1	1	pearl_vrcam/models/sq06s40light_sq06s40anim_saraadultrig_saraadultprodmodel_sarama.mxm
pearl_vrcam/textures/sq06s40light_saraadultprodmodel_saraadult_body_map_shadow.dds	1	1	pearl_vrcam/models/sq06s40light_sq06s40anim_saraadultrig_saraadultprodmodel_sarama.mxm
pearl_vrcam/textures/sq06s40light_saraadultprodmodel_saraadult_features_diffuse.dds	1	1	pearl_vrcam/models/sq06s40light_sq06s40anim_saraadultrig_saraadultprodmodel_sarama.mxm
pearl_vrcam/textures/sq06s40light_saraadultprodmodel_saraadult_features_shadow.dds	1	1	pearl_vrcam/models/sq06s40light_sq06s40anim_saraadultrig_saraadultprodmodel_sarama.mxm
pearl_vrcam/textures/sq06s40light_saraadultprodmodel_saraadult_map_diffuse.dds	1	1	pearl_vrcam/models/sq06s40light_sq06s40anim_saraadultrig_saraadultprodmodel_sarama.mxm
pearl_vrcam/textures/sq06s40light_saraadultprodmodel_saraadult_map_shadow.dds	1	1	pearl_vrcam/models/sq06s40light_sq06s40anim_saraadultrig_saraadultprodmodel_sarama.mxm
pearl_vrcam/textures/sq06s40light_saraadultprodmodel_saraadult_rockhair_diffuse.dds	1	1	pearl_vrcam/models/sq06s40light_sq06s40anim_saraadultrig_saraadultprodmodel_sarama.mxm
pearl_vrcam/textures/sq06s40light_saraadultprodmodel_saraadult_rockhair_shadow.dds	1	1	pearl_vrcam/models/sq06s40light_sq06s40anim_saraadultrig_saraadultprodmodel_sarama.mxm
pearl_vrcam/textures/sq06s40light_stationwagonprodmodel_stationwagon_diffuse.dds	1	1	pearl_vrcam/models/sq06s40light_sq06s40anim_stationwagonrig_stationwagonprodmodel_stationwagon_grp.mxm
pearl_vrcam/textures/sq06s40light_stationwagonprodmodel_stationwagon_people_diffuse.dds	1	1	pearl_vrcam/models/sq06s40light_sq06s40anim_stationwagonrig_stationwagonprodmodel_stationwagon_grp.mxm
pearl_vrcam/textures/sq06s40light_vanprodmodel_van_diffuse.dds	1	1	pearl_vrcam/models/sq06s40light_sq06s40anim_vanrig_vanprodmodel_van_grp.mxm
pearl_vrcam/textures/sq06s40light_volvoprodmodel_volvo_diffuse.dds	1	1	pearl_vrcam/models/sq06s40light_sq06s40anim_volvorig_volvoprodmodel_volvo_grp.mxm
pearl_vrcam/textures/sq06s50light_bassistprodmodel_bassist_face_shadow.dds	1	1	pearl_vrcam/models/sq06s50light_sq06s50anim_bassistrig_bassistprodmodel_bassistm.mxm
pearl_vrcam/textures/sq06s50light_bassistprodmodel_bassist_features_shadow.dds	1	1	pearl_vrcam/models/sq06s50light_sq06s50anim_bassistrig_bassistprodmodel_bassistm.mxm
pearl_vrcam/textures/sq06s50light_bassistprodmodel_bassist_hair_shadow.dds	1	1	pearl_vrcam/models/sq06s50light_sq06s50anim_bassistrig_bassistprodmodel_bassistm.mxm
pearl_vrcam/textures/sq06s50light_bassistprodmodel_bassist_hands_shadow.dds	1	1	pearl_vrcam/models/sq06s50light_sq06s50anim_bassistrig_bassistprodmodel_bassistm.mxm
pearl_vrcam/textures/sq06s50light_bassistprodmodel_bassist_shadow.dds	1	1	pearl_vrcam/models/sq06s50light_sq06s50anim_bassistrig_bassistprodmodel_bassistm.mxm
pearl_vrcam/textures/sq06s50light_bassistprodmodel_bassist_shirt_shadow.dds	1	1	pearl_vrcam/models/sq06s50light_sq06s50anim_bassistrig_bassistprodmodel_bassistm.mxm
pearl_vrcam/textures/sq06s50light_carpearlnew_carbody_diffuse.dds	1	2	pearl_vrcam/models/sq06s50light_carpearlnewextattachrig_carpearlnewextattach_carpearlextattach_grp_01.mxm
pearl_vrcam/textures/sq06s50light_carpearlnew_carbody_highlight.dds	1	2	pearl_vrcam/models/sq06s50light_carpearlnewextattachrig_carpearlnewextattach_carpearlextattach_grp_01.mxm
pearl_vrcam/textures/sq06s50light_carpearlnew_carbody_shadow.dds	1	2	pearl_vrcam/models/sq06s50light_carpearlnewextattachrig_carpearlnewextattach_carpearlextattach_grp_01.mxm
pearl_vrcam/textures/sq06s50light_carpearlnew_carmirror_left_diffuse.dds	1	1	pearl_vrcam/models/sq06s50light_sq06s50anim_carpearlnewrig_carpearl_grp.mxm
pearl_vrcam/textures/sq06s50light_carpearlnew_carmirror_rear_diffuse.dds	1	1	pearl_vrcam/models/sq06s50light_sq06s50anim_carpearlnewrig_carpearl_grp.mxm
pearl_vrcam/textures/sq06s50light_carpearlnew_carmirror_right_diffuse.dds	1	1	pearl_vrcam/models/sq06s50light_sq06s50anim_carpearlnewrig_carpearl_grp.mxm
pearl_vrcam/textures/sq06s50light_carpearlnew_carseats_diffuse.dds	1	1	pearl_vrcam/models/sq06s50light_sq06s50anim_carpearlnewrig_carpearl_grp.mxm
pearl_vrcam/textures/sq06s50light_dadoldprodmodel_dadold_face_shadow.dds	1	1	pearl_vrcam/models/sq06s50light_sq06s50anim_dadoldrig_dadoldprodmodel_dadoldm.mxm
pearl_vrcam/textures/sq06s50light_dadoldprodmodel_dadold_features_shadow.dds	1	1	pearl_vrcam/models/sq06s50light_sq06s50anim_dadoldrig_dadoldprodmodel_dadoldm.mxm
pearl_vrcam/textures/sq06s50light_dadoldprodmodel_dadold_hair_shadow.dds	1	1	pearl_vrcam/models/sq06s50light_sq06s50anim_dadoldrig_dadoldprodmodel_dadoldm.mxm
pearl_vrcam/textures/sq06s50light_dadoldprodmodel_dadold_hands_shadow.dds	1	1	pearl_vrcam/models/sq06s50light_sq06s50anim_dadoldrig_dadoldprodmodel_dadoldm.mxm
pearl_vrcam/textures/sq06s50light_dadoldprodmodel_dadold_shadow.dds	1	1	pearl_vrcam/models/sq06s50light_sq06s50anim_dadoldrig_dadoldprodmodel_dadoldm.mxm
pearl_vrcam/textures/sq06s50light_drummerprodmodel_drummer_body_shadow.dds	1	1	pearl_vrcam/models/sq06s50light_sq06s50anim_drummerrig_drummerprodmodel_drummerm.mxm
pearl_vrcam/textures/sq06s50light_drummerprodmodel_drummer_features_shadow.dds	1	1	pearl_vrcam/models/sq06s50light_sq06s50anim_drummerrig_drummerprodmodel_drummerm.mxm
pearl_vrcam/textures/sq06s50light_drummerprodmodel_drummer_hair_shadow.dds	1	1	pearl_vrcam/models/sq06s50light_sq06s50anim_drummerrig_drummerprodmodel_drummerm.mxm
pearl_vrcam/textures/sq06s50light_drummerprodmodel_drummer_shadow.dds	1	1	pearl_vrcam/models/sq06s50light_sq06s50anim_drummerrig_drummerprodmodel_drummerm.mxm
pearl_vrcam/textures/sq06s50light_drummerprodmodel_drummer_shirts_shadow.dds	1	1	pearl_vrcam/models/sq06s50light_sq06s50anim_drummerrig_drummerprodmodel_drummerm.mxm
pearl_vrcam/textures/sq06s50light_friendshouse_friendshouse_diffuse.dds	1	1	pearl_vrcam/models/sq06s50light_sq06s50anim_sq06s50flo_friendshouse_friendshouse_grp_01.mxm
pearl_vrcam/textures/sq06s50light_friendshouse_sky_diffuse.dds	1	1	pearl_vrcam/models/sq06s50light_sq06s50anim_sq06s50flo_friendshouse_friendshouse_grp_01.mxm
pearl_vrcam/textures/sq06s50light_friendshouse_tower_window_diffuse.dds	1	1	pearl_vrcam/models/sq06s50light_sq06s50anim_sq06s50flo_friendshouse_friendshouse_grp_01.mxm
pearl_vrcam/textures/sq06s50light_friendshouse_window_diffuse.dds	1	1	pearl_vrcam/models/sq06s50light_sq06s50anim_sq06s50flo_friendshouse_friendshouse_grp_01.mxm
pearl_vrcam/textures/sq06s50light_saraadultprodmodel_sara_rockerhair_shadow.dds	1	1	pearl_vrcam/models/sq06s50light_sq06s50anim_saraadultrig_saraadultprodmodel_sarama.mxm
pearl_vrcam/textures/sq06s50light_saraadultprodmodel_sara_rockoutfit_shadow.dds	1	1	pearl_vrcam/models/sq06s50light_sq06s50anim_saraadultrig_saraadultprodmodel_sarama.mxm
pearl_vrcam/textures/sq06s50light_saraadultprodmodel_saraadult_body_map_rocker_dark.dds	1	1	pearl_vrcam/models/sq06s50light_sq06s50anim_saraadultrig_saraadultprodmodel_sarama.mxm
pearl_vrcam/textures/sq06s50light_saraadultprodmodel_saraadult_features_shadow.dds	1	1	pearl_vrcam/models/sq06s50light_sq06s50anim_saraadultrig_saraadultprodmodel_sarama.mxm
pearl_vrcam/textures/sq06s50light_saraadultprodmodel_saraadult_shadow.dds	1	1	pearl_vrcam/models/sq06s50light_sq06s50anim_saraadultrig_saraadultprodmodel_sarama.mxm
pearl_vrcam/textures/sq06s70light_bassistprodmodel_bassist_diffuse.dds	1	1	pearl_vrcam/models/sq06s70light_sq06s70anim_bassistrig_bassistprodmodel_bassistm.mxm
pearl_vrcam/textures/sq06s70light_bassistprodmodel_bassist_face_diffuse.dds	1	1	pearl_vrcam/models/sq06s70light_sq06s70anim_bassistrig_bassistprodmodel_bassistm.mxm
pearl_vrcam/textures/sq06s70light_bassistprodmodel_bassist_face_flash.dds	1	1	pearl_vrcam/models/sq06s70light_sq06s70anim_bassistrig_bassistprodmodel_bassistm.mxm
pearl_vrcam/textures/sq06s70light_bassistprodmodel_bassist_face_shadow.dds	1	1	pearl_vrcam/models/sq06s70light_sq06s70anim_bassistrig_bassistprodmodel_bassistm.mxm
pearl_vrcam/textures/sq06s70light_bassistprodmodel_bassist_features_diffuse.dds	1	1	pearl_vrcam/models/sq06s70light_sq06s70anim_bassistrig_bassistprodmodel_bassistm.mxm
pearl_vrcam/textures/sq06s70light_bassistprodmodel_bassist_features_flash.dds	1	1	pearl_vrcam/models/sq06s70light_sq06s70anim_bassistrig_bassistprodmodel_bassistm.mxm
pearl_vrcam/textures/sq06s70light_bassistprodmodel_bassist_features_shadow.dds	1	1	pearl_vrcam/models/sq06s70light_sq06s70anim_bassistrig_bassistprodmodel_bassistm.mxm
pearl_vrcam/textures/sq06s70light_bassistprodmodel_bassist_hair_diffuse.dds	1	1	pearl_vrcam/models/sq06s70light_sq06s70anim_bassistrig_bassistprodmodel_bassistm.mxm
pearl_vrcam/textures/sq06s70light_bassistprodmodel_bassist_hair_flash.dds	1	1	pearl_vrcam/models/sq06s70light_sq06s70anim_bassistrig_bassistprodmodel_bassistm.mxm
pearl_vrcam/textures/sq06s70light_bassistprodmodel_bassist_hair_shadow.dds	1	1	pearl_vrcam/models/sq06s70light_sq06s70anim_bassistrig_bassistprodmodel_bassistm.mxm
pearl_vrcam/textures/sq06s70light_bassistprodmodel_bassist_hands_diffuse.dds	1	1	pearl_vrcam/models/sq06s70light_sq06s70anim_bassistrig_bassistprodmodel_bassistm.mxm
pearl_vrcam/textures/sq06s70light_bassistprodmodel_bassist_hands_flash.dds	1	1	pearl_vrcam/models/sq06s70light_sq06s70anim_bassistrig_bassistprodmodel_bassistm.mxm
pearl_vrcam/textures/sq06s70light_bassistprodmodel_bassist_hands_shadow.dds	1	1	pearl_vrcam/models/sq06s70light_sq06s70anim_bassistrig_bassistprodmodel_bassistm.mxm
pearl_vrcam/textures/sq06s70light_bassistprodmodel_bassist_shadow.dds	1	1	pearl_vrcam/models/sq06s70light_sq06s70anim_bassistrig_bassistprodmodel_bassistm.mxm
pearl_vrcam/textures/sq06s70light_bassistprodmodel_bassist_shirt_shadow.dds	1	1	pearl_vrcam/models/sq06s70light_sq06s70anim_bassistrig_bassistprodmodel_bassistm.mxm
pearl_vrcam/textures/sq06s70light_bassistprodmodel_bassistworkclothes_diffuse.dds	1	1	pearl_vrcam/models/sq06s70light_sq06s70anim_bassistrig_bassistprodmodel_bassistm.mxm
pearl_vrcam/textures/sq06s70light_carpearlnew_carbody_diffuse.dds	1	1	pearl_vrcam/models/sq06s70light_sq06s70anim_carpearlnewrig_carpearl_grp.mxm
pearl_vrcam/textures/sq06s70light_carpearlnew_carbody_shadow.dds	1	2	pearl_vrcam/models/sq06s70light_carpearlnewextattachrig_carpearlnewextattach_carpearlextattach_grp_01.mxm
pearl_vrcam/textures/sq06s70light_carpearlnew_carmirror_left_diffuse.dds	1	1	pearl_vrcam/models/sq06s70light_sq06s70anim_carpearlnewrig_carpearl_grp.mxm
pearl_vrcam/textures/sq06s70light_carpearlnew_carmirror_rear_diffuse.dds	1	1	pearl_vrcam/models/sq06s70light_sq06s70anim_carpearlnewrig_carpearl_grp.mxm
pearl_vrcam/textures/sq06s70light_carpearlnew_carmirror_right_diffuse.dds	1	1	pearl_vrcam/models/sq06s70light_sq06s70anim_carpearlnewrig_carpearl_grp.mxm
pearl_vrcam/textures/sq06s70light_carpearlnew_carseats_diffuse.dds	1	1	pearl_vrcam/models/sq06s70light_sq06s70anim_carpearlnewrig_carpearl_grp.mxm
pearl_vrcam/textures/sq06s70light_carpearlnew_carseats_shadow.dds	1	1	pearl_vrcam/models/sq06s70light_sq06s70anim_carpearlnewrig_carpearl_grp.mxm
pearl_vrcam/textures/sq06s70light_crowdcards_diffuse.dds	1	1	pearl_vrcam/models/sq06s70light_sq06s70anim_crowdcard_const_grp.mxm
pearl_vrcam/textures/sq06s70light_crowdcards_glow01.dds	1	1	pearl_vrcam/models/sq06s70light_sq06s70anim_crowdcard_const_grp.mxm
pearl_vrcam/textures/sq06s70light_crowdcards_glow02.dds	1	1	pearl_vrcam/models/sq06s70light_sq06s70anim_crowdcard_const_grp.mxm
pearl_vrcam/textures/sq06s70light_dadoldprodmodel_dadold_diffuse.dds	1	1	pearl_vrcam/models/sq06s70light_sq06s70anim_dadoldrig_dadoldprodmodel_dadoldm.mxm
pearl_vrcam/textures/sq06s70light_dadoldprodmodel_dadold_face_diffuse.dds	1	1	pearl_vrcam/models/sq06s70light_sq06s70anim_dadoldrig_dadoldprodmodel_dadoldm.mxm
pearl_vrcam/textures/sq06s70light_dadoldprodmodel_dadold_face_flash.dds	1	1	pearl_vrcam/models/sq06s70light_sq06s70anim_dadoldrig_dadoldprodmodel_dadoldm.mxm
pearl_vrcam/textures/sq06s70light_dadoldprodmodel_dadold_face_glow.dds	1	1	pearl_vrcam/models/sq06s70light_sq06s70anim_dadoldrig_dadoldprodmodel_dadoldm.mxm
pearl_vrcam/textures/sq06s70light_dadoldprodmodel_dadold_face_shadow.dds	1	1	pearl_vrcam/models/sq06s70light_sq06s70anim_dadoldrig_dadoldprodmodel_dadoldm.mxm
pearl_vrcam/textures/sq06s70light_dadoldprodmodel_dadold_features_diffuse.dds	1	1	pearl_vrcam/models/sq06s70light_sq06s70anim_dadoldrig_dadoldprodmodel_dadoldm.mxm
pearl_vrcam/textures/sq06s70light_dadoldprodmodel_dadold_features_flash.dds	1	2	pearl_vrcam/models/sq06s70light_sq06s70anim_dadoldrig_dadoldprodmodel_dadoldm.mxm
pearl_vrcam/textures/sq06s70light_dadoldprodmodel_dadold_features_glow.dds	1	1	pearl_vrcam/models/sq06s70light_sq06s70anim_dadoldrig_dadoldprodmodel_dadoldm.mxm
pearl_vrcam/textures/sq06s70light_dadoldprodmodel_dadold_features_shadow.dds	1	1	pearl_vrcam/models/sq06s70light_sq06s70anim_dadoldrig_dadoldprodmodel_dadoldm.mxm
pearl_vrcam/textures/sq06s70light_dadoldprodmodel_dadold_hair_diffuse.dds	1	1	pearl_vrcam/models/sq06s70light_sq06s70anim_dadoldrig_dadoldprodmodel_dadoldm.mxm
pearl_vrcam/textures/sq06s70light_dadoldprodmodel_dadold_hair_flash.dds	1	1	pearl_vrcam/models/sq06s70light_sq06s70anim_dadoldrig_dadoldprodmodel_dadoldm.mxm
pearl_vrcam/textures/sq06s70light_dadoldprodmodel_dadold_hair_glow.dds	1	1	pearl_vrcam/models/sq06s70light_sq06s70anim_dadoldrig_dadoldprodmodel_dadoldm.mxm
pearl_vrcam/textures/sq06s70light_dadoldprodmodel_dadold_hair_shadow.dds	1	1	pearl_vrcam/models/sq06s70light_sq06s70anim_dadoldrig_dadoldprodmodel_dadoldm.mxm
pearl_vrcam/textures/sq06s70light_dadoldprodmodel_dadold_hands_diffuse.dds	1	1	pearl_vrcam/models/sq06s70light_sq06s70anim_dadoldrig_dadoldprodmodel_dadoldm.mxm
pearl_vrcam/textures/sq06s70light_dadoldprodmodel_dadold_hands_shadow.dds	1	1	pearl_vrcam/models/sq06s70light_sq06s70anim_dadoldrig_dadoldprodmodel_dadoldm.mxm
pearl_vrcam/textures/sq06s70light_dadoldprodmodel_dadold_shadow.dds	1	1	pearl_vrcam/models/sq06s70light_sq06s70anim_dadoldrig_dadoldprodmodel_dadoldm.mxm
pearl_vrcam/textures/sq06s70light_drummerprodmodel_drummer_body_diffuse.dds	1	1	pearl_vrcam/models/sq06s70light_sq06s70anim_drummerrig_drummerprodmodel_drummerm.mxm
pearl_vrcam/textures/sq06s70light_drummerprodmodel_drummer_body_flash.dds	1	1	pearl_vrcam/models/sq06s70light_sq06s70anim_drummerrig_drummerprodmodel_drummerm.mxm
pearl_vrcam/textures/sq06s70light_drummerprodmodel_drummer_body_shadow.dds	1	1	pearl_vrcam/models/sq06s70light_sq06s70anim_drummerrig_drummerprodmodel_drummerm.mxm
pearl_vrcam/textures/sq06s70light_drummerprodmodel_drummer_diffuse.dds	1	1	pearl_vrcam/models/sq06s70light_sq06s70anim_drummerrig_drummerprodmodel_drummerm.mxm
pearl_vrcam/textures/sq06s70light_drummerprodmodel_drummer_features_diffuse.dds	1	1	pearl_vrcam/models/sq06s70light_sq06s70anim_drummerrig_drummerprodmodel_drummerm.mxm
pearl_vrcam/textures/sq06s70light_drummerprodmodel_drummer_features_flash.dds	1	1	pearl_vrcam/models/sq06s70light_sq06s70anim_drummerrig_drummerprodmodel_drummerm.mxm
pearl_vrcam/textures/sq06s70light_drummerprodmodel_drummer_features_shadow.dds	1	1	pearl_vrcam/models/sq06s70light_sq06s70anim_drummerrig_drummerprodmodel_drummerm.mxm
pearl_vrcam/textures/sq06s70light_drummerprodmodel_drummer_hair_diffuse.dds	1	1	pearl_vrcam/models/sq06s70light_sq06s70anim_drummerrig_drummerprodmodel_drummerm.mxm
pearl_vrcam/textures/sq06s70light_drummerprodmodel_drummer_hair_flash.dds	1	1	pearl_vrcam/models/sq06s70light_sq06s70anim_drummerrig_drummerprodmodel_drummerm.mxm
pearl_vrcam/textures/sq06s70light_drummerprodmodel_drummer_hair_shadow.dds	1	1	pearl_vrcam/models/sq06s70light_sq06s70anim_drummerrig_drummerprodmodel_drummerm.mxm
pearl_vrcam/textures/sq06s70light_drummerprodmodel_drummer_shadow.dds	1	1	pearl_vrcam/models/sq06s70light_sq06s70anim_drummerrig_drummerprodmodel_drummerm.mxm
pearl_vrcam/textures/sq06s70light_drummerprodmodel_drummer_shirts_diffuse.dds	1	1	pearl_vrcam/models/sq06s70light_sq06s70anim_drummerrig_drummerprodmodel_drummerm.mxm
pearl_vrcam/textures/sq06s70light_drummerprodmodel_drummer_shirts_shadow.dds	1	1	pearl_vrcam/models/sq06s70light_sq06s70anim_drummerrig_drummerprodmodel_drummerm.mxm
pearl_vrcam/textures/sq06s70light_guitaristprodmodel_guitarist_blouse_flash.dds	1	1	pearl_vrcam/models/sq06s70light_sq06s70anim_guitaristrig_guitaristprodmodel_guitaristm.mxm
pearl_vrcam/textures/sq06s70light_guitaristprodmodel_guitarist_blouse_shadow.dds	1	1	pearl_vrcam/models/sq06s70light_sq06s70anim_guitaristrig_guitaristprodmodel_guitaristm.mxm
pearl_vrcam/textures/sq06s70light_guitaristprodmodel_guitarist_body_flash.dds	1	1	pearl_vrcam/models/sq06s70light_sq06s70anim_guitaristrig_guitaristprodmodel_guitaristm.mxm
pearl_vrcam/textures/sq06s70light_guitaristprodmodel_guitarist_body_shadow.dds	1	1	pearl_vrcam/models/sq06s70light_sq06s70anim_guitaristrig_guitaristprodmodel_guitaristm.mxm
pearl_vrcam/textures/sq06s70light_guitaristprodmodel_guitarist_features_flash.dds	1	1	pearl_vrcam/models/sq06s70light_sq06s70anim_guitaristrig_guitaristprodmodel_guitaristm.mxm
pearl_vrcam/textures/sq06s70light_guitaristprodmodel_guitarist_features_shadow.dds	1	1	pearl_vrcam/models/sq06s70light_sq06s70anim_guitaristrig_guitaristprodmodel_guitaristm.mxm
pearl_vrcam/textures/sq06s70light_guitaristprodmodel_guitarist_hair_flash.dds	1	1	pearl_vrcam/models/sq06s70light_sq06s70anim_guitaristrig_guitaristprodmodel_guitaristm.mxm
pearl_vrcam/textures/sq06s70light_guitaristprodmodel_guitarist_hair_shadow.dds	1	1	pearl_vrcam/models/sq06s70light_sq06s70anim_guitaristrig_guitaristprodmodel_guitaristm.mxm
pearl_vrcam/textures/sq06s70light_guitaristprodmodel_guitarist_shadow.dds	1	1	pearl_vrcam/models/sq06s70light_sq06s70anim_guitaristrig_guitaristprodmodel_guitaristm.mxm
pearl_vrcam/textures/sq06s70light_mainstreetconcert_mainstreetsurf_diffuse.dds	1	1	pearl_vrcam/models/sq06s70light_sq06s70anim_sq06s70flo_mainstreetconcert_mainstreet_grp_01.mxm
pearl_vrcam/textures/sq06s70light_meadowlarksign_diffuse.dds	1	1	pearl_vrcam/models/sq06s70light_sq06s70anim_setdressingmainstreet_setdressingmainstreet_grp.mxm
pearl_vrcam/textures/sq06s70light_saraadultprodmodel_sara_rockerhair_flash.dds	1	1	pearl_vrcam/models/sq06s70light_sq06s70anim_saraadultrig_saraadultprodmodel_sarama.mxm
pearl_vrcam/textures/sq06s70light_saraadultprodmodel_sara_rockerhair_shadow.dds	1	1	pearl_vrcam/models/sq06s70light_sq06s70anim_saraadultrig_saraadultprodmodel_sarama.mxm
pearl_vrcam/textures/sq06s70light_saraadultprodmodel_sara_rockoutfit_flash.dds	1	1	pearl_vrcam/models/sq06s70light_sq06s70anim_saraadultrig_saraadultprodmodel_sarama.mxm
pearl_vrcam/textures/sq06s70light_saraadultprodmodel_sara_rockoutfit_shadow.dds	1	1	pearl_vrcam/models/sq06s70light_sq06s70anim_saraadultrig_saraadultprodmodel_sarama.mxm
pearl_vrcam/textures/sq06s70light_saraadultprodmodel_saraadult_body_diffuse.dds	1	1	pearl_vrcam/models/sq06s70light_sq06s70anim_saraadultrig_saraadultprodmodel_sarama.mxm
pearl_vrcam/textures/sq06s70light_saraadultprodmodel_saraadult_body_glow.dds	1	1	pearl_vrcam/models/sq06s70light_sq06s70anim_saraadultrig_saraadultprodmodel_sarama.mxm
pearl_vrcam/textures/sq06s70light_saraadultprodmodel_saraadult_body_shadow.dds	1	1	pearl_vrcam/models/sq06s70light_sq06s70anim_saraadultrig_saraadultprodmodel_sarama.mxm
pearl_vrcam/textures/sq06s70light_saraadultprodmodel_saraadult_features_flash.dds	1	1	pearl_vrcam/models/sq06s70light_sq06s70anim_saraadultrig_saraadultprodmodel_sarama.mxm
pearl_vrcam/textures/sq06s70light_saraadultprodmodel_saraadult_features_glow.dds	1	1	pearl_vrcam/models/sq06s70light_sq06s70anim_saraadultrig_saraadultprodmodel_sarama.mxm
pearl_vrcam/textures/sq06s70light_saraadultprodmodel_saraadult_features_shadow.dds	1	1	pearl_vrcam/models/sq06s70light_sq06s70anim_saraadultrig_saraadultprodmodel_sarama.mxm
pearl_vrcam/textures/sq06s70light_saraadultprodmodel_saraadult_shadow.dds	1	1	pearl_vrcam/models/sq06s70light_sq06s70anim_saraadultrig_saraadultprodmodel_sarama.mxm
pearl_vrcam/textures/sq06s70light_setdressingmainstreet_billboard_etc_diffuse.dds	1	1	pearl_vrcam/models/sq06s70light_sq06s70anim_setdressingmainstreet_setdressingmainstreet_grp.mxm
pearl_vrcam/textures/sq06s70light_setdressingmainstreet_city1_diffuse.dds	1	1	pearl_vrcam/models/sq06s70light_sq06s70anim_setdressingmainstreet_setdressingmainstreet_grp.mxm
pearl_vrcam/textures/sq06s70light_setdressingmainstreet_posters_diffuse.dds	1	1	pearl_vrcam/models/sq06s70light_sq06s70anim_setdressingmainstreet_setdressingmainstreet_grp.mxm
pearl_vrcam/textures/sq06s70light_setdressingmainstreet_setdressingmainstreet_diffuse.dds	1	1	pearl_vrcam/models/sq06s70light_sq06s70anim_setdressingmainstreet_setdressingmainstreet_grp.mxm
pearl_vrcam/textures/sq06s70light_skydome_mat_01_spot_diffuse.dds	1	1	pearl_vrcam/models/sq06s70light_sq06s70anim_sq06s70flo_mainstreetconcert_mainstreet_grp_01.mxm
pearl_vrcam/textures/stationwagon_map.dds	1	1	pearl_vrcam/models/sq03s50light_sq03s50anim_stationwagonrig_stationwagonprodmodel_stationwagon_grp.mxm
pearl_vrcam/textures/stationwagon_people_map.dds	1	2	pearl_vrcam/models/sq03s50light_sq03s50anim_stationwagonrig_stationwagonprodmodel_stationwagon_grp.mxm
pearl_vrcam/textures/storefront_glow.dds	1	1	pearl_vrcam/models/sq04s40light_storefront_glow1.mxm
pearl_vrcam/textures/testpattern.dds	1	150	pearl_vrcam/models/sq01s20light_sq01s20anim_dadyoungrig_dadyoungprodmodel_dadym.mxm
pearl_vrcam/textures/touristymountainstreet_mountains_color_01.dds	1	1	pearl_vrcam/models/sq02s60light_sq02s60anim_sq02s60_touristymountiainstreet_touristymountainstreet_grp.mxm
pearl_vrcam/textures/touristymountiainstreet_map.dds	1	1	pearl_vrcam/models/sq02s60light_sq02s60anim_sq02s60_touristymountiainstreet_touristymountainstreet_grp.mxm
pearl_vrcam/textures/trackrecorder_map.dds	1	1	pearl_vrcam/models/sq06s30light_sq06s30anim_trackrecorder_trackrecordergrp.mxm
pearl_vrcam/textures/treelinedneighborhood_grass_color_01.dds	1	1	pearl_vrcam/models/sq03s50light_sq03s50anim_sq03s50flo_treelinedneighborhood_treelinedneighborhood_grp_01.mxm
pearl_vrcam/textures/treelinedneighborhood_map.dds	1	2	pearl_vrcam/models/sq03s50light_sq03s50anim_sq03s50flo_treelinedneighborhood_treelinedneighborhood_grp_01.mxm
pearl_vrcam/textures/treelinedneighborhood_road_color_01.dds	1	1	pearl_vrcam/models/sq03s50light_sq03s50anim_sq03s50flo_treelinedneighborhood_treelinedneighborhood_grp_01.mxm
pearl_vrcam/textures/treelinedneighborhood_sky_color_01.dds	1	1	pearl_vrcam/models/sq03s50light_sq03s50anim_sq03s50flo_treelinedneighborhood_treelinedneighborhood_staticgrp_01.mxm
pearl_vrcam/textures/treelinedneighborhood_tree_color_01.dds	1	1	pearl_vrcam/models/sq03s50light_sq03s50anim_sq03s50flo_treelinedneighborhood_treelinedneighborhood_grp_01.mxm
pearl_vrcam/textures/treelinedneighborhood_tree_color_02.dds	1	1	pearl_vrcam/models/sq03s50light_sq03s50anim_sq03s50flo_treelinedneighborhood_treelinedneighborhood_grp_01.mxm
pearl_vrcam/textures/treelinedneighborhood_tree_color_03.dds	1	1	pearl_vrcam/models/sq03s50light_sq03s50anim_sq03s50flo_treelinedneighborhood_treelinedneighborhood_grp_01.mxm
pearl_vrcam/textures/treelinedneighborhood_tree_color_04.dds	1	1	pearl_vrcam/models/sq03s50light_sq03s50anim_sq03s50flo_treelinedneighborhood_treelinedneighborhood_grp_01.mxm
pearl_vrcam/textures/treelinedneighborhood_tree_color_05.dds	1	1	pearl_vrcam/models/sq03s50light_sq03s50anim_sq03s50flo_treelinedneighborhood_treelinedneighborhood_grp_01.mxm
pearl_vrcam/textures/treesmattepainting_colormap.dds	1	1	pearl_vrcam/models/sq05s40light_sq05s40anim_sq05s40flo_highway395_highway395_grp.mxm
pearl_vrcam/textures/trim_dark.dds	1	1	pearl_vrcam/models/sq04s40light_sq04s40anim_sq04s40flo_parkinglot711_parkinglot711_grp.mxm
pearl_vrcam/textures/trim_light.dds	1	1	pearl_vrcam/models/sq04s40light_sq04s40anim_sq04s40flo_parkinglot711_parkinglot711_grp.mxm
pearl_vrcam/textures/tunnelcables.dds	1	3	pearl_vrcam/models/sq01s60light_flashback_sq01s60anim_sq01s60flo_mountainroadtunnel_mountainroadtunnel_grp.mxm
pearl_vrcam/textures/tunnelfloor.dds	1	3	pearl_vrcam/models/sq01s60light_flashback_sq01s60anim_sq01s60flo_mountainroadtunnel_mountainroadtunnel_grp.mxm
pearl_vrcam/textures/tunnelwall.dds	1	3	pearl_vrcam/models/sq01s60light_flashback_sq01s60anim_sq01s60flo_mountainroadtunnel_mountainroadtunnel_grp.mxm
pearl_vrcam/textures/van_map.dds	1	2	pearl_vrcam/models/sq03s50light_sq03s50anim_vanrig_vanprodmodel_van_grp.mxm
pearl_vrcam/textures/volvo_map.dds	1	2	pearl_vrcam/models/sq03s50light_sq03s50anim_volvorig1_volvoprodmodel_volvo_grp.mxm
pearl_vrcam/textures/windows_256.dds	1	11	pearl_vrcam/models/sq01s55light_sq01s55anim_carpearlnewrig_carpearl_grp.mxm
pearlpackage/particles/dustafx.mxb	1	1	pearl_vrcam/scripts/data/particles.lua
pearlpackage/particles/snowafx.mxb	1	1	pearl_vrcam/scripts/data/particles.lua
pearlpackage/particles/snowbfx.mxb	1	1	pearl_vrcam/scripts/data/particles.lua
pearlpackage/particles/snowcfx.mxb	1	1	pearl_vrcam/scripts/data/particles.lua
pearlpackage/particles/snowdfx.mxb	1	1	pearl_vrcam/scripts/data/particles.lua
pearlpackage/particles/snowplugafx.mxb	1	1	pearl_vrcam/scripts/data/particles.lua
pearlpackage/particles/snowplugbfx.mxb	1	1	pearl_vrcam/scripts/data/particles.lua
pearlpackage/particles/snowplugcfx.mxb	1	1	pearl_vrcam/scripts/data/particles.lua
pearlpackage/particles/snowplugdfx.mxb	1	1	pearl_vrcam/scripts/data/particles.lua
pearlpackage/particles/textures/dustafx_sprite.dds	1	2	pearlpackage/particles/dustafx.lua
pearlpackage/particles/textures/snowafx_sprite.dds	1	6	pearlpackage/particles/snowafx.lua
pearlpackage/particles/textures/snowbfx_sprite.dds	1	4	pearlpackage/particles/snowbfx.lua
pearlpackage/particles/textures/snowcfx_sprite.dds	1	4	pearlpackage/particles/snowcfx.lua
pearlpackage/particles/textures/snowdfx_sprite.dds	1	4	pearlpackage/particles/snowdfx.lua
pearlpackage/shaders/alwaysontop.msh	0	1	pearlpackage/shaders/alwaysontop_400f969c.shd
pearlpackage/shaders/alwaysontop_400f969c.shd	1	2	pearl_vrcam/models/sq01s60light_bloomcutoutdisks.mxm
pearlpackage/shaders/lens_flare.msh	0	1	pearlpackage/shaders/lens_flare_ec19fd3f.shd
pearlpackage/shaders/lens_flare_ec19fd3f.shd	1	6	pearl_vrcam/models/sq01s20light_lensflare_lensflare_loc.mxm
pearlpackage/shaders/override/balloon.msh	0	1	pearlpackage/shaders/override/balloon_956d1bd5.shd
pearlpackage/shaders/override/balloon_956d1bd5.shd	1	1	pearlpackage/shaders/override/balloon.pfb
pearlpackage/shaders/override/cdepth.msh	0	1	pearlpackage/shaders/override/cdepth_6522df69.shd
pearlpackage/shaders/override/cdepth_6522df69.shd	1	1	pearlpackage/shaders/override/cdepth.pfb
pearlpackage/shaders/override/invisible.msh	0	1	pearlpackage/shaders/override/invisible_6522df69.shd
pearlpackage/shaders/override/invisible_6522df69.shd	1	1	pearlpackage/shaders/override/balloon.pfb
pearlpackage/shaders/pearl2_color.msh	0	229	pearlpackage/shaders/pearl2_color_115366a5.shd
pearlpackage/shaders/pearl2_color_115366a5.shd	1	2	pearl_vrcam/models/sq05s80light_sq05s80anim_pickuptruck02rig_pickuptruck02prodmodel_pickuptruck02_grp.mxm
pearlpackage/shaders/pearl2_color_11585548.shd	1	3	pearl_vrcam/models/sq03s10light_sq03s10anim_dadyoungrig_dadyoungprodmodel_dadym.mxm
pearlpackage/shaders/pearl2_color_1349915b.shd	1	201	pearl_vrcam/models/envir.mxm
pearlpackage/shaders/pearl2_color_1397da46.shd	1	1	pearl_vrcam/models/sq06s50light_sq06s50anim_carpearlnewrig_carpearl_grp.mxm
pearlpackage/shaders/pearl2_color_14186c40.shd	1	2	pearl_vrcam/models/sq04s55light_sq04s55anim_acousticguitara_acousticguitara.mxm
pearlpackage/shaders/pearl2_color_14e585b0.shd	1	1	pearl_vrcam/models/sq04s60light_sq04s60anim_carpearlnewrig_carpearl_grp.mxm
pearlpackage/shaders/pearl2_color_1538666c.shd	1	1	pearl_vrcam/models/sq04s60light_otheractorscargroup.mxm
pearlpackage/shaders/pearl2_color_158c6ad0.shd	1	2	pearl_vrcam/models/sq02s60light_sq02s60anim_carpearlnewrig_carpearl_grp.mxm
pearlpackage/shaders/pearl2_color_15adaf4f.shd	1	1	pearl_vrcam/models/sq01s80light_sq01s80anim_semitruckrig_semitruckprodmodel_semitruck_grp.mxm
pearlpackage/shaders/pearl2_color_15cdd44d.shd	1	13	pearl_vrcam/models/sq01s55light_glowsgroup.mxm
pearlpackage/shaders/pearl2_color_15d6c9b4.shd	1	2	pearl_vrcam/models/sq01s20light_sq01s20anim_sc0120setdressingfront_sc0120setdressingfront_grp.mxm
pearlpackage/shaders/pearl2_color_1628de0a.shd	1	1	pearl_vrcam/models/sq03s30light_sq03s30anim_sarakidrig_sarakidprodmodel_sarakm.mxm
pearlpackage/shaders/pearl2_color_18735c5c.shd	1	1	pearl_vrcam/models/sq02s20light_sq02s20anim_sarakidrig_sarakidprodmodel_sarakm.mxm
pearlpackage/shaders/pearl2_color_1aad5b7b.shd	1	1	pearl_vrcam/models/sq04s40light_sq04s40anim_drummerrig_drummerprodmodel_drummerm.mxm
pearlpackage/shaders/pearl2_color_1b2cb13e.shd	1	3	pearl_vrcam/models/sq02s10light_sq02s10anim_sq02s10flo_mainstreet_mainstreet_grp_01.mxm
pearlpackage/shaders/pearl2_color_1baf3bf.shd	1	5	pearl_vrcam/models/sq02s20light_sq02s20anim_sarakidrig_sarakidprodmodel_sarakm.mxm
pearlpackage/shaders/pearl2_color_1bc19cc1.shd	1	4	pearl_vrcam/models/sq01s80light_sq01s80anim_dadyoungrig_dadyoungprodmodel_dadym.mxm
pearlpackage/shaders/pearl2_color_1c5eeec8.shd	1	4	pearl_vrcam/models/sq03s10light_sq03s10anim_carpearlnewrig_carpearl_grp.mxm
pearlpackage/shaders/pearl2_color_1ca8dd7b.shd	1	7	pearl_vrcam/models/sq01s20light_sq01s20anim_sq01s20flo_deserthighwaysurf_deserthighway_grp_01.mxm
pearlpackage/shaders/pearl2_color_1cfa9a0f.shd	1	1	pearl_vrcam/models/sq03s10light_sq03s10anim_sc0310setdressingb_sc0310setdressingb_grp_01.mxm
pearlpackage/shaders/pearl2_color_1fc34a1a.shd	1	1	pearl_vrcam/models/sq05s20light_sq05s20anim_bassistrig_bassistprodmodel_bassistm.mxm
pearlpackage/shaders/pearl2_color_21f5da13.shd	1	29	pearl_vrcam/models/sq01s10light_sc0110setdressingvr_box_01.mxm
pearlpackage/shaders/pearl2_color_23b67265.shd	1	2	pearl_vrcam/models/sq01s80light_carpearllightshape_offset_01.mxm
pearlpackage/shaders/pearl2_color_24f899c.shd	1	1	pearl_vrcam/models/sq05s20light_sq05s20anim_melodica_melodica.mxm
pearlpackage/shaders/pearl2_color_27480236.shd	1	3	pearl_vrcam/models/sq01s50light_sq01s50anim_dadyoungrig_dadyoungprodmodel_dadym.mxm
pearlpackage/shaders/pearl2_color_283d129a.shd	1	1	pearl_vrcam/models/sq05s20light_sq05s20anim_ukulele_ukulele.mxm
pearlpackage/shaders/pearl2_color_2919d182.shd	1	2	pearl_vrcam/models/sq05s80light_cornshadow_01.mxm
pearlpackage/shaders/pearl2_color_29fc8a63.shd	1	1	pearl_vrcam/models/sq05s30light_sq05s30anim_shirtgeom.mxm
pearlpackage/shaders/pearl2_color_2b4ee0c9.shd	1	1	pearl_vrcam/models/sq05s10light_sq05s10anim_sc0510setdressing_sc0510setdressing.mxm
pearlpackage/shaders/pearl2_color_2d1a880b.shd	1	3	pearl_vrcam/models/sq03s30light_sq03s30anim_carpearlnewrig_carpearl_grp.mxm
pearlpackage/shaders/pearl2_color_2f3adbe.shd	1	5	pearl_vrcam/models/sq03s50light_carpearlnewextattachrig_carpearlnewextattach_carpearlextattach_grp_01.mxm
pearlpackage/shaders/pearl2_color_2f727c7f.shd	1	3	pearl_vrcam/models/sq01s20light_sq01s20anim_acousticguitar_acousticguitar.mxm
pearlpackage/shaders/pearl2_color_309e4b16.shd	1	1	pearl_vrcam/models/sq01s80light_sq01s80anim_sc0180setdressinga_sc0180setdresscarinta.mxm
pearlpackage/shaders/pearl2_color_3104895c.shd	1	2	pearl_vrcam/models/sq04s20light_carpearlnewextattachrig_carpearlnewextattach_carpearlextattach_grp_01.mxm
pearlpackage/shaders/pearl2_color_3166fe24.shd	1	6	pearl_vrcam/models/sq01s60light_flashback_sq01s60anim_dadyoungrig_dadyoungprodmodel_dadym.mxm
pearlpackage/shaders/pearl2_color_35eb7278.shd	1	3	pearl_vrcam/models/sq01s20light_sq01s20anim_sarakidrig_sarakidprodmodel_sarakm.mxm
pearlpackage/shaders/pearl2_color_3676d6aa.shd	1	1	pearl_vrcam/models/sq05s80light_sq05s80anim_bassistrig_bassistprodmodel_bassistm.mxm
pearlpackage/shaders/pearl2_color_36880109.shd	1	1	pearl_vrcam/models/sq03s10light_sq03s10anim_toyunicorn_toyunicorn_grp.mxm
pearlpackage/shaders/pearl2_color_38c25eff.shd	1	2	pearl_vrcam/models/sq04s55light_rearviewmirror_frame_cutout_01.mxm
pearlpackage/shaders/pearl2_color_3960cf42.shd	1	6	pearl_vrcam/models/sq02s20light_carpearlnewextattachrig_carpearlnewextattach_carpearlextattach_grp_01.mxm
pearlpackage/shaders/pearl2_color_39e54140.shd	1	3	pearl_vrcam/models/sq01s20light_sc0120setdressingvr_boxes01.mxm
pearlpackage/shaders/pearl2_color_3b2ace4e.shd	1	2	pearl_vrcam/models/sq04s85light_sq04s85anim_carpearlnewrig_carpearl_grp.mxm
pearlpackage/shaders/pearl2_color_3c096641.shd	1	1	pearl_vrcam/models/sq04s90light_halo_sara.mxm
pearlpackage/shaders/pearl2_color_3c6f1c70.shd	1	2	pearl_vrcam/models/sq01s60light_flashback_sq01s60anim_sq01s60flo_mountainroadtunnel_mountainroadtunnel_grp.mxm
pearlpackage/shaders/pearl2_color_3e971eb6.shd	1	7	pearl_vrcam/models/sq03s10light_sc0310setdressingvr_cardboardbox_grp.mxm
pearlpackage/shaders/pearl2_color_3fa452b2.shd	1	2	pearl_vrcam/models/sq02s60light_sq02s60anim_acousticguitar_acousticguitar.mxm
pearlpackage/shaders/pearl2_color_3fa8f6b0.shd	1	6	pearl_vrcam/models/sq05s40light_sq05s40anim_semitruck02rig1_semitruck02prodmodel_semitruck02_grp.mxm
pearlpackage/shaders/pearl2_color_40412f0.shd	1	1	pearl_vrcam/models/sq01s80light_sq01s80anim_sc0180setdressinga_sc0180setdresscarinta.mxm
pearlpackage/shaders/pearl2_color_42759a14.shd	1	1	pearl_vrcam/models/sq01s50light_sq01s50anim_carpearlnewrig_carpearl_grp.mxm
pearlpackage/shaders/pearl2_color_42d1eed3.shd	1	2	pearl_vrcam/models/sq01s60light_flashback_sq01s60anim_sc0160setdressingcarinta_toyunicorn_toyunicorn_grp.mxm
pearlpackage/shaders/pearl2_color_46028be4.shd	1	3	pearl_vrcam/models/sq01s50light_sq01s50anim_dadyoungrig_dadyoungprodmodel_dadym.mxm
pearlpackage/shaders/pearl2_color_472021c8.shd	1	1	pearl_vrcam/models/sq05s10light_sq05s10anim_sarateenrig_sarateenprodmodel_saratm.mxm
pearlpackage/shaders/pearl2_color_48271029.shd	1	5	pearl_vrcam/models/sq03s30light_sq03s30anim_carpearlnewrig_carpearl_grp.mxm
pearlpackage/shaders/pearl2_color_4a4fe45d.shd	1	3	pearl_vrcam/models/sq01s20light_sq01s20anim_acousticguitar_acousticguitar.mxm
pearlpackage/shaders/pearl2_color_4acef16c.shd	1	4	pearl_vrcam/models/sq04s90light_sq04s90anim_dadmiddleagedrig_dadmiddleagedprodmodel_dadmm.mxm
pearlpackage/shaders/pearl2_color_4b5cd96c.shd	1	2	pearl_vrcam/models/sq04s90light_sq04s90anim_setdressingnighttimebusinessdistrict_setdressingnighttimebusinessdistrict_grp.mxm
pearlpackage/shaders/pearl2_color_4d008ab8.shd	1	1	pearl_vrcam/models/sq05s20light_sq05s20anim_ukulele_ukulele.mxm
pearlpackage/shaders/pearl2_color_4ef5f09b.shd	1	1	pearl_vrcam/models/sq01s50light_sq01s50anim_sarakidrig_sarakidprodmodel_sarakm.mxm
pearlpackage/shaders/pearl2_color_500e779.shd	1	18	pearl_vrcam/models/sq01s55light_sq01s55anim_sarakidrig_sarakidprodmodel_sarakm.mxm
pearlpackage/shaders/pearl2_color_508c493e.shd	1	1	pearl_vrcam/models/sq04s90light_sq04s90anim_setdressingnighttimebusinessdistrict_setdressingnighttimebusinessdistrict_grp.mxm
pearlpackage/shaders/pearl2_color_5311edec.shd	1	3	pearl_vrcam/models/sq03s10light_sq03s10anim_sc0310setdressingb_sc0310setdressingb_grp_01.mxm
pearlpackage/shaders/pearl2_color_53b5992b.shd	1	2	pearl_vrcam/models/sq01s20light_sc0120setdressingvr_backpack_backpack.mxm
pearlpackage/shaders/pearl2_color_545b6606.shd	1	2	pearl_vrcam/models/sq01s60light_flashback_sq01s60anim_carpearlnewrig_carpearl_grp.mxm
pearlpackage/shaders/pearl2_color_5463b21a.shd	1	2	pearl_vrcam/models/sq04s60light_carpearlnewextattachrig_carpearlnewextattach_carpearlextattach_grp_01.mxm
pearlpackage/shaders/pearl2_color_54e63c18.shd	1	2	pearl_vrcam/models/envir.mxm
pearlpackage/shaders/pearl2_color_558685da.shd	1	12	pearl_vrcam/models/sq01s60light_flashback_sc0160setdressingvr_cardboardbox_grp.mxm
pearlpackage/shaders/pearl2_color_55b8fb3b.shd	1	1	pearl_vrcam/models/sq03s30light_sq03s30anim_carpearlnewrig_carpearl_grp.mxm
pearlpackage/shaders/pearl2_color_5a99ca90.shd	1	7	pearl_vrcam/models/sq01s20light_sq01s20anim_sarakidrig_sarakidprodmodel_sarakm.mxm
pearlpackage/shaders/pearl2_color_5b576f64.shd	1	2	pearl_vrcam/models/sq02s20light_sq02s20anim_sq02s20flo_sc0220setdressing_sc0220setdressing.mxm
pearlpackage/shaders/pearl2_color_5baa8694.shd	1	2	pearl_vrcam/models/sq02s20light_sq02s20anim_carpearlnewrig_carpearl_grp.mxm
pearlpackage/shaders/pearl2_color_5c06927f.shd	1	2	pearl_vrcam/models/sq03s30light_sq03s30anim_dadyoungrig_dadyoungprodmodel_dadym.mxm
pearlpackage/shaders/pearl2_color_5c5d5760.shd	1	2	pearl_vrcam/models/sq02s20light_sq02s20anim_carpearlnewrig_carpearl_grp.mxm
pearlpackage/shaders/pearl2_color_5c64fd40.shd	1	1	pearl_vrcam/models/sq01s50light_sq01s50anim_stuffedanimala_stuffedanimalagrp.mxm
pearlpackage/shaders/pearl2_color_5c827a06.shd	1	2	pearl_vrcam/models/sq01s20light_carpearlnewextattachrig_carpearlnewextattach_carpearlextattach_grp_01.mxm
pearlpackage/shaders/pearl2_color_5cd8d962.shd	1	2	pearl_vrcam/models/sq01s20light_sq01s20anim_carpearlnewrig_carpearl_grp.mxm
pearlpackage/shaders/pearl2_color_5df24e5f.shd	1	7	pearl_vrcam/models/sq03s60light_sq03s60anim_copcarrig_copcarprodmodel_copcar_grp.mxm
pearlpackage/shaders/pearl2_color_5e17566c.shd	1	2	pearl_vrcam/models/sq04s55light_sq04s55anim_sarateenrig_sarateenprodmodel_saratm.mxm
pearlpackage/shaders/pearl2_color_5e1c6581.shd	1	1	pearl_vrcam/models/sq05s90light_sq05s90anim_sq05s90animbgcar_volvorig_volvoprodmodel_volvo_grp.mxm
pearlpackage/shaders/pearl2_color_603d7f5b.shd	1	13	pearl_vrcam/models/sq01s55light_sq01s55anim_carpearlnewrig_carpearl_grp.mxm
pearlpackage/shaders/pearl2_color_60bfa8bd.shd	1	1	pearl_vrcam/models/sq05s10light_sq05s10anim_sq05s10flo_mobilehomepark_mobilehomes_grp_01.mxm
pearlpackage/shaders/pearl2_color_62f2f055.shd	1	1	pearl_vrcam/models/sq01s50light_sq01s50anim_carpearlnewrig_carpearl_grp.mxm
pearlpackage/shaders/pearl2_color_65843490.shd	1	1	pearl_vrcam/models/sq06s70light_sq06s70anim_dadoldrig_dadoldprodmodel_dadoldm.mxm
pearlpackage/shaders/pearl2_color_65b5aa2.shd	1	8	pearl_vrcam/models/landingworld.mxm
pearlpackage/shaders/pearl2_color_66b04dff.shd	1	1	pearl_vrcam/models/sq05s70light_sq05s70anim_drummerrig_drummerprodmodel_drummerm.mxm
pearlpackage/shaders/pearl2_color_67b65f98.shd	1	26	pearl_vrcam/models/envir.mxm
pearlpackage/shaders/pearl2_color_67ce359c.shd	1	2	pearl_vrcam/models/sq03s50light_sq03s50anim_carpearlnewrig_carpearl_grp.mxm
pearlpackage/shaders/pearl2_color_68070112.shd	1	1	pearl_vrcam/models/sq05s10light_sq05s10anim_dadmiddleagedrig_dadmiddleagedprodmodel_dadmm.mxm
pearlpackage/shaders/pearl2_color_6aebc08e.shd	1	2	pearl_vrcam/models/sq03s60light_sq03s60anim_sq03s60flo_nighttimebusinessdistrict_nighttimebusinessdistrict_grp.mxm
pearlpackage/shaders/pearl2_color_6db8f49a.shd	1	1	pearl_vrcam/models/sq05s80light_sq05s80anim_volvorig_volvoprodmodel_volvo_grp.mxm
pearlpackage/shaders/pearl2_color_6ebad937.shd	1	1	pearl_vrcam/models/sq06s30light_sq06s30anim_carpearlnewrig_carpearl_grp.mxm
pearlpackage/shaders/pearl2_color_6ee9d329.shd	1	3	pearl_vrcam/models/sq01s80light_carpearlnewextattachrig_carpearlnewextattach_carpearlextattach_grp_01.mxm
pearlpackage/shaders/pearl2_color_70b1f2f2.shd	1	3	pearl_vrcam/models/sq02s20light_sq02s20anim_dadyoungrig_dadyoungprodmodel_dadym.mxm
pearlpackage/shaders/pearl2_color_70eb5196.shd	1	1	pearl_vrcam/models/sq02s60light_sq02s60anim_carpearlnewrig_carpearl_grp.mxm
pearlpackage/shaders/pearl2_color_70f04c6f.shd	1	1	pearl_vrcam/models/sq03s60light_sq03s60anim_headphones_headphonea.mxm
pearlpackage/shaders/pearl2_color_7125f462.shd	1	1	pearl_vrcam/models/sq04s55light_sq04s55anim_acousticguitara_acousticguitara.mxm
pearlpackage/shaders/pearl2_color_71d81d92.shd	1	7	pearl_vrcam/models/sq03s10light_sq03s10anim_bag_control.mxm
pearlpackage/shaders/pearl2_color_72431dc6.shd	1	3	pearl_vrcam/models/sq05s30light_sq05s30anim_bassistrig_bassistprodmodel_bassistm.mxm
pearlpackage/shaders/pearl2_color_743f6e0e.shd	1	2	pearl_vrcam/models/sq01s80light_sq01s80anim_sarakidrig_sarakidprodmodel_sarakm.mxm
pearlpackage/shaders/pearl2_color_75e31c65.shd	1	1	pearl_vrcam/models/sq05s90light_sq05s90anim_sarateenrig_sarateenprodmodel_saratm.mxm
pearlpackage/shaders/pearl2_color_762cf830.shd	1	80	pearl_vrcam/models/sq01s20light_sq01s20anim_dadyoungrig_dadyoungprodmodel_dadym.mxm
pearlpackage/shaders/pearl2_color_76740979.shd	1	2	pearl_vrcam/models/sq02s20light_sq02s20anim_acousticguitar_acousticguitar.mxm
pearlpackage/shaders/pearl2_color_76aa4264.shd	1	8	pearl_vrcam/models/sq01s55light_carpearlnewextattachrig_carpearlnewextattach_carpearlextattach_grp_01.mxm
pearlpackage/shaders/pearl2_color_7939d58e.shd	1	5	pearl_vrcam/models/sq01s80light_sq01s80anim_dadyoungrig_dadyoungprodmodel_dadym.mxm
pearlpackage/shaders/pearl2_color_795cb13.shd	1	1	pearl_vrcam/models/sq01s50light_carpearlnewextattachrig_carpearlnewextattach_carpearlextattach_grp_01.mxm
pearlpackage/shaders/pearl2_color_796376ea.shd	1	1	pearl_vrcam/models/sq03s10light_sq03s10anim_carpearlnewrig_carpearl_grp.mxm
pearlpackage/shaders/pearl2_color_79eb733b.shd	1	4	pearl_vrcam/models/sq03s10light_sq03s10anim_genericboy01rig_genericboyprodmodel_genericboym.mxm
pearlpackage/shaders/pearl2_color_7aa4715c.shd	1	10	pearl_vrcam/models/sq01s20light_sq01s20anim_sc0120setdressingfront_sc0120setdressingfront_grp.mxm
pearlpackage/shaders/pearl2_color_7cf6877.shd	1	1	pearl_vrcam/models/sq01s50light_sq01s50anim_carpearlnewrig_carpearl_grp.mxm
pearlpackage/shaders/pearl2_color_7d14671a.shd	1	1	pearl_vrcam/models/sq02s20light_sq02s20anim_sarakidrig_sarakidprodmodel_sarakm.mxm
pearlpackage/shaders/pearl2_color_7dcaa67a.shd	1	1	pearl_vrcam/models/sq03s30light_carpearlnewextattachrig_carpearlnewextattach_carpearlextattach_grp_01.mxm
pearlpackage/shaders/pearl2_color_7fca603d.shd	1	5	pearl_vrcam/models/sq02s20light_sq02s20anim_sq02s20flo_sc0220setdressing_sc0220setdressing.mxm
pearlpackage/shaders/pearl2_color_802c7ca.shd	1	1	pearl_vrcam/models/sq06s70light_sq06s70anim_saraadultrig_saraadultprodmodel_sarama.mxm
pearlpackage/shaders/pearl2_color_81cf49fd.shd	1	1	pearl_vrcam/models/sq04s40light_sq04s40anim_sarateenrig_sarateenprodmodel_saratm.mxm
pearlpackage/shaders/pearl2_color_83114eda.shd	1	7	pearl_vrcam/models/sq01s20light_sq01s20anim_sc120setdressing_sc120setdressing.mxm
pearlpackage/shaders/pearl2_color_8350ece2.shd	1	2	pearl_vrcam/models/sq01s20light_sq01s20anim_dadyoungrig_dadyoungprodmodel_dadym.mxm
pearlpackage/shaders/pearl2_color_8372199a.shd	1	8	pearl_vrcam/models/sq02s10light_sq02s10anim_acousticguitar_acousticguitar.mxm
pearlpackage/shaders/pearl2_color_842067a0.shd	1	3	pearl_vrcam/models/sq03s30light_sq03s30anim_sarakidrig_sarakidprodmodel_sarakm.mxm
pearlpackage/shaders/pearl2_color_84ffead6.shd	1	2	pearl_vrcam/models/sq05s90light_sq05s90anim_dadyoungguitarcase_dadyoungguitarcase_grp.mxm
pearlpackage/shaders/pearl2_color_86ea65fe.shd	1	2	pearl_vrcam/models/sq06s70light_carpearlnewextattachrig_carpearlnewextattach_carpearlextattach_grp_01.mxm
pearlpackage/shaders/pearl2_color_870d9114.shd	1	1	pearl_vrcam/models/envir.mxm
pearlpackage/shaders/pearl2_color_875cddd.shd	1	2	pearl_vrcam/models/sq05s90light_sq05s90anim_cornstalks_const2bg_loc.mxm
pearlpackage/shaders/pearl2_color_87714013.shd	1	1	pearl_vrcam/models/sq01s10light_sq01s10anim_sq01s10flo_junkyard_junkyard_grp.mxm
pearlpackage/shaders/pearl2_color_88becade.shd	1	3	pearl_vrcam/models/sq01s80light_sq01s80anim_sc0180setdressinga_sc0180setdresscarinta.mxm
pearlpackage/shaders/pearl2_color_8cf725b7.shd	1	1	pearl_vrcam/models/sq05s70light_sq05s70anim_sarateenrig_sarateenprodmodel_saratm.mxm
pearlpackage/shaders/pearl2_color_8d8faa40.shd	1	2	pearl_vrcam/models/sq05s70light_carpearlnewextattachrig_carpearlnewextattach_carpearlextattach_grp_01.mxm
pearlpackage/shaders/pearl2_color_8e52cc51.shd	1	1	pearl_vrcam/models/sq01s20light_sq01s20anim_dadyoungrig_dadyoungprodmodel_dadym.mxm
pearlpackage/shaders/pearl2_color_8f9d4b82.shd	1	9	pearl_vrcam/models/sq02s10light_sq02s10anim_sq02s10flo_mainstreet_mainstreet_grp_01.mxm
pearlpackage/shaders/pearl2_color_9261f7d0.shd	1	2	pearl_vrcam/models/sq02s20light_sq02s20anim_antlersrig_antlerctrl_grp.mxm
pearlpackage/shaders/pearl2_color_93ed4a9b.shd	1	2	pearl_vrcam/models/sq04s20light_otheractorscargroup.mxm
pearlpackage/shaders/pearl2_color_94d88c0.shd	1	1	pearl_vrcam/models/sq05s10light_sq05s10anim_dadmiddleagedrig_dadmiddleagedprodmodel_dadmm.mxm
pearlpackage/shaders/pearl2_color_97085ed3.shd	1	53	pearl_vrcam/models/sq01s10light_carpearlweedsextattachrig_carpearlweedsextattach_carpearlweedsextattach_grp_01.mxm
pearlpackage/shaders/pearl2_color_97ed9b45.shd	1	3	pearl_vrcam/models/sq01s10light_sq01s10anim_toyunicorn_toyunicorn_grp.mxm
pearlpackage/shaders/pearl2_color_9853fb66.shd	1	2	pearl_vrcam/models/sq01s10light_sq01s10anim_sq01s10flo_junkyard_junkyard_grp.mxm
pearlpackage/shaders/pearl2_color_996af901.shd	1	1	pearl_vrcam/models/sq05s90light_sq05s90anim_sarateenrig_sarateenprodmodel_saratm.mxm
pearlpackage/shaders/pearl2_color_9a0ee553.shd	1	1	pearl_vrcam/models/sq01s80light_sq01s80anim_sc0180setdressinga_sc0180setdresscarinta.mxm
pearlpackage/shaders/pearl2_color_9a372f90.shd	1	5	pearl_vrcam/models/sq04s90light_sq04s90anim_dadmiddleagedrig_dadmiddleagedprodmodel_dadmm.mxm
pearlpackage/shaders/pearl2_color_9a423fb2.shd	1	1	pearl_vrcam/models/sq01s20light_sq01s20anim_sarakidrig_sarakidprodmodel_sarakm.mxm
pearlpackage/shaders/pearl2_color_9ced34cf.shd	1	3	pearl_vrcam/models/sq01s10light_sq01s10anim_carpearlnewrig_carpearl_grp.mxm
pearlpackage/shaders/pearl2_color_9ed7f64.shd	1	1	pearl_vrcam/models/sq05s40light_sq05s40anim_drummerrig_drummerprodmodel_drummerm.mxm
pearlpackage/shaders/pearl2_color_9f36bba9.shd	1	3	pearl_vrcam/models/sq04s20light_sq04s20anim_carpearlnewrig_carpearl_grp.mxm
pearlpackage/shaders/pearl2_color_a154d34c.shd	1	2	pearl_vrcam/models/sq01s10light_sq01s10anim_carpearlnewrig_carpearl_grp.mxm
pearlpackage/shaders/pearl2_color_a1991c9c.shd	1	1	pearl_vrcam/models/sq03s50light_sq03s50anim_dadmiddleagedrig_dadmiddleagedprodmodel_dadmm.mxm
pearlpackage/shaders/pearl2_color_a395906a.shd	1	2	pearl_vrcam/models/sq05s80light_sq05s80anim_cornstalks_const2bg_loc.mxm
pearlpackage/shaders/pearl2_color_a4205757.shd	1	1	pearl_vrcam/models/sq06s70light_sq06s70anim_carpearlnewrig_carpearl_grp.mxm
pearlpackage/shaders/pearl2_color_a4dddeb.shd	1	29	pearl_vrcam/models/landingworld.mxm
pearlpackage/shaders/pearl2_color_a609f944.shd	1	1	pearl_vrcam/models/sq01s20light_sq01s20anim_sq01s20flo_deserthighwaysurf_deserthighway_grp_01.mxm
pearlpackage/shaders/pearl2_color_a685beb1.shd	1	2	pearl_vrcam/models/sq05s70light_sq05s70anim_acousticguitar_acousticguitar.mxm
pearlpackage/shaders/pearl2_color_a855b102.shd	1	1	pearl_vrcam/models/sq06s50light_roofpanel.mxm
pearlpackage/shaders/pearl2_color_a900829c.shd	1	2	pearl_vrcam/models/sq02s20light_sq02s20anim_sarakidrig_sarakidprodmodel_sarakm.mxm
pearlpackage/shaders/pearl2_color_aa7b4bd9.shd	1	1	pearl_vrcam/models/sq03s30light_sq03s30anim_backpack1_backpack.mxm
pearlpackage/shaders/pearl2_color_abbdd2fb.shd	1	1	pearl_vrcam/models/sq04s55light_sq04s55anim_acousticguitar_acousticguitar.mxm
pearlpackage/shaders/pearl2_color_ac9b3c2f.shd	1	2	pearl_vrcam/models/sq06s70light_sq06s70anim_bassistrig_bassistprodmodel_bassistm.mxm
pearlpackage/shaders/pearl2_color_ad89b31e.shd	1	8	pearl_vrcam/models/sq01s50light_sq01s50anim_sc0150setdressing_backpack_backpack.mxm
pearlpackage/shaders/pearl2_color_b01f17f2.shd	1	31	pearl_vrcam/models/sq01s20light_sq01s20anim_trackrecorder_trackrecordergrp.mxm
pearlpackage/shaders/pearl2_color_b4c5caea.shd	1	2	pearl_vrcam/models/sq05s20light_carpearlnewextattachrig_carpearlnewextattach_carpearlextattach_grp_01.mxm
pearlpackage/shaders/pearl2_color_b52dbff3.shd	1	1	pearl_vrcam/models/sq01s10light_sq01s10anim_saraadultrig_saraadultprodmodel_sarama.mxm
pearlpackage/shaders/pearl2_color_b54420af.shd	1	3	pearl_vrcam/models/sq01s20light_sq01s20anim_sc120setdressing_sc120setdressing.mxm
pearlpackage/shaders/pearl2_color_b5a90d50.shd	1	1	pearl_vrcam/models/sq04s10light_sq04s10anim_sq04s10flo_mobilehomepark_mobilehomes_grp_01.mxm
pearlpackage/shaders/pearl2_color_b6804f1d.shd	1	4	pearl_vrcam/models/sq02s20light_sq02s20anim_sq02s20flo_sc0220setdressing_sc0220setdressing.mxm
pearlpackage/shaders/pearl2_color_b694e3e9.shd	1	2	pearl_vrcam/models/sq01s80light_sq01s80anim_carpearlnewrig_carpearl_grp.mxm
pearlpackage/shaders/pearl2_color_b9250808.shd	1	1	pearl_vrcam/models/sq01s20light_sq01s20anim_sc120setdressing_sc120setdressing.mxm
pearlpackage/shaders/pearl2_color_b938fe7.shd	1	1	pearl_vrcam/models/sq06s30light_sq06s30anim_saraadultrig_saraadultprodmodel_sarama.mxm
pearlpackage/shaders/pearl2_color_bbb09ca0.shd	1	2	pearl_vrcam/models/sq01s60light_flashback_sq01s60anim_carpearlnewrig_carpearl_grp.mxm
pearlpackage/shaders/pearl2_color_bbfb0f2f.shd	1	1	pearl_vrcam/models/sq02s20light_sq02s20anim_sarakidrig_sarakidprodmodel_sarakm.mxm
pearlpackage/shaders/pearl2_color_bce0dc91.shd	1	71	pearl_vrcam/models/sq01s10light_sq01s10anim_sq01s10flo_junkyard_junkyard_grp.mxm
pearlpackage/shaders/pearl2_color_bd44b0b.shd	1	1	pearl_vrcam/models/sq01s80light_sq01s80anim_carpearlnewrig_carpearl_grp.mxm
pearlpackage/shaders/pearl2_color_bd9f0043.shd	1	67	pearl_vrcam/models/sq01s50light_sq01s50anim_cornstalks_const2bg_loc.mxm
pearlpackage/shaders/pearl2_color_bdff4bd7.shd	1	3	pearl_vrcam/models/sq01s55light_sq01s55anim_carpearlnewrig_carpearl_grp.mxm
pearlpackage/shaders/pearl2_color_c08142b8.shd	1	1	pearl_vrcam/models/sq01s80light_carpearllightshape_offset_01.mxm
pearlpackage/shaders/pearl2_color_c11dcf75.shd	1	11	pearl_vrcam/models/sq03s50light_sq03s50anim_guitaristrig_guitaristprodmodel_guitaristm.mxm
pearlpackage/shaders/pearl2_color_c380f2ca.shd	1	1	pearl_vrcam/models/sq01s20light_sq01s20anim_dadyoungrig_dadyoungprodmodel_dadym.mxm
pearlpackage/shaders/pearl2_color_c3b82693.shd	1	5	pearl_vrcam/models/sq05s70light_sq05s70anim_acousticguitar_acousticguitar.mxm
pearlpackage/shaders/pearl2_color_c3be495b.shd	1	1	pearl_vrcam/models/sq04s90light_sq04s90anim_sarateenrig_sarateenprodmodel_saratm.mxm
pearlpackage/shaders/pearl2_color_c4fd592.shd	1	2	pearl_vrcam/models/sq01s10light_sq01s10anim_sq01s10flo_junkyard_junkyard_grp.mxm
pearlpackage/shaders/pearl2_color_c8b42b3c.shd	1	2	pearl_vrcam/models/sq01s50light_sq01s50anim_sc0150setdressing_toyunicorn_toyunicorn_grp.mxm
pearlpackage/shaders/pearl2_color_c9a6a40d.shd	1	2	pearl_vrcam/models/sq03s50light_sq03s50anim_carpearlnewrig_carpearl_grp.mxm
pearlpackage/shaders/pearl2_color_cbe694fe.shd	1	10	pearl_vrcam/models/sq02s40light_sq02s40anim_dadyoungrig_dadyoungprodmodel_dadym.mxm
pearlpackage/shaders/pearl2_color_cc1fefc6.shd	1	33	pearl_vrcam/models/sq01s20light_sq01s20anim_dadyoungrig_dadyoungprodmodel_dadym.mxm
pearlpackage/shaders/pearl2_color_cc5e4dfe.shd	1	3	pearl_vrcam/models/sq01s20light_sq01s20anim_sc0120setdressingfront_sc0120setdressingfront_grp.mxm
pearlpackage/shaders/pearl2_color_ce804ad9.shd	1	3	pearl_vrcam/models/sq04s40light_sq04s40anim_drummerrig_drummerprodmodel_drummerm.mxm
pearlpackage/shaders/pearl2_color_d0231be9.shd	1	1	pearl_vrcam/models/sq04s70light_sq04s70anim_sarateenrig_sarateenprodmodel_saratm.mxm
pearlpackage/shaders/pearl2_color_d0770498.shd	1	48	pearl_vrcam/models/sq01s20light_sun2.mxm
pearlpackage/shaders/pearl2_color_d1f852c8.shd	1	1	pearl_vrcam/models/sq05s20light_sq05s20anim_carpearlnewrig_carpearl_grp.mxm
pearlpackage/shaders/pearl2_color_d32d49d0.shd	1	1	pearl_vrcam/models/sq06s70light_haze.mxm
pearlpackage/shaders/pearl2_color_d3a237eb.shd	1	6	pearl_vrcam/models/sq01s50light_sq01s50anim_sarakidrig_sarakidprodmodel_sarakm.mxm
pearlpackage/shaders/pearl2_color_d3a97bcb.shd	1	5	pearl_vrcam/models/sq01s80light_sq01s80anim_sc0180setdressinga_sc0180setdresscarinta.mxm
pearlpackage/shaders/pearl2_color_d3e7745b.shd	1	2	pearl_vrcam/models/sq01s80light_sq01s80anim_pickuptruck02rig_pickuptruck02prodmodel_pickuptruck02_grp.mxm
pearlpackage/shaders/pearl2_color_d50d3c96.shd	1	1	pearl_vrcam/models/sq05s90light_sq05s90anim_guitaristrig_guitaristprodmodel_guitaristm.mxm
pearlpackage/shaders/pearl2_color_d625fa25.shd	1	1	pearl_vrcam/models/sq05s90light_sq05s90anim_pickuptruck02rig_pickuptruck02prodmodel_pickuptruck02_grp.mxm
pearlpackage/shaders/pearl2_color_d74b76aa.shd	1	2	pearl_vrcam/models/sq05s30light_sq05s30anim_bassistrig_bassistprodmodel_bassistm.mxm
pearlpackage/shaders/pearl2_color_d783e2aa.shd	1	3	pearl_vrcam/models/sq01s10light_sq01s10anim_sq01s10flo_junkyard_junkyard_grp.mxm
pearlpackage/shaders/pearl2_color_d8475df7.shd	1	2	pearl_vrcam/models/sq03s10light_sq03s10anim_dadyoungrig_dadyoungprodmodel_dadym.mxm
pearlpackage/shaders/pearl2_color_d8a29861.shd	1	4	pearl_vrcam/models/sq02s50light_sq02s50anim_ukulele_ukulele.mxm
pearlpackage/shaders/pearl2_color_d8c2d3f5.shd	1	6	pearl_vrcam/models/sq01s20light_sq01s20anim_sc120setdressing_sc120setdressing.mxm
pearlpackage/shaders/pearl2_color_d8dea088.shd	1	1	pearl_vrcam/models/sq05s90light_sq05s90anim_drummerrig_drummerprodmodel_drummerm.mxm
pearlpackage/shaders/pearl2_color_dc8b5a9e.shd	1	1	pearl_vrcam/models/sq05s10light_sq05s10anim_sq05s10flo_mobilehomepark_mobilehomes_grp_01.mxm
pearlpackage/shaders/pearl2_color_de8d0482.shd	1	2	pearl_vrcam/models/sq01s60light_flashback_sq01s60anim_carpearlnewrig_carpearl_grp.mxm
pearlpackage/shaders/pearl2_color_df37d6b5.shd	1	1	pearl_vrcam/models/sq03s30light_sq03s30anim_sarakidrig_sarakidprodmodel_sarakm.mxm
pearlpackage/shaders/pearl2_color_e11dff82.shd	1	1	pearl_vrcam/models/sq05s10light_sq05s10anim_carpearlnewrig_carpearl_grp.mxm
pearlpackage/shaders/pearl2_color_e15cbd51.shd	1	1	pearl_vrcam/models/sq02s20light_sq02s20anim_sarakidrig_sarakidprodmodel_sarakm.mxm
pearlpackage/shaders/pearl2_color_e1ceac9c.shd	1	1	pearl_vrcam/models/sq04s90light_dadyoungguitarcase_dadyoungguitarcase_grp.mxm
pearlpackage/shaders/pearl2_color_e251aa5a.shd	1	1	pearl_vrcam/models/sq05s10light_sq05s10anim_sq05s10flo_mobilehomepark_mobilehomes_grp_01.mxm
pearlpackage/shaders/pearl2_color_e2c6b03a.shd	1	1	pearl_vrcam/models/sq01s50light_sq01s50anim_sc0150setdressing_truckerhatrig_truckerhat_grp_01.mxm
pearlpackage/shaders/pearl2_color_e3d7fddc.shd	1	1	pearl_vrcam/models/sq06s70light_sq06s70anim_carpearlnewrig_carpearl_grp.mxm
pearlpackage/shaders/pearl2_color_e53448fd.shd	1	1	pearl_vrcam/models/sq04s90light_sq04s90anim_sq04s90flo_smalltownstreet_smalltownstreet_grp.mxm
pearlpackage/shaders/pearl2_color_e64f81b8.shd	1	5	pearl_vrcam/models/sq02s10light_sq02s10anim_acousticguitar_acousticguitar.mxm
pearlpackage/shaders/pearl2_color_e81c46cd.shd	1	2	pearl_vrcam/models/sq01s60light_carpearlnewextattachrig_carpearlnewextattach_carpearlextattach_grp_01.mxm
pearlpackage/shaders/pearl2_color_e8b23262.shd	1	1	pearl_vrcam/models/sq05s70light_sq05s70anim_carpearlnewrig_carpearl_grp.mxm
pearlpackage/shaders/pearl2_color_e9967139.shd	1	1	pearl_vrcam/models/sq04s90light_sq04s90anim_sarateenrig_sarateenprodmodel_saratm.mxm
pearlpackage/shaders/pearl2_color_ea1a18d1.shd	1	1	pearl_vrcam/models/sq01s80light_sq01s80anim_sq01s80flo_sierravalleyhighway_environmentdetail_gpr.mxm
pearlpackage/shaders/pearl2_color_eaa0d3a0.shd	1	1	pearl_vrcam/models/sq06s30light_sq06s30anim_carpearlnewrig_carpearl_grp.mxm
pearlpackage/shaders/pearl2_color_ed3316db.shd	1	4	pearl_vrcam/models/sq05s90light_sq05s90anim_bassistrig_bassistprodmodel_bassistm.mxm
pearlpackage/shaders/pearl2_color_ee1bd068.shd	1	2	pearl_vrcam/models/sq06s30light_sq06s30anim_saraadultrig_saraadultprodmodel_sarama.mxm
pearlpackage/shaders/pearl2_color_ee570a89.shd	1	1	pearl_vrcam/models/sq05s80light_sq05s80anim_sarateenrig_sarateenprodmodel_saratm.mxm
pearlpackage/shaders/pearl2_color_f14e8ce1.shd	1	16	pearl_vrcam/models/sq01s50light_sq01s50anim_sq01s50flo_countryfarmroad_countryfarmroad_grp.mxm
pearlpackage/shaders/pearl2_color_f235c6f1.shd	1	2	pearl_vrcam/models/sq01s10light_sq01s10anim_carpearlnewrig_carpearl_grp.mxm
pearlpackage/shaders/pearl2_color_f2b048f3.shd	1	1	pearl_vrcam/models/sq01s20light_sq01s20anim_carpearlnewrig_carpearl_grp.mxm
pearlpackage/shaders/pearl2_color_f2d00367.shd	1	1	pearl_vrcam/models/sq02s20light_sq02s20anim_ukulele_ukulele.mxm
pearlpackage/shaders/pearl2_color_f3afdfb5.shd	1	1	pearl_vrcam/models/sq02s20light_sq02s20anim_antlersrig_antlerctrl_grp.mxm
pearlpackage/shaders/pearl2_color_f5729529.shd	1	1	pearl_vrcam/models/sq03s50light_sq03s50anim_headphones2_headphonea.mxm
pearlpackage/shaders/pearl2_color_f66a0b2c.shd	1	1	pearl_vrcam/models/sq01s10light_sq01s10anim_trackrecorder_trackrecordergrp.mxm
pearlpackage/shaders/pearl2_color_f748a100.shd	1	1	pearl_vrcam/models/sq03s30light_sq03s30anim_dadyoungrig_dadyoungprodmodel_dadym.mxm
pearlpackage/shaders/pearl2_color_f98143a9.shd	1	1	pearl_vrcam/models/sq01s80light_sq01s80anim_sc0180setdressinga_sc0180setdresscarinta.mxm
pearlpackage/shaders/pearl2_color_f9cf4c39.shd	1	5	pearl_vrcam/models/sq02s20light_christmas_light_glows.mxm
pearlpackage/shaders/pearl2_color_fa0b238b.shd	1	12	pearl_vrcam/models/sq01s20light_sq01s20anim_dadyoungrig_dadyoungprodmodel_dadym.mxm
pearlpackage/shaders/pearl2_color_fa62bcd7.shd	1	1	pearl_vrcam/models/sq01s10light_sq01s10anim_saraadultrig_saraadultprodmodel_sarama.mxm
pearlpackage/shaders/pearl2_color_fa8ead89.shd	1	4	pearl_vrcam/models/sq02s20light_skydome_01.mxm
pearlpackage/shaders/pearl2_color_fc1313f7.shd	1	1	pearl_vrcam/models/envir.mxm
pearlpackage/shaders/pearl2_color_ff5014d6.shd	1	5	pearl_vrcam/models/sq03s30light_sq03s30anim_dadyoungrig_dadyoungprodmodel_dadym.mxm
pearlpackage/shaders/pearl2_shadow.msh	0	5	pearlpackage/shaders/pearl2_shadow_15512ce.shd
pearlpackage/shaders/pearl2_shadow_15512ce.shd	1	57	pearl_vrcam/models/sq01s10light_sq01s10anim_toyunicorn_toyunicorn_grp.mxm
pearlpackage/shaders/pearl2_shadow_400f969c.shd	1	84	pearl_vrcam/models/landingworld.mxm
pearlpackage/shaders/pearl2_shadow_807077e9.shd	1	529	pearl_vrcam/models/envir.mxm
pearlpackage/shaders/pearl2_shadow_c12af3bb.shd	1	15	pearl_vrcam/models/sq01s10light_sq01s10anim_carpearlnewrig_carpearl_grp.mxm
pearlpackage/shaders/pearl2_shadow_c69be432.shd	1	2	pearl_vrcam/models/landingworld.mxm
pearlpackage/shaders/pearl2_warp.msh	0	2	pearlpackage/shaders/pearl2_warp_3da4bced.shd
pearlpackage/shaders/pearl2_warp_3da4bced.shd	1	574	pearl_vrcam/models/envir.mxm
pearlpackage/shaders/pearl2_warp_58c387ab.shd	1	68	pearl_vrcam/models/sq01s10light_sq01s10anim_carpearlnewrig_carpearl_grp.mxm
pearlpackage/shaders/posteffects/ceffects.pfb	1	39	pearlpackage/rendergraphs/pearl30.lua
pearlpackage/shaders/posteffects/customfx.pfb	1	39	pearlpackage/rendergraphs/pearl30.lua
pearlpackage/shaders/posteffects/dof.msh	0	1	pearlpackage/shaders/posteffects/dof_6522df69.shd
pearlpackage/shaders/posteffects/dof_6522df69.shd	1	1	pearlpackage/shaders/posteffects/customfx.pfb
pearlpackage/shaders/posteffects/mask.msh	0	1	pearlpackage/shaders/posteffects/mask_4b99d436.shd
pearlpackage/shaders/posteffects/mask_4b99d436.shd	1	1	pearlpackage/shaders/posteffects/ceffects.pfb
pearlpackage/shaders/posteffects/noisewarp.mtl	0	1	pearlpackage/shaders/posteffects/noisewarp.pfb
pearlpackage/shaders/posteffects/overlay.msh	0	1	pearlpackage/shaders/posteffects/overlay_6522df69.shd
pearlpackage/shaders/posteffects/overlay_6522df69.shd	1	1	pearlpackage/shaders/posteffects/customfx.pfb
pearlpackage/shaders/posteffects/threshold.msh	0	1	pearlpackage/shaders/posteffects/threshold_6522df69.shd
pearlpackage/shaders/posteffects/threshold_6522df69.shd	1	1	pearlpackage/shaders/posteffects/ceffects.pfb
pearlpackage/shaders/posteffects/warp.msh	0	1	pearlpackage/shaders/posteffects/warp_6522df69.shd
pearlpackage/shaders/posteffects/warp_6522df69.shd	1	1	pearlpackage/shaders/posteffects/customfx.pfb
pearlpackage/shaders/posteffects/warp_comp.msh	0	1	pearlpackage/shaders/posteffects/warp_comp_60adb9d0.shd
pearlpackage/shaders/posteffects/warp_comp_60adb9d0.shd	1	1	pearlpackage/shaders/posteffects/customfx.pfb
pearlpackage/shaders/posteffects/warp_comp_debug.msh	0	1	pearlpackage/shaders/posteffects/warp_comp_debug_8d080ee6.shd
pearlpackage/shaders/posteffects/warp_comp_debug_8d080ee6.shd	1	1	pearlpackage/shaders/posteffects/customfx.pfb
pearlpackage/shaders/ptitlestd.msh	0	3	pearlpackage/shaders/ptitlestd_3af6c739.shd
pearlpackage/shaders/ptitlestd_3af6c739.shd	1	2	pearl_vrcam/models/sq01s10light_titlefx_pearltitlegrp.mxm
pearlpackage/shaders/ptitlestd_7472be5.shd	1	1	pearl_vrcam/models/sq01s10light_titlefx_pearltitlegrp.mxm
pearlpackage/shaders/ptitlestd_b479c0da.shd	1	1	pearl_vrcam/models/sq01s10light_titlefx_pearlwriteonglowgeo.mxm
pearlpackage/shaders/reflection_color.msh	0	4	pearlpackage/shaders/reflection_color_6387f4ec.shd
pearlpackage/shaders/reflection_color_6387f4ec.shd	1	34	pearl_vrcam/models/sq01s20light_sq01s20anim_carpearlnewrig_carpearl_grp.mxm
pearlpackage/shaders/reflection_color_76adbf60.shd	1	4	pearl_vrcam/models/sq01s55light_sq01s55anim_carpearlnewrig_carpearl_grp.mxm
pearlpackage/shaders/reflection_color_ed08f30f.shd	1	3	pearl_vrcam/models/sq01s55light_sq01s55anim_carpearlnewrig_carpearl_grp.mxm
pearlpackage/shaders/reflection_color_f822b883.shd	1	32	pearl_vrcam/models/sq01s20light_sq01s20anim_carpearlnewrig_carpearl_grp.mxm
pearlpackage/shaders/reflection_shadow.msh	0	2	pearlpackage/shaders/reflection_shadow_7e8f1594.shd
pearlpackage/shaders/reflection_shadow_7e8f1594.shd	1	2	pearl_vrcam/models/sq01s60light_flashback_sq01s60anim_carpearlnewrig_carpearl_grp.mxm
pearlpackage/shaders/reflection_shadow_f81b673a.shd	1	37	pearl_vrcam/models/sq01s20light_sq01s20anim_carpearlnewrig_carpearl_grp.mxm
pearlpackage/shaders/reflection_warp.msh	0	2	pearlpackage/shaders/reflection_warp_400f969c.shd
pearlpackage/shaders/reflection_warp_400f969c.shd	1	37	pearl_vrcam/models/sq01s20light_sq01s20anim_carpearlnewrig_carpearl_grp.mxm
pearlpackage/shaders/reflection_warp_dbaadaf3.shd	1	36	pearl_vrcam/models/sq01s20light_sq01s20anim_carpearlnewrig_carpearl_grp.mxm
pearlpackage/shaders/vignetteiris.msh	0	1	pearlpackage/shaders/vignetteiris_c6c82fce.shd
pearlpackage/shaders/vignetteiris_c6c82fce.shd	1	2	pearl_vrcam/models/endingcard.mxm
pearlpackage/textures/film_grain_512.dds	1	548	pearl_vrcam/models/envir.mxm
pearlpackage/textures/soft7_512_rg.dds	0	1	pearlpackage/shaders/override/balloon.pfb
pearlpackage/textures/toothf_1024.dds	1	587	pearl_vrcam/models/envir.mxm
story/anims/camerarig_anim01.mxa	1	1	story/scripts/components/camerarigcontroller.lua
story/models/camerarig.mxm	1	1	story/scripts/components/camerarigcontroller.lua
# --- unreferenced content files
#ORPHAN	common/fonts/arial_default_12.fnt
#ORPHAN	common/fonts/courier_default_24.fnt
#ORPHAN	common/fonts/times_new_roman_italic_48.fnt
#ORPHAN	common/models/unitcube.mxm
#ORPHAN	common/models/unitsphere.mxm
#ORPHAN	common/shaders/misc/depthcolor.shd
#ORPHAN	common/shaders/misc/depthsolid.shd
#ORPHAN	common/shaders/misc/videocube.shd
#ORPHAN	common/shaders/misc/videocuberect.shd
#ORPHAN	common/shaders/misc/videocuberectandroid.shd
#ORPHAN	common/shaders/misc/videolatlong.shd
#ORPHAN	common/shaders/misc/videolatlongandroid.shd
#ORPHAN	common/shaders/posteffects/bloomblendhf.shd
#ORPHAN	common/shaders/posteffects/bloomblendlf.shd
#ORPHAN	common/shaders/posteffects/blurhoriz_9tap.shd
#ORPHAN	common/shaders/posteffects/blurvert_9tap.shd
#ORPHAN	common/shaders/posteffects/depthwrite.shd
#ORPHAN	common/shaders/posteffects/downsample4x.shd
#ORPHAN	common/shaders/posteffects/edgecolormerge.shd
#ORPHAN	common/shaders/posteffects/edgeglow.shd
#ORPHAN	common/shaders/posteffects/edgeonly.shd
#ORPHAN	common/shaders/posteffects/effects.pfb
#ORPHAN	common/shaders/posteffects/passthru.shd
#ORPHAN	common/shaders/ui/compositecubetolatlong.shd
#ORPHAN	common/shaders/ui/glyphsolidclr.shd
#ORPHAN	common/shaders/ui/glyphvertclr.shd
#ORPHAN	common/shaders/ui/guidefault.shd
#ORPHAN	common/shaders/ui/guitextured.shd
#ORPHAN	common/shaders/ui/lines.shd
#ORPHAN	common/shaders/ui/offlineresolve128.shd
#ORPHAN	common/shaders/ui/offlineresolve512.shd
#ORPHAN	common/shaders/ui/passthru.shd
#ORPHAN	common/shaders/ui/rgstereopassthru.shd
#ORPHAN	common/shaders/ui/rgstereopassthru2.shd
#ORPHAN	common/shaders/ui/stereopassthru.shd
#ORPHAN	common/textures/gui/guielements.dds
#ORPHAN	common/textures/gui/hdpi/guielements.dds
#ORPHAN	common/textures/gui/ldpi/gizmo.dds
#ORPHAN	common/textures/gui/mdpi/guielements.dds
#ORPHAN	common/textures/gui/mxlogoanim_trans.dds
#ORPHAN	common/textures/gui/mxlogoanimsm.dds
#ORPHAN	common/textures/missingtexture.dds
#ORPHAN	common/textures/testgrid.dds
#ORPHAN	common/textures/vrsplash.dds
#ORPHAN	pearl_vrcam/anims/sq01s50light_countryfarmroad_cabbage_locators_countryfarmroad_grp_sq01s50vrtrig_seq1_shot50.mxa
#ORPHAN	pearl_vrcam/anims/sq01s50light_lensflare_lensflare_loc_sq01s50vrtrig_seq1_shot50.mxa
#ORPHAN	pearl_vrcam/anims/sq02s10light_lightingshapesgroup_sq02s10vrtrig_sq02s10light_seq2_shot10.mxa
#ORPHAN	pearl_vrcam/anims/sq02s10light_sq02s10anim_vanrig_vanprodmodel_van_grp_sq02s10vrtrig_sq02s10light_seq2_shot10.mxa
#ORPHAN	pearl_vrcam/anims/sq03s10light_sq03s10anim_semitruckrig_semitruckprodmodel_semitruck_grp_sq03s10vrtrig_310_frame.mxa
#ORPHAN	pearl_vrcam/anims/sq03s10light_sq03s10anim_semitruckrig_semitruckprodmodel_semitruck_grp_sq03s10vrtrig_seq3_shot10_all_part1.mxa
#ORPHAN	pearl_vrcam/anims/sq03s10light_sq03s10anim_semitruckrig_semitruckprodmodel_semitruck_grp_sq03s10vrtrig_seq3_shot10_all_part2.mxa
#ORPHAN	pearl_vrcam/fonts/arial14.fnt
#ORPHAN	pearl_vrcam/fonts/arial24.fnt
#ORPHAN	pearl_vrcam/fonts/courier14.fnt
#ORPHAN	pearl_vrcam/fonts/courier24.fnt
#ORPHAN	pearl_vrcam/textures/711_sign_tex_02.dds
#ORPHAN	pearl_vrcam/textures/acousticguitar_dark.dds
#ORPHAN	pearl_vrcam/textures/acousticguitar_map.dds
#ORPHAN	pearl_vrcam/textures/acousticguitara_map.dds
#ORPHAN	pearl_vrcam/textures/back_map.dds
#ORPHAN	pearl_vrcam/textures/backseat.dds
#ORPHAN	pearl_vrcam/textures/bag_map.dds
#ORPHAN	pearl_vrcam/textures/bagofchips_map.dds
#ORPHAN	pearl_vrcam/textures/bagofgroceries_map.dds
#ORPHAN	pearl_vrcam/textures/basist_hair.dds
#ORPHAN	pearl_vrcam/textures/basist_hair_dark.dds
#ORPHAN	pearl_vrcam/textures/bassist_dark.dds
#ORPHAN	pearl_vrcam/textures/bassist_diffuse.dds
#ORPHAN	pearl_vrcam/textures/bassist_face_dark.dds
#ORPHAN	pearl_vrcam/textures/bassist_face_diffuse.dds
#ORPHAN	pearl_vrcam/textures/bassist_hands_dark.dds
#ORPHAN	pearl_vrcam/textures/bassist_hands_diffuse.dds
#ORPHAN	pearl_vrcam/textures/bassist_shirt_dark.dds
#ORPHAN	pearl_vrcam/textures/bassist_shirt_diffuse.dds
#ORPHAN	pearl_vrcam/textures/bassist_workshirt_diffuse.dds
#ORPHAN	pearl_vrcam/textures/bassistworkclothes_map.dds
#ORPHAN	pearl_vrcam/textures/beachball_map.dds
#ORPHAN	pearl_vrcam/textures/beadsdecoration_map.dds
#ORPHAN	pearl_vrcam/textures/bg_buildings.dds
#ORPHAN	pearl_vrcam/textures/blankey.dds
#ORPHAN	pearl_vrcam/textures/books_map.dds
#ORPHAN	pearl_vrcam/textures/campground_backgroundtrees_color_01.dds
#ORPHAN	pearl_vrcam/textures/campground_backgroundtrees_color_02.dds
#ORPHAN	pearl_vrcam/textures/campground_ground_color_01.dds
#ORPHAN	pearl_vrcam/textures/campground_map.dds
#ORPHAN	pearl_vrcam/textures/campground_mountains_color_01.dds
#ORPHAN	pearl_vrcam/textures/campground_sky_color_01.dds
#ORPHAN	pearl_vrcam/textures/campground_snow_color_01.dds
#ORPHAN	pearl_vrcam/textures/campground_snow_color_03.dds
#ORPHAN	pearl_vrcam/textures/cardboard_map.dds
#ORPHAN	pearl_vrcam/textures/cardboardboxa_map.dds
#ORPHAN	pearl_vrcam/textures/cardboardnolid_map.dds
#ORPHAN	pearl_vrcam/textures/carparkedonbeach_sand_color_01.dds
#ORPHAN	pearl_vrcam/textures/carparkedonbeach_sky_color_01.dds
#ORPHAN	pearl_vrcam/textures/carparkedonbeachnight_map.dds
#ORPHAN	pearl_vrcam/textures/carparkedonbeachnight_mountains_color_01.dds
#ORPHAN	pearl_vrcam/textures/carpearlnewsurf_dark.dds
#ORPHAN	pearl_vrcam/textures/carpearlnewsurf_light.dds
#ORPHAN	pearl_vrcam/textures/carpearlnewsurf_reflection.dds
#ORPHAN	pearl_vrcam/textures/carpearloutside_map.dds
#ORPHAN	pearl_vrcam/textures/carpearlweeds_map.dds
#ORPHAN	pearl_vrcam/textures/carpearlweeds_windows_color_01.dds
#ORPHAN	pearl_vrcam/textures/carpearlweeds_windows_left.dds
#ORPHAN	pearl_vrcam/textures/cheappen_map.dds
#ORPHAN	pearl_vrcam/textures/copcar_map.dds
#ORPHAN	pearl_vrcam/textures/copcar_people_map.dds
#ORPHAN	pearl_vrcam/textures/cornstalks_bg.dds
#ORPHAN	pearl_vrcam/textures/countfair_sky_color_01.dds
#ORPHAN	pearl_vrcam/textures/countyfair_map.dds
#ORPHAN	pearl_vrcam/textures/countyfair_mountains_color_01.dds
#ORPHAN	pearl_vrcam/textures/countyfair_tree_color_03.dds
#ORPHAN	pearl_vrcam/textures/countyfair_trees_color_01.dds
#ORPHAN	pearl_vrcam/textures/countyfair_trees_color_02.dds
#ORPHAN	pearl_vrcam/textures/cupholder_map.dds
#ORPHAN	pearl_vrcam/textures/curtain_shad.dds
#ORPHAN	pearl_vrcam/textures/dadmiddleaged_hair.dds
#ORPHAN	pearl_vrcam/textures/dadmiddleaged_hair_dark.dds
#ORPHAN	pearl_vrcam/textures/dadmiddleagedface_dark.dds
#ORPHAN	pearl_vrcam/textures/dadmiddleagedface_diffuse.dds
#ORPHAN	pearl_vrcam/textures/dadold_dark.dds
#ORPHAN	pearl_vrcam/textures/dadold_face_dark.dds
#ORPHAN	pearl_vrcam/textures/dadold_face_map.dds
#ORPHAN	pearl_vrcam/textures/dadold_hair.dds
#ORPHAN	pearl_vrcam/textures/dadold_hair_dark.dds
#ORPHAN	pearl_vrcam/textures/dadold_hands_dark.dds
#ORPHAN	pearl_vrcam/textures/dadold_hands_map.dds
#ORPHAN	pearl_vrcam/textures/dadold_map.dds
#ORPHAN	pearl_vrcam/textures/dadsshoe_map.dds
#ORPHAN	pearl_vrcam/textures/dadyoung_bizshirt.dds
#ORPHAN	pearl_vrcam/textures/dadyoung_hair.dds
#ORPHAN	pearl_vrcam/textures/dadyoung_hair_dark.dds
#ORPHAN	pearl_vrcam/textures/dadyoung_jacket.dds
#ORPHAN	pearl_vrcam/textures/dadyoung_pants_diffuse.dds
#ORPHAN	pearl_vrcam/textures/dadyoungarms_dark.dds
#ORPHAN	pearl_vrcam/textures/dadyoungarms_diffuse.dds
#ORPHAN	pearl_vrcam/textures/dadyoungface_dark.dds
#ORPHAN	pearl_vrcam/textures/dadyoungface_diffuse.dds
#ORPHAN	pearl_vrcam/textures/dadyoungshirt.dds
#ORPHAN	pearl_vrcam/textures/dadyoungshirt_dark.dds
#ORPHAN	pearl_vrcam/textures/dadyoungsurf_map.dds
#ORPHAN	pearl_vrcam/textures/dadyoungsurf_map_dark.dds
#ORPHAN	pearl_vrcam/textures/dadyoungvest_dark_painted.dds
#ORPHAN	pearl_vrcam/textures/dadyoungvest_diffuse_painted.dds
#ORPHAN	pearl_vrcam/textures/dash.dds
#ORPHAN	pearl_vrcam/textures/dash_map.dds
#ORPHAN	pearl_vrcam/textures/deserthighway_cable_color_01.dds
#ORPHAN	pearl_vrcam/textures/deserthighway_exitsign_color_01.dds
#ORPHAN	pearl_vrcam/textures/deserthighway_giantboulder_color_01.dds
#ORPHAN	pearl_vrcam/textures/deserthighway_pavement_color_01.dds
#ORPHAN	pearl_vrcam/textures/deserthighway_sky_color_01.dds
#ORPHAN	pearl_vrcam/textures/deserthighway_transmissiontowers_color_01.dds
#ORPHAN	pearl_vrcam/textures/deserthighwaysurf_v012_map.dds
#ORPHAN	pearl_vrcam/textures/distantmountains_colormap.dds
#ORPHAN	pearl_vrcam/textures/doors.dds
#ORPHAN	pearl_vrcam/textures/drummer_body_dark.dds
#ORPHAN	pearl_vrcam/textures/drummer_body_map.dds
#ORPHAN	pearl_vrcam/textures/drummer_hair.dds
#ORPHAN	pearl_vrcam/textures/drummer_hair_dark.dds
#ORPHAN	pearl_vrcam/textures/drummer_shirts_map.dds
#ORPHAN	pearl_vrcam/textures/fastfooddrink_map.dds
#ORPHAN	pearl_vrcam/textures/floor_map.dds
#ORPHAN	pearl_vrcam/textures/friendshouse_map.dds
#ORPHAN	pearl_vrcam/textures/friendshouse_sky_color_01.dds
#ORPHAN	pearl_vrcam/textures/friendshouse_window_color_01.dds
#ORPHAN	pearl_vrcam/textures/front_map.dds
#ORPHAN	pearl_vrcam/textures/frontseat.dds
#ORPHAN	pearl_vrcam/textures/genericboy_map.dds
#ORPHAN	pearl_vrcam/textures/genericgirl_body_dark.dds
#ORPHAN	pearl_vrcam/textures/genericgirl_body_map.dds
#ORPHAN	pearl_vrcam/textures/genericgirl_dark.dds
#ORPHAN	pearl_vrcam/textures/genericgirl_hair.dds
#ORPHAN	pearl_vrcam/textures/genericgirl_hair_dark.dds
#ORPHAN	pearl_vrcam/textures/genericgirl_map.dds
#ORPHAN	pearl_vrcam/textures/genericgirl_shirt_dark.dds
#ORPHAN	pearl_vrcam/textures/genericgirl_shirt_map.dds
#ORPHAN	pearl_vrcam/textures/generickid_body_dark.dds
#ORPHAN	pearl_vrcam/textures/generickid_body_map.dds
#ORPHAN	pearl_vrcam/textures/generickid_dark.dds
#ORPHAN	pearl_vrcam/textures/generickid_hair.dds
#ORPHAN	pearl_vrcam/textures/generickid_hair_dark.dds
#ORPHAN	pearl_vrcam/textures/generickid_map.dds
#ORPHAN	pearl_vrcam/textures/generickid_shirt_dark.dds
#ORPHAN	pearl_vrcam/textures/generickid_shirt_map.dds
#ORPHAN	pearl_vrcam/textures/genericman_a_map.dds
#ORPHAN	pearl_vrcam/textures/genericman_c_map.dds
#ORPHAN	pearl_vrcam/textures/genericman_d_map.dds
#ORPHAN	pearl_vrcam/textures/genericman_e_map.dds
#ORPHAN	pearl_vrcam/textures/genericwoman_b_map.dds
#ORPHAN	pearl_vrcam/textures/genericwoman_d_map.dds
#ORPHAN	pearl_vrcam/textures/genericwoman_e_map.dds
#ORPHAN	pearl_vrcam/textures/guitarist_blouse_diffuse.dds
#ORPHAN	pearl_vrcam/textures/guitarist_body_dark.dds
#ORPHAN	pearl_vrcam/textures/guitarist_body_map.dds
#ORPHAN	pearl_vrcam/textures/guitarist_dark.dds
#ORPHAN	pearl_vrcam/textures/guitarist_hair.dds
#ORPHAN	pearl_vrcam/textures/guitarist_hair_dark.dds
#ORPHAN	pearl_vrcam/textures/guitarist_map.dds
#ORPHAN	pearl_vrcam/textures/guitarist_shirt_dark.dds
#ORPHAN	pearl_vrcam/textures/guitarist_shirt_map.dds
#ORPHAN	pearl_vrcam/textures/guitarist_tanktop_diffuse.dds
#ORPHAN	pearl_vrcam/textures/gymbag_map.dds
#ORPHAN	pearl_vrcam/textures/infrontofschool_ground_color_01.dds
#ORPHAN	pearl_vrcam/textures/infrontofschool_map.dds
#ORPHAN	pearl_vrcam/textures/infrontofschool_sky_color_01.dds
#ORPHAN	pearl_vrcam/textures/infrontofschool_trees_color_01.dds
#ORPHAN	pearl_vrcam/textures/junkyard_barrel_color_01.dds
#ORPHAN	pearl_vrcam/textures/junkyard_bush01_color_01.dds
#ORPHAN	pearl_vrcam/textures/junkyard_bush02_color_01.dds
#ORPHAN	pearl_vrcam/textures/junkyard_bush03_color_01.dds
#ORPHAN	pearl_vrcam/textures/junkyard_car01_color_01.dds
#ORPHAN	pearl_vrcam/textures/junkyard_ground01_color_02.dds
#ORPHAN	pearl_vrcam/textures/junkyard_ground02_color_01.dds
#ORPHAN	pearl_vrcam/textures/junkyard_ground04_color_01.dds
#ORPHAN	pearl_vrcam/textures/junkyard_sky_color_01.dds
#ORPHAN	pearl_vrcam/textures/junkyard_tires_color_01.dds
#ORPHAN	pearl_vrcam/textures/junkyard_tree01_color_01.dds
#ORPHAN	pearl_vrcam/textures/junkyard_tree02_color_01.dds
#ORPHAN	pearl_vrcam/textures/junkyard_tree03_color_01.dds
#ORPHAN	pearl_vrcam/textures/junkyard_tree04_color_01.dds
#ORPHAN	pearl_vrcam/textures/junkyard_tree05_color_01.dds
#ORPHAN	pearl_vrcam/textures/junkyard_tree06_color_01.dds
#ORPHAN	pearl_vrcam/textures/junkyard_tree07_color_01.dds
#ORPHAN	pearl_vrcam/textures/junkyard_tree08_color_01.dds
#ORPHAN	pearl_vrcam/textures/junkyard_tree09_color_01.dds
#ORPHAN	pearl_vrcam/textures/junkyard_truck_color_01.dds
#ORPHAN	pearl_vrcam/textures/legalpad_map.dds
#ORPHAN	pearl_vrcam/textures/mainstreet_assets.dds
#ORPHAN	pearl_vrcam/textures/mainstreetsurf_map.dds
#ORPHAN	pearl_vrcam/textures/map.dds
#ORPHAN	pearl_vrcam/textures/meadowlarksign.dds
#ORPHAN	pearl_vrcam/textures/milkcrate_map.dds
#ORPHAN	pearl_vrcam/textures/misc.dds
#ORPHAN	pearl_vrcam/textures/misc_map.dds
#ORPHAN	pearl_vrcam/textures/mobilehomepark_cable_color_01.dds
#ORPHAN	pearl_vrcam/textures/mobilehomepark_chainlinkedfence_color_01.dds
#ORPHAN	pearl_vrcam/textures/mobilehomepark_grass_color_01.dds
#ORPHAN	pearl_vrcam/textures/mobilehomepark_map.dds
#ORPHAN	pearl_vrcam/textures/mobilehomepark_road_color_01.dds
#ORPHAN	pearl_vrcam/textures/mobilehomepark_sky_color_01.dds
#ORPHAN	pearl_vrcam/textures/mobilehomepark_transmissiontowers_color_01.dds
#ORPHAN	pearl_vrcam/textures/mountainroadtunnel_distantmountains_color_01.dds
#ORPHAN	pearl_vrcam/textures/mountainroadtunnel_map.dds
#ORPHAN	pearl_vrcam/textures/mountainroadtunnel_midgroundmountains_color_01.dds
#ORPHAN	pearl_vrcam/textures/mountainroadtunnel_sky_color_01.dds
#ORPHAN	pearl_vrcam/textures/newspaperwrappertexture5.dds
#ORPHAN	pearl_vrcam/textures/nexttopark_bows_color_01.dds
#ORPHAN	pearl_vrcam/textures/nexttopark_bush_color_01.dds
#ORPHAN	pearl_vrcam/textures/nexttopark_logs_color_01.dds
#ORPHAN	pearl_vrcam/textures/nexttopark_map.dds
#ORPHAN	pearl_vrcam/textures/nexttopark_mountains_color_01.dds
#ORPHAN	pearl_vrcam/textures/nexttopark_mountains_color_02.dds
#ORPHAN	pearl_vrcam/textures/nexttopark_rockwall_color_01.dds
#ORPHAN	pearl_vrcam/textures/nexttopark_signs_color_01.dds
#ORPHAN	pearl_vrcam/textures/nexttopark_signs_color_02.dds
#ORPHAN	pearl_vrcam/textures/nexttopark_sky_color_01.dds
#ORPHAN	pearl_vrcam/textures/nexttopark_sky_color_02.dds
#ORPHAN	pearl_vrcam/textures/nexttopark_snowman_color_01.dds
#ORPHAN	pearl_vrcam/textures/nightforest_color_01.dds
#ORPHAN	pearl_vrcam/textures/outsidemall_light_color_01.dds
#ORPHAN	pearl_vrcam/textures/outsidemall_map.dds
#ORPHAN	pearl_vrcam/textures/outsidemall_mountains_color_01.dds
#ORPHAN	pearl_vrcam/textures/outsidemall_mountains_color_02.dds
#ORPHAN	pearl_vrcam/textures/outsidemall_sky_color_01.dds
#ORPHAN	pearl_vrcam/textures/outsidemall_trees_color_01.dds
#ORPHAN	pearl_vrcam/textures/outsidemall_trees_color_02.dds
#ORPHAN	pearl_vrcam/textures/outskirtsofsmalltown_chainlinkedfence_color_01.dds
#ORPHAN	pearl_vrcam/textures/outskirtsofsmalltown_color_01.dds
#ORPHAN	pearl_vrcam/textures/outskirtsofsmalltown_sky_color_01.dds
#ORPHAN	pearl_vrcam/textures/outskirtsofsmalltownsurf_map.dds
#ORPHAN	pearl_vrcam/textures/posters_clr.dds
#ORPHAN	pearl_vrcam/textures/posters_color_01.dds
#ORPHAN	pearl_vrcam/textures/romancandle_map.dds
#ORPHAN	pearl_vrcam/textures/saraadult_body_dark.dds
#ORPHAN	pearl_vrcam/textures/saraadult_body_map.dds
#ORPHAN	pearl_vrcam/textures/saraadult_body_map_rocker.dds
#ORPHAN	pearl_vrcam/textures/saraadult_body_map_rocker_dark.dds
#ORPHAN	pearl_vrcam/textures/saraadult_dark.dds
#ORPHAN	pearl_vrcam/textures/saraadult_hair.dds
#ORPHAN	pearl_vrcam/textures/saraadult_hair_dark.dds
#ORPHAN	pearl_vrcam/textures/saraadult_map.dds
#ORPHAN	pearl_vrcam/textures/saraadult_rockhair.dds
#ORPHAN	pearl_vrcam/textures/saraadult_rockoutfit.dds
#ORPHAN	pearl_vrcam/textures/saraadult_shirts_dark.dds
#ORPHAN	pearl_vrcam/textures/saraadult_shirts_map.dds
#ORPHAN	pearl_vrcam/textures/sarakid_hair.dds
#ORPHAN	pearl_vrcam/textures/sarakid_hair_dark.dds
#ORPHAN	pearl_vrcam/textures/sarakid_longsleevedshirt.dds
#ORPHAN	pearl_vrcam/textures/sarakidbody.dds
#ORPHAN	pearl_vrcam/textures/sarakidshirt_dark.dds
#ORPHAN	pearl_vrcam/textures/sarakidshirt_map.dds
#ORPHAN	pearl_vrcam/textures/sarakidsurf_map.dds
#ORPHAN	pearl_vrcam/textures/sarakidsurf_map_dark.dds
#ORPHAN	pearl_vrcam/textures/sarakidsurf_map_light.dds
#ORPHAN	pearl_vrcam/textures/sarasweater_dark.dds
#ORPHAN	pearl_vrcam/textures/sarasweater_map.dds
#ORPHAN	pearl_vrcam/textures/sarateen_hair.dds
#ORPHAN	pearl_vrcam/textures/sarateen_hair_dark.dds
#ORPHAN	pearl_vrcam/textures/sarateen_rightsock.dds
#ORPHAN	pearl_vrcam/textures/sarateenbody_blueleggings_dark.dds
#ORPHAN	pearl_vrcam/textures/sarateenbody_blueleggings_map.dds
#ORPHAN	pearl_vrcam/textures/sarateenbody_dark.dds
#ORPHAN	pearl_vrcam/textures/sarateenbody_map.dds
#ORPHAN	pearl_vrcam/textures/sarateenbody_norightsock.dds
#ORPHAN	pearl_vrcam/textures/sarateenbody_norightsock_dark.dds
#ORPHAN	pearl_vrcam/textures/sarateenshirt_dark.dds
#ORPHAN	pearl_vrcam/textures/sarateenshirt_map.dds
#ORPHAN	pearl_vrcam/textures/sarateenshirts_map.dds
#ORPHAN	pearl_vrcam/textures/sarateensurf_dark.dds
#ORPHAN	pearl_vrcam/textures/sarateensurf_map.dds
#ORPHAN	pearl_vrcam/textures/sc0150blankey.dds
#ORPHAN	pearl_vrcam/textures/sc0160setdressingcarintb_map.dds
#ORPHAN	pearl_vrcam/textures/sc0250setdressing_back.dds
#ORPHAN	pearl_vrcam/textures/sc0250setdressing_front.dds
#ORPHAN	pearl_vrcam/textures/sc0260setdressingcarintb_map.dds
#ORPHAN	pearl_vrcam/textures/sc0310setdressinga1_map.dds
#ORPHAN	pearl_vrcam/textures/sc0310setdressinga_vc_map.dds
#ORPHAN	pearl_vrcam/textures/sc0510setdressing_map.dds
#ORPHAN	pearl_vrcam/textures/sc0530setdressing_map.dds
#ORPHAN	pearl_vrcam/textures/semitruck_map.dds
#ORPHAN	pearl_vrcam/textures/sierravalleyhighway_map.dds
#ORPHAN	pearl_vrcam/textures/sierravalleyhwy_sky_color_01.dds
#ORPHAN	pearl_vrcam/textures/sierravalleyhwy_trees_color_01.dds
#ORPHAN	pearl_vrcam/textures/sierravalleyhwy_trees_color_02.dds
#ORPHAN	pearl_vrcam/textures/sign_clr.dds
#ORPHAN	pearl_vrcam/textures/sketchbook2.dds
#ORPHAN	pearl_vrcam/textures/skydome__05.40.dds
#ORPHAN	pearl_vrcam/textures/skydome_ramp.dds
#ORPHAN	pearl_vrcam/textures/sodacan_dark.dds
#ORPHAN	pearl_vrcam/textures/sodacan_hilight.dds
#ORPHAN	pearl_vrcam/textures/sodacan_map.dds
#ORPHAN	pearl_vrcam/textures/soldsign.dds
#ORPHAN	pearl_vrcam/textures/sq00s10_skydome_diffuse.dds
#ORPHAN	pearl_vrcam/textures/sq01s10light_junkyard_tree_mat_01_spot_diffuse.dds
#ORPHAN	pearl_vrcam/textures/sq01s10light_junkyard_tree_mat_02_spot_diffuse.dds
#ORPHAN	pearl_vrcam/textures/sq01s10light_junkyard_tree_mat_08_spot_diffuse.dds
#ORPHAN	pearl_vrcam/textures/sq0220setdressing_map.dds
#ORPHAN	pearl_vrcam/textures/sq02s10light_stationwagon_people_diffuse.dds
#ORPHAN	pearl_vrcam/textures/sq02s20light_acousticguitar_acousticguitar_highlight.dds
#ORPHAN	pearl_vrcam/textures/sq02s20light_beachball1_beachball_highlight.dds
#ORPHAN	pearl_vrcam/textures/sq02s20light_carpearlnew_carbody_highlight.dds
#ORPHAN	pearl_vrcam/textures/sq02s20light_carpearlnew_carseats_highlight.dds
#ORPHAN	pearl_vrcam/textures/sq02s20light_carpearlnew_carseats_shadow.dds
#ORPHAN	pearl_vrcam/textures/sq02s20light_dadyoungprodmodel_dadyoung_hair_highlight.dds
#ORPHAN	pearl_vrcam/textures/sq02s20light_dadyoungprodmodel_dadyoung_hair_shadow.dds
#ORPHAN	pearl_vrcam/textures/sq02s20light_sarakidprodmodel_sarakidbody_highlight.dds
#ORPHAN	pearl_vrcam/textures/sq02s20light_sarakidprodmodel_sarakidbody_shadow.dds
#ORPHAN	pearl_vrcam/textures/sq02s40light_staticman01_v001_diffuse.dds
#ORPHAN	pearl_vrcam/textures/sq03s10light_legalpad_highlight.dds
#ORPHAN	pearl_vrcam/textures/sq03s10light_sc0310setdressingb_cupholder_highlight.dds
#ORPHAN	pearl_vrcam/textures/sq03s10light_stationwagonprodmodel_stationwagon_people_diffuse.dds
#ORPHAN	pearl_vrcam/textures/sq03s50light_carpearlnew_carwindows_diffuse.dds
#ORPHAN	pearl_vrcam/textures/sq03s50light_carpearlnew_carwindows_diffuse2.dds
#ORPHAN	pearl_vrcam/textures/sq04s70light_red_light.dds
#ORPHAN	pearl_vrcam/textures/sq05s10light_carpearlnew_carmirror_left_diffuse.dds
#ORPHAN	pearl_vrcam/textures/sq05s10light_carpearlnew_carmirror_rear_diffuse.dds
#ORPHAN	pearl_vrcam/textures/sq05s10light_carpearlnew_carmirror_right_diffuse.dds
#ORPHAN	pearl_vrcam/textures/sq05s80light_carpearlnew_carbody_highlight.dds
#ORPHAN	pearl_vrcam/textures/sq05s90light_volvorig1_volvoprodmodel_volvo_diffuse.dds
#ORPHAN	pearl_vrcam/textures/sq06s30light_carpearlnew_windows_highlight.dds
#ORPHAN	pearl_vrcam/textures/sq06s30light_junkyard_tree_mat_01_spot_diffuse.dds
#ORPHAN	pearl_vrcam/textures/sq06s30light_junkyard_tree_mat_02_spot_diffuse.dds
#ORPHAN	pearl_vrcam/textures/sq06s30light_junkyard_tree_mat_08_spot_diffuse.dds
#ORPHAN	pearl_vrcam/textures/stripedbox_map.dds
#ORPHAN	pearl_vrcam/textures/stuffedanimalb_map.dds
#ORPHAN	pearl_vrcam/textures/tiremotionblur_color_01.dds
#ORPHAN	pearl_vrcam/textures/touristymountainstreet_sky_color_01.dds
#ORPHAN	pearl_vrcam/textures/towtruckprodmodel_map.dds
#ORPHAN	pearl_vrcam/textures/trailglowtex.dds
#ORPHAN	pearl_vrcam/textures/treelinedneighborhood_fence_color_01.dds
#ORPHAN	pearl_vrcam/textures/trunk.dds
#ORPHAN	pearl_vrcam/textures/uhaultruck_map.dds
#ORPHAN	pearl_vrcam/textures/uhaultruck_people_map.dds
#ORPHAN	pearl_vrcam/textures/xmasblankets_map.dds
#ORPHAN	pearlpackage/particles/steamafx.mxb
#ORPHAN	pearlpackage/particles/textures/dustsnow.dds
#ORPHAN	pearlpackage/shaders/override/balloon.pfb
#ORPHAN	pearlpackage/shaders/override/cdepth.pfb
#ORPHAN	pearlpackage/shaders/override/override.pfb
#ORPHAN	pearlpackage/shaders/posteffects/noisewarp.pfb
#ORPHAN	pearlpackage/textures/testgrid.dds
#ORPHAN	pearlpackage/textures/testpattern.dds
#ORPHAN	pearlpackage/textures/vrsplash.dds
