# ordinal	mangled	demangled
1	?$TSS0@?1??_RTTI@AnalyticsManager@MOXIE@@SAPEBVRTTI@3@XZ@4HA	int `public: static class MOXIE::RTTI const * __ptr64 __cdecl MOXIE::AnalyticsManager::_RTTI(void)'::`2'::$TSS0
2	?$TSS0@?1??_RTTI@AnimResource@MOXIE@@SAPEBVRTTI@3@XZ@4HA	int `public: static class MOXIE::RTTI const * __ptr64 __cdecl MOXIE::AnimResource::_RTTI(void)'::`2'::$TSS0
3	?$TSS0@?1??_RTTI@AnimationFlipbookSampler@MOXIE@@SAPEBVRTTI@3@XZ@4HA	int `public: static class MOXIE::RTTI const * __ptr64 __cdecl MOXIE::AnimationFlipbookSampler::_RTTI(void)'::`2'::$TSS0
4	?$TSS0@?1??_RTTI@AudioManager@MOXIE@@SAPEBVRTTI@3@XZ@4HA	int `public: static class MOXIE::RTTI const * __ptr64 __cdecl MOXIE::AudioManager::_RTTI(void)'::`2'::$TSS0
5	?$TSS0@?1??_RTTI@AudioResource@MOXIE@@SAPEBVRTTI@3@XZ@4HA	int `public: static class MOXIE::RTTI const * __ptr64 __cdecl MOXIE::AudioResource::_RTTI(void)'::`2'::$TSS0
6	?$TSS0@?1??_RTTI@BorderPaddedTextureResource@MOXIE@@SAPEBVRTTI@3@XZ@4HA	int `public: static class MOXIE::RTTI const * __ptr64 __cdecl MOXIE::BorderPaddedTextureResource::_RTTI(void)'::`2'::$TSS0
7	?$TSS0@?1??_RTTI@BufferObject@MOXIE@@SAPEAVRTTI@3@XZ@4HA	int `public: static class MOXIE::RTTI * __ptr64 __cdecl MOXIE::BufferObject::_RTTI(void)'::`2'::$TSS0
8	?$TSS0@?1??_RTTI@DepthResource@MOXIE@@SAPEBVRTTI@3@XZ@4HA	int `public: static class MOXIE::RTTI const * __ptr64 __cdecl MOXIE::DepthResource::_RTTI(void)'::`2'::$TSS0
9	?$TSS0@?1??_RTTI@EnableManager@MOXIE@@SAPEBVRTTI@3@XZ@4HA	int `public: static class MOXIE::RTTI const * __ptr64 __cdecl MOXIE::EnableManager::_RTTI(void)'::`2'::$TSS0
10	?$TSS0@?1??_RTTI@FBImageResource@MOXIE@@SAPEBVRTTI@3@XZ@4HA	int `public: static class MOXIE::RTTI const * __ptr64 __cdecl MOXIE::FBImageResource::_RTTI(void)'::`2'::$TSS0
11	?$TSS0@?1??_RTTI@FileSystem@MOXIE@@SAPEAVRTTI@3@XZ@4HA	int `public: static class MOXIE::RTTI * __ptr64 __cdecl MOXIE::FileSystem::_RTTI(void)'::`2'::$TSS0
12	?$TSS0@?1??_RTTI@FlipbookResource@MOXIE@@SAPEBVRTTI@3@XZ@4HA	int `public: static class MOXIE::RTTI const * __ptr64 __cdecl MOXIE::FlipbookResource::_RTTI(void)'::`2'::$TSS0
13	?$TSS0@?1??_RTTI@FlipbookSampler@MOXIE@@SAPEAVRTTI@3@XZ@4HA	int `public: static class MOXIE::RTTI * __ptr64 __cdecl MOXIE::FlipbookSampler::_RTTI(void)'::`2'::$TSS0
14	?$TSS0@?1??_RTTI@Font@MOXIE@@SAPEAVRTTI@3@XZ@4HA	int `public: static class MOXIE::RTTI * __ptr64 __cdecl MOXIE::Font::_RTTI(void)'::`2'::$TSS0
15	?$TSS0@?1??_RTTI@FontResource@MOXIE@@SAPEBVRTTI@3@XZ@4HA	int `public: static class MOXIE::RTTI const * __ptr64 __cdecl MOXIE::FontResource::_RTTI(void)'::`2'::$TSS0
16	?$TSS0@?1??_RTTI@GlobalTime@MOXIE@@SAPEBVRTTI@3@XZ@4HA	int `public: static class MOXIE::RTTI const * __ptr64 __cdecl MOXIE::GlobalTime::_RTTI(void)'::`2'::$TSS0
17	?$TSS0@?1??_RTTI@IService@MOXIE@@SAPEAVRTTI@3@XZ@4HA	int `public: static class MOXIE::RTTI * __ptr64 __cdecl MOXIE::IService::_RTTI(void)'::`2'::$TSS0
18	?$TSS0@?1??_RTTI@IndexBuffer@MOXIE@@SAPEBVRTTI@3@XZ@4HA	int `public: static class MOXIE::RTTI const * __ptr64 __cdecl MOXIE::IndexBuffer::_RTTI(void)'::`2'::$TSS0
19	?$TSS0@?1??_RTTI@InputManager@MOXIE@@SAPEBVRTTI@3@XZ@4HA	int `public: static class MOXIE::RTTI const * __ptr64 __cdecl MOXIE::InputManager::_RTTI(void)'::`2'::$TSS0
20	?$TSS0@?1??_RTTI@InternalFileSystem@MOXIE@@SAPEBVRTTI@3@XZ@4HA	int `public: static class MOXIE::RTTI const * __ptr64 __cdecl MOXIE::InternalFileSystem::_RTTI(void)'::`2'::$TSS0
21	?$TSS0@?1??_RTTI@LAllocator@MOXIE@@SAPEAVRTTI@3@XZ@4HA	int `public: static class MOXIE::RTTI * __ptr64 __cdecl MOXIE::LAllocator::_RTTI(void)'::`2'::$TSS0
22	?$TSS0@?1??_RTTI@LApi@MOXIE@@SAPEAVRTTI@3@XZ@4HA	int `public: static class MOXIE::RTTI * __ptr64 __cdecl MOXIE::LApi::_RTTI(void)'::`2'::$TSS0
23	?$TSS0@?1??_RTTI@LApiActorClampLayer@duet@@SAPEBVRTTI@MOXIE@@XZ@4HA	int `public: static class MOXIE::RTTI const * __ptr64 __cdecl duet::LApiActorClampLayer::_RTTI(void)'::`2'::$TSS0
24	?$TSS0@?1??_RTTI@LApiActorMover@duet@@SAPEBVRTTI@MOXIE@@XZ@4HA	int `public: static class MOXIE::RTTI const * __ptr64 __cdecl duet::LApiActorMover::_RTTI(void)'::`2'::$TSS0
25	?$TSS0@?1??_RTTI@LApiActorMoverLayer@duet@@SAPEBVRTTI@MOXIE@@XZ@4HA	int `public: static class MOXIE::RTTI const * __ptr64 __cdecl duet::LApiActorMoverLayer::_RTTI(void)'::`2'::$TSS0
26	?$TSS0@?1??_RTTI@LApiActorVignette@duet@@SAPEBVRTTI@MOXIE@@XZ@4HA	int `public: static class MOXIE::RTTI const * __ptr64 __cdecl duet::LApiActorVignette::_RTTI(void)'::`2'::$TSS0
27	?$TSS0@?1??_RTTI@LApiActorsLayer@duet@@SAPEBVRTTI@MOXIE@@XZ@4HA	int `public: static class MOXIE::RTTI const * __ptr64 __cdecl duet::LApiActorsLayer::_RTTI(void)'::`2'::$TSS0
28	?$TSS0@?1??_RTTI@LApiBoomLayer@duet@@SAPEBVRTTI@MOXIE@@XZ@4HA	int `public: static class MOXIE::RTTI const * __ptr64 __cdecl duet::LApiBoomLayer::_RTTI(void)'::`2'::$TSS0
29	?$TSS0@?1??_RTTI@LApiBoundsLayer@duet@@SAPEBVRTTI@MOXIE@@XZ@4HA	int `public: static class MOXIE::RTTI const * __ptr64 __cdecl duet::LApiBoundsLayer::_RTTI(void)'::`2'::$TSS0
30	?$TSS0@?1??_RTTI@LApiCameraRig@duet@@SAPEBVRTTI@MOXIE@@XZ@4HA	int `public: static class MOXIE::RTTI const * __ptr64 __cdecl duet::LApiCameraRig::_RTTI(void)'::`2'::$TSS0
31	?$TSS0@?1??_RTTI@LApiDuet@duet@@SAPEBVRTTI@MOXIE@@XZ@4HA	int `public: static class MOXIE::RTTI const * __ptr64 __cdecl duet::LApiDuet::_RTTI(void)'::`2'::$TSS0
32	?$TSS0@?1??_RTTI@LApiDuetScene@duet@@SAPEBVRTTI@MOXIE@@XZ@4HA	int `public: static class MOXIE::RTTI const * __ptr64 __cdecl duet::LApiDuetScene::_RTTI(void)'::`2'::$TSS0
33	?$TSS0@?1??_RTTI@LApiFlipbookDriver@duet@@SAPEBVRTTI@MOXIE@@XZ@4HA	int `public: static class MOXIE::RTTI const * __ptr64 __cdecl duet::LApiFlipbookDriver::_RTTI(void)'::`2'::$TSS0
34	?$TSS0@?1??_RTTI@LApiGlowAlpha@duet@@SAPEBVRTTI@MOXIE@@XZ@4HA	int `public: static class MOXIE::RTTI const * __ptr64 __cdecl duet::LApiGlowAlpha::_RTTI(void)'::`2'::$TSS0
35	?$TSS0@?1??_RTTI@LApiGlowFader@duet@@SAPEBVRTTI@MOXIE@@XZ@4HA	int `public: static class MOXIE::RTTI const * __ptr64 __cdecl duet::LApiGlowFader::_RTTI(void)'::`2'::$TSS0
36	?$TSS0@?1??_RTTI@LApiInputLayer@duet@@SAPEBVRTTI@MOXIE@@XZ@4HA	int `public: static class MOXIE::RTTI const * __ptr64 __cdecl duet::LApiInputLayer::_RTTI(void)'::`2'::$TSS0
37	?$TSS0@?1??_RTTI@LApiIntroEnvControl@duet@@SAPEBVRTTI@MOXIE@@XZ@4HA	int `public: static class MOXIE::RTTI const * __ptr64 __cdecl duet::LApiIntroEnvControl::_RTTI(void)'::`2'::$TSS0
38	?$TSS0@?1??_RTTI@LApiLookAtDetector@duet@@SAPEBVRTTI@MOXIE@@XZ@4HA	int `public: static class MOXIE::RTTI const * __ptr64 __cdecl duet::LApiLookAtDetector::_RTTI(void)'::`2'::$TSS0
39	?$TSS0@?1??_RTTI@LApiLookAtLayer@duet@@SAPEBVRTTI@MOXIE@@XZ@4HA	int `public: static class MOXIE::RTTI const * __ptr64 __cdecl duet::LApiLookAtLayer::_RTTI(void)'::`2'::$TSS0
40	?$TSS0@?1??_RTTI@LApiLuaProfiler@luaProfiler@MOXIE@@SAPEBVRTTI@4@XZ@4HA	int `public: static class MOXIE::RTTI const * __ptr64 __cdecl MOXIE::luaProfiler::LApiLuaProfiler::_RTTI(void)'::`2'::$TSS0
41	?$TSS0@?1??_RTTI@LApiMasterBlender@duet@@SAPEBVRTTI@MOXIE@@XZ@4HA	int `public: static class MOXIE::RTTI const * __ptr64 __cdecl duet::LApiMasterBlender::_RTTI(void)'::`2'::$TSS0
42	?$TSS0@?1??_RTTI@LApiParticlesController@duet@@SAPEBVRTTI@MOXIE@@XZ@4HA	int `public: static class MOXIE::RTTI const * __ptr64 __cdecl duet::LApiParticlesController::_RTTI(void)'::`2'::$TSS0
43	?$TSS0@?1??_RTTI@LApiProxyLayer@duet@@SAPEBVRTTI@MOXIE@@XZ@4HA	int `public: static class MOXIE::RTTI const * __ptr64 __cdecl duet::LApiProxyLayer::_RTTI(void)'::`2'::$TSS0
44	?$TSS0@?1??_RTTI@LApiSegmentManager@duet@@SAPEBVRTTI@MOXIE@@XZ@4HA	int `public: static class MOXIE::RTTI const * __ptr64 __cdecl duet::LApiSegmentManager::_RTTI(void)'::`2'::$TSS0
45	?$TSS0@?1??_RTTI@LApiSoftTrack@duet@@SAPEBVRTTI@MOXIE@@XZ@4HA	int `public: static class MOXIE::RTTI const * __ptr64 __cdecl duet::LApiSoftTrack::_RTTI(void)'::`2'::$TSS0
46	?$TSS0@?1??_RTTI@LApiStarBlendLayer@duet@@SAPEBVRTTI@MOXIE@@XZ@4HA	int `public: static class MOXIE::RTTI const * __ptr64 __cdecl duet::LApiStarBlendLayer::_RTTI(void)'::`2'::$TSS0
47	?$TSS0@?1??_RTTI@LApiTrackingLayer@duet@@SAPEBVRTTI@MOXIE@@XZ@4HA	int `public: static class MOXIE::RTTI const * __ptr64 __cdecl duet::LApiTrackingLayer::_RTTI(void)'::`2'::$TSS0
48	?$TSS0@?1??_RTTI@LApiTrackingManager@duet@@SAPEBVRTTI@MOXIE@@XZ@4HA	int `public: static class MOXIE::RTTI const * __ptr64 __cdecl duet::LApiTrackingManager::_RTTI(void)'::`2'::$TSS0
49	?$TSS0@?1??_RTTI@LApiTrackingTarget@duet@@SAPEBVRTTI@MOXIE@@XZ@4HA	int `public: static class MOXIE::RTTI const * __ptr64 __cdecl duet::LApiTrackingTarget::_RTTI(void)'::`2'::$TSS0
50	?$TSS0@?1??_RTTI@LApiUtil@duet@@SAPEBVRTTI@MOXIE@@XZ@4HA	int `public: static class MOXIE::RTTI const * __ptr64 __cdecl duet::LApiUtil::_RTTI(void)'::`2'::$TSS0
51	?$TSS0@?1??_RTTI@LAudioEmitter@MOXIE@@SAPEAVRTTI@3@XZ@4HA	int `public: static class MOXIE::RTTI * __ptr64 __cdecl MOXIE::LAudioEmitter::_RTTI(void)'::`2'::$TSS0
52	?$TSS0@?1??_RTTI@LBlockAllocator@MOXIE@@SAPEBVRTTI@3@XZ@4HA	int `public: static class MOXIE::RTTI const * __ptr64 __cdecl MOXIE::LBlockAllocator::_RTTI(void)'::`2'::$TSS0
53	?$TSS0@?1??_RTTI@LComponent@MOXIE@@SAPEBVRTTI@3@XZ@4HA	int `public: static class MOXIE::RTTI const * __ptr64 __cdecl MOXIE::LComponent::_RTTI(void)'::`2'::$TSS0
54	?$TSS0@?1??_RTTI@LocalFileSystem@MOXIE@@SAPEBVRTTI@3@XZ@4HA	int `public: static class MOXIE::RTTI const * __ptr64 __cdecl MOXIE::LocalFileSystem::_RTTI(void)'::`2'::$TSS0
55	?$TSS0@?1??_RTTI@ModelResource@MOXIE@@SAPEBVRTTI@3@XZ@4HA	int `public: static class MOXIE::RTTI const * __ptr64 __cdecl MOXIE::ModelResource::_RTTI(void)'::`2'::$TSS0
56	?$TSS0@?1??_RTTI@NestedFileSystem@MOXIE@@SAPEBVRTTI@3@XZ@4HA	int `public: static class MOXIE::RTTI const * __ptr64 __cdecl MOXIE::NestedFileSystem::_RTTI(void)'::`2'::$TSS0
57	?$TSS0@?1??_RTTI@NetworkFileSystem@MOXIE@@SAPEBVRTTI@3@XZ@4HA	int `public: static class MOXIE::RTTI const * __ptr64 __cdecl MOXIE::NetworkFileSystem::_RTTI(void)'::`2'::$TSS0
58	?$TSS0@?1??_RTTI@PackageFileSystem@MOXIE@@SAPEBVRTTI@3@XZ@4HA	int `public: static class MOXIE::RTTI const * __ptr64 __cdecl MOXIE::PackageFileSystem::_RTTI(void)'::`2'::$TSS0
59	?$TSS0@?1??_RTTI@ParticleSystemResource@MOXIE@@SAPEBVRTTI@3@XZ@4HA	int `public: static class MOXIE::RTTI const * __ptr64 __cdecl MOXIE::ParticleSystemResource::_RTTI(void)'::`2'::$TSS0
60	?$TSS0@?1??_RTTI@PhysicsManager@MOXIE@@SAPEBVRTTI@3@XZ@4HA	int `public: static class MOXIE::RTTI const * __ptr64 __cdecl MOXIE::PhysicsManager::_RTTI(void)'::`2'::$TSS0
61	?$TSS0@?1??_RTTI@PipelineStateResource@MOXIE@@SAPEBVRTTI@3@XZ@4HA	int `public: static class MOXIE::RTTI const * __ptr64 __cdecl MOXIE::PipelineStateResource::_RTTI(void)'::`2'::$TSS0
62	?$TSS0@?1??_RTTI@PosteffectResource@MOXIE@@SAPEBVRTTI@3@XZ@4HA	int `public: static class MOXIE::RTTI const * __ptr64 __cdecl MOXIE::PosteffectResource::_RTTI(void)'::`2'::$TSS0
63	?$TSS0@?1??_RTTI@RenderDebug@MOXIE@@SAPEBVRTTI@3@XZ@4HA	int `public: static class MOXIE::RTTI const * __ptr64 __cdecl MOXIE::RenderDebug::_RTTI(void)'::`2'::$TSS0
64	?$TSS0@?1??_RTTI@RenderDevice@MOXIE@@SAPEBVRTTI@3@XZ@4HA	int `public: static class MOXIE::RTTI const * __ptr64 __cdecl MOXIE::RenderDevice::_RTTI(void)'::`2'::$TSS0
65	?$TSS0@?1??_RTTI@RenderManager@MOXIE@@SAPEBVRTTI@3@XZ@4HA	int `public: static class MOXIE::RTTI const * __ptr64 __cdecl MOXIE::RenderManager::_RTTI(void)'::`2'::$TSS0
66	?$TSS0@?1??_RTTI@RenderTarget@MOXIE@@SAPEAVRTTI@3@XZ@4HA	int `public: static class MOXIE::RTTI * __ptr64 __cdecl MOXIE::RenderTarget::_RTTI(void)'::`2'::$TSS0
67	?$TSS0@?1??_RTTI@Resource@MOXIE@@SAPEAVRTTI@3@XZ@4HA	int `public: static class MOXIE::RTTI * __ptr64 __cdecl MOXIE::Resource::_RTTI(void)'::`2'::$TSS0
68	?$TSS0@?1??_RTTI@ResourceManager@MOXIE@@SAPEBVRTTI@3@XZ@4HA	int `public: static class MOXIE::RTTI const * __ptr64 __cdecl MOXIE::ResourceManager::_RTTI(void)'::`2'::$TSS0
69	?$TSS0@?1??_RTTI@SGAnimator@MOXIE@@SAPEBVRTTI@3@XZ@4HA	int `public: static class MOXIE::RTTI const * __ptr64 __cdecl MOXIE::SGAnimator::_RTTI(void)'::`2'::$TSS0
70	?$TSS0@?1??_RTTI@SGAtmospherics@MOXIE@@SAPEBVRTTI@3@XZ@4HA	int `public: static class MOXIE::RTTI const * __ptr64 __cdecl MOXIE::SGAtmospherics::_RTTI(void)'::`2'::$TSS0
71	?$TSS0@?1??_RTTI@SGAttachmentProxy@MOXIE@@SAPEBVRTTI@3@XZ@4HA	int `public: static class MOXIE::RTTI const * __ptr64 __cdecl MOXIE::SGAttachmentProxy::_RTTI(void)'::`2'::$TSS0
72	?$TSS0@?1??_RTTI@SGCamera@MOXIE@@SAPEBVRTTI@3@XZ@4HA	int `public: static class MOXIE::RTTI const * __ptr64 __cdecl MOXIE::SGCamera::_RTTI(void)'::`2'::$TSS0
73	?$TSS0@?1??_RTTI@SGCameraController@MOXIE@@SAPEBVRTTI@3@XZ@4HA	int `public: static class MOXIE::RTTI const * __ptr64 __cdecl MOXIE::SGCameraController::_RTTI(void)'::`2'::$TSS0
74	?$TSS0@?1??_RTTI@SGComponent@MOXIE@@SAPEAVRTTI@3@XZ@4HA	int `public: static class MOXIE::RTTI * __ptr64 __cdecl MOXIE::SGComponent::_RTTI(void)'::`2'::$TSS0
75	?$TSS0@?1??_RTTI@SGCustomAnimator@MOXIE@@SAPEBVRTTI@3@XZ@4HA	int `public: static class MOXIE::RTTI const * __ptr64 __cdecl MOXIE::SGCustomAnimator::_RTTI(void)'::`2'::$TSS0
76	?$TSS0@?1??_RTTI@SGDebugCameraController@MOXIE@@SAPEBVRTTI@3@XZ@4HA	int `public: static class MOXIE::RTTI const * __ptr64 __cdecl MOXIE::SGDebugCameraController::_RTTI(void)'::`2'::$TSS0
77	?$TSS0@?1??_RTTI@SGDepth@MOXIE@@SAPEBVRTTI@3@XZ@4HA	int `public: static class MOXIE::RTTI const * __ptr64 __cdecl MOXIE::SGDepth::_RTTI(void)'::`2'::$TSS0
78	?$TSS0@?1??_RTTI@SGFog@MOXIE@@SAPEBVRTTI@3@XZ@4HA	int `public: static class MOXIE::RTTI const * __ptr64 __cdecl MOXIE::SGFog::_RTTI(void)'::`2'::$TSS0
79	?$TSS0@?1??_RTTI@SGFogAnimator@MOXIE@@SAPEBVRTTI@3@XZ@4HA	int `public: static class MOXIE::RTTI const * __ptr64 __cdecl MOXIE::SGFogAnimator::_RTTI(void)'::`2'::$TSS0
80	?$TSS0@?1??_RTTI@SGGroup@MOXIE@@SAPEBVRTTI@3@XZ@4HA	int `public: static class MOXIE::RTTI const * __ptr64 __cdecl MOXIE::SGGroup::_RTTI(void)'::`2'::$TSS0
81	?$TSS0@?1??_RTTI@SGLight@MOXIE@@SAPEBVRTTI@3@XZ@4HA	int `public: static class MOXIE::RTTI const * __ptr64 __cdecl MOXIE::SGLight::_RTTI(void)'::`2'::$TSS0
82	?$TSS0@?1??_RTTI@SGLightAnimator@MOXIE@@SAPEBVRTTI@3@XZ@4HA	int `public: static class MOXIE::RTTI const * __ptr64 __cdecl MOXIE::SGLightAnimator::_RTTI(void)'::`2'::$TSS0
83	?$TSS0@?1??_RTTI@SGMaterial@MOXIE@@SAPEBVRTTI@3@XZ@4HA	int `public: static class MOXIE::RTTI const * __ptr64 __cdecl MOXIE::SGMaterial::_RTTI(void)'::`2'::$TSS0
84	?$TSS0@?1??_RTTI@SGModelInstance@MOXIE@@SAPEBVRTTI@3@XZ@4HA	int `public: static class MOXIE::RTTI const * __ptr64 __cdecl MOXIE::SGModelInstance::_RTTI(void)'::`2'::$TSS0
85	?$TSS0@?1??_RTTI@SGNode@MOXIE@@SAPEAVRTTI@3@XZ@4HA	int `public: static class MOXIE::RTTI * __ptr64 __cdecl MOXIE::SGNode::_RTTI(void)'::`2'::$TSS0
86	?$TSS0@?1??_RTTI@SGParticleAnimator@MOXIE@@SAPEBVRTTI@3@XZ@4HA	int `public: static class MOXIE::RTTI const * __ptr64 __cdecl MOXIE::SGParticleAnimator::_RTTI(void)'::`2'::$TSS0
87	?$TSS0@?1??_RTTI@SGParticleEmitter@MOXIE@@SAPEBVRTTI@3@XZ@4HA	int `public: static class MOXIE::RTTI const * __ptr64 __cdecl MOXIE::SGParticleEmitter::_RTTI(void)'::`2'::$TSS0
88	?$TSS0@?1??_RTTI@SGProjector@MOXIE@@SAPEBVRTTI@3@XZ@4HA	int `public: static class MOXIE::RTTI const * __ptr64 __cdecl MOXIE::SGProjector::_RTTI(void)'::`2'::$TSS0
89	?$TSS0@?1??_RTTI@SGProjectorAnimator@MOXIE@@SAPEBVRTTI@3@XZ@4HA	int `public: static class MOXIE::RTTI const * __ptr64 __cdecl MOXIE::SGProjectorAnimator::_RTTI(void)'::`2'::$TSS0
90	?$TSS0@?1??_RTTI@SGRenderGraph@MOXIE@@SAPEBVRTTI@3@XZ@4HA	int `public: static class MOXIE::RTTI const * __ptr64 __cdecl MOXIE::SGRenderGraph::_RTTI(void)'::`2'::$TSS0
91	?$TSS0@?1??_RTTI@SGRenderGraphAnimator@MOXIE@@SAPEBVRTTI@3@XZ@4HA	int `public: static class MOXIE::RTTI const * __ptr64 __cdecl MOXIE::SGRenderGraphAnimator::_RTTI(void)'::`2'::$TSS0
92	?$TSS0@?1??_RTTI@SGReplay@MOXIE@@SAPEBVRTTI@3@XZ@4HA	int `public: static class MOXIE::RTTI const * __ptr64 __cdecl MOXIE::SGReplay::_RTTI(void)'::`2'::$TSS0
93	?$TSS0@?1??_RTTI@SGTransform@MOXIE@@SAPEBVRTTI@3@XZ@4HA	int `public: static class MOXIE::RTTI const * __ptr64 __cdecl MOXIE::SGTransform::_RTTI(void)'::`2'::$TSS0
94	?$TSS0@?1??_RTTI@SGVideo360Player@MOXIE@@SAPEBVRTTI@3@XZ@4HA	int `public: static class MOXIE::RTTI const * __ptr64 __cdecl MOXIE::SGVideo360Player::_RTTI(void)'::`2'::$TSS0
95	?$TSS0@?1??_RTTI@SGVideoCubePlayer@MOXIE@@SAPEBVRTTI@3@XZ@4HA	int `public: static class MOXIE::RTTI const * __ptr64 __cdecl MOXIE::SGVideoCubePlayer::_RTTI(void)'::`2'::$TSS0
96	?$TSS0@?1??_RTTI@SGVideoCubeRectPlayer@MOXIE@@SAPEBVRTTI@3@XZ@4HA	int `public: static class MOXIE::RTTI const * __ptr64 __cdecl MOXIE::SGVideoCubeRectPlayer::_RTTI(void)'::`2'::$TSS0
97	?$TSS0@?1??_RTTI@SGVideoLatLongPlayer@MOXIE@@SAPEBVRTTI@3@XZ@4HA	int `public: static class MOXIE::RTTI const * __ptr64 __cdecl MOXIE::SGVideoLatLongPlayer::_RTTI(void)'::`2'::$TSS0
98	?$TSS0@?1??_RTTI@SceneGraphResource@MOXIE@@SAPEBVRTTI@3@XZ@4HA	int `public: static class MOXIE::RTTI const * __ptr64 __cdecl MOXIE::SceneGraphResource::_RTTI(void)'::`2'::$TSS0
99	?$TSS0@?1??_RTTI@SceneManager@MOXIE@@SAPEBVRTTI@3@XZ@4HA	int `public: static class MOXIE::RTTI const * __ptr64 __cdecl MOXIE::SceneManager::_RTTI(void)'::`2'::$TSS0
100	?$TSS0@?1??_RTTI@ScriptManager@MOXIE@@SAPEBVRTTI@3@XZ@4HA	int `public: static class MOXIE::RTTI const * __ptr64 __cdecl MOXIE::ScriptManager::_RTTI(void)'::`2'::$TSS0
101	?$TSS0@?1??_RTTI@SensorManager@MOXIE@@SAPEBVRTTI@3@XZ@4HA	int `public: static class MOXIE::RTTI const * __ptr64 __cdecl MOXIE::SensorManager::_RTTI(void)'::`2'::$TSS0
102	?$TSS0@?1??_RTTI@Shader@MOXIE@@SAPEAVRTTI@3@XZ@4HA	int `public: static class MOXIE::RTTI * __ptr64 __cdecl MOXIE::Shader::_RTTI(void)'::`2'::$TSS0
103	?$TSS0@?1??_RTTI@ShaderGL_ES2@MOXIE@@SAPEBVRTTI@3@XZ@4HA	int `public: static class MOXIE::RTTI const * __ptr64 __cdecl MOXIE::ShaderGL_ES2::_RTTI(void)'::`2'::$TSS0
104	?$TSS0@?1??_RTTI@ShaderResource@MOXIE@@SAPEBVRTTI@3@XZ@4HA	int `public: static class MOXIE::RTTI const * __ptr64 __cdecl MOXIE::ShaderResource::_RTTI(void)'::`2'::$TSS0
105	?$TSS0@?1??_RTTI@StatManager@MOXIE@@SAPEBVRTTI@3@XZ@4HA	int `public: static class MOXIE::RTTI const * __ptr64 __cdecl MOXIE::StatManager::_RTTI(void)'::`2'::$TSS0
106	?$TSS0@?1??_RTTI@TextureResource@MOXIE@@SAPEBVRTTI@3@XZ@4HA	int `public: static class MOXIE::RTTI const * __ptr64 __cdecl MOXIE::TextureResource::_RTTI(void)'::`2'::$TSS0
107	?$TSS0@?1??_RTTI@UriManager@MOXIE@@SAPEBVRTTI@3@XZ@4HA	int `public: static class MOXIE::RTTI const * __ptr64 __cdecl MOXIE::UriManager::_RTTI(void)'::`2'::$TSS0
108	?$TSS0@?1??_RTTI@VertexBuffer@MOXIE@@SAPEBVRTTI@3@XZ@4HA	int `public: static class MOXIE::RTTI const * __ptr64 __cdecl MOXIE::VertexBuffer::_RTTI(void)'::`2'::$TSS0
109	?$TSS0@?1??_RTTI@VideoCubeResource@MOXIE@@SAPEBVRTTI@3@XZ@4HA	int `public: static class MOXIE::RTTI const * __ptr64 __cdecl MOXIE::VideoCubeResource::_RTTI(void)'::`2'::$TSS0
110	?$TSS0@?1??backtrace@LUtil@MOXIE@@SAPEBDPEAUlua_State@@@Z@4HA	int `public: static char const * __ptr64 __cdecl MOXIE::LUtil::backtrace(struct lua_State * __ptr64)'::`2'::$TSS0
111	?$TSS0@?1??error@LUtil@MOXIE@@SAPEBDPEAUlua_State@@PEBD@Z@4HA	int `public: static char const * __ptr64 __cdecl MOXIE::LUtil::error(struct lua_State * __ptr64,char const * __ptr64)'::`2'::$TSS0
112	?$TSS0@?1??getAxisW@Vector4@MOXIE@@SAAEBV23@XZ@4HA	int `public: static class MOXIE::Vector4 const & __ptr64 __cdecl MOXIE::Vector4::getAxisW(void)'::`2'::$TSS0
113	?$TSS0@?1??getAxisX@Vector2@MOXIE@@SAAEBV23@XZ@4HA	int `public: static class MOXIE::Vector2 const & __ptr64 __cdecl MOXIE::Vector2::getAxisX(void)'::`2'::$TSS0
114	?$TSS0@?1??getAxisX@Vector3@MOXIE@@SAAEBV23@XZ@4HA	int `public: static class MOXIE::Vector3 const & __ptr64 __cdecl MOXIE::Vector3::getAxisX(void)'::`2'::$TSS0
115	?$TSS0@?1??getAxisX@Vector4@MOXIE@@SAAEBV23@XZ@4HA	int `public: static class MOXIE::Vector4 const & __ptr64 __cdecl MOXIE::Vector4::getAxisX(void)'::`2'::$TSS0
116	?$TSS0@?1??getAxisY@Vector2@MOXIE@@SAAEBV23@XZ@4HA	int `public: static class MOXIE::Vector2 const & __ptr64 __cdecl MOXIE::Vector2::getAxisY(void)'::`2'::$TSS0
117	?$TSS0@?1??getAxisY@Vector3@MOXIE@@SAAEBV23@XZ@4HA	int `public: static class MOXIE::Vector3 const & __ptr64 __cdecl MOXIE::Vector3::getAxisY(void)'::`2'::$TSS0
118	?$TSS0@?1??getAxisY@Vector4@MOXIE@@SAAEBV23@XZ@4HA	int `public: static class MOXIE::Vector4 const & __ptr64 __cdecl MOXIE::Vector4::getAxisY(void)'::`2'::$TSS0
119	?$TSS0@?1??getAxisZ@Vector3@MOXIE@@SAAEBV23@XZ@4HA	int `public: static class MOXIE::Vector3 const & __ptr64 __cdecl MOXIE::Vector3::getAxisZ(void)'::`2'::$TSS0
120	?$TSS0@?1??getAxisZ@Vector4@MOXIE@@SAAEBV23@XZ@4HA	int `public: static class MOXIE::Vector4 const & __ptr64 __cdecl MOXIE::Vector4::getAxisZ(void)'::`2'::$TSS0
121	?$TSS0@?1??getIdentity@Matrix3@MOXIE@@SAAEBV23@XZ@4HA	int `public: static class MOXIE::Matrix3 const & __ptr64 __cdecl MOXIE::Matrix3::getIdentity(void)'::`2'::$TSS0
122	?$TSS0@?1??getIdentity@Matrix4@MOXIE@@SAAEBV23@XZ@4HA	int `public: static class MOXIE::Matrix4 const & __ptr64 __cdecl MOXIE::Matrix4::getIdentity(void)'::`2'::$TSS0
123	?$TSS0@?1??getIdentity@Quaternion@MOXIE@@SAAEBV23@XZ@4HA	int `public: static class MOXIE::Quaternion const & __ptr64 __cdecl MOXIE::Quaternion::getIdentity(void)'::`2'::$TSS0
124	?$TSS0@?1??getIdentity@Transform@MOXIE@@SAAEBV23@XZ@4HA	int `public: static class MOXIE::Transform const & __ptr64 __cdecl MOXIE::Transform::getIdentity(void)'::`2'::$TSS0
125	?$TSS0@?1??getInstance@DefaultAnimMixer@MOXIE@@SAPEAV23@XZ@4HA	int `public: static class MOXIE::DefaultAnimMixer * __ptr64 __cdecl MOXIE::DefaultAnimMixer::getInstance(void)'::`2'::$TSS0
126	?$TSS0@?1??getOne@Vector2@MOXIE@@SAAEBV23@XZ@4HA	int `public: static class MOXIE::Vector2 const & __ptr64 __cdecl MOXIE::Vector2::getOne(void)'::`2'::$TSS0
127	?$TSS0@?1??getOne@Vector3@MOXIE@@SAAEBV23@XZ@4HA	int `public: static class MOXIE::Vector3 const & __ptr64 __cdecl MOXIE::Vector3::getOne(void)'::`2'::$TSS0
128	?$TSS0@?1??getOne@Vector4@MOXIE@@SAAEBV23@XZ@4HA	int `public: static class MOXIE::Vector4 const & __ptr64 __cdecl MOXIE::Vector4::getOne(void)'::`2'::$TSS0
129	?$TSS0@?1??getZero@Matrix3@MOXIE@@SAAEBV23@XZ@4HA	int `public: static class MOXIE::Matrix3 const & __ptr64 __cdecl MOXIE::Matrix3::getZero(void)'::`2'::$TSS0
130	?$TSS0@?1??getZero@Matrix4@MOXIE@@SAAEBV23@XZ@4HA	int `public: static class MOXIE::Matrix4 const & __ptr64 __cdecl MOXIE::Matrix4::getZero(void)'::`2'::$TSS0
131	?$TSS0@?1??getZero@Vector2@MOXIE@@SAAEBV23@XZ@4HA	int `public: static class MOXIE::Vector2 const & __ptr64 __cdecl MOXIE::Vector2::getZero(void)'::`2'::$TSS0
132	?$TSS0@?1??getZero@Vector3@MOXIE@@SAAEBV23@XZ@4HA	int `public: static class MOXIE::Vector3 const & __ptr64 __cdecl MOXIE::Vector3::getZero(void)'::`2'::$TSS0
133	?$TSS0@?1??getZero@Vector4@MOXIE@@SAAEBV23@XZ@4HA	int `public: static class MOXIE::Vector4 const & __ptr64 __cdecl MOXIE::Vector4::getZero(void)'::`2'::$TSS0
134	?$TSS0@?1??invalid@Sound@MOXIE@@SAAEAV23@XZ@4HA	int `public: static class MOXIE::Sound & __ptr64 __cdecl MOXIE::Sound::invalid(void)'::`2'::$TSS0
135	??$write@C@BitStream@MOXIE@@QEAAXCH@Z	public: void __cdecl MOXIE::BitStream::write<signed char>(signed char,int) __ptr64
136	??$write@D@BitStream@MOXIE@@QEAAXDH@Z	public: void __cdecl MOXIE::BitStream::write<char>(char,int) __ptr64
137	??$write@E@BitStream@MOXIE@@QEAAXEH@Z	public: void __cdecl MOXIE::BitStream::write<unsigned char>(unsigned char,int) __ptr64
138	??$write@G@BitStream@MOXIE@@QEAAXGH@Z	public: void __cdecl MOXIE::BitStream::write<unsigned short>(unsigned short,int) __ptr64
139	??$write@H@BitStream@MOXIE@@QEAAXHH@Z	public: void __cdecl MOXIE::BitStream::write<int>(int,int) __ptr64
140	??$write@I@BitStream@MOXIE@@QEAAXIH@Z	public: void __cdecl MOXIE::BitStream::write<unsigned int>(unsigned int,int) __ptr64
141	??$write@_K@BitStream@MOXIE@@QEAAX_KH@Z	public: void __cdecl MOXIE::BitStream::write<unsigned __int64>(unsigned __int64,int) __ptr64
142	??$writeArray@C@BitStream@MOXIE@@QEAAXPEBCIH@Z	public: void __cdecl MOXIE::BitStream::writeArray<signed char>(signed char const * __ptr64,unsigned int,int) __ptr64
143	??$writeArray@D@BitStream@MOXIE@@QEAAXPEBDIH@Z	public: void __cdecl MOXIE::BitStream::writeArray<char>(char const * __ptr64,unsigned int,int) __ptr64
144	??$writeArray@E@BitStream@MOXIE@@QEAAXPEBEIH@Z	public: void __cdecl MOXIE::BitStream::writeArray<unsigned char>(unsigned char const * __ptr64,unsigned int,int) __ptr64
145	??$writeArray@G@BitStream@MOXIE@@QEAAXPEBGIH@Z	public: void __cdecl MOXIE::BitStream::writeArray<unsigned short>(unsigned short const * __ptr64,unsigned int,int) __ptr64
146	??$writeArray@H@BitStream@MOXIE@@QEAAXPEBHIH@Z	public: void __cdecl MOXIE::BitStream::writeArray<int>(int const * __ptr64,unsigned int,int) __ptr64
147	??$writeArray@I@BitStream@MOXIE@@QEAAXPEBIIH@Z	public: void __cdecl MOXIE::BitStream::writeArray<unsigned int>(unsigned int const * __ptr64,unsigned int,int) __ptr64
148	??0?$EngineService@VAnalyticsManager@MOXIE@@@MOXIE@@QEAA@AEBV01@@Z	public: __cdecl MOXIE::EngineService<class MOXIE::AnalyticsManager>::EngineService<class MOXIE::AnalyticsManager>(class MOXIE::EngineService<class MOXIE::AnalyticsManager> const & __ptr64) __ptr64
149	??0?$EngineService@VAnalyticsManager@MOXIE@@@MOXIE@@QEAA@XZ	public: __cdecl MOXIE::EngineService<class MOXIE::AnalyticsManager>::EngineService<class MOXIE::AnalyticsManager>(void) __ptr64
150	??0?$EngineService@VAudioManager@MOXIE@@@MOXIE@@QEAA@AEBV01@@Z	public: __cdecl MOXIE::EngineService<class MOXIE::AudioManager>::EngineService<class MOXIE::AudioManager>(class MOXIE::EngineService<class MOXIE::AudioManager> const & __ptr64) __ptr64
151	??0?$EngineService@VAudioManager@MOXIE@@@MOXIE@@QEAA@XZ	public: __cdecl MOXIE::EngineService<class MOXIE::AudioManager>::EngineService<class MOXIE::AudioManager>(void) __ptr64
152	??0?$EngineService@VEnableManager@MOXIE@@@MOXIE@@QEAA@AEBV01@@Z	public: __cdecl MOXIE::EngineService<class MOXIE::EnableManager>::EngineService<class MOXIE::EnableManager>(class MOXIE::EngineService<class MOXIE::EnableManager> const & __ptr64) __ptr64
153	??0?$EngineService@VEnableManager@MOXIE@@@MOXIE@@QEAA@XZ	public: __cdecl MOXIE::EngineService<class MOXIE::EnableManager>::EngineService<class MOXIE::EnableManager>(void) __ptr64
154	??0?$EngineService@VInputManager@MOXIE@@@MOXIE@@QEAA@AEBV01@@Z	public: __cdecl MOXIE::EngineService<class MOXIE::InputManager>::EngineService<class MOXIE::InputManager>(class MOXIE::EngineService<class MOXIE::InputManager> const & __ptr64) __ptr64
155	??0?$EngineService@VInputManager@MOXIE@@@MOXIE@@QEAA@XZ	public: __cdecl MOXIE::EngineService<class MOXIE::InputManager>::EngineService<class MOXIE::InputManager>(void) __ptr64
156	??0?$EngineService@VPhysicsManager@MOXIE@@@MOXIE@@QEAA@AEBV01@@Z	public: __cdecl MOXIE::EngineService<class MOXIE::PhysicsManager>::EngineService<class MOXIE::PhysicsManager>(class MOXIE::EngineService<class MOXIE::PhysicsManager> const & __ptr64) __ptr64
157	??0?$EngineService@VPhysicsManager@MOXIE@@@MOXIE@@QEAA@XZ	public: __cdecl MOXIE::EngineService<class MOXIE::PhysicsManager>::EngineService<class MOXIE::PhysicsManager>(void) __ptr64
158	??0?$EngineService@VRenderDebug@MOXIE@@@MOXIE@@QEAA@AEBV01@@Z	public: __cdecl MOXIE::EngineService<class MOXIE::RenderDebug>::EngineService<class MOXIE::RenderDebug>(class MOXIE::EngineService<class MOXIE::RenderDebug> const & __ptr64) __ptr64
159	??0?$EngineService@VRenderDebug@MOXIE@@@MOXIE@@QEAA@XZ	public: __cdecl MOXIE::EngineService<class MOXIE::RenderDebug>::EngineService<class MOXIE::RenderDebug>(void) __ptr64
160	??0?$EngineService@VRenderDevice@MOXIE@@@MOXIE@@QEAA@AEBV01@@Z	public: __cdecl MOXIE::EngineService<class MOXIE::RenderDevice>::EngineService<class MOXIE::RenderDevice>(class MOXIE::EngineService<class MOXIE::RenderDevice> const & __ptr64) __ptr64
161	??0?$EngineService@VRenderDevice@MOXIE@@@MOXIE@@QEAA@XZ	public: __cdecl MOXIE::EngineService<class MOXIE::RenderDevice>::EngineService<class MOXIE::RenderDevice>(void) __ptr64
162	??0?$EngineService@VRenderManager@MOXIE@@@MOXIE@@QEAA@AEBV01@@Z	public: __cdecl MOXIE::EngineService<class MOXIE::RenderManager>::EngineService<class MOXIE::RenderManager>(class MOXIE::EngineService<class MOXIE::RenderManager> const & __ptr64) __ptr64
163	??0?$EngineService@VRenderManager@MOXIE@@@MOXIE@@QEAA@XZ	public: __cdecl MOXIE::EngineService<class MOXIE::RenderManager>::EngineService<class MOXIE::RenderManager>(void) __ptr64
164	??0?$EngineService@VResourceManager@MOXIE@@@MOXIE@@QEAA@AEBV01@@Z	public: __cdecl MOXIE::EngineService<class MOXIE::ResourceManager>::EngineService<class MOXIE::ResourceManager>(class MOXIE::EngineService<class MOXIE::ResourceManager> const & __ptr64) __ptr64
165	??0?$EngineService@VResourceManager@MOXIE@@@MOXIE@@QEAA@XZ	public: __cdecl MOXIE::EngineService<class MOXIE::ResourceManager>::EngineService<class MOXIE::ResourceManager>(void) __ptr64
166	??0?$EngineService@VSceneManager@MOXIE@@@MOXIE@@QEAA@AEBV01@@Z	public: __cdecl MOXIE::EngineService<class MOXIE::SceneManager>::EngineService<class MOXIE::SceneManager>(class MOXIE::EngineService<class MOXIE::SceneManager> const & __ptr64) __ptr64
167	??0?$EngineService@VSceneManager@MOXIE@@@MOXIE@@QEAA@XZ	public: __cdecl MOXIE::EngineService<class MOXIE::SceneManager>::EngineService<class MOXIE::SceneManager>(void) __ptr64
168	??0?$EngineService@VScriptManager@MOXIE@@@MOXIE@@QEAA@AEBV01@@Z	public: __cdecl MOXIE::EngineService<class MOXIE::ScriptManager>::EngineService<class MOXIE::ScriptManager>(class MOXIE::EngineService<class MOXIE::ScriptManager> const & __ptr64) __ptr64
169	??0?$EngineService@VScriptManager@MOXIE@@@MOXIE@@QEAA@XZ	public: __cdecl MOXIE::EngineService<class MOXIE::ScriptManager>::EngineService<class MOXIE::ScriptManager>(void) __ptr64
170	??0?$EngineService@VSensorManager@MOXIE@@@MOXIE@@QEAA@AEBV01@@Z	public: __cdecl MOXIE::EngineService<class MOXIE::SensorManager>::EngineService<class MOXIE::SensorManager>(class MOXIE::EngineService<class MOXIE::SensorManager> const & __ptr64) __ptr64
171	??0?$EngineService@VSensorManager@MOXIE@@@MOXIE@@QEAA@XZ	public: __cdecl MOXIE::EngineService<class MOXIE::SensorManager>::EngineService<class MOXIE::SensorManager>(void) __ptr64
172	??0?$EngineService@VStatManager@MOXIE@@@MOXIE@@QEAA@AEBV01@@Z	public: __cdecl MOXIE::EngineService<class MOXIE::StatManager>::EngineService<class MOXIE::StatManager>(class MOXIE::EngineService<class MOXIE::StatManager> const & __ptr64) __ptr64
173	??0?$EngineService@VStatManager@MOXIE@@@MOXIE@@QEAA@XZ	public: __cdecl MOXIE::EngineService<class MOXIE::StatManager>::EngineService<class MOXIE::StatManager>(void) __ptr64
174	??0?$EngineService@VUriManager@MOXIE@@@MOXIE@@QEAA@AEBV01@@Z	public: __cdecl MOXIE::EngineService<class MOXIE::UriManager>::EngineService<class MOXIE::UriManager>(class MOXIE::EngineService<class MOXIE::UriManager> const & __ptr64) __ptr64
175	??0?$EngineService@VUriManager@MOXIE@@@MOXIE@@QEAA@XZ	public: __cdecl MOXIE::EngineService<class MOXIE::UriManager>::EngineService<class MOXIE::UriManager>(void) __ptr64
176	??0?$EngineService@VVideoCubeManager@MOXIE@@@MOXIE@@QEAA@AEBV01@@Z	public: __cdecl MOXIE::EngineService<class MOXIE::VideoCubeManager>::EngineService<class MOXIE::VideoCubeManager>(class MOXIE::EngineService<class MOXIE::VideoCubeManager> const & __ptr64) __ptr64
177	??0?$EngineService@VVideoCubeManager@MOXIE@@@MOXIE@@QEAA@XZ	public: __cdecl MOXIE::EngineService<class MOXIE::VideoCubeManager>::EngineService<class MOXIE::VideoCubeManager>(void) __ptr64
178	??0?$Service@VAnalyticsManager@MOXIE@@@MOXIE@@QEAA@AEBV01@@Z	public: __cdecl MOXIE::Service<class MOXIE::AnalyticsManager>::Service<class MOXIE::AnalyticsManager>(class MOXIE::Service<class MOXIE::AnalyticsManager> const & __ptr64) __ptr64
179	??0?$Service@VAnalyticsManager@MOXIE@@@MOXIE@@QEAA@XZ	public: __cdecl MOXIE::Service<class MOXIE::AnalyticsManager>::Service<class MOXIE::AnalyticsManager>(void) __ptr64
180	??0?$Service@VAudioManager@MOXIE@@@MOXIE@@QEAA@AEBV01@@Z	public: __cdecl MOXIE::Service<class MOXIE::AudioManager>::Service<class MOXIE::AudioManager>(class MOXIE::Service<class MOXIE::AudioManager> const & __ptr64) __ptr64
181	??0?$Service@VAudioManager@MOXIE@@@MOXIE@@QEAA@XZ	public: __cdecl MOXIE::Service<class MOXIE::AudioManager>::Service<class MOXIE::AudioManager>(void) __ptr64
182	??0?$Service@VEnableManager@MOXIE@@@MOXIE@@QEAA@AEBV01@@Z	public: __cdecl MOXIE::Service<class MOXIE::EnableManager>::Service<class MOXIE::EnableManager>(class MOXIE::Service<class MOXIE::EnableManager> const & __ptr64) __ptr64
183	??0?$Service@VEnableManager@MOXIE@@@MOXIE@@QEAA@XZ	public: __cdecl MOXIE::Service<class MOXIE::EnableManager>::Service<class MOXIE::EnableManager>(void) __ptr64
184	??0?$Service@VGlobalTime@MOXIE@@@MOXIE@@QEAA@AEBV01@@Z	public: __cdecl MOXIE::Service<class MOXIE::GlobalTime>::Service<class MOXIE::GlobalTime>(class MOXIE::Service<class MOXIE::GlobalTime> const & __ptr64) __ptr64
185	??0?$Service@VGlobalTime@MOXIE@@@MOXIE@@QEAA@XZ	public: __cdecl MOXIE::Service<class MOXIE::GlobalTime>::Service<class MOXIE::GlobalTime>(void) __ptr64
186	??0?$Service@VInputManager@MOXIE@@@MOXIE@@QEAA@AEBV01@@Z	public: __cdecl MOXIE::Service<class MOXIE::InputManager>::Service<class MOXIE::InputManager>(class MOXIE::Service<class MOXIE::InputManager> const & __ptr64) __ptr64
187	??0?$Service@VInputManager@MOXIE@@@MOXIE@@QEAA@XZ	public: __cdecl MOXIE::Service<class MOXIE::InputManager>::Service<class MOXIE::InputManager>(void) __ptr64
188	??0?$Service@VPhysicsManager@MOXIE@@@MOXIE@@QEAA@AEBV01@@Z	public: __cdecl MOXIE::Service<class MOXIE::PhysicsManager>::Service<class MOXIE::PhysicsManager>(class MOXIE::Service<class MOXIE::PhysicsManager> const & __ptr64) __ptr64
189	??0?$Service@VPhysicsManager@MOXIE@@@MOXIE@@QEAA@XZ	public: __cdecl MOXIE::Service<class MOXIE::PhysicsManager>::Service<class MOXIE::PhysicsManager>(void) __ptr64
190	??0?$Service@VRenderDebug@MOXIE@@@MOXIE@@QEAA@AEBV01@@Z	public: __cdecl MOXIE::Service<class MOXIE::RenderDebug>::Service<class MOXIE::RenderDebug>(class MOXIE::Service<class MOXIE::RenderDebug> const & __ptr64) __ptr64
191	??0?$Service@VRenderDebug@MOXIE@@@MOXIE@@QEAA@XZ	public: __cdecl MOXIE::Service<class MOXIE::RenderDebug>::Service<class MOXIE::RenderDebug>(void) __ptr64
192	??0?$Service@VRenderDevice@MOXIE@@@MOXIE@@QEAA@AEBV01@@Z	public: __cdecl MOXIE::Service<class MOXIE::RenderDevice>::Service<class MOXIE::RenderDevice>(class MOXIE::Service<class MOXIE::RenderDevice> const & __ptr64) __ptr64
193	??0?$Service@VRenderDevice@MOXIE@@@MOXIE@@QEAA@XZ	public: __cdecl MOXIE::Service<class MOXIE::RenderDevice>::Service<class MOXIE::RenderDevice>(void) __ptr64
194	??0?$Service@VRenderManager@MOXIE@@@MOXIE@@QEAA@AEBV01@@Z	public: __cdecl MOXIE::Service<class MOXIE::RenderManager>::Service<class MOXIE::RenderManager>(class MOXIE::Service<class MOXIE::RenderManager> const & __ptr64) __ptr64
195	??0?$Service@VRenderManager@MOXIE@@@MOXIE@@QEAA@XZ	public: __cdecl MOXIE::Service<class MOXIE::RenderManager>::Service<class MOXIE::RenderManager>(void) __ptr64
196	??0?$Service@VResourceManager@MOXIE@@@MOXIE@@QEAA@AEBV01@@Z	public: __cdecl MOXIE::Service<class MOXIE::ResourceManager>::Service<class MOXIE::ResourceManager>(class MOXIE::Service<class MOXIE::ResourceManager> const & __ptr64) __ptr64
197	??0?$Service@VResourceManager@MOXIE@@@MOXIE@@QEAA@XZ	public: __cdecl MOXIE::Service<class MOXIE::ResourceManager>::Service<class MOXIE::ResourceManager>(void) __ptr64
198	??0?$Service@VSceneManager@MOXIE@@@MOXIE@@QEAA@AEBV01@@Z	public: __cdecl MOXIE::Service<class MOXIE::SceneManager>::Service<class MOXIE::SceneManager>(class MOXIE::Service<class MOXIE::SceneManager> const & __ptr64) __ptr64
199	??0?$Service@VSceneManager@MOXIE@@@MOXIE@@QEAA@XZ	public: __cdecl MOXIE::Service<class MOXIE::SceneManager>::Service<class MOXIE::SceneManager>(void) __ptr64
200	??0?$Service@VScriptManager@MOXIE@@@MOXIE@@QEAA@AEBV01@@Z	public: __cdecl MOXIE::Service<class MOXIE::ScriptManager>::Service<class MOXIE::ScriptManager>(class MOXIE::Service<class MOXIE::ScriptManager> const & __ptr64) __ptr64
201	??0?$Service@VScriptManager@MOXIE@@@MOXIE@@QEAA@XZ	public: __cdecl MOXIE::Service<class MOXIE::ScriptManager>::Service<class MOXIE::ScriptManager>(void) __ptr64
202	??0?$Service@VSensorManager@MOXIE@@@MOXIE@@QEAA@AEBV01@@Z	public: __cdecl MOXIE::Service<class MOXIE::SensorManager>::Service<class MOXIE::SensorManager>(class MOXIE::Service<class MOXIE::SensorManager> const & __ptr64) __ptr64
203	??0?$Service@VSensorManager@MOXIE@@@MOXIE@@QEAA@XZ	public: __cdecl MOXIE::Service<class MOXIE::SensorManager>::Service<class MOXIE::SensorManager>(void) __ptr64
204	??0?$Service@VStatManager@MOXIE@@@MOXIE@@QEAA@AEBV01@@Z	public: __cdecl MOXIE::Service<class MOXIE::StatManager>::Service<class MOXIE::StatManager>(class MOXIE::Service<class MOXIE::StatManager> const & __ptr64) __ptr64
205	??0?$Service@VStatManager@MOXIE@@@MOXIE@@QEAA@XZ	public: __cdecl MOXIE::Service<class MOXIE::StatManager>::Service<class MOXIE::StatManager>(void) __ptr64
206	??0?$Service@VUriManager@MOXIE@@@MOXIE@@QEAA@AEBV01@@Z	public: __cdecl MOXIE::Service<class MOXIE::UriManager>::Service<class MOXIE::UriManager>(class MOXIE::Service<class MOXIE::UriManager> const & __ptr64) __ptr64
207	??0?$Service@VUriManager@MOXIE@@@MOXIE@@QEAA@XZ	public: __cdecl MOXIE::Service<class MOXIE::UriManager>::Service<class MOXIE::UriManager>(void) __ptr64
208	??0?$Service@VVideoCubeManager@MOXIE@@@MOXIE@@QEAA@AEBV01@@Z	public: __cdecl MOXIE::Service<class MOXIE::VideoCubeManager>::Service<class MOXIE::VideoCubeManager>(class MOXIE::Service<class MOXIE::VideoCubeManager> const & __ptr64) __ptr64
209	??0?$Service@VVideoCubeManager@MOXIE@@@MOXIE@@QEAA@XZ	public: __cdecl MOXIE::Service<class MOXIE::VideoCubeManager>::Service<class MOXIE::VideoCubeManager>(void) __ptr64
210	??0AABBox@MOXIE@@QEAA@$$QEAV01@@Z	public: __cdecl MOXIE::AABBox::AABBox(class MOXIE::AABBox && __ptr64) __ptr64
211	??0AABBox@MOXIE@@QEAA@AEBV01@@Z	public: __cdecl MOXIE::AABBox::AABBox(class MOXIE::AABBox const & __ptr64) __ptr64
212	??0AABBox@MOXIE@@QEAA@XZ	public: __cdecl MOXIE::AABBox::AABBox(void) __ptr64
213	??0AnalyticsManager@MOXIE@@AEAA@XZ	private: __cdecl MOXIE::AnalyticsManager::AnalyticsManager(void) __ptr64
214	??0AnalyticsManager@MOXIE@@QEAA@AEBV01@@Z	public: __cdecl MOXIE::AnalyticsManager::AnalyticsManager(class MOXIE::AnalyticsManager const & __ptr64) __ptr64
215	??0AnimMixer@MOXIE@@QEAA@AEBV01@@Z	public: __cdecl MOXIE::AnimMixer::AnimMixer(class MOXIE::AnimMixer const & __ptr64) __ptr64
216	??0AnimMixer@MOXIE@@QEAA@XZ	public: __cdecl MOXIE::AnimMixer::AnimMixer(void) __ptr64
217	??0AnimResource@MOXIE@@QEAA@XZ	public: __cdecl MOXIE::AnimResource::AnimResource(void) __ptr64
218	??0AnimationFlipbookSampler@MOXIE@@QEAA@AEBV01@@Z	public: __cdecl MOXIE::AnimationFlipbookSampler::AnimationFlipbookSampler(class MOXIE::AnimationFlipbookSampler const & __ptr64) __ptr64
219	??0AnimationFlipbookSampler@MOXIE@@QEAA@XZ	public: __cdecl MOXIE::AnimationFlipbookSampler::AnimationFlipbookSampler(void) __ptr64
220	??0Animator@MOXIE@@QEAA@AEBV01@@Z	public: __cdecl MOXIE::Animator::Animator(class MOXIE::Animator const & __ptr64) __ptr64
221	??0Animator@MOXIE@@QEAA@XZ	public: __cdecl MOXIE::Animator::Animator(void) __ptr64
222	??0Application@MOXIE@@QEAA@AEBV01@@Z	public: __cdecl MOXIE::Application::Application(class MOXIE::Application const & __ptr64) __ptr64
223	??0Application@MOXIE@@QEAA@XZ	public: __cdecl MOXIE::Application::Application(void) __ptr64
224	??0AttributeChannelCompressed@MOXIE@@QEAA@$$QEAU01@@Z	public: __cdecl MOXIE::AttributeChannelCompressed::AttributeChannelCompressed(struct MOXIE::AttributeChannelCompressed && __ptr64) __ptr64
225	??0AttributeChannelCompressed@MOXIE@@QEAA@AEBU01@@Z	public: __cdecl MOXIE::AttributeChannelCompressed::AttributeChannelCompressed(struct MOXIE::AttributeChannelCompressed const & __ptr64) __ptr64
226	??0AttributeChannelCompressed@MOXIE@@QEAA@XZ	public: __cdecl MOXIE::AttributeChannelCompressed::AttributeChannelCompressed(void) __ptr64
227	??0AudEmitter@MOXIE@@QEAA@AEBV01@@Z	public: __cdecl MOXIE::AudEmitter::AudEmitter(class MOXIE::AudEmitter const & __ptr64) __ptr64
228	??0AudEmitter@MOXIE@@QEAA@XZ	public: __cdecl MOXIE::AudEmitter::AudEmitter(void) __ptr64
229	??0AudPlayer@MOXIE@@QEAA@AEBV01@@Z	public: __cdecl MOXIE::AudPlayer::AudPlayer(class MOXIE::AudPlayer const & __ptr64) __ptr64
230	??0AudPlayer@MOXIE@@QEAA@XZ	public: __cdecl MOXIE::AudPlayer::AudPlayer(void) __ptr64
231	??0AudResource@MOXIE@@QEAA@AEBV01@@Z	public: __cdecl MOXIE::AudResource::AudResource(class MOXIE::AudResource const & __ptr64) __ptr64
232	??0AudResource@MOXIE@@QEAA@XZ	public: __cdecl MOXIE::AudResource::AudResource(void) __ptr64
233	??0AudServices@MOXIE@@QEAA@PEAVJobQueue@1@@Z	public: __cdecl MOXIE::AudServices::AudServices(class MOXIE::JobQueue * __ptr64) __ptr64
234	??0AudioData@MOXIE@@QEAA@AEBV01@@Z	public: __cdecl MOXIE::AudioData::AudioData(class MOXIE::AudioData const & __ptr64) __ptr64
235	??0AudioData@MOXIE@@QEAA@XZ	public: __cdecl MOXIE::AudioData::AudioData(void) __ptr64
236	??0AudioDataMaux@MOXIE@@QEAA@AEBV01@@Z	public: __cdecl MOXIE::AudioDataMaux::AudioDataMaux(class MOXIE::AudioDataMaux const & __ptr64) __ptr64
237	??0AudioDataMaux@MOXIE@@QEAA@PEAVAudioSystem@1@PEBD@Z	public: __cdecl MOXIE::AudioDataMaux::AudioDataMaux(class MOXIE::AudioSystem * __ptr64,char const * __ptr64) __ptr64
238	??0AudioDataSource@MOXIE@@QEAA@PEAVAudServices@1@@Z	public: __cdecl MOXIE::AudioDataSource::AudioDataSource(class MOXIE::AudServices * __ptr64) __ptr64
239	??0AudioDevice@MOXIE@@IEAA@XZ	protected: __cdecl MOXIE::AudioDevice::AudioDevice(void) __ptr64
240	??0AudioDevice@MOXIE@@QEAA@AEBV01@@Z	public: __cdecl MOXIE::AudioDevice::AudioDevice(class MOXIE::AudioDevice const & __ptr64) __ptr64
241	??0AudioEmitter@MOXIE@@QEAA@AEBV01@@Z	public: __cdecl MOXIE::AudioEmitter::AudioEmitter(class MOXIE::AudioEmitter const & __ptr64) __ptr64
242	??0AudioEmitter@MOXIE@@QEAA@XZ	public: __cdecl MOXIE::AudioEmitter::AudioEmitter(void) __ptr64
243	??0AudioEmitterMaux@MOXIE@@QEAA@AEBV01@@Z	public: __cdecl MOXIE::AudioEmitterMaux::AudioEmitterMaux(class MOXIE::AudioEmitterMaux const & __ptr64) __ptr64
244	??0AudioEmitterMaux@MOXIE@@QEAA@PEAVAudioSystem@1@@Z	public: __cdecl MOXIE::AudioEmitterMaux::AudioEmitterMaux(class MOXIE::AudioSystem * __ptr64) __ptr64
245	??0AudioManager@MOXIE@@AEAA@XZ	private: __cdecl MOXIE::AudioManager::AudioManager(void) __ptr64
246	??0AudioManager@MOXIE@@QEAA@AEBV01@@Z	public: __cdecl MOXIE::AudioManager::AudioManager(class MOXIE::AudioManager const & __ptr64) __ptr64
247	??0AudioPlayer@MOXIE@@QEAA@AEBV01@@Z	public: __cdecl MOXIE::AudioPlayer::AudioPlayer(class MOXIE::AudioPlayer const & __ptr64) __ptr64
248	??0AudioPlayer@MOXIE@@QEAA@XZ	public: __cdecl MOXIE::AudioPlayer::AudioPlayer(void) __ptr64
249	??0AudioPlayerMaux@MOXIE@@QEAA@AEBV01@@Z	public: __cdecl MOXIE::AudioPlayerMaux::AudioPlayerMaux(class MOXIE::AudioPlayerMaux const & __ptr64) __ptr64
250	??0AudioPlayerMaux@MOXIE@@QEAA@PEAVAudioSystem@1@PEAVAudioData@1@@Z	public: __cdecl MOXIE::AudioPlayerMaux::AudioPlayerMaux(class MOXIE::AudioSystem * __ptr64,class MOXIE::AudioData * __ptr64) __ptr64
251	??0AudioPlayerMaux@MOXIE@@QEAA@PEAVAudioSystem@1@PEAVAudioData@1@II@Z	public: __cdecl MOXIE::AudioPlayerMaux::AudioPlayerMaux(class MOXIE::AudioSystem * __ptr64,class MOXIE::AudioData * __ptr64,unsigned int,unsigned int) __ptr64
252	??0AudioResource@MOXIE@@QEAA@XZ	public: __cdecl MOXIE::AudioResource::AudioResource(void) __ptr64
253	??0AudioSystem@MOXIE@@QEAA@AEBV01@@Z	public: __cdecl MOXIE::AudioSystem::AudioSystem(class MOXIE::AudioSystem const & __ptr64) __ptr64
254	??0AudioSystem@MOXIE@@QEAA@XZ	public: __cdecl MOXIE::AudioSystem::AudioSystem(void) __ptr64
255	??0BSCF_Reader@MOXIE@@QEAA@AEBV01@@Z	public: __cdecl MOXIE::BSCF_Reader::BSCF_Reader(class MOXIE::BSCF_Reader const & __ptr64) __ptr64
256	??0BSCF_Reader@MOXIE@@QEAA@XZ	public: __cdecl MOXIE::BSCF_Reader::BSCF_Reader(void) __ptr64
257	??0BitStream@MOXIE@@QEAA@$$QEAV01@@Z	public: __cdecl MOXIE::BitStream::BitStream(class MOXIE::BitStream && __ptr64) __ptr64
258	??0BitStream@MOXIE@@QEAA@AEBV01@@Z	public: __cdecl MOXIE::BitStream::BitStream(class MOXIE::BitStream const & __ptr64) __ptr64
259	??0BitStream@MOXIE@@QEAA@XZ	public: __cdecl MOXIE::BitStream::BitStream(void) __ptr64
260	??0Bitmap@MOXIE@@QEAA@AEBV01@@Z	public: __cdecl MOXIE::Bitmap::Bitmap(class MOXIE::Bitmap const & __ptr64) __ptr64
261	??0Bitmap@MOXIE@@QEAA@IIW4EPixelFormat@1@@Z	public: __cdecl MOXIE::Bitmap::Bitmap(unsigned int,unsigned int,enum MOXIE::EPixelFormat) __ptr64
262	??0Bitmap@MOXIE@@QEAA@XZ	public: __cdecl MOXIE::Bitmap::Bitmap(void) __ptr64
263	??0BobberField@MOXIE@@QEAA@AEBV01@@Z	public: __cdecl MOXIE::BobberField::BobberField(class MOXIE::BobberField const & __ptr64) __ptr64
264	??0BobberField@MOXIE@@QEAA@I@Z	public: __cdecl MOXIE::BobberField::BobberField(unsigned int) __ptr64
265	??0BorderPaddedTextureResource@MOXIE@@QEAA@XZ	public: __cdecl MOXIE::BorderPaddedTextureResource::BorderPaddedTextureResource(void) __ptr64
266	??0Buffer@@QEAA@AEBV0@@Z	public: __cdecl Buffer::Buffer(class Buffer const & __ptr64) __ptr64
267	??0Buffer@@QEAA@I_N@Z	public: __cdecl Buffer::Buffer(unsigned int,bool) __ptr64
268	??0Buffer@@QEAA@PEAEI@Z	public: __cdecl Buffer::Buffer(unsigned char * __ptr64,unsigned int) __ptr64
269	??0Buffer@MOXIE@@QEAA@AEBV01@@Z	public: __cdecl MOXIE::Buffer::Buffer(class MOXIE::Buffer const & __ptr64) __ptr64
270	??0Buffer@MOXIE@@QEAA@I_N@Z	public: __cdecl MOXIE::Buffer::Buffer(unsigned int,bool) __ptr64
271	??0Buffer@MOXIE@@QEAA@PEAEI@Z	public: __cdecl MOXIE::Buffer::Buffer(unsigned char * __ptr64,unsigned int) __ptr64
272	??0BufferObject@MOXIE@@QEAA@AEBV01@@Z	public: __cdecl MOXIE::BufferObject::BufferObject(class MOXIE::BufferObject const & __ptr64) __ptr64
273	??0BufferObject@MOXIE@@QEAA@III@Z	public: __cdecl MOXIE::BufferObject::BufferObject(unsigned int,unsigned int,unsigned int) __ptr64
274	??0CSV@@QEAA@AEBV0@@Z	public: __cdecl CSV::CSV(class CSV const & __ptr64) __ptr64
275	??0CSV@@QEAA@XZ	public: __cdecl CSV::CSV(void) __ptr64
276	??0CSVLog@@QEAA@AEBV0@@Z	public: __cdecl CSVLog::CSVLog(class CSVLog const & __ptr64) __ptr64
277	??0CSVLog@@QEAA@PEBDAEBVTemplate@CSV@@I@Z	public: __cdecl CSVLog::CSVLog(char const * __ptr64,class CSV::Template const & __ptr64,unsigned int) __ptr64
278	??0CSVLog@@QEAA@PEBDPEAPEBDII@Z	public: __cdecl CSVLog::CSVLog(char const * __ptr64,char const * __ptr64 * __ptr64,unsigned int,unsigned int) __ptr64
279	??0CSVLog@@QEAA@XZ	public: __cdecl CSVLog::CSVLog(void) __ptr64
280	??0Camera@MOXIE@@QEAA@$$QEAV01@@Z	public: __cdecl MOXIE::Camera::Camera(class MOXIE::Camera && __ptr64) __ptr64
281	??0Camera@MOXIE@@QEAA@AEBV01@@Z	public: __cdecl MOXIE::Camera::Camera(class MOXIE::Camera const & __ptr64) __ptr64
282	??0Camera@MOXIE@@QEAA@XZ	public: __cdecl MOXIE::Camera::Camera(void) __ptr64
283	??0ChunkHeaderV1@MOXIE@@QEAA@$$QEAU01@@Z	public: __cdecl MOXIE::ChunkHeaderV1::ChunkHeaderV1(struct MOXIE::ChunkHeaderV1 && __ptr64) __ptr64
284	??0ChunkHeaderV1@MOXIE@@QEAA@AEBU01@@Z	public: __cdecl MOXIE::ChunkHeaderV1::ChunkHeaderV1(struct MOXIE::ChunkHeaderV1 const & __ptr64) __ptr64
285	??0ChunkHeaderV1@MOXIE@@QEAA@XZ	public: __cdecl MOXIE::ChunkHeaderV1::ChunkHeaderV1(void) __ptr64
286	??0Color@MOXIE@@QEAA@EEEE@Z	public: __cdecl MOXIE::Color::Color(unsigned char,unsigned char,unsigned char,unsigned char) __ptr64
287	??0Color@MOXIE@@QEAA@I@Z	public: __cdecl MOXIE::Color::Color(unsigned int) __ptr64
288	??0Color@MOXIE@@QEAA@MMMM@Z	public: __cdecl MOXIE::Color::Color(float,float,float,float) __ptr64
289	??0Color@MOXIE@@QEAA@XZ	public: __cdecl MOXIE::Color::Color(void) __ptr64
290	??0CommandLine@MOXIE@@QEAA@AEBV01@@Z	public: __cdecl MOXIE::CommandLine::CommandLine(class MOXIE::CommandLine const & __ptr64) __ptr64
291	??0CommandLine@MOXIE@@QEAA@XZ	public: __cdecl MOXIE::CommandLine::CommandLine(void) __ptr64
292	??0Condition@MOXIE@@QEAA@PEAVMutex@1@@Z	public: __cdecl MOXIE::Condition::Condition(class MOXIE::Mutex * __ptr64) __ptr64
293	??0DefaultAnimMixer@MOXIE@@QEAA@$$QEAV01@@Z	public: __cdecl MOXIE::DefaultAnimMixer::DefaultAnimMixer(class MOXIE::DefaultAnimMixer && __ptr64) __ptr64
294	??0DefaultAnimMixer@MOXIE@@QEAA@AEBV01@@Z	public: __cdecl MOXIE::DefaultAnimMixer::DefaultAnimMixer(class MOXIE::DefaultAnimMixer const & __ptr64) __ptr64
295	??0DefaultAnimMixer@MOXIE@@QEAA@XZ	public: __cdecl MOXIE::DefaultAnimMixer::DefaultAnimMixer(void) __ptr64
296	??0DepthResource@MOXIE@@QEAA@XZ	public: __cdecl MOXIE::DepthResource::DepthResource(void) __ptr64
297	??0EnableManager@MOXIE@@IEAA@XZ	protected: __cdecl MOXIE::EnableManager::EnableManager(void) __ptr64
298	??0EnableManager@MOXIE@@QEAA@AEBV01@@Z	public: __cdecl MOXIE::EnableManager::EnableManager(class MOXIE::EnableManager const & __ptr64) __ptr64
299	??0Engine@MOXIE@@QEAA@AEBV01@@Z	public: __cdecl MOXIE::Engine::Engine(class MOXIE::Engine const & __ptr64) __ptr64
300	??0Engine@MOXIE@@QEAA@XZ	public: __cdecl MOXIE::Engine::Engine(void) __ptr64
301	??0FBImageResource@MOXIE@@QEAA@XZ	public: __cdecl MOXIE::FBImageResource::FBImageResource(void) __ptr64
302	??0FastNoise@MOXIE@@QEAA@XZ	public: __cdecl MOXIE::FastNoise::FastNoise(void) __ptr64
303	??0FieldOfView@MOXIE@@QEAA@$$QEAV01@@Z	public: __cdecl MOXIE::FieldOfView::FieldOfView(class MOXIE::FieldOfView && __ptr64) __ptr64
304	??0FieldOfView@MOXIE@@QEAA@AEBV01@@Z	public: __cdecl MOXIE::FieldOfView::FieldOfView(class MOXIE::FieldOfView const & __ptr64) __ptr64
305	??0FieldOfView@MOXIE@@QEAA@VRadian@1@000@Z	public: __cdecl MOXIE::FieldOfView::FieldOfView(class MOXIE::Radian,class MOXIE::Radian,class MOXIE::Radian,class MOXIE::Radian) __ptr64
306	??0FieldOfView@MOXIE@@QEAA@VRadian@1@M@Z	public: __cdecl MOXIE::FieldOfView::FieldOfView(class MOXIE::Radian,float) __ptr64
307	??0FieldOfView@MOXIE@@QEAA@XZ	public: __cdecl MOXIE::FieldOfView::FieldOfView(void) __ptr64
308	??0FilePath@MOXIE@@QEAA@AEBV01@@Z	public: __cdecl MOXIE::FilePath::FilePath(class MOXIE::FilePath const & __ptr64) __ptr64
309	??0FilePath@MOXIE@@QEAA@PEBD00@Z	public: __cdecl MOXIE::FilePath::FilePath(char const * __ptr64,char const * __ptr64,char const * __ptr64) __ptr64
310	??0FilePath@MOXIE@@QEAA@PEBD@Z	public: __cdecl MOXIE::FilePath::FilePath(char const * __ptr64) __ptr64
311	??0FilePath@MOXIE@@QEAA@XZ	public: __cdecl MOXIE::FilePath::FilePath(void) __ptr64
312	??0FileStream@MOXIE@@QEAA@AEBV01@@Z	public: __cdecl MOXIE::FileStream::FileStream(class MOXIE::FileStream const & __ptr64) __ptr64
313	??0FileStream@MOXIE@@QEAA@PEAVFileSystem@1@PEBD1@Z	public: __cdecl MOXIE::FileStream::FileStream(class MOXIE::FileSystem * __ptr64,char const * __ptr64,char const * __ptr64) __ptr64
314	??0FileStream@MOXIE@@QEAA@PEAVFileSystem@1@_K@Z	public: __cdecl MOXIE::FileStream::FileStream(class MOXIE::FileSystem * __ptr64,unsigned __int64) __ptr64
315	??0FileStream@MOXIE@@QEAA@XZ	public: __cdecl MOXIE::FileStream::FileStream(void) __ptr64
316	??0FileSystem@MOXIE@@QEAA@XZ	public: __cdecl MOXIE::FileSystem::FileSystem(void) __ptr64
317	??0FlipbookAnimator@MOXIE@@QEAA@AEBV01@@Z	public: __cdecl MOXIE::FlipbookAnimator::FlipbookAnimator(class MOXIE::FlipbookAnimator const & __ptr64) __ptr64
318	??0FlipbookAnimator@MOXIE@@QEAA@XZ	public: __cdecl MOXIE::FlipbookAnimator::FlipbookAnimator(void) __ptr64
319	??0FlipbookInstance@MOXIE@@QEAA@XZ	public: __cdecl MOXIE::FlipbookInstance::FlipbookInstance(void) __ptr64
320	??0FlipbookResource@MOXIE@@QEAA@AEBVUri@1@@Z	public: __cdecl MOXIE::FlipbookResource::FlipbookResource(class MOXIE::Uri const & __ptr64) __ptr64
321	??0FlipbookResource@MOXIE@@QEAA@XZ	public: __cdecl MOXIE::FlipbookResource::FlipbookResource(void) __ptr64
322	??0FlipbookSampler@MOXIE@@QEAA@AEBV01@@Z	public: __cdecl MOXIE::FlipbookSampler::FlipbookSampler(class MOXIE::FlipbookSampler const & __ptr64) __ptr64
323	??0FlipbookSampler@MOXIE@@QEAA@XZ	public: __cdecl MOXIE::FlipbookSampler::FlipbookSampler(void) __ptr64
324	??0FlipbookTexturePool@MOXIE@@QEAA@AEBV01@@Z	public: __cdecl MOXIE::FlipbookTexturePool::FlipbookTexturePool(class MOXIE::FlipbookTexturePool const & __ptr64) __ptr64
325	??0FlipbookTexturePool@MOXIE@@QEAA@XZ	public: __cdecl MOXIE::FlipbookTexturePool::FlipbookTexturePool(void) __ptr64
326	??0Font@MOXIE@@QEAA@AEBV01@@Z	public: __cdecl MOXIE::Font::Font(class MOXIE::Font const & __ptr64) __ptr64
327	??0Font@MOXIE@@QEAA@PEAVFontMap@1@PEAVTexture@1@@Z	public: __cdecl MOXIE::Font::Font(class MOXIE::FontMap * __ptr64,class MOXIE::Texture * __ptr64) __ptr64
328	??0FontMap@MOXIE@@QEAA@AEBV01@@Z	public: __cdecl MOXIE::FontMap::FontMap(class MOXIE::FontMap const & __ptr64) __ptr64
329	??0FontMap@MOXIE@@QEAA@XZ	public: __cdecl MOXIE::FontMap::FontMap(void) __ptr64
330	??0FontResource@MOXIE@@QEAA@PEAVFontMap@1@@Z	public: __cdecl MOXIE::FontResource::FontResource(class MOXIE::FontMap * __ptr64) __ptr64
331	??0FontResource@MOXIE@@QEAA@XZ	public: __cdecl MOXIE::FontResource::FontResource(void) __ptr64
332	??0ForceField@MOXIE@@QEAA@AEBV01@@Z	public: __cdecl MOXIE::ForceField::ForceField(class MOXIE::ForceField const & __ptr64) __ptr64
333	??0ForceField@MOXIE@@QEAA@I@Z	public: __cdecl MOXIE::ForceField::ForceField(unsigned int) __ptr64
334	??0FramePool@MOXIE@@QEAA@III@Z	public: __cdecl MOXIE::FramePool::FramePool(unsigned int,unsigned int,unsigned int) __ptr64
335	??0Frustum@MOXIE@@QEAA@$$QEAV01@@Z	public: __cdecl MOXIE::Frustum::Frustum(class MOXIE::Frustum && __ptr64) __ptr64
336	??0Frustum@MOXIE@@QEAA@AEBV01@@Z	public: __cdecl MOXIE::Frustum::Frustum(class MOXIE::Frustum const & __ptr64) __ptr64
337	??0Frustum@MOXIE@@QEAA@XZ	public: __cdecl MOXIE::Frustum::Frustum(void) __ptr64
338	??0GUIColor@MOXIE@@QEAA@I@Z	public: __cdecl MOXIE::GUIColor::GUIColor(unsigned int) __ptr64
339	??0GUIColor@MOXIE@@QEAA@XZ	public: __cdecl MOXIE::GUIColor::GUIColor(void) __ptr64
340	??0GUIRenderer@MOXIE@@QEAA@$$QEAV01@@Z	public: __cdecl MOXIE::GUIRenderer::GUIRenderer(class MOXIE::GUIRenderer && __ptr64) __ptr64
341	??0GUIRenderer@MOXIE@@QEAA@AEBV01@@Z	public: __cdecl MOXIE::GUIRenderer::GUIRenderer(class MOXIE::GUIRenderer const & __ptr64) __ptr64
342	??0GUIRenderer@MOXIE@@QEAA@XZ	public: __cdecl MOXIE::GUIRenderer::GUIRenderer(void) __ptr64
343	??0GUIStyle@MOXIE@@QEAA@$$QEAV01@@Z	public: __cdecl MOXIE::GUIStyle::GUIStyle(class MOXIE::GUIStyle && __ptr64) __ptr64
344	??0GUIStyle@MOXIE@@QEAA@AEBV01@@Z	public: __cdecl MOXIE::GUIStyle::GUIStyle(class MOXIE::GUIStyle const & __ptr64) __ptr64
345	??0GUIStyle@MOXIE@@QEAA@XZ	public: __cdecl MOXIE::GUIStyle::GUIStyle(void) __ptr64
346	??0GUITexture@MOXIE@@QEAA@$$QEAV01@@Z	public: __cdecl MOXIE::GUITexture::GUITexture(class MOXIE::GUITexture && __ptr64) __ptr64
347	??0GUITexture@MOXIE@@QEAA@AEBV01@@Z	public: __cdecl MOXIE::GUITexture::GUITexture(class MOXIE::GUITexture const & __ptr64) __ptr64
348	??0GUITexture@MOXIE@@QEAA@PEBDVGUIColor@1@1V?$TRect@M@1@2@Z	public: __cdecl MOXIE::GUITexture::GUITexture(char const * __ptr64,class MOXIE::GUIColor,class MOXIE::GUIColor,class MOXIE::TRect<float>,class MOXIE::TRect<float>) __ptr64
349	??0GUITexture@MOXIE@@QEAA@PEBDVGUIColor@1@V?$TRect@M@1@2@Z	public: __cdecl MOXIE::GUITexture::GUITexture(char const * __ptr64,class MOXIE::GUIColor,class MOXIE::TRect<float>,class MOXIE::TRect<float>) __ptr64
350	??0GUITexture@MOXIE@@QEAA@VGUIColor@1@@Z	public: __cdecl MOXIE::GUITexture::GUITexture(class MOXIE::GUIColor) __ptr64
351	??0GUITheme@MOXIE@@QEAA@AEBV01@@Z	public: __cdecl MOXIE::GUITheme::GUITheme(class MOXIE::GUITheme const & __ptr64) __ptr64
352	??0GUITheme@MOXIE@@QEAA@XZ	public: __cdecl MOXIE::GUITheme::GUITheme(void) __ptr64
353	??0GlobalTime@MOXIE@@IEAA@XZ	protected: __cdecl MOXIE::GlobalTime::GlobalTime(void) __ptr64
354	??0GlobalTime@MOXIE@@QEAA@AEBV01@@Z	public: __cdecl MOXIE::GlobalTime::GlobalTime(class MOXIE::GlobalTime const & __ptr64) __ptr64
355	??0HString@MOXIE@@QEAA@AEBV01@@Z	public: __cdecl MOXIE::HString::HString(class MOXIE::HString const & __ptr64) __ptr64
356	??0HString@MOXIE@@QEAA@AEBVString@1@@Z	public: __cdecl MOXIE::HString::HString(class MOXIE::String const & __ptr64) __ptr64
357	??0HString@MOXIE@@QEAA@I@Z	public: __cdecl MOXIE::HString::HString(unsigned int) __ptr64
358	??0HString@MOXIE@@QEAA@PEBD@Z	public: __cdecl MOXIE::HString::HString(char const * __ptr64) __ptr64
359	??0HString@MOXIE@@QEAA@XZ	public: __cdecl MOXIE::HString::HString(void) __ptr64
360	??0IJob@MOXIE@@QEAA@AEBV01@@Z	public: __cdecl MOXIE::IJob::IJob(class MOXIE::IJob const & __ptr64) __ptr64
361	??0IJob@MOXIE@@QEAA@XZ	public: __cdecl MOXIE::IJob::IJob(void) __ptr64
362	??0IService@MOXIE@@QEAA@AEBV01@@Z	public: __cdecl MOXIE::IService::IService(class MOXIE::IService const & __ptr64) __ptr64
363	??0IService@MOXIE@@QEAA@XZ	public: __cdecl MOXIE::IService::IService(void) __ptr64
364	??0IndexBuffer@MOXIE@@QEAA@AEBV01@@Z	public: __cdecl MOXIE::IndexBuffer::IndexBuffer(class MOXIE::IndexBuffer const & __ptr64) __ptr64
365	??0IndexBuffer@MOXIE@@QEAA@III@Z	public: __cdecl MOXIE::IndexBuffer::IndexBuffer(unsigned int,unsigned int,unsigned int) __ptr64
366	??0InputManager@MOXIE@@AEAA@XZ	private: __cdecl MOXIE::InputManager::InputManager(void) __ptr64
367	??0InputManager@MOXIE@@QEAA@AEBV01@@Z	public: __cdecl MOXIE::InputManager::InputManager(class MOXIE::InputManager const & __ptr64) __ptr64
368	??0InternalFileSystem@MOXIE@@QEAA@XZ	public: __cdecl MOXIE::InternalFileSystem::InternalFileSystem(void) __ptr64
369	??0JobQueue@MOXIE@@QEAA@PEBD_N@Z	public: __cdecl MOXIE::JobQueue::JobQueue(char const * __ptr64,bool) __ptr64
370	??0LAllocator@MOXIE@@QEAA@AEBV01@@Z	public: __cdecl MOXIE::LAllocator::LAllocator(class MOXIE::LAllocator const & __ptr64) __ptr64
371	??0LAllocator@MOXIE@@QEAA@XZ	public: __cdecl MOXIE::LAllocator::LAllocator(void) __ptr64
372	??0LApi@MOXIE@@QEAA@AEBV01@@Z	public: __cdecl MOXIE::LApi::LApi(class MOXIE::LApi const & __ptr64) __ptr64
373	??0LApi@MOXIE@@QEAA@XZ	public: __cdecl MOXIE::LApi::LApi(void) __ptr64
374	??0LApiActorClampLayer@duet@@QEAA@$$QEAV01@@Z	public: __cdecl duet::LApiActorClampLayer::LApiActorClampLayer(class duet::LApiActorClampLayer && __ptr64) __ptr64
375	??0LApiActorClampLayer@duet@@QEAA@AEBV01@@Z	public: __cdecl duet::LApiActorClampLayer::LApiActorClampLayer(class duet::LApiActorClampLayer const & __ptr64) __ptr64
376	??0LApiActorClampLayer@duet@@QEAA@XZ	public: __cdecl duet::LApiActorClampLayer::LApiActorClampLayer(void) __ptr64
377	??0LApiActorMover@duet@@QEAA@$$QEAV01@@Z	public: __cdecl duet::LApiActorMover::LApiActorMover(class duet::LApiActorMover && __ptr64) __ptr64
378	??0LApiActorMover@duet@@QEAA@AEBV01@@Z	public: __cdecl duet::LApiActorMover::LApiActorMover(class duet::LApiActorMover const & __ptr64) __ptr64
379	??0LApiActorMover@duet@@QEAA@XZ	public: __cdecl duet::LApiActorMover::LApiActorMover(void) __ptr64
380	??0LApiActorMoverLayer@duet@@QEAA@$$QEAV01@@Z	public: __cdecl duet::LApiActorMoverLayer::LApiActorMoverLayer(class duet::LApiActorMoverLayer && __ptr64) __ptr64
381	??0LApiActorMoverLayer@duet@@QEAA@AEBV01@@Z	public: __cdecl duet::LApiActorMoverLayer::LApiActorMoverLayer(class duet::LApiActorMoverLayer const & __ptr64) __ptr64
382	??0LApiActorMoverLayer@duet@@QEAA@XZ	public: __cdecl duet::LApiActorMoverLayer::LApiActorMoverLayer(void) __ptr64
383	??0LApiActorVignette@duet@@QEAA@$$QEAV01@@Z	public: __cdecl duet::LApiActorVignette::LApiActorVignette(class duet::LApiActorVignette && __ptr64) __ptr64
384	??0LApiActorVignette@duet@@QEAA@AEBV01@@Z	public: __cdecl duet::LApiActorVignette::LApiActorVignette(class duet::LApiActorVignette const & __ptr64) __ptr64
385	??0LApiActorVignette@duet@@QEAA@XZ	public: __cdecl duet::LApiActorVignette::LApiActorVignette(void) __ptr64
386	??0LApiActorsLayer@duet@@QEAA@$$QEAV01@@Z	public: __cdecl duet::LApiActorsLayer::LApiActorsLayer(class duet::LApiActorsLayer && __ptr64) __ptr64
387	??0LApiActorsLayer@duet@@QEAA@AEBV01@@Z	public: __cdecl duet::LApiActorsLayer::LApiActorsLayer(class duet::LApiActorsLayer const & __ptr64) __ptr64
388	??0LApiActorsLayer@duet@@QEAA@XZ	public: __cdecl duet::LApiActorsLayer::LApiActorsLayer(void) __ptr64
389	??0LApiBoomLayer@duet@@QEAA@$$QEAV01@@Z	public: __cdecl duet::LApiBoomLayer::LApiBoomLayer(class duet::LApiBoomLayer && __ptr64) __ptr64
390	??0LApiBoomLayer@duet@@QEAA@AEBV01@@Z	public: __cdecl duet::LApiBoomLayer::LApiBoomLayer(class duet::LApiBoomLayer const & __ptr64) __ptr64
391	??0LApiBoomLayer@duet@@QEAA@XZ	public: __cdecl duet::LApiBoomLayer::LApiBoomLayer(void) __ptr64
392	??0LApiBoundsLayer@duet@@QEAA@$$QEAV01@@Z	public: __cdecl duet::LApiBoundsLayer::LApiBoundsLayer(class duet::LApiBoundsLayer && __ptr64) __ptr64
393	??0LApiBoundsLayer@duet@@QEAA@AEBV01@@Z	public: __cdecl duet::LApiBoundsLayer::LApiBoundsLayer(class duet::LApiBoundsLayer const & __ptr64) __ptr64
394	??0LApiBoundsLayer@duet@@QEAA@XZ	public: __cdecl duet::LApiBoundsLayer::LApiBoundsLayer(void) __ptr64
395	??0LApiCameraRig@duet@@QEAA@$$QEAV01@@Z	public: __cdecl duet::LApiCameraRig::LApiCameraRig(class duet::LApiCameraRig && __ptr64) __ptr64
396	??0LApiCameraRig@duet@@QEAA@AEBV01@@Z	public: __cdecl duet::LApiCameraRig::LApiCameraRig(class duet::LApiCameraRig const & __ptr64) __ptr64
397	??0LApiCameraRig@duet@@QEAA@XZ	public: __cdecl duet::LApiCameraRig::LApiCameraRig(void) __ptr64
398	??0LApiDuet@duet@@QEAA@$$QEAV01@@Z	public: __cdecl duet::LApiDuet::LApiDuet(class duet::LApiDuet && __ptr64) __ptr64
399	??0LApiDuet@duet@@QEAA@AEBV01@@Z	public: __cdecl duet::LApiDuet::LApiDuet(class duet::LApiDuet const & __ptr64) __ptr64
400	??0LApiDuet@duet@@QEAA@XZ	public: __cdecl duet::LApiDuet::LApiDuet(void) __ptr64
401	??0LApiDuetScene@duet@@QEAA@$$QEAV01@@Z	public: __cdecl duet::LApiDuetScene::LApiDuetScene(class duet::LApiDuetScene && __ptr64) __ptr64
402	??0LApiDuetScene@duet@@QEAA@AEBV01@@Z	public: __cdecl duet::LApiDuetScene::LApiDuetScene(class duet::LApiDuetScene const & __ptr64) __ptr64
403	??0LApiDuetScene@duet@@QEAA@XZ	public: __cdecl duet::LApiDuetScene::LApiDuetScene(void) __ptr64
404	??0LApiFlipbookDriver@duet@@QEAA@$$QEAV01@@Z	public: __cdecl duet::LApiFlipbookDriver::LApiFlipbookDriver(class duet::LApiFlipbookDriver && __ptr64) __ptr64
405	??0LApiFlipbookDriver@duet@@QEAA@AEBV01@@Z	public: __cdecl duet::LApiFlipbookDriver::LApiFlipbookDriver(class duet::LApiFlipbookDriver const & __ptr64) __ptr64
406	??0LApiFlipbookDriver@duet@@QEAA@XZ	public: __cdecl duet::LApiFlipbookDriver::LApiFlipbookDriver(void) __ptr64
407	??0LApiGlowAlpha@duet@@QEAA@$$QEAV01@@Z	public: __cdecl duet::LApiGlowAlpha::LApiGlowAlpha(class duet::LApiGlowAlpha && __ptr64) __ptr64
408	??0LApiGlowAlpha@duet@@QEAA@AEBV01@@Z	public: __cdecl duet::LApiGlowAlpha::LApiGlowAlpha(class duet::LApiGlowAlpha const & __ptr64) __ptr64
409	??0LApiGlowAlpha@duet@@QEAA@XZ	public: __cdecl duet::LApiGlowAlpha::LApiGlowAlpha(void) __ptr64
410	??0LApiGlowFader@duet@@QEAA@$$QEAV01@@Z	public: __cdecl duet::LApiGlowFader::LApiGlowFader(class duet::LApiGlowFader && __ptr64) __ptr64
411	??0LApiGlowFader@duet@@QEAA@AEBV01@@Z	public: __cdecl duet::LApiGlowFader::LApiGlowFader(class duet::LApiGlowFader const & __ptr64) __ptr64
412	??0LApiGlowFader@duet@@QEAA@XZ	public: __cdecl duet::LApiGlowFader::LApiGlowFader(void) __ptr64
413	??0LApiInputLayer@duet@@QEAA@$$QEAV01@@Z	public: __cdecl duet::LApiInputLayer::LApiInputLayer(class duet::LApiInputLayer && __ptr64) __ptr64
414	??0LApiInputLayer@duet@@QEAA@AEBV01@@Z	public: __cdecl duet::LApiInputLayer::LApiInputLayer(class duet::LApiInputLayer const & __ptr64) __ptr64
415	??0LApiInputLayer@duet@@QEAA@XZ	public: __cdecl duet::LApiInputLayer::LApiInputLayer(void) __ptr64
416	??0LApiIntroEnvControl@duet@@QEAA@$$QEAV01@@Z	public: __cdecl duet::LApiIntroEnvControl::LApiIntroEnvControl(class duet::LApiIntroEnvControl && __ptr64) __ptr64
417	??0LApiIntroEnvControl@duet@@QEAA@AEBV01@@Z	public: __cdecl duet::LApiIntroEnvControl::LApiIntroEnvControl(class duet::LApiIntroEnvControl const & __ptr64) __ptr64
418	??0LApiIntroEnvControl@duet@@QEAA@XZ	public: __cdecl duet::LApiIntroEnvControl::LApiIntroEnvControl(void) __ptr64
419	??0LApiLookAtDetector@duet@@QEAA@$$QEAV01@@Z	public: __cdecl duet::LApiLookAtDetector::LApiLookAtDetector(class duet::LApiLookAtDetector && __ptr64) __ptr64
420	??0LApiLookAtDetector@duet@@QEAA@AEBV01@@Z	public: __cdecl duet::LApiLookAtDetector::LApiLookAtDetector(class duet::LApiLookAtDetector const & __ptr64) __ptr64
421	??0LApiLookAtDetector@duet@@QEAA@XZ	public: __cdecl duet::LApiLookAtDetector::LApiLookAtDetector(void) __ptr64
422	??0LApiLookAtLayer@duet@@QEAA@$$QEAV01@@Z	public: __cdecl duet::LApiLookAtLayer::LApiLookAtLayer(class duet::LApiLookAtLayer && __ptr64) __ptr64
423	??0LApiLookAtLayer@duet@@QEAA@AEBV01@@Z	public: __cdecl duet::LApiLookAtLayer::LApiLookAtLayer(class duet::LApiLookAtLayer const & __ptr64) __ptr64
424	??0LApiLookAtLayer@duet@@QEAA@XZ	public: __cdecl duet::LApiLookAtLayer::LApiLookAtLayer(void) __ptr64
425	??0LApiLuaProfiler@luaProfiler@MOXIE@@QEAA@$$QEAV012@@Z	public: __cdecl MOXIE::luaProfiler::LApiLuaProfiler::LApiLuaProfiler(class MOXIE::luaProfiler::LApiLuaProfiler && __ptr64) __ptr64
426	??0LApiLuaProfiler@luaProfiler@MOXIE@@QEAA@AEBV012@@Z	public: __cdecl MOXIE::luaProfiler::LApiLuaProfiler::LApiLuaProfiler(class MOXIE::luaProfiler::LApiLuaProfiler const & __ptr64) __ptr64
427	??0LApiLuaProfiler@luaProfiler@MOXIE@@QEAA@XZ	public: __cdecl MOXIE::luaProfiler::LApiLuaProfiler::LApiLuaProfiler(void) __ptr64
428	??0LApiMasterBlender@duet@@QEAA@$$QEAV01@@Z	public: __cdecl duet::LApiMasterBlender::LApiMasterBlender(class duet::LApiMasterBlender && __ptr64) __ptr64
429	??0LApiMasterBlender@duet@@QEAA@AEBV01@@Z	public: __cdecl duet::LApiMasterBlender::LApiMasterBlender(class duet::LApiMasterBlender const & __ptr64) __ptr64
430	??0LApiMasterBlender@duet@@QEAA@XZ	public: __cdecl duet::LApiMasterBlender::LApiMasterBlender(void) __ptr64
431	??0LApiParticlesController@duet@@QEAA@$$QEAV01@@Z	public: __cdecl duet::LApiParticlesController::LApiParticlesController(class duet::LApiParticlesController && __ptr64) __ptr64
432	??0LApiParticlesController@duet@@QEAA@AEBV01@@Z	public: __cdecl duet::LApiParticlesController::LApiParticlesController(class duet::LApiParticlesController const & __ptr64) __ptr64
433	??0LApiParticlesController@duet@@QEAA@XZ	public: __cdecl duet::LApiParticlesController::LApiParticlesController(void) __ptr64
434	??0LApiProxyLayer@duet@@QEAA@$$QEAV01@@Z	public: __cdecl duet::LApiProxyLayer::LApiProxyLayer(class duet::LApiProxyLayer && __ptr64) __ptr64
435	??0LApiProxyLayer@duet@@QEAA@AEBV01@@Z	public: __cdecl duet::LApiProxyLayer::LApiProxyLayer(class duet::LApiProxyLayer const & __ptr64) __ptr64
436	??0LApiProxyLayer@duet@@QEAA@XZ	public: __cdecl duet::LApiProxyLayer::LApiProxyLayer(void) __ptr64
437	??0LApiSegmentManager@duet@@QEAA@$$QEAV01@@Z	public: __cdecl duet::LApiSegmentManager::LApiSegmentManager(class duet::LApiSegmentManager && __ptr64) __ptr64
438	??0LApiSegmentManager@duet@@QEAA@AEBV01@@Z	public: __cdecl duet::LApiSegmentManager::LApiSegmentManager(class duet::LApiSegmentManager const & __ptr64) __ptr64
439	??0LApiSegmentManager@duet@@QEAA@XZ	public: __cdecl duet::LApiSegmentManager::LApiSegmentManager(void) __ptr64
440	??0LApiSoftTrack@duet@@QEAA@$$QEAV01@@Z	public: __cdecl duet::LApiSoftTrack::LApiSoftTrack(class duet::LApiSoftTrack && __ptr64) __ptr64
441	??0LApiSoftTrack@duet@@QEAA@AEBV01@@Z	public: __cdecl duet::LApiSoftTrack::LApiSoftTrack(class duet::LApiSoftTrack const & __ptr64) __ptr64
442	??0LApiSoftTrack@duet@@QEAA@XZ	public: __cdecl duet::LApiSoftTrack::LApiSoftTrack(void) __ptr64
443	??0LApiStarBlendLayer@duet@@QEAA@$$QEAV01@@Z	public: __cdecl duet::LApiStarBlendLayer::LApiStarBlendLayer(class duet::LApiStarBlendLayer && __ptr64) __ptr64
444	??0LApiStarBlendLayer@duet@@QEAA@AEBV01@@Z	public: __cdecl duet::LApiStarBlendLayer::LApiStarBlendLayer(class duet::LApiStarBlendLayer const & __ptr64) __ptr64
445	??0LApiStarBlendLayer@duet@@QEAA@XZ	public: __cdecl duet::LApiStarBlendLayer::LApiStarBlendLayer(void) __ptr64
446	??0LApiTrackingLayer@duet@@QEAA@$$QEAV01@@Z	public: __cdecl duet::LApiTrackingLayer::LApiTrackingLayer(class duet::LApiTrackingLayer && __ptr64) __ptr64
447	??0LApiTrackingLayer@duet@@QEAA@AEBV01@@Z	public: __cdecl duet::LApiTrackingLayer::LApiTrackingLayer(class duet::LApiTrackingLayer const & __ptr64) __ptr64
448	??0LApiTrackingLayer@duet@@QEAA@XZ	public: __cdecl duet::LApiTrackingLayer::LApiTrackingLayer(void) __ptr64
449	??0LApiTrackingManager@duet@@QEAA@$$QEAV01@@Z	public: __cdecl duet::LApiTrackingManager::LApiTrackingManager(class duet::LApiTrackingManager && __ptr64) __ptr64
450	??0LApiTrackingManager@duet@@QEAA@AEBV01@@Z	public: __cdecl duet::LApiTrackingManager::LApiTrackingManager(class duet::LApiTrackingManager const & __ptr64) __ptr64
451	??0LApiTrackingManager@duet@@QEAA@XZ	public: __cdecl duet::LApiTrackingManager::LApiTrackingManager(void) __ptr64
452	??0LApiTrackingTarget@duet@@QEAA@$$QEAV01@@Z	public: __cdecl duet::LApiTrackingTarget::LApiTrackingTarget(class duet::LApiTrackingTarget && __ptr64) __ptr64
453	??0LApiTrackingTarget@duet@@QEAA@AEBV01@@Z	public: __cdecl duet::LApiTrackingTarget::LApiTrackingTarget(class duet::LApiTrackingTarget const & __ptr64) __ptr64
454	??0LApiTrackingTarget@duet@@QEAA@XZ	public: __cdecl duet::LApiTrackingTarget::LApiTrackingTarget(void) __ptr64
455	??0LApiUtil@duet@@QEAA@$$QEAV01@@Z	public: __cdecl duet::LApiUtil::LApiUtil(class duet::LApiUtil && __ptr64) __ptr64
456	??0LApiUtil@duet@@QEAA@AEBV01@@Z	public: __cdecl duet::LApiUtil::LApiUtil(class duet::LApiUtil const & __ptr64) __ptr64
457	??0LApiUtil@duet@@QEAA@XZ	public: __cdecl duet::LApiUtil::LApiUtil(void) __ptr64
458	??0LApplication@MOXIE@@QEAA@AEBV01@@Z	public: __cdecl MOXIE::LApplication::LApplication(class MOXIE::LApplication const & __ptr64) __ptr64
459	??0LApplication@MOXIE@@QEAA@XZ	public: __cdecl MOXIE::LApplication::LApplication(void) __ptr64
460	??0LAudioEmitter@MOXIE@@QEAA@AEBV01@@Z	public: __cdecl MOXIE::LAudioEmitter::LAudioEmitter(class MOXIE::LAudioEmitter const & __ptr64) __ptr64
461	??0LAudioEmitter@MOXIE@@QEAA@XZ	public: __cdecl MOXIE::LAudioEmitter::LAudioEmitter(void) __ptr64
462	??0LBlockAllocator@MOXIE@@QEAA@AEBV01@@Z	public: __cdecl MOXIE::LBlockAllocator::LBlockAllocator(class MOXIE::LBlockAllocator const & __ptr64) __ptr64
463	??0LBlockAllocator@MOXIE@@QEAA@PEB_K@Z	public: __cdecl MOXIE::LBlockAllocator::LBlockAllocator(unsigned __int64 const * __ptr64) __ptr64
464	??0LComponent@MOXIE@@QEAA@AEBV01@@Z	public: __cdecl MOXIE::LComponent::LComponent(class MOXIE::LComponent const & __ptr64) __ptr64
465	??0LComponent@MOXIE@@QEAA@PEAUlua_State@@AEBV?$TObjectHandle@X@1@@Z	public: __cdecl MOXIE::LComponent::LComponent(struct lua_State * __ptr64,class MOXIE::TObjectHandle<void> const & __ptr64) __ptr64
466	??0LEnvMoxie@MOXIE@@QEAA@AEBV01@@Z	public: __cdecl MOXIE::LEnvMoxie::LEnvMoxie(class MOXIE::LEnvMoxie const & __ptr64) __ptr64
467	??0LEnvMoxie@MOXIE@@QEAA@PEBDPEAULEnvMoxieParams@1@PEAVLAllocator@1@@Z	public: __cdecl MOXIE::LEnvMoxie::LEnvMoxie(char const * __ptr64,struct MOXIE::LEnvMoxieParams * __ptr64,class MOXIE::LAllocator * __ptr64) __ptr64
468	??0LEnvironment@MOXIE@@QEAA@AEBV01@@Z	public: __cdecl MOXIE::LEnvironment::LEnvironment(class MOXIE::LEnvironment const & __ptr64) __ptr64
469	??0LEnvironment@MOXIE@@QEAA@PEBDPEAVLAllocator@1@@Z	public: __cdecl MOXIE::LEnvironment::LEnvironment(char const * __ptr64,class MOXIE::LAllocator * __ptr64) __ptr64
470	??0Lexer@MOXIE@@QEAA@AEBV01@@Z	public: __cdecl MOXIE::Lexer::Lexer(class MOXIE::Lexer const & __ptr64) __ptr64
471	??0Lexer@MOXIE@@QEAA@PEBDI@Z	public: __cdecl MOXIE::Lexer::Lexer(char const * __ptr64,unsigned int) __ptr64
472	??0LocalFileSystem@MOXIE@@QEAA@XZ	public: __cdecl MOXIE::LocalFileSystem::LocalFileSystem(void) __ptr64
473	??0LuaDataTable@MOXIE@@QEAA@AEBV01@@Z	public: __cdecl MOXIE::LuaDataTable::LuaDataTable(class MOXIE::LuaDataTable const & __ptr64) __ptr64
474	??0LuaDataTable@MOXIE@@QEAA@XZ	public: __cdecl MOXIE::LuaDataTable::LuaDataTable(void) __ptr64
475	??0LuaParameter@MOXIE@@QEAA@AEBV01@@Z	public: __cdecl MOXIE::LuaParameter::LuaParameter(class MOXIE::LuaParameter const & __ptr64) __ptr64
476	??0LuaParameter@MOXIE@@QEAA@XZ	public: __cdecl MOXIE::LuaParameter::LuaParameter(void) __ptr64
477	??0LuaTable@MOXIE@@QEAA@AEBV01@@Z	public: __cdecl MOXIE::LuaTable::LuaTable(class MOXIE::LuaTable const & __ptr64) __ptr64
478	??0LuaTable@MOXIE@@QEAA@XZ	public: __cdecl MOXIE::LuaTable::LuaTable(void) __ptr64
479	??0Material@MOXIE@@QEAA@AEBV01@@Z	public: __cdecl MOXIE::Material::Material(class MOXIE::Material const & __ptr64) __ptr64
480	??0Material@MOXIE@@QEAA@XZ	public: __cdecl MOXIE::Material::Material(void) __ptr64
481	??0MaterialParameter@MOXIE@@QEAA@AEBV01@@Z	public: __cdecl MOXIE::MaterialParameter::MaterialParameter(class MOXIE::MaterialParameter const & __ptr64) __ptr64
482	??0MaterialParameter@MOXIE@@QEAA@II@Z	public: __cdecl MOXIE::MaterialParameter::MaterialParameter(unsigned int,unsigned int) __ptr64
483	??0MaterialParameterConstant@MOXIE@@QEAA@AEBV01@@Z	public: __cdecl MOXIE::MaterialParameterConstant::MaterialParameterConstant(class MOXIE::MaterialParameterConstant const & __ptr64) __ptr64
484	??0MaterialParameterConstant@MOXIE@@QEAA@I@Z	public: __cdecl MOXIE::MaterialParameterConstant::MaterialParameterConstant(unsigned int) __ptr64
485	??0MaterialParameterTexture@MOXIE@@QEAA@AEBV01@@Z	public: __cdecl MOXIE::MaterialParameterTexture::MaterialParameterTexture(class MOXIE::MaterialParameterTexture const & __ptr64) __ptr64
486	??0MaterialParameterTexture@MOXIE@@QEAA@I@Z	public: __cdecl MOXIE::MaterialParameterTexture::MaterialParameterTexture(unsigned int) __ptr64
487	??0MaterialPass@MOXIE@@QEAA@AEBV01@@Z	public: __cdecl MOXIE::MaterialPass::MaterialPass(class MOXIE::MaterialPass const & __ptr64) __ptr64
488	??0MaterialPass@MOXIE@@QEAA@XZ	public: __cdecl MOXIE::MaterialPass::MaterialPass(void) __ptr64
489	??0Matrix3@MOXIE@@QEAA@AEBV01@@Z	public: __cdecl MOXIE::Matrix3::Matrix3(class MOXIE::Matrix3 const & __ptr64) __ptr64
490	??0Matrix3@MOXIE@@QEAA@MMMMMMMMM@Z	public: __cdecl MOXIE::Matrix3::Matrix3(float,float,float,float,float,float,float,float,float) __ptr64
491	??0Matrix3@MOXIE@@QEAA@XZ	public: __cdecl MOXIE::Matrix3::Matrix3(void) __ptr64
492	??0Matrix4@MOXIE@@QEAA@AEBV01@@Z	public: __cdecl MOXIE::Matrix4::Matrix4(class MOXIE::Matrix4 const & __ptr64) __ptr64
493	??0Matrix4@MOXIE@@QEAA@AEBVMatrix3@1@AEBVVector3@1@@Z	public: __cdecl MOXIE::Matrix4::Matrix4(class MOXIE::Matrix3 const & __ptr64,class MOXIE::Vector3 const & __ptr64) __ptr64
494	??0Matrix4@MOXIE@@QEAA@MMMMMMMMMMMMMMMM@Z	public: __cdecl MOXIE::Matrix4::Matrix4(float,float,float,float,float,float,float,float,float,float,float,float,float,float,float,float) __ptr64
495	??0Matrix4@MOXIE@@QEAA@XZ	public: __cdecl MOXIE::Matrix4::Matrix4(void) __ptr64
496	??0MemoryStream@MOXIE@@QEAA@AEBV01@@Z	public: __cdecl MOXIE::MemoryStream::MemoryStream(class MOXIE::MemoryStream const & __ptr64) __ptr64
497	??0MemoryStream@MOXIE@@QEAA@I@Z	public: __cdecl MOXIE::MemoryStream::MemoryStream(unsigned int) __ptr64
498	??0MemoryStream@MOXIE@@QEAA@PEAEI@Z	public: __cdecl MOXIE::MemoryStream::MemoryStream(unsigned char * __ptr64,unsigned int) __ptr64
499	??0MemoryTracker@@QEAA@XZ	public: __cdecl MemoryTracker::MemoryTracker(void) __ptr64
500	??0ModelResource@MOXIE@@QEAA@XZ	public: __cdecl MOXIE::ModelResource::ModelResource(void) __ptr64
501	??0Mutex@MOXIE@@QEAA@_N@Z	public: __cdecl MOXIE::Mutex::Mutex(bool) __ptr64
502	??0NestedFileSystem@MOXIE@@QEAA@XZ	public: __cdecl MOXIE::NestedFileSystem::NestedFileSystem(void) __ptr64
503	??0NetworkFileSystem@MOXIE@@QEAA@XZ	public: __cdecl MOXIE::NetworkFileSystem::NetworkFileSystem(void) __ptr64
504	??0OggVorbisDecoder@MOXIE@@QEAA@PEAVAudServices@1@@Z	public: __cdecl MOXIE::OggVorbisDecoder::OggVorbisDecoder(class MOXIE::AudServices * __ptr64) __ptr64
505	??0OggVorbisMetadata@MOXIE@@QEAA@XZ	public: __cdecl MOXIE::OggVorbisMetadata::OggVorbisMetadata(void) __ptr64
506	??0PackageFileSystem@MOXIE@@QEAA@XZ	public: __cdecl MOXIE::PackageFileSystem::PackageFileSystem(void) __ptr64
507	??0ParameterData@MOXIE@@QEAA@AEBV01@@Z	public: __cdecl MOXIE::ParameterData::ParameterData(class MOXIE::ParameterData const & __ptr64) __ptr64
508	??0ParameterData@MOXIE@@QEAA@I@Z	public: __cdecl MOXIE::ParameterData::ParameterData(unsigned int) __ptr64
509	??0ParameterDataFloat2@MOXIE@@QEAA@$$QEAV01@@Z	public: __cdecl MOXIE::ParameterDataFloat2::ParameterDataFloat2(class MOXIE::ParameterDataFloat2 && __ptr64) __ptr64
510	??0ParameterDataFloat2@MOXIE@@QEAA@AEBV01@@Z	public: __cdecl MOXIE::ParameterDataFloat2::ParameterDataFloat2(class MOXIE::ParameterDataFloat2 const & __ptr64) __ptr64
511	??0ParameterDataFloat2@MOXIE@@QEAA@XZ	public: __cdecl MOXIE::ParameterDataFloat2::ParameterDataFloat2(void) __ptr64
512	??0ParameterDataFloat3@MOXIE@@QEAA@$$QEAV01@@Z	public: __cdecl MOXIE::ParameterDataFloat3::ParameterDataFloat3(class MOXIE::ParameterDataFloat3 && __ptr64) __ptr64
513	??0ParameterDataFloat3@MOXIE@@QEAA@AEBV01@@Z	public: __cdecl MOXIE::ParameterDataFloat3::ParameterDataFloat3(class MOXIE::ParameterDataFloat3 const & __ptr64) __ptr64
514	??0ParameterDataFloat3@MOXIE@@QEAA@XZ	public: __cdecl MOXIE::ParameterDataFloat3::ParameterDataFloat3(void) __ptr64
515	??0ParameterDataFloat4@MOXIE@@QEAA@$$QEAV01@@Z	public: __cdecl MOXIE::ParameterDataFloat4::ParameterDataFloat4(class MOXIE::ParameterDataFloat4 && __ptr64) __ptr64
516	??0ParameterDataFloat4@MOXIE@@QEAA@AEBV01@@Z	public: __cdecl MOXIE::ParameterDataFloat4::ParameterDataFloat4(class MOXIE::ParameterDataFloat4 const & __ptr64) __ptr64
517	??0ParameterDataFloat4@MOXIE@@QEAA@XZ	public: __cdecl MOXIE::ParameterDataFloat4::ParameterDataFloat4(void) __ptr64
518	??0ParameterDataFloat@MOXIE@@QEAA@$$QEAV01@@Z	public: __cdecl MOXIE::ParameterDataFloat::ParameterDataFloat(class MOXIE::ParameterDataFloat && __ptr64) __ptr64
519	??0ParameterDataFloat@MOXIE@@QEAA@AEBV01@@Z	public: __cdecl MOXIE::ParameterDataFloat::ParameterDataFloat(class MOXIE::ParameterDataFloat const & __ptr64) __ptr64
520	??0ParameterDataFloat@MOXIE@@QEAA@XZ	public: __cdecl MOXIE::ParameterDataFloat::ParameterDataFloat(void) __ptr64
521	??0ParameterDataInt@MOXIE@@QEAA@$$QEAV01@@Z	public: __cdecl MOXIE::ParameterDataInt::ParameterDataInt(class MOXIE::ParameterDataInt && __ptr64) __ptr64
522	??0ParameterDataInt@MOXIE@@QEAA@AEBV01@@Z	public: __cdecl MOXIE::ParameterDataInt::ParameterDataInt(class MOXIE::ParameterDataInt const & __ptr64) __ptr64
523	??0ParameterDataInt@MOXIE@@QEAA@XZ	public: __cdecl MOXIE::ParameterDataInt::ParameterDataInt(void) __ptr64
524	??0ParameterDataMatrix@MOXIE@@QEAA@$$QEAV01@@Z	public: __cdecl MOXIE::ParameterDataMatrix::ParameterDataMatrix(class MOXIE::ParameterDataMatrix && __ptr64) __ptr64
525	??0ParameterDataMatrix@MOXIE@@QEAA@AEBV01@@Z	public: __cdecl MOXIE::ParameterDataMatrix::ParameterDataMatrix(class MOXIE::ParameterDataMatrix const & __ptr64) __ptr64
526	??0ParameterDataMatrix@MOXIE@@QEAA@XZ	public: __cdecl MOXIE::ParameterDataMatrix::ParameterDataMatrix(void) __ptr64
527	??0ParameterTexture2D@MOXIE@@QEAA@AEBV01@@Z	public: __cdecl MOXIE::ParameterTexture2D::ParameterTexture2D(class MOXIE::ParameterTexture2D const & __ptr64) __ptr64
528	??0ParameterTexture2D@MOXIE@@QEAA@XZ	public: __cdecl MOXIE::ParameterTexture2D::ParameterTexture2D(void) __ptr64
529	??0ParameterTexture2DMS@MOXIE@@QEAA@AEBV01@@Z	public: __cdecl MOXIE::ParameterTexture2DMS::ParameterTexture2DMS(class MOXIE::ParameterTexture2DMS const & __ptr64) __ptr64
530	??0ParameterTexture2DMS@MOXIE@@QEAA@XZ	public: __cdecl MOXIE::ParameterTexture2DMS::ParameterTexture2DMS(void) __ptr64
531	??0ParameterTextureCubemap@MOXIE@@QEAA@AEBV01@@Z	public: __cdecl MOXIE::ParameterTextureCubemap::ParameterTextureCubemap(class MOXIE::ParameterTextureCubemap const & __ptr64) __ptr64
532	??0ParameterTextureCubemap@MOXIE@@QEAA@XZ	public: __cdecl MOXIE::ParameterTextureCubemap::ParameterTextureCubemap(void) __ptr64
533	??0ParameterTextureVideo@MOXIE@@QEAA@$$QEAV01@@Z	public: __cdecl MOXIE::ParameterTextureVideo::ParameterTextureVideo(class MOXIE::ParameterTextureVideo && __ptr64) __ptr64
534	??0ParameterTextureVideo@MOXIE@@QEAA@AEBV01@@Z	public: __cdecl MOXIE::ParameterTextureVideo::ParameterTextureVideo(class MOXIE::ParameterTextureVideo const & __ptr64) __ptr64
535	??0ParameterTextureVideo@MOXIE@@QEAA@XZ	public: __cdecl MOXIE::ParameterTextureVideo::ParameterTextureVideo(void) __ptr64
536	??0ParticleBuffer@MOXIE@@QEAA@AEBV01@@Z	public: __cdecl MOXIE::ParticleBuffer::ParticleBuffer(class MOXIE::ParticleBuffer const & __ptr64) __ptr64
537	??0ParticleBuffer@MOXIE@@QEAA@I@Z	public: __cdecl MOXIE::ParticleBuffer::ParticleBuffer(unsigned int) __ptr64
538	??0ParticleCollider@MOXIE@@QEAA@AEBV01@@Z	public: __cdecl MOXIE::ParticleCollider::ParticleCollider(class MOXIE::ParticleCollider const & __ptr64) __ptr64
539	??0ParticleCollider@MOXIE@@QEAA@I@Z	public: __cdecl MOXIE::ParticleCollider::ParticleCollider(unsigned int) __ptr64
540	??0ParticleDefinition@MOXIE@@QEAA@$$QEAU01@@Z	public: __cdecl MOXIE::ParticleDefinition::ParticleDefinition(struct MOXIE::ParticleDefinition && __ptr64) __ptr64
541	??0ParticleDefinition@MOXIE@@QEAA@AEBU01@@Z	public: __cdecl MOXIE::ParticleDefinition::ParticleDefinition(struct MOXIE::ParticleDefinition const & __ptr64) __ptr64
542	??0ParticleDefinition@MOXIE@@QEAA@XZ	public: __cdecl MOXIE::ParticleDefinition::ParticleDefinition(void) __ptr64
543	??0ParticleField@MOXIE@@QEAA@AEBV01@@Z	public: __cdecl MOXIE::ParticleField::ParticleField(class MOXIE::ParticleField const & __ptr64) __ptr64
544	??0ParticleField@MOXIE@@QEAA@I@Z	public: __cdecl MOXIE::ParticleField::ParticleField(unsigned int) __ptr64
545	??0ParticleMap@MOXIE@@QEAA@AEBV01@@Z	public: __cdecl MOXIE::ParticleMap::ParticleMap(class MOXIE::ParticleMap const & __ptr64) __ptr64
546	??0ParticleMap@MOXIE@@QEAA@XZ	public: __cdecl MOXIE::ParticleMap::ParticleMap(void) __ptr64
547	??0ParticleSystemResource@MOXIE@@QEAA@XZ	public: __cdecl MOXIE::ParticleSystemResource::ParticleSystemResource(void) __ptr64
548	??0PcmDecoder@MOXIE@@QEAA@PEAVAudServices@1@@Z	public: __cdecl MOXIE::PcmDecoder::PcmDecoder(class MOXIE::AudServices * __ptr64) __ptr64
549	??0PhysicsManager@MOXIE@@AEAA@XZ	private: __cdecl MOXIE::PhysicsManager::PhysicsManager(void) __ptr64
550	??0PhysicsManager@MOXIE@@QEAA@AEBV01@@Z	public: __cdecl MOXIE::PhysicsManager::PhysicsManager(class MOXIE::PhysicsManager const & __ptr64) __ptr64
551	??0PipelineStateResource@MOXIE@@QEAA@XZ	public: __cdecl MOXIE::PipelineStateResource::PipelineStateResource(void) __ptr64
552	??0PixelFormat@MOXIE@@AEAA@XZ	private: __cdecl MOXIE::PixelFormat::PixelFormat(void) __ptr64
553	??0Plane@MOXIE@@QEAA@AEBV01@@Z	public: __cdecl MOXIE::Plane::Plane(class MOXIE::Plane const & __ptr64) __ptr64
554	??0Plane@MOXIE@@QEAA@AEBVVector3@1@00@Z	public: __cdecl MOXIE::Plane::Plane(class MOXIE::Vector3 const & __ptr64,class MOXIE::Vector3 const & __ptr64,class MOXIE::Vector3 const & __ptr64) __ptr64
555	??0Plane@MOXIE@@QEAA@AEBVVector3@1@0@Z	public: __cdecl MOXIE::Plane::Plane(class MOXIE::Vector3 const & __ptr64,class MOXIE::Vector3 const & __ptr64) __ptr64
556	??0Plane@MOXIE@@QEAA@AEBVVector3@1@M@Z	public: __cdecl MOXIE::Plane::Plane(class MOXIE::Vector3 const & __ptr64,float) __ptr64
557	??0Plane@MOXIE@@QEAA@AEBVVector4@1@@Z	public: __cdecl MOXIE::Plane::Plane(class MOXIE::Vector4 const & __ptr64) __ptr64
558	??0Plane@MOXIE@@QEAA@MMMM@Z	public: __cdecl MOXIE::Plane::Plane(float,float,float,float) __ptr64
559	??0Plane@MOXIE@@QEAA@XZ	public: __cdecl MOXIE::Plane::Plane(void) __ptr64
560	??0PlaneCollider@MOXIE@@QEAA@$$QEAV01@@Z	public: __cdecl MOXIE::PlaneCollider::PlaneCollider(class MOXIE::PlaneCollider && __ptr64) __ptr64
561	??0PlaneCollider@MOXIE@@QEAA@AEBV01@@Z	public: __cdecl MOXIE::PlaneCollider::PlaneCollider(class MOXIE::PlaneCollider const & __ptr64) __ptr64
562	??0PlaneCollider@MOXIE@@QEAA@I@Z	public: __cdecl MOXIE::PlaneCollider::PlaneCollider(unsigned int) __ptr64
563	??0PlaneCollider@MOXIE@@QEAA@IAEBVVector3@1@0MM@Z	public: __cdecl MOXIE::PlaneCollider::PlaneCollider(unsigned int,class MOXIE::Vector3 const & __ptr64,class MOXIE::Vector3 const & __ptr64,float,float) __ptr64
564	??0PlatformAudioDriver@MOXIE@@QEAA@AEBV01@@Z	public: __cdecl MOXIE::PlatformAudioDriver::PlatformAudioDriver(class MOXIE::PlatformAudioDriver const & __ptr64) __ptr64
565	??0PlatformAudioDriver@MOXIE@@QEAA@XZ	public: __cdecl MOXIE::PlatformAudioDriver::PlatformAudioDriver(void) __ptr64
566	??0PlatformAudioDriverDirectSound@MOXIE@@QEAA@AEBV01@@Z	public: __cdecl MOXIE::PlatformAudioDriverDirectSound::PlatformAudioDriverDirectSound(class MOXIE::PlatformAudioDriverDirectSound const & __ptr64) __ptr64
567	??0PlatformAudioDriverDirectSound@MOXIE@@QEAA@XZ	public: __cdecl MOXIE::PlatformAudioDriverDirectSound::PlatformAudioDriverDirectSound(void) __ptr64
568	??0Player@MOXIE@@QEAA@AEBV01@@Z	public: __cdecl MOXIE::Player::Player(class MOXIE::Player const & __ptr64) __ptr64
569	??0Player@MOXIE@@QEAA@XZ	public: __cdecl MOXIE::Player::Player(void) __ptr64
570	??0PosteffectResource@MOXIE@@QEAA@XZ	public: __cdecl MOXIE::PosteffectResource::PosteffectResource(void) __ptr64
571	??0Quaternion@MOXIE@@QEAA@$$QEAV01@@Z	public: __cdecl MOXIE::Quaternion::Quaternion(class MOXIE::Quaternion && __ptr64) __ptr64
572	??0Quaternion@MOXIE@@QEAA@AEBV01@@Z	public: __cdecl MOXIE::Quaternion::Quaternion(class MOXIE::Quaternion const & __ptr64) __ptr64
573	??0Quaternion@MOXIE@@QEAA@AEBVVector4@1@@Z	public: __cdecl MOXIE::Quaternion::Quaternion(class MOXIE::Vector4 const & __ptr64) __ptr64
574	??0Quaternion@MOXIE@@QEAA@MMMM@Z	public: __cdecl MOXIE::Quaternion::Quaternion(float,float,float,float) __ptr64
575	??0Quaternion@MOXIE@@QEAA@XZ	public: __cdecl MOXIE::Quaternion::Quaternion(void) __ptr64
576	??0RTTI@MOXIE@@QEAA@PEBDPEBV01@@Z	public: __cdecl MOXIE::RTTI::RTTI(char const * __ptr64,class MOXIE::RTTI const * __ptr64) __ptr64
577	??0RadixSort32@MOXIE@@QEAA@XZ	public: __cdecl MOXIE::RadixSort32::RadixSort32(void) __ptr64
578	??0RadixSort64@MOXIE@@QEAA@XZ	public: __cdecl MOXIE::RadixSort64::RadixSort64(void) __ptr64
579	??0RadixSortReal@MOXIE@@QEAA@XZ	public: __cdecl MOXIE::RadixSortReal::RadixSortReal(void) __ptr64
580	??0Ray@MOXIE@@QEAA@$$QEAV01@@Z	public: __cdecl MOXIE::Ray::Ray(class MOXIE::Ray && __ptr64) __ptr64
581	??0Ray@MOXIE@@QEAA@AEBV01@@Z	public: __cdecl MOXIE::Ray::Ray(class MOXIE::Ray const & __ptr64) __ptr64
582	??0Ray@MOXIE@@QEAA@AEBVVector3@1@0@Z	public: __cdecl MOXIE::Ray::Ray(class MOXIE::Vector3 const & __ptr64,class MOXIE::Vector3 const & __ptr64) __ptr64
583	??0Ray@MOXIE@@QEAA@MMMMMM@Z	public: __cdecl MOXIE::Ray::Ray(float,float,float,float,float,float) __ptr64
584	??0Ray@MOXIE@@QEAA@XZ	public: __cdecl MOXIE::Ray::Ray(void) __ptr64
585	??0RefCount@MOXIE@@QEAA@AEBV01@@Z	public: __cdecl MOXIE::RefCount::RefCount(class MOXIE::RefCount const & __ptr64) __ptr64
586	??0RefCount@MOXIE@@QEAA@XZ	public: __cdecl MOXIE::RefCount::RefCount(void) __ptr64
587	??0RenderBuffer@MOXIE@@QEAA@AEBV01@@Z	public: __cdecl MOXIE::RenderBuffer::RenderBuffer(class MOXIE::RenderBuffer const & __ptr64) __ptr64
588	??0RenderBuffer@MOXIE@@QEAA@XZ	public: __cdecl MOXIE::RenderBuffer::RenderBuffer(void) __ptr64
589	??0RenderContext@MOXIE@@QEAA@AEBV01@@Z	public: __cdecl MOXIE::RenderContext::RenderContext(class MOXIE::RenderContext const & __ptr64) __ptr64
590	??0RenderContext@MOXIE@@QEAA@XZ	public: __cdecl MOXIE::RenderContext::RenderContext(void) __ptr64
591	??0RenderDebug@MOXIE@@IEAA@XZ	protected: __cdecl MOXIE::RenderDebug::RenderDebug(void) __ptr64
592	??0RenderDebug@MOXIE@@QEAA@$$QEAV01@@Z	public: __cdecl MOXIE::RenderDebug::RenderDebug(class MOXIE::RenderDebug && __ptr64) __ptr64
593	??0RenderDebug@MOXIE@@QEAA@AEBV01@@Z	public: __cdecl MOXIE::RenderDebug::RenderDebug(class MOXIE::RenderDebug const & __ptr64) __ptr64
594	??0RenderDevice@MOXIE@@IEAA@XZ	protected: __cdecl MOXIE::RenderDevice::RenderDevice(void) __ptr64
595	??0RenderDevice@MOXIE@@QEAA@AEBV01@@Z	public: __cdecl MOXIE::RenderDevice::RenderDevice(class MOXIE::RenderDevice const & __ptr64) __ptr64
596	??0RenderDeviceGL@MOXIE@@QEAA@XZ	public: __cdecl MOXIE::RenderDeviceGL::RenderDeviceGL(void) __ptr64
597	??0RenderDispatcher@MOXIE@@QEAA@AEBV01@@Z	public: __cdecl MOXIE::RenderDispatcher::RenderDispatcher(class MOXIE::RenderDispatcher const & __ptr64) __ptr64
598	??0RenderDispatcher@MOXIE@@QEAA@PEAVRenderDevice@1@@Z	public: __cdecl MOXIE::RenderDispatcher::RenderDispatcher(class MOXIE::RenderDevice * __ptr64) __ptr64
599	??0RenderManager@MOXIE@@AEAA@XZ	private: __cdecl MOXIE::RenderManager::RenderManager(void) __ptr64
600	??0RenderManager@MOXIE@@QEAA@AEBV01@@Z	public: __cdecl MOXIE::RenderManager::RenderManager(class MOXIE::RenderManager const & __ptr64) __ptr64
601	??0RenderState@MOXIE@@QEAA@$$QEAU01@@Z	public: __cdecl MOXIE::RenderState::RenderState(struct MOXIE::RenderState && __ptr64) __ptr64
602	??0RenderState@MOXIE@@QEAA@AEBU01@@Z	public: __cdecl MOXIE::RenderState::RenderState(struct MOXIE::RenderState const & __ptr64) __ptr64
603	??0RenderState@MOXIE@@QEAA@XZ	public: __cdecl MOXIE::RenderState::RenderState(void) __ptr64
604	??0RenderSurface@MOXIE@@QEAA@AEBV01@@Z	public: __cdecl MOXIE::RenderSurface::RenderSurface(class MOXIE::RenderSurface const & __ptr64) __ptr64
605	??0RenderSurface@MOXIE@@QEAA@XZ	public: __cdecl MOXIE::RenderSurface::RenderSurface(void) __ptr64
606	??0RenderTarget@MOXIE@@QEAA@AEBV01@@Z	public: __cdecl MOXIE::RenderTarget::RenderTarget(class MOXIE::RenderTarget const & __ptr64) __ptr64
607	??0RenderTarget@MOXIE@@QEAA@XZ	public: __cdecl MOXIE::RenderTarget::RenderTarget(void) __ptr64
608	??0RenderView@MOXIE@@QEAA@AEBV01@@Z	public: __cdecl MOXIE::RenderView::RenderView(class MOXIE::RenderView const & __ptr64) __ptr64
609	??0RenderView@MOXIE@@QEAA@PEAVRenderDevice@1@AEBVString@1@@Z	public: __cdecl MOXIE::RenderView::RenderView(class MOXIE::RenderDevice * __ptr64,class MOXIE::String const & __ptr64) __ptr64
610	??0Resource@MOXIE@@QEAA@XZ	public: __cdecl MOXIE::Resource::Resource(void) __ptr64
611	??0ResourceGroup@MOXIE@@QEAA@I@Z	public: __cdecl MOXIE::ResourceGroup::ResourceGroup(unsigned int) __ptr64
612	??0ResourceHandle@MOXIE@@AEAA@PEAVResource@1@II@Z	private: __cdecl MOXIE::ResourceHandle::ResourceHandle(class MOXIE::Resource * __ptr64,unsigned int,unsigned int) __ptr64
613	??0ResourceHandle@MOXIE@@QEAA@AEBV01@@Z	public: __cdecl MOXIE::ResourceHandle::ResourceHandle(class MOXIE::ResourceHandle const & __ptr64) __ptr64
614	??0ResourceHandle@MOXIE@@QEAA@XZ	public: __cdecl MOXIE::ResourceHandle::ResourceHandle(void) __ptr64
615	??0ResourceManager@MOXIE@@QEAA@XZ	public: __cdecl MOXIE::ResourceManager::ResourceManager(void) __ptr64
616	??0ResourceMonitor@MOXIE@@QEAA@XZ	public: __cdecl MOXIE::ResourceMonitor::ResourceMonitor(void) __ptr64
617	??0RiffDiver@MOXIE@@QEAA@AEBV01@@Z	public: __cdecl MOXIE::RiffDiver::RiffDiver(class MOXIE::RiffDiver const & __ptr64) __ptr64
618	??0RiffDiver@MOXIE@@QEAA@PEAVFileStream@1@@Z	public: __cdecl MOXIE::RiffDiver::RiffDiver(class MOXIE::FileStream * __ptr64) __ptr64
619	??0SGAnimator@MOXIE@@QEAA@$$QEAV01@@Z	public: __cdecl MOXIE::SGAnimator::SGAnimator(class MOXIE::SGAnimator && __ptr64) __ptr64
620	??0SGAnimator@MOXIE@@QEAA@AEBV01@@Z	public: __cdecl MOXIE::SGAnimator::SGAnimator(class MOXIE::SGAnimator const & __ptr64) __ptr64
621	??0SGAnimator@MOXIE@@QEAA@XZ	public: __cdecl MOXIE::SGAnimator::SGAnimator(void) __ptr64
622	??0SGAtmospherics@MOXIE@@QEAA@AEBV01@@Z	public: __cdecl MOXIE::SGAtmospherics::SGAtmospherics(class MOXIE::SGAtmospherics const & __ptr64) __ptr64
623	??0SGAtmospherics@MOXIE@@QEAA@XZ	public: __cdecl MOXIE::SGAtmospherics::SGAtmospherics(void) __ptr64
624	??0SGAttachmentProxy@MOXIE@@QEAA@$$QEAV01@@Z	public: __cdecl MOXIE::SGAttachmentProxy::SGAttachmentProxy(class MOXIE::SGAttachmentProxy && __ptr64) __ptr64
625	??0SGAttachmentProxy@MOXIE@@QEAA@AEBV01@@Z	public: __cdecl MOXIE::SGAttachmentProxy::SGAttachmentProxy(class MOXIE::SGAttachmentProxy const & __ptr64) __ptr64
626	??0SGAttachmentProxy@MOXIE@@QEAA@XZ	public: __cdecl MOXIE::SGAttachmentProxy::SGAttachmentProxy(void) __ptr64
627	??0SGCamera@MOXIE@@QEAA@AEBV01@@Z	public: __cdecl MOXIE::SGCamera::SGCamera(class MOXIE::SGCamera const & __ptr64) __ptr64
628	??0SGCamera@MOXIE@@QEAA@XZ	public: __cdecl MOXIE::SGCamera::SGCamera(void) __ptr64
629	??0SGCameraController@MOXIE@@QEAA@AEBV01@@Z	public: __cdecl MOXIE::SGCameraController::SGCameraController(class MOXIE::SGCameraController const & __ptr64) __ptr64
630	??0SGCameraController@MOXIE@@QEAA@XZ	public: __cdecl MOXIE::SGCameraController::SGCameraController(void) __ptr64
631	??0SGComponent@MOXIE@@QEAA@AEBV01@@Z	public: __cdecl MOXIE::SGComponent::SGComponent(class MOXIE::SGComponent const & __ptr64) __ptr64
632	??0SGComponent@MOXIE@@QEAA@XZ	public: __cdecl MOXIE::SGComponent::SGComponent(void) __ptr64
633	??0SGCustomAnimator@MOXIE@@QEAA@$$QEAV01@@Z	public: __cdecl MOXIE::SGCustomAnimator::SGCustomAnimator(class MOXIE::SGCustomAnimator && __ptr64) __ptr64
634	??0SGCustomAnimator@MOXIE@@QEAA@AEBV01@@Z	public: __cdecl MOXIE::SGCustomAnimator::SGCustomAnimator(class MOXIE::SGCustomAnimator const & __ptr64) __ptr64
635	??0SGCustomAnimator@MOXIE@@QEAA@XZ	public: __cdecl MOXIE::SGCustomAnimator::SGCustomAnimator(void) __ptr64
636	??0SGDebugCameraController@MOXIE@@QEAA@$$QEAV01@@Z	public: __cdecl MOXIE::SGDebugCameraController::SGDebugCameraController(class MOXIE::SGDebugCameraController && __ptr64) __ptr64
637	??0SGDebugCameraController@MOXIE@@QEAA@AEBV01@@Z	public: __cdecl MOXIE::SGDebugCameraController::SGDebugCameraController(class MOXIE::SGDebugCameraController const & __ptr64) __ptr64
638	??0SGDebugCameraController@MOXIE@@QEAA@XZ	public: __cdecl MOXIE::SGDebugCameraController::SGDebugCameraController(void) __ptr64
639	??0SGDepth@MOXIE@@QEAA@AEBV01@@Z	public: __cdecl MOXIE::SGDepth::SGDepth(class MOXIE::SGDepth const & __ptr64) __ptr64
640	??0SGDepth@MOXIE@@QEAA@XZ	public: __cdecl MOXIE::SGDepth::SGDepth(void) __ptr64
641	??0SGFog@MOXIE@@QEAA@AEBV01@@Z	public: __cdecl MOXIE::SGFog::SGFog(class MOXIE::SGFog const & __ptr64) __ptr64
642	??0SGFog@MOXIE@@QEAA@XZ	public: __cdecl MOXIE::SGFog::SGFog(void) __ptr64
643	??0SGFogAnimator@MOXIE@@QEAA@$$QEAV01@@Z	public: __cdecl MOXIE::SGFogAnimator::SGFogAnimator(class MOXIE::SGFogAnimator && __ptr64) __ptr64
644	??0SGFogAnimator@MOXIE@@QEAA@AEBV01@@Z	public: __cdecl MOXIE::SGFogAnimator::SGFogAnimator(class MOXIE::SGFogAnimator const & __ptr64) __ptr64
645	??0SGFogAnimator@MOXIE@@QEAA@XZ	public: __cdecl MOXIE::SGFogAnimator::SGFogAnimator(void) __ptr64
646	??0SGGroup@MOXIE@@QEAA@AEBV01@@Z	public: __cdecl MOXIE::SGGroup::SGGroup(class MOXIE::SGGroup const & __ptr64) __ptr64
647	??0SGGroup@MOXIE@@QEAA@XZ	public: __cdecl MOXIE::SGGroup::SGGroup(void) __ptr64
648	??0SGLight@MOXIE@@QEAA@AEBV01@@Z	public: __cdecl MOXIE::SGLight::SGLight(class MOXIE::SGLight const & __ptr64) __ptr64
649	??0SGLight@MOXIE@@QEAA@XZ	public: __cdecl MOXIE::SGLight::SGLight(void) __ptr64
650	??0SGLightAnimator@MOXIE@@QEAA@$$QEAV01@@Z	public: __cdecl MOXIE::SGLightAnimator::SGLightAnimator(class MOXIE::SGLightAnimator && __ptr64) __ptr64
651	??0SGLightAnimator@MOXIE@@QEAA@AEBV01@@Z	public: __cdecl MOXIE::SGLightAnimator::SGLightAnimator(class MOXIE::SGLightAnimator const & __ptr64) __ptr64
652	??0SGLightAnimator@MOXIE@@QEAA@XZ	public: __cdecl MOXIE::SGLightAnimator::SGLightAnimator(void) __ptr64
653	??0SGMaterial@MOXIE@@QEAA@$$QEAV01@@Z	public: __cdecl MOXIE::SGMaterial::SGMaterial(class MOXIE::SGMaterial && __ptr64) __ptr64
654	??0SGMaterial@MOXIE@@QEAA@AEBV01@@Z	public: __cdecl MOXIE::SGMaterial::SGMaterial(class MOXIE::SGMaterial const & __ptr64) __ptr64
655	??0SGMaterial@MOXIE@@QEAA@XZ	public: __cdecl MOXIE::SGMaterial::SGMaterial(void) __ptr64
656	??0SGModelInstance@MOXIE@@QEAA@AEBV01@@Z	public: __cdecl MOXIE::SGModelInstance::SGModelInstance(class MOXIE::SGModelInstance const & __ptr64) __ptr64
657	??0SGModelInstance@MOXIE@@QEAA@XZ	public: __cdecl MOXIE::SGModelInstance::SGModelInstance(void) __ptr64
658	??0SGNode@MOXIE@@QEAA@AEBV01@@Z	public: __cdecl MOXIE::SGNode::SGNode(class MOXIE::SGNode const & __ptr64) __ptr64
659	??0SGNode@MOXIE@@QEAA@XZ	public: __cdecl MOXIE::SGNode::SGNode(void) __ptr64
660	??0SGParticleAnimator@MOXIE@@QEAA@$$QEAV01@@Z	public: __cdecl MOXIE::SGParticleAnimator::SGParticleAnimator(class MOXIE::SGParticleAnimator && __ptr64) __ptr64
661	??0SGParticleAnimator@MOXIE@@QEAA@AEBV01@@Z	public: __cdecl MOXIE::SGParticleAnimator::SGParticleAnimator(class MOXIE::SGParticleAnimator const & __ptr64) __ptr64
662	??0SGParticleAnimator@MOXIE@@QEAA@XZ	public: __cdecl MOXIE::SGParticleAnimator::SGParticleAnimator(void) __ptr64
663	??0SGParticleEmitter@MOXIE@@QEAA@AEBV01@@Z	public: __cdecl MOXIE::SGParticleEmitter::SGParticleEmitter(class MOXIE::SGParticleEmitter const & __ptr64) __ptr64
664	??0SGParticleEmitter@MOXIE@@QEAA@XZ	public: __cdecl MOXIE::SGParticleEmitter::SGParticleEmitter(void) __ptr64
665	??0SGProjector@MOXIE@@QEAA@AEBV01@@Z	public: __cdecl MOXIE::SGProjector::SGProjector(class MOXIE::SGProjector const & __ptr64) __ptr64
666	??0SGProjector@MOXIE@@QEAA@XZ	public: __cdecl MOXIE::SGProjector::SGProjector(void) __ptr64
667	??0SGProjectorAnimator@MOXIE@@QEAA@$$QEAV01@@Z	public: __cdecl MOXIE::SGProjectorAnimator::SGProjectorAnimator(class MOXIE::SGProjectorAnimator && __ptr64) __ptr64
668	??0SGProjectorAnimator@MOXIE@@QEAA@AEBV01@@Z	public: __cdecl MOXIE::SGProjectorAnimator::SGProjectorAnimator(class MOXIE::SGProjectorAnimator const & __ptr64) __ptr64
669	??0SGProjectorAnimator@MOXIE@@QEAA@XZ	public: __cdecl MOXIE::SGProjectorAnimator::SGProjectorAnimator(void) __ptr64
670	??0SGRenderGraph@MOXIE@@QEAA@AEBV01@@Z	public: __cdecl MOXIE::SGRenderGraph::SGRenderGraph(class MOXIE::SGRenderGraph const & __ptr64) __ptr64
671	??0SGRenderGraph@MOXIE@@QEAA@XZ	public: __cdecl MOXIE::SGRenderGraph::SGRenderGraph(void) __ptr64
672	??0SGRenderGraphAnimator@MOXIE@@QEAA@$$QEAV01@@Z	public: __cdecl MOXIE::SGRenderGraphAnimator::SGRenderGraphAnimator(class MOXIE::SGRenderGraphAnimator && __ptr64) __ptr64
673	??0SGRenderGraphAnimator@MOXIE@@QEAA@AEBV01@@Z	public: __cdecl MOXIE::SGRenderGraphAnimator::SGRenderGraphAnimator(class MOXIE::SGRenderGraphAnimator const & __ptr64) __ptr64
674	??0SGRenderGraphAnimator@MOXIE@@QEAA@XZ	public: __cdecl MOXIE::SGRenderGraphAnimator::SGRenderGraphAnimator(void) __ptr64
675	??0SGReplay@MOXIE@@QEAA@AEBV01@@Z	public: __cdecl MOXIE::SGReplay::SGReplay(class MOXIE::SGReplay const & __ptr64) __ptr64
676	??0SGReplay@MOXIE@@QEAA@XZ	public: __cdecl MOXIE::SGReplay::SGReplay(void) __ptr64
677	??0SGTransform@MOXIE@@QEAA@AEBV01@@Z	public: __cdecl MOXIE::SGTransform::SGTransform(class MOXIE::SGTransform const & __ptr64) __ptr64
678	??0SGTransform@MOXIE@@QEAA@XZ	public: __cdecl MOXIE::SGTransform::SGTransform(void) __ptr64
679	??0SGVideo360Player@MOXIE@@QEAA@AEBV01@@Z	public: __cdecl MOXIE::SGVideo360Player::SGVideo360Player(class MOXIE::SGVideo360Player const & __ptr64) __ptr64
680	??0SGVideo360Player@MOXIE@@QEAA@XZ	public: __cdecl MOXIE::SGVideo360Player::SGVideo360Player(void) __ptr64
681	??0SGVideoCubePlayer@MOXIE@@QEAA@XZ	public: __cdecl MOXIE::SGVideoCubePlayer::SGVideoCubePlayer(void) __ptr64
682	??0SGVideoCubeRectPlayer@MOXIE@@QEAA@AEBV01@@Z	public: __cdecl MOXIE::SGVideoCubeRectPlayer::SGVideoCubeRectPlayer(class MOXIE::SGVideoCubeRectPlayer const & __ptr64) __ptr64
683	??0SGVideoCubeRectPlayer@MOXIE@@QEAA@XZ	public: __cdecl MOXIE::SGVideoCubeRectPlayer::SGVideoCubeRectPlayer(void) __ptr64
684	??0SGVideoLatLongPlayer@MOXIE@@QEAA@AEBV01@@Z	public: __cdecl MOXIE::SGVideoLatLongPlayer::SGVideoLatLongPlayer(class MOXIE::SGVideoLatLongPlayer const & __ptr64) __ptr64
685	??0SGVideoLatLongPlayer@MOXIE@@QEAA@XZ	public: __cdecl MOXIE::SGVideoLatLongPlayer::SGVideoLatLongPlayer(void) __ptr64
686	??0SceneGraph@MOXIE@@QEAA@AEBV01@@Z	public: __cdecl MOXIE::SceneGraph::SceneGraph(class MOXIE::SceneGraph const & __ptr64) __ptr64
687	??0SceneGraph@MOXIE@@QEAA@PEAVSGGroup@1@@Z	public: __cdecl MOXIE::SceneGraph::SceneGraph(class MOXIE::SGGroup * __ptr64) __ptr64
688	??0SceneGraphResource@MOXIE@@QEAA@PEAVSGNode@1@@Z	public: __cdecl MOXIE::SceneGraphResource::SceneGraphResource(class MOXIE::SGNode * __ptr64) __ptr64
689	??0SceneGraphResource@MOXIE@@QEAA@XZ	public: __cdecl MOXIE::SceneGraphResource::SceneGraphResource(void) __ptr64
690	??0SceneManager@MOXIE@@AEAA@XZ	private: __cdecl MOXIE::SceneManager::SceneManager(void) __ptr64
691	??0SceneManager@MOXIE@@QEAA@AEBV01@@Z	public: __cdecl MOXIE::SceneManager::SceneManager(class MOXIE::SceneManager const & __ptr64) __ptr64
692	??0ScriptManager@MOXIE@@AEAA@XZ	private: __cdecl MOXIE::ScriptManager::ScriptManager(void) __ptr64
693	??0ScriptManager@MOXIE@@QEAA@AEBV01@@Z	public: __cdecl MOXIE::ScriptManager::ScriptManager(class MOXIE::ScriptManager const & __ptr64) __ptr64
694	??0SensorManager@MOXIE@@AEAA@XZ	private: __cdecl MOXIE::SensorManager::SensorManager(void) __ptr64
695	??0SensorManager@MOXIE@@QEAA@AEBV01@@Z	public: __cdecl MOXIE::SensorManager::SensorManager(class MOXIE::SensorManager const & __ptr64) __ptr64
696	??0Shader@MOXIE@@QEAA@AEBV01@@Z	public: __cdecl MOXIE::Shader::Shader(class MOXIE::Shader const & __ptr64) __ptr64
697	??0Shader@MOXIE@@QEAA@XZ	public: __cdecl MOXIE::Shader::Shader(void) __ptr64
698	??0ShaderCache@MOXIE@@QEAA@$$QEAV01@@Z	public: __cdecl MOXIE::ShaderCache::ShaderCache(class MOXIE::ShaderCache && __ptr64) __ptr64
699	??0ShaderCache@MOXIE@@QEAA@AEBV01@@Z	public: __cdecl MOXIE::ShaderCache::ShaderCache(class MOXIE::ShaderCache const & __ptr64) __ptr64
700	??0ShaderCache@MOXIE@@QEAA@XZ	public: __cdecl MOXIE::ShaderCache::ShaderCache(void) __ptr64
701	??0ShaderGL_ES2@MOXIE@@QEAA@AEBV01@@Z	public: __cdecl MOXIE::ShaderGL_ES2::ShaderGL_ES2(class MOXIE::ShaderGL_ES2 const & __ptr64) __ptr64
702	??0ShaderGL_ES2@MOXIE@@QEAA@XZ	public: __cdecl MOXIE::ShaderGL_ES2::ShaderGL_ES2(void) __ptr64
703	??0ShaderOption@MOXIE@@QEAA@$$QEAV01@@Z	public: __cdecl MOXIE::ShaderOption::ShaderOption(class MOXIE::ShaderOption && __ptr64) __ptr64
704	??0ShaderOption@MOXIE@@QEAA@AEBV01@@Z	public: __cdecl MOXIE::ShaderOption::ShaderOption(class MOXIE::ShaderOption const & __ptr64) __ptr64
705	??0ShaderOption@MOXIE@@QEAA@AEBVString@1@@Z	public: __cdecl MOXIE::ShaderOption::ShaderOption(class MOXIE::String const & __ptr64) __ptr64
706	??0ShaderOptionTable@MOXIE@@QEAA@AEBV01@@Z	public: __cdecl MOXIE::ShaderOptionTable::ShaderOptionTable(class MOXIE::ShaderOptionTable const & __ptr64) __ptr64
707	??0ShaderOptionTable@MOXIE@@QEAA@XZ	public: __cdecl MOXIE::ShaderOptionTable::ShaderOptionTable(void) __ptr64
708	??0ShaderParamList@MOXIE@@QEAA@AEBV01@@Z	public: __cdecl MOXIE::ShaderParamList::ShaderParamList(class MOXIE::ShaderParamList const & __ptr64) __ptr64
709	??0ShaderParamList@MOXIE@@QEAA@XZ	public: __cdecl MOXIE::ShaderParamList::ShaderParamList(void) __ptr64
710	??0ShaderParameter@MOXIE@@QEAA@$$QEAV01@@Z	public: __cdecl MOXIE::ShaderParameter::ShaderParameter(class MOXIE::ShaderParameter && __ptr64) __ptr64
711	??0ShaderParameter@MOXIE@@QEAA@AEBV01@@Z	public: __cdecl MOXIE::ShaderParameter::ShaderParameter(class MOXIE::ShaderParameter const & __ptr64) __ptr64
712	??0ShaderParameter@MOXIE@@QEAA@XZ	public: __cdecl MOXIE::ShaderParameter::ShaderParameter(void) __ptr64
713	??0ShaderResource@MOXIE@@QEAA@XZ	public: __cdecl MOXIE::ShaderResource::ShaderResource(void) __ptr64
714	??0SimplexNoise@MOXIE@@QEAA@XZ	public: __cdecl MOXIE::SimplexNoise::SimplexNoise(void) __ptr64
715	??0Sound@MOXIE@@QEAA@AEBV01@@Z	public: __cdecl MOXIE::Sound::Sound(class MOXIE::Sound const & __ptr64) __ptr64
716	??0Sound@MOXIE@@QEAA@VString@1@AEBVResourceHandle@1@II_N2@Z	public: __cdecl MOXIE::Sound::Sound(class MOXIE::String,class MOXIE::ResourceHandle const & __ptr64,unsigned int,unsigned int,bool,bool) __ptr64
717	??0Sound@MOXIE@@QEAA@XZ	public: __cdecl MOXIE::Sound::Sound(void) __ptr64
718	??0StackAllocator@MOXIE@@QEAA@I@Z	public: __cdecl MOXIE::StackAllocator::StackAllocator(unsigned int) __ptr64
719	??0Stat@@QEAA@$$QEAV0@@Z	public: __cdecl Stat::Stat(class Stat && __ptr64) __ptr64
720	??0Stat@@QEAA@AEBV0@@Z	public: __cdecl Stat::Stat(class Stat const & __ptr64) __ptr64
721	??0Stat@@QEAA@PEBDAEBUVariant@CSV@@_N0@Z	public: __cdecl Stat::Stat(char const * __ptr64,struct CSV::Variant const & __ptr64,bool,char const * __ptr64) __ptr64
722	??0StatListener@@QEAA@AEBV0@@Z	public: __cdecl StatListener::StatListener(class StatListener const & __ptr64) __ptr64
723	??0StatListener@@QEAA@XZ	public: __cdecl StatListener::StatListener(void) __ptr64
724	??0StatLogger@@QEAA@AEBV0@@Z	public: __cdecl StatLogger::StatLogger(class StatLogger const & __ptr64) __ptr64
725	??0StatLogger@@QEAA@PEBDAEBVTemplate@CSV@@II@Z	public: __cdecl StatLogger::StatLogger(char const * __ptr64,class CSV::Template const & __ptr64,unsigned int,unsigned int) __ptr64
726	??0StatLogger@@QEAA@XZ	public: __cdecl StatLogger::StatLogger(void) __ptr64
727	??0StatManager@MOXIE@@AEAA@XZ	private: __cdecl MOXIE::StatManager::StatManager(void) __ptr64
728	??0StatManager@MOXIE@@QEAA@AEBV01@@Z	public: __cdecl MOXIE::StatManager::StatManager(class MOXIE::StatManager const & __ptr64) __ptr64
729	??0StatTracker@@QEAA@AEBV0@@Z	public: __cdecl StatTracker::StatTracker(class StatTracker const & __ptr64) __ptr64
730	??0StatTracker@@QEAA@XZ	public: __cdecl StatTracker::StatTracker(void) __ptr64
731	??0StoryConfig@MOXIE@@QEAA@$$QEAV01@@Z	public: __cdecl MOXIE::StoryConfig::StoryConfig(class MOXIE::StoryConfig && __ptr64) __ptr64
732	??0StoryConfig@MOXIE@@QEAA@AEBV01@@Z	public: __cdecl MOXIE::StoryConfig::StoryConfig(class MOXIE::StoryConfig const & __ptr64) __ptr64
733	??0StoryConfig@MOXIE@@QEAA@XZ	public: __cdecl MOXIE::StoryConfig::StoryConfig(void) __ptr64
734	??0StoryFSM@MOXIE@@QEAA@$$QEAV01@@Z	public: __cdecl MOXIE::StoryFSM::StoryFSM(class MOXIE::StoryFSM && __ptr64) __ptr64
735	??0StoryFSM@MOXIE@@QEAA@AEBV01@@Z	public: __cdecl MOXIE::StoryFSM::StoryFSM(class MOXIE::StoryFSM const & __ptr64) __ptr64
736	??0StoryFSM@MOXIE@@QEAA@XZ	public: __cdecl MOXIE::StoryFSM::StoryFSM(void) __ptr64
737	??0StoryGSM@MOXIE@@QEAA@AEBV01@@Z	public: __cdecl MOXIE::StoryGSM::StoryGSM(class MOXIE::StoryGSM const & __ptr64) __ptr64
738	??0StoryGSM@MOXIE@@QEAA@XZ	public: __cdecl MOXIE::StoryGSM::StoryGSM(void) __ptr64
739	??0StoryManager@MOXIE@@QEAA@AEBV01@@Z	public: __cdecl MOXIE::StoryManager::StoryManager(class MOXIE::StoryManager const & __ptr64) __ptr64
740	??0StoryManager@MOXIE@@QEAA@XZ	public: __cdecl MOXIE::StoryManager::StoryManager(void) __ptr64
741	??0StoryManifest@MOXIE@@QEAA@AEBV01@@Z	public: __cdecl MOXIE::StoryManifest::StoryManifest(class MOXIE::StoryManifest const & __ptr64) __ptr64
742	??0StoryManifest@MOXIE@@QEAA@XZ	public: __cdecl MOXIE::StoryManifest::StoryManifest(void) __ptr64
743	??0StoryPlayer@MOXIE@@QEAA@AEBV01@@Z	public: __cdecl MOXIE::StoryPlayer::StoryPlayer(class MOXIE::StoryPlayer const & __ptr64) __ptr64
744	??0StoryPlayer@MOXIE@@QEAA@XZ	public: __cdecl MOXIE::StoryPlayer::StoryPlayer(void) __ptr64
745	??0StorySubtitles@MOXIE@@QEAA@AEBV01@@Z	public: __cdecl MOXIE::StorySubtitles::StorySubtitles(class MOXIE::StorySubtitles const & __ptr64) __ptr64
746	??0StorySubtitles@MOXIE@@QEAA@XZ	public: __cdecl MOXIE::StorySubtitles::StorySubtitles(void) __ptr64
747	??0Stream@MOXIE@@QEAA@AEBV01@@Z	public: __cdecl MOXIE::Stream::Stream(class MOXIE::Stream const & __ptr64) __ptr64
748	??0Stream@MOXIE@@QEAA@XZ	public: __cdecl MOXIE::Stream::Stream(void) __ptr64
749	??0StreamDataSource@MOXIE@@QEAA@PEAVAudServices@1@PEAVAudResource@1@@Z	public: __cdecl MOXIE::StreamDataSource::StreamDataSource(class MOXIE::AudServices * __ptr64,class MOXIE::AudResource * __ptr64) __ptr64
750	??0String@MOXIE@@QEAA@AEBV01@@Z	public: __cdecl MOXIE::String::String(class MOXIE::String const & __ptr64) __ptr64
751	??0String@MOXIE@@QEAA@D@Z	public: __cdecl MOXIE::String::String(char) __ptr64
752	??0String@MOXIE@@QEAA@PEBD@Z	public: __cdecl MOXIE::String::String(char const * __ptr64) __ptr64
753	??0Style@MOXIE@@QEAA@XZ	public: __cdecl MOXIE::Style::Style(void) __ptr64
754	??0Surface@MOXIE@@QEAA@AEBV01@@Z	public: __cdecl MOXIE::Surface::Surface(class MOXIE::Surface const & __ptr64) __ptr64
755	??0Surface@MOXIE@@QEAA@IIIW4EPixelFormat@1@W4ETextureType@1@IIPEAEI@Z	public: __cdecl MOXIE::Surface::Surface(unsigned int,unsigned int,unsigned int,enum MOXIE::EPixelFormat,enum MOXIE::ETextureType,unsigned int,unsigned int,unsigned char * __ptr64,unsigned int) __ptr64
756	??0Surface@MOXIE@@QEAA@XZ	public: __cdecl MOXIE::Surface::Surface(void) __ptr64
757	??0TcpSocket@MOXIE@@QEAA@XZ	public: __cdecl MOXIE::TcpSocket::TcpSocket(void) __ptr64
758	??0Template@CSV@@QEAA@PEBD000000000000000@Z	public: __cdecl CSV::Template::Template(char const * __ptr64,char const * __ptr64,char const * __ptr64,char const * __ptr64,char const * __ptr64,char const * __ptr64,char const * __ptr64,char const * __ptr64,char const * __ptr64,char const * __ptr64,char const * __ptr64,char const * __ptr64,char const * __ptr64,char const * __ptr64,char const * __ptr64,char const * __ptr64) __ptr64
759	??0Texture2D@MOXIE@@QEAA@AEBV01@@Z	public: __cdecl MOXIE::Texture2D::Texture2D(class MOXIE::Texture2D const & __ptr64) __ptr64
760	??0Texture2D@MOXIE@@QEAA@XZ	public: __cdecl MOXIE::Texture2D::Texture2D(void) __ptr64
761	??0Texture2DArray@MOXIE@@QEAA@AEBV01@@Z	public: __cdecl MOXIE::Texture2DArray::Texture2DArray(class MOXIE::Texture2DArray const & __ptr64) __ptr64
762	??0Texture2DArray@MOXIE@@QEAA@XZ	public: __cdecl MOXIE::Texture2DArray::Texture2DArray(void) __ptr64
763	??0Texture@MOXIE@@QEAA@AEBV01@@Z	public: __cdecl MOXIE::Texture::Texture(class MOXIE::Texture const & __ptr64) __ptr64
764	??0Texture@MOXIE@@QEAA@XZ	public: __cdecl MOXIE::Texture::Texture(void) __ptr64
765	??0TextureCubeMap@MOXIE@@QEAA@AEBV01@@Z	public: __cdecl MOXIE::TextureCubeMap::TextureCubeMap(class MOXIE::TextureCubeMap const & __ptr64) __ptr64
766	??0TextureCubeMap@MOXIE@@QEAA@XZ	public: __cdecl MOXIE::TextureCubeMap::TextureCubeMap(void) __ptr64
767	??0TextureResource@MOXIE@@QEAA@XZ	public: __cdecl MOXIE::TextureResource::TextureResource(void) __ptr64
768	??0TextureVideo@MOXIE@@QEAA@AEBV01@@Z	public: __cdecl MOXIE::TextureVideo::TextureVideo(class MOXIE::TextureVideo const & __ptr64) __ptr64
769	??0TextureVideo@MOXIE@@QEAA@XZ	public: __cdecl MOXIE::TextureVideo::TextureVideo(void) __ptr64
770	??0Thread@MOXIE@@QEAA@AEBV01@@Z	public: __cdecl MOXIE::Thread::Thread(class MOXIE::Thread const & __ptr64) __ptr64
771	??0Thread@MOXIE@@QEAA@P6AXXZAEBVString@1@@Z	public: __cdecl MOXIE::Thread::Thread(void (__cdecl*)(void),class MOXIE::String const & __ptr64) __ptr64
772	??0Time@MOXIE@@QEAA@_N0@Z	public: __cdecl MOXIE::Time::Time(bool,bool) __ptr64
773	??0TornadoField@MOXIE@@QEAA@$$QEAV01@@Z	public: __cdecl MOXIE::TornadoField::TornadoField(class MOXIE::TornadoField && __ptr64) __ptr64
774	??0TornadoField@MOXIE@@QEAA@AEBV01@@Z	public: __cdecl MOXIE::TornadoField::TornadoField(class MOXIE::TornadoField const & __ptr64) __ptr64
775	??0TornadoField@MOXIE@@QEAA@I@Z	public: __cdecl MOXIE::TornadoField::TornadoField(unsigned int) __ptr64
776	??0Transform@MOXIE@@QEAA@AEBV01@@Z	public: __cdecl MOXIE::Transform::Transform(class MOXIE::Transform const & __ptr64) __ptr64
777	??0Transform@MOXIE@@QEAA@AEBVMatrix4@1@@Z	public: __cdecl MOXIE::Transform::Transform(class MOXIE::Matrix4 const & __ptr64) __ptr64
778	??0Transform@MOXIE@@QEAA@AEBVVector3@1@AEBVQuaternion@1@0@Z	public: __cdecl MOXIE::Transform::Transform(class MOXIE::Vector3 const & __ptr64,class MOXIE::Quaternion const & __ptr64,class MOXIE::Vector3 const & __ptr64) __ptr64
779	??0Transform@MOXIE@@QEAA@XZ	public: __cdecl MOXIE::Transform::Transform(void) __ptr64
780	??0TurbulenceField2D@MOXIE@@QEAA@$$QEAV01@@Z	public: __cdecl MOXIE::TurbulenceField2D::TurbulenceField2D(class MOXIE::TurbulenceField2D && __ptr64) __ptr64
781	??0TurbulenceField2D@MOXIE@@QEAA@AEBV01@@Z	public: __cdecl MOXIE::TurbulenceField2D::TurbulenceField2D(class MOXIE::TurbulenceField2D const & __ptr64) __ptr64
782	??0TurbulenceField2D@MOXIE@@QEAA@I@Z	public: __cdecl MOXIE::TurbulenceField2D::TurbulenceField2D(unsigned int) __ptr64
783	??0TurbulenceField3D@MOXIE@@QEAA@$$QEAV01@@Z	public: __cdecl MOXIE::TurbulenceField3D::TurbulenceField3D(class MOXIE::TurbulenceField3D && __ptr64) __ptr64
784	??0TurbulenceField3D@MOXIE@@QEAA@AEBV01@@Z	public: __cdecl MOXIE::TurbulenceField3D::TurbulenceField3D(class MOXIE::TurbulenceField3D const & __ptr64) __ptr64
785	??0TurbulenceField3D@MOXIE@@QEAA@I@Z	public: __cdecl MOXIE::TurbulenceField3D::TurbulenceField3D(unsigned int) __ptr64
786	??0UI_Parameter_Data@MaterialBaking@MOXIE@@QEAA@$$QEAU012@@Z	public: __cdecl MOXIE::MaterialBaking::UI_Parameter_Data::UI_Parameter_Data(struct MOXIE::MaterialBaking::UI_Parameter_Data && __ptr64) __ptr64
787	??0UI_Parameter_Data@MaterialBaking@MOXIE@@QEAA@AEBU012@@Z	public: __cdecl MOXIE::MaterialBaking::UI_Parameter_Data::UI_Parameter_Data(struct MOXIE::MaterialBaking::UI_Parameter_Data const & __ptr64) __ptr64
788	??0UI_Parameter_Data@MaterialBaking@MOXIE@@QEAA@XZ	public: __cdecl MOXIE::MaterialBaking::UI_Parameter_Data::UI_Parameter_Data(void) __ptr64
789	??0Uri@MOXIE@@QEAA@AEBV01@@Z	public: __cdecl MOXIE::Uri::Uri(class MOXIE::Uri const & __ptr64) __ptr64
790	??0Uri@MOXIE@@QEAA@PEBDI@Z	public: __cdecl MOXIE::Uri::Uri(char const * __ptr64,unsigned int) __ptr64
791	??0Uri@MOXIE@@QEAA@XZ	public: __cdecl MOXIE::Uri::Uri(void) __ptr64
792	??0UriManager@MOXIE@@AEAA@XZ	private: __cdecl MOXIE::UriManager::UriManager(void) __ptr64
793	??0Variant@CSV@@QEAA@AEBU01@@Z	public: __cdecl CSV::Variant::Variant(struct CSV::Variant const & __ptr64) __ptr64
794	??0Variant@CSV@@QEAA@H@Z	public: __cdecl CSV::Variant::Variant(int) __ptr64
795	??0Variant@CSV@@QEAA@HH@Z	public: __cdecl CSV::Variant::Variant(int,int) __ptr64
796	??0Variant@CSV@@QEAA@HHH@Z	public: __cdecl CSV::Variant::Variant(int,int,int) __ptr64
797	??0Variant@CSV@@QEAA@HHHH@Z	public: __cdecl CSV::Variant::Variant(int,int,int,int) __ptr64
798	??0Variant@CSV@@QEAA@I@Z	public: __cdecl CSV::Variant::Variant(unsigned int) __ptr64
799	??0Variant@CSV@@QEAA@II@Z	public: __cdecl CSV::Variant::Variant(unsigned int,unsigned int) __ptr64
800	??0Variant@CSV@@QEAA@III@Z	public: __cdecl CSV::Variant::Variant(unsigned int,unsigned int,unsigned int) __ptr64
801	??0Variant@CSV@@QEAA@IIII@Z	public: __cdecl CSV::Variant::Variant(unsigned int,unsigned int,unsigned int,unsigned int) __ptr64
802	??0Variant@CSV@@QEAA@M@Z	public: __cdecl CSV::Variant::Variant(float) __ptr64
803	??0Variant@CSV@@QEAA@MM@Z	public: __cdecl CSV::Variant::Variant(float,float) __ptr64
804	??0Variant@CSV@@QEAA@MMM@Z	public: __cdecl CSV::Variant::Variant(float,float,float) __ptr64
805	??0Variant@CSV@@QEAA@MMMM@Z	public: __cdecl CSV::Variant::Variant(float,float,float,float) __ptr64
806	??0Variant@CSV@@QEAA@PEBD@Z	public: __cdecl CSV::Variant::Variant(char const * __ptr64) __ptr64
807	??0Variant@CSV@@QEAA@XZ	public: __cdecl CSV::Variant::Variant(void) __ptr64
808	??0Variant@CSV@@QEAA@_N000@Z	public: __cdecl CSV::Variant::Variant(bool,bool,bool,bool) __ptr64
809	??0Variant@CSV@@QEAA@_N00@Z	public: __cdecl CSV::Variant::Variant(bool,bool,bool) __ptr64
810	??0Variant@CSV@@QEAA@_N0@Z	public: __cdecl CSV::Variant::Variant(bool,bool) __ptr64
811	??0Variant@CSV@@QEAA@_N@Z	public: __cdecl CSV::Variant::Variant(bool) __ptr64
812	??0Vector2@MOXIE@@QEAA@AEBV01@@Z	public: __cdecl MOXIE::Vector2::Vector2(class MOXIE::Vector2 const & __ptr64) __ptr64
813	??0Vector2@MOXIE@@QEAA@MM@Z	public: __cdecl MOXIE::Vector2::Vector2(float,float) __ptr64
814	??0Vector2@MOXIE@@QEAA@XZ	public: __cdecl MOXIE::Vector2::Vector2(void) __ptr64
815	??0Vector3@MOXIE@@QEAA@AEBV01@@Z	public: __cdecl MOXIE::Vector3::Vector3(class MOXIE::Vector3 const & __ptr64) __ptr64
816	??0Vector3@MOXIE@@QEAA@M@Z	public: __cdecl MOXIE::Vector3::Vector3(float) __ptr64
817	??0Vector3@MOXIE@@QEAA@MMM@Z	public: __cdecl MOXIE::Vector3::Vector3(float,float,float) __ptr64
818	??0Vector3@MOXIE@@QEAA@XZ	public: __cdecl MOXIE::Vector3::Vector3(void) __ptr64
819	??0Vector4@MOXIE@@QEAA@AEBV01@@Z	public: __cdecl MOXIE::Vector4::Vector4(class MOXIE::Vector4 const & __ptr64) __ptr64
820	??0Vector4@MOXIE@@QEAA@AEBVVector3@1@M@Z	public: __cdecl MOXIE::Vector4::Vector4(class MOXIE::Vector3 const & __ptr64,float) __ptr64
821	??0Vector4@MOXIE@@QEAA@MMMM@Z	public: __cdecl MOXIE::Vector4::Vector4(float,float,float,float) __ptr64
822	??0Vector4@MOXIE@@QEAA@XZ	public: __cdecl MOXIE::Vector4::Vector4(void) __ptr64
823	??0VertexAnimDecoder@MOXIE@@QEAA@AEBV01@@Z	public: __cdecl MOXIE::VertexAnimDecoder::VertexAnimDecoder(class MOXIE::VertexAnimDecoder const & __ptr64) __ptr64
824	??0VertexAnimDecoder@MOXIE@@QEAA@IIAEBV?$TArray@VBitStream@MOXIE@@@1@AEBVBitStream@1@PEAVVector3@1@@Z	public: __cdecl MOXIE::VertexAnimDecoder::VertexAnimDecoder(unsigned int,unsigned int,class MOXIE::TArray<class MOXIE::BitStream> const & __ptr64,class MOXIE::BitStream const & __ptr64,class MOXIE::Vector3 * __ptr64) __ptr64
825	??0VertexAnimatedMesh@MOXIE@@QEAA@$$QEAU01@@Z	public: __cdecl MOXIE::VertexAnimatedMesh::VertexAnimatedMesh(struct MOXIE::VertexAnimatedMesh && __ptr64) __ptr64
826	??0VertexAnimatedMesh@MOXIE@@QEAA@AEBU01@@Z	public: __cdecl MOXIE::VertexAnimatedMesh::VertexAnimatedMesh(struct MOXIE::VertexAnimatedMesh const & __ptr64) __ptr64
827	??0VertexAnimatedMesh@MOXIE@@QEAA@XZ	public: __cdecl MOXIE::VertexAnimatedMesh::VertexAnimatedMesh(void) __ptr64
828	??0VertexBuffer@MOXIE@@QEAA@AEBV01@@Z	public: __cdecl MOXIE::VertexBuffer::VertexBuffer(class MOXIE::VertexBuffer const & __ptr64) __ptr64
829	??0VertexBuffer@MOXIE@@QEAA@III@Z	public: __cdecl MOXIE::VertexBuffer::VertexBuffer(unsigned int,unsigned int,unsigned int) __ptr64
830	??0VertexData@MOXIE@@QEAA@XZ	public: __cdecl MOXIE::VertexData::VertexData(void) __ptr64
831	??0VideoCube@MOXIE@@QEAA@XZ	public: __cdecl MOXIE::VideoCube::VideoCube(void) __ptr64
832	??0VideoCubeManager@MOXIE@@QEAA@AEBV01@@Z	public: __cdecl MOXIE::VideoCubeManager::VideoCubeManager(class MOXIE::VideoCubeManager const & __ptr64) __ptr64
833	??0VideoCubeManager@MOXIE@@QEAA@XZ	public: __cdecl MOXIE::VideoCubeManager::VideoCubeManager(void) __ptr64
834	??0VideoCubeResource@MOXIE@@QEAA@XZ	public: __cdecl MOXIE::VideoCubeResource::VideoCubeResource(void) __ptr64
835	??0VideoCubeTile@MOXIE@@QEAA@XZ	public: __cdecl MOXIE::VideoCubeTile::VideoCubeTile(void) __ptr64
836	??0Viewport@MOXIE@@QEAA@HHII@Z	public: __cdecl MOXIE::Viewport::Viewport(int,int,unsigned int,unsigned int) __ptr64
837	??0VortexField@MOXIE@@QEAA@$$QEAV01@@Z	public: __cdecl MOXIE::VortexField::VortexField(class MOXIE::VortexField && __ptr64) __ptr64
838	??0VortexField@MOXIE@@QEAA@AEBV01@@Z	public: __cdecl MOXIE::VortexField::VortexField(class MOXIE::VortexField const & __ptr64) __ptr64
839	??0VortexField@MOXIE@@QEAA@I@Z	public: __cdecl MOXIE::VortexField::VortexField(unsigned int) __ptr64
840	??0ZipArchive@MOXIE@@QEAA@AEBV01@@Z	public: __cdecl MOXIE::ZipArchive::ZipArchive(class MOXIE::ZipArchive const & __ptr64) __ptr64
841	??0ZipArchive@MOXIE@@QEAA@XZ	public: __cdecl MOXIE::ZipArchive::ZipArchive(void) __ptr64
842	??0ZipEntry@MOXIE@@QEAA@XZ	public: __cdecl MOXIE::ZipEntry::ZipEntry(void) __ptr64
843	??0gsaDecoder@MOXIE@@QEAA@XZ	public: __cdecl MOXIE::gsaDecoder::gsaDecoder(void) __ptr64
844	??0gsaDecoderResource@MOXIE@@QEAA@AEBV01@@Z	public: __cdecl MOXIE::gsaDecoderResource::gsaDecoderResource(class MOXIE::gsaDecoderResource const & __ptr64) __ptr64
845	??0gsaDecoderResource@MOXIE@@QEAA@XZ	public: __cdecl MOXIE::gsaDecoderResource::gsaDecoderResource(void) __ptr64
846	??1?$EngineService@VAnalyticsManager@MOXIE@@@MOXIE@@UEAA@XZ	public: virtual __cdecl MOXIE::EngineService<class MOXIE::AnalyticsManager>::~EngineService<class MOXIE::AnalyticsManager>(void) __ptr64
847	??1?$EngineService@VAudioManager@MOXIE@@@MOXIE@@UEAA@XZ	public: virtual __cdecl MOXIE::EngineService<class MOXIE::AudioManager>::~EngineService<class MOXIE::AudioManager>(void) __ptr64
848	??1?$EngineService@VEnableManager@MOXIE@@@MOXIE@@UEAA@XZ	public: virtual __cdecl MOXIE::EngineService<class MOXIE::EnableManager>::~EngineService<class MOXIE::EnableManager>(void) __ptr64
849	??1?$EngineService@VInputManager@MOXIE@@@MOXIE@@UEAA@XZ	public: virtual __cdecl MOXIE::EngineService<class MOXIE::InputManager>::~EngineService<class MOXIE::InputManager>(void) __ptr64
850	??1?$EngineService@VPhysicsManager@MOXIE@@@MOXIE@@UEAA@XZ	public: virtual __cdecl MOXIE::EngineService<class MOXIE::PhysicsManager>::~EngineService<class MOXIE::PhysicsManager>(void) __ptr64
851	??1?$EngineService@VRenderDebug@MOXIE@@@MOXIE@@UEAA@XZ	public: virtual __cdecl MOXIE::EngineService<class MOXIE::RenderDebug>::~EngineService<class MOXIE::RenderDebug>(void) __ptr64
852	??1?$EngineService@VRenderDevice@MOXIE@@@MOXIE@@UEAA@XZ	public: virtual __cdecl MOXIE::EngineService<class MOXIE::RenderDevice>::~EngineService<class MOXIE::RenderDevice>(void) __ptr64
853	??1?$EngineService@VRenderManager@MOXIE@@@MOXIE@@UEAA@XZ	public: virtual __cdecl MOXIE::EngineService<class MOXIE::RenderManager>::~EngineService<class MOXIE::RenderManager>(void) __ptr64
854	??1?$EngineService@VResourceManager@MOXIE@@@MOXIE@@UEAA@XZ	public: virtual __cdecl MOXIE::EngineService<class MOXIE::ResourceManager>::~EngineService<class MOXIE::ResourceManager>(void) __ptr64
855	??1?$EngineService@VSceneManager@MOXIE@@@MOXIE@@UEAA@XZ	public: virtual __cdecl MOXIE::EngineService<class MOXIE::SceneManager>::~EngineService<class MOXIE::SceneManager>(void) __ptr64
856	??1?$EngineService@VScriptManager@MOXIE@@@MOXIE@@UEAA@XZ	public: virtual __cdecl MOXIE::EngineService<class MOXIE::ScriptManager>::~EngineService<class MOXIE::ScriptManager>(void) __ptr64
857	??1?$EngineService@VSensorManager@MOXIE@@@MOXIE@@UEAA@XZ	public: virtual __cdecl MOXIE::EngineService<class MOXIE::SensorManager>::~EngineService<class MOXIE::SensorManager>(void) __ptr64
858	??1?$EngineService@VStatManager@MOXIE@@@MOXIE@@UEAA@XZ	public: virtual __cdecl MOXIE::EngineService<class MOXIE::StatManager>::~EngineService<class MOXIE::StatManager>(void) __ptr64
859	??1?$EngineService@VUriManager@MOXIE@@@MOXIE@@UEAA@XZ	public: virtual __cdecl MOXIE::EngineService<class MOXIE::UriManager>::~EngineService<class MOXIE::UriManager>(void) __ptr64
860	??1?$EngineService@VVideoCubeManager@MOXIE@@@MOXIE@@UEAA@XZ	public: virtual __cdecl MOXIE::EngineService<class MOXIE::VideoCubeManager>::~EngineService<class MOXIE::VideoCubeManager>(void) __ptr64
861	??1?$Service@VAnalyticsManager@MOXIE@@@MOXIE@@UEAA@XZ	public: virtual __cdecl MOXIE::Service<class MOXIE::AnalyticsManager>::~Service<class MOXIE::AnalyticsManager>(void) __ptr64
862	??1?$Service@VAudioManager@MOXIE@@@MOXIE@@UEAA@XZ	public: virtual __cdecl MOXIE::Service<class MOXIE::AudioManager>::~Service<class MOXIE::AudioManager>(void) __ptr64
863	??1?$Service@VEnableManager@MOXIE@@@MOXIE@@UEAA@XZ	public: virtual __cdecl MOXIE::Service<class MOXIE::EnableManager>::~Service<class MOXIE::EnableManager>(void) __ptr64
864	??1?$Service@VGlobalTime@MOXIE@@@MOXIE@@UEAA@XZ	public: virtual __cdecl MOXIE::Service<class MOXIE::GlobalTime>::~Service<class MOXIE::GlobalTime>(void) __ptr64
865	??1?$Service@VInputManager@MOXIE@@@MOXIE@@UEAA@XZ	public: virtual __cdecl MOXIE::Service<class MOXIE::InputManager>::~Service<class MOXIE::InputManager>(void) __ptr64
866	??1?$Service@VPhysicsManager@MOXIE@@@MOXIE@@UEAA@XZ	public: virtual __cdecl MOXIE::Service<class MOXIE::PhysicsManager>::~Service<class MOXIE::PhysicsManager>(void) __ptr64
867	??1?$Service@VRenderDebug@MOXIE@@@MOXIE@@UEAA@XZ	public: virtual __cdecl MOXIE::Service<class MOXIE::RenderDebug>::~Service<class MOXIE::RenderDebug>(void) __ptr64
868	??1?$Service@VRenderDevice@MOXIE@@@MOXIE@@UEAA@XZ	public: virtual __cdecl MOXIE::Service<class MOXIE::RenderDevice>::~Service<class MOXIE::RenderDevice>(void) __ptr64
869	??1?$Service@VRenderManager@MOXIE@@@MOXIE@@UEAA@XZ	public: virtual __cdecl MOXIE::Service<class MOXIE::RenderManager>::~Service<class MOXIE::RenderManager>(void) __ptr64
870	??1?$Service@VResourceManager@MOXIE@@@MOXIE@@UEAA@XZ	public: virtual __cdecl MOXIE::Service<class MOXIE::ResourceManager>::~Service<class MOXIE::ResourceManager>(void) __ptr64
871	??1?$Service@VSceneManager@MOXIE@@@MOXIE@@UEAA@XZ	public: virtual __cdecl MOXIE::Service<class MOXIE::SceneManager>::~Service<class MOXIE::SceneManager>(void) __ptr64
872	??1?$Service@VScriptManager@MOXIE@@@MOXIE@@UEAA@XZ	public: virtual __cdecl MOXIE::Service<class MOXIE::ScriptManager>::~Service<class MOXIE::ScriptManager>(void) __ptr64
873	??1?$Service@VSensorManager@MOXIE@@@MOXIE@@UEAA@XZ	public: virtual __cdecl MOXIE::Service<class MOXIE::SensorManager>::~Service<class MOXIE::SensorManager>(void) __ptr64
874	??1?$Service@VStatManager@MOXIE@@@MOXIE@@UEAA@XZ	public: virtual __cdecl MOXIE::Service<class MOXIE::StatManager>::~Service<class MOXIE::StatManager>(void) __ptr64
875	??1?$Service@VUriManager@MOXIE@@@MOXIE@@UEAA@XZ	public: virtual __cdecl MOXIE::Service<class MOXIE::UriManager>::~Service<class MOXIE::UriManager>(void) __ptr64
876	??1?$Service@VVideoCubeManager@MOXIE@@@MOXIE@@UEAA@XZ	public: virtual __cdecl MOXIE::Service<class MOXIE::VideoCubeManager>::~Service<class MOXIE::VideoCubeManager>(void) __ptr64
877	??1AnalyticsManager@MOXIE@@EEAA@XZ	private: virtual __cdecl MOXIE::AnalyticsManager::~AnalyticsManager(void) __ptr64
878	??1AnimMixer@MOXIE@@UEAA@XZ	public: virtual __cdecl MOXIE::AnimMixer::~AnimMixer(void) __ptr64
879	??1AnimResource@MOXIE@@UEAA@XZ	public: virtual __cdecl MOXIE::AnimResource::~AnimResource(void) __ptr64
880	??1AnimationFlipbookSampler@MOXIE@@UEAA@XZ	public: virtual __cdecl MOXIE::AnimationFlipbookSampler::~AnimationFlipbookSampler(void) __ptr64
881	??1Animator@MOXIE@@UEAA@XZ	public: virtual __cdecl MOXIE::Animator::~Animator(void) __ptr64
882	??1Application@MOXIE@@UEAA@XZ	public: virtual __cdecl MOXIE::Application::~Application(void) __ptr64
883	??1AttributeChannelCompressed@MOXIE@@QEAA@XZ	public: __cdecl MOXIE::AttributeChannelCompressed::~AttributeChannelCompressed(void) __ptr64
884	??1AudEmitter@MOXIE@@UEAA@XZ	public: virtual __cdecl MOXIE::AudEmitter::~AudEmitter(void) __ptr64
885	??1AudPlayer@MOXIE@@UEAA@XZ	public: virtual __cdecl MOXIE::AudPlayer::~AudPlayer(void) __ptr64
886	??1AudResource@MOXIE@@UEAA@XZ	public: virtual __cdecl MOXIE::AudResource::~AudResource(void) __ptr64
887	??1AudServices@MOXIE@@UEAA@XZ	public: virtual __cdecl MOXIE::AudServices::~AudServices(void) __ptr64
888	??1AudioData@MOXIE@@UEAA@XZ	public: virtual __cdecl MOXIE::AudioData::~AudioData(void) __ptr64
889	??1AudioDataMaux@MOXIE@@UEAA@XZ	public: virtual __cdecl MOXIE::AudioDataMaux::~AudioDataMaux(void) __ptr64
890	??1AudioDataSource@MOXIE@@UEAA@XZ	public: virtual __cdecl MOXIE::AudioDataSource::~AudioDataSource(void) __ptr64
891	??1AudioDevice@MOXIE@@MEAA@XZ	protected: virtual __cdecl MOXIE::AudioDevice::~AudioDevice(void) __ptr64
892	??1AudioEmitter@MOXIE@@UEAA@XZ	public: virtual __cdecl MOXIE::AudioEmitter::~AudioEmitter(void) __ptr64
893	??1AudioEmitterMaux@MOXIE@@UEAA@XZ	public: virtual __cdecl MOXIE::AudioEmitterMaux::~AudioEmitterMaux(void) __ptr64
894	??1AudioManager@MOXIE@@EEAA@XZ	private: virtual __cdecl MOXIE::AudioManager::~AudioManager(void) __ptr64
895	??1AudioPlayer@MOXIE@@UEAA@XZ	public: virtual __cdecl MOXIE::AudioPlayer::~AudioPlayer(void) __ptr64
896	??1AudioPlayerMaux@MOXIE@@UEAA@XZ	public: virtual __cdecl MOXIE::AudioPlayerMaux::~AudioPlayerMaux(void) __ptr64
897	??1AudioResource@MOXIE@@UEAA@XZ	public: virtual __cdecl MOXIE::AudioResource::~AudioResource(void) __ptr64
898	??1AudioSystem@MOXIE@@UEAA@XZ	public: virtual __cdecl MOXIE::AudioSystem::~AudioSystem(void) __ptr64
899	??1BSCF_Reader@MOXIE@@QEAA@XZ	public: __cdecl MOXIE::BSCF_Reader::~BSCF_Reader(void) __ptr64
900	??1BitStream@MOXIE@@QEAA@XZ	public: __cdecl MOXIE::BitStream::~BitStream(void) __ptr64
901	??1Bitmap@MOXIE@@QEAA@XZ	public: __cdecl MOXIE::Bitmap::~Bitmap(void) __ptr64
902	??1BobberField@MOXIE@@UEAA@XZ	public: virtual __cdecl MOXIE::BobberField::~BobberField(void) __ptr64
903	??1BorderPaddedTextureResource@MOXIE@@UEAA@XZ	public: virtual __cdecl MOXIE::BorderPaddedTextureResource::~BorderPaddedTextureResource(void) __ptr64
904	??1Buffer@@QEAA@XZ	public: __cdecl Buffer::~Buffer(void) __ptr64
905	??1Buffer@MOXIE@@QEAA@XZ	public: __cdecl MOXIE::Buffer::~Buffer(void) __ptr64
906	??1BufferObject@MOXIE@@UEAA@XZ	public: virtual __cdecl MOXIE::BufferObject::~BufferObject(void) __ptr64
907	??1CSV@@QEAA@XZ	public: __cdecl CSV::~CSV(void) __ptr64
908	??1CSVLog@@QEAA@XZ	public: __cdecl CSVLog::~CSVLog(void) __ptr64
909	??1CommandLine@MOXIE@@QEAA@XZ	public: __cdecl MOXIE::CommandLine::~CommandLine(void) __ptr64
910	??1Condition@MOXIE@@QEAA@XZ	public: __cdecl MOXIE::Condition::~Condition(void) __ptr64
911	??1DefaultAnimMixer@MOXIE@@UEAA@XZ	public: virtual __cdecl MOXIE::DefaultAnimMixer::~DefaultAnimMixer(void) __ptr64
912	??1DepthResource@MOXIE@@UEAA@XZ	public: virtual __cdecl MOXIE::DepthResource::~DepthResource(void) __ptr64
913	??1EnableManager@MOXIE@@MEAA@XZ	protected: virtual __cdecl MOXIE::EnableManager::~EnableManager(void) __ptr64
914	??1Engine@MOXIE@@QEAA@XZ	public: __cdecl MOXIE::Engine::~Engine(void) __ptr64
915	??1FBImageResource@MOXIE@@UEAA@XZ	public: virtual __cdecl MOXIE::FBImageResource::~FBImageResource(void) __ptr64
916	??1FilePath@MOXIE@@QEAA@XZ	public: __cdecl MOXIE::FilePath::~FilePath(void) __ptr64
917	??1FileStream@MOXIE@@UEAA@XZ	public: virtual __cdecl MOXIE::FileStream::~FileStream(void) __ptr64
918	??1FileSystem@MOXIE@@UEAA@XZ	public: virtual __cdecl MOXIE::FileSystem::~FileSystem(void) __ptr64
919	??1FlipbookAnimator@MOXIE@@QEAA@XZ	public: __cdecl MOXIE::FlipbookAnimator::~FlipbookAnimator(void) __ptr64
920	??1FlipbookInstance@MOXIE@@QEAA@XZ	public: __cdecl MOXIE::FlipbookInstance::~FlipbookInstance(void) __ptr64
921	??1FlipbookResource@MOXIE@@UEAA@XZ	public: virtual __cdecl MOXIE::FlipbookResource::~FlipbookResource(void) __ptr64
922	??1FlipbookSampler@MOXIE@@UEAA@XZ	public: virtual __cdecl MOXIE::FlipbookSampler::~FlipbookSampler(void) __ptr64
923	??1FlipbookTexturePool@MOXIE@@QEAA@XZ	public: __cdecl MOXIE::FlipbookTexturePool::~FlipbookTexturePool(void) __ptr64
924	??1Font@MOXIE@@UEAA@XZ	public: virtual __cdecl MOXIE::Font::~Font(void) __ptr64
925	??1FontMap@MOXIE@@UEAA@XZ	public: virtual __cdecl MOXIE::FontMap::~FontMap(void) __ptr64
926	??1FontResource@MOXIE@@UEAA@XZ	public: virtual __cdecl MOXIE::FontResource::~FontResource(void) __ptr64
927	??1ForceField@MOXIE@@UEAA@XZ	public: virtual __cdecl MOXIE::ForceField::~ForceField(void) __ptr64
928	??1FramePool@MOXIE@@QEAA@XZ	public: __cdecl MOXIE::FramePool::~FramePool(void) __ptr64
929	??1GUIRenderer@MOXIE@@QEAA@XZ	public: __cdecl MOXIE::GUIRenderer::~GUIRenderer(void) __ptr64
930	??1GUIStyle@MOXIE@@QEAA@XZ	public: __cdecl MOXIE::GUIStyle::~GUIStyle(void) __ptr64
931	??1GUITexture@MOXIE@@QEAA@XZ	public: __cdecl MOXIE::GUITexture::~GUITexture(void) __ptr64
932	??1GUITheme@MOXIE@@QEAA@XZ	public: __cdecl MOXIE::GUITheme::~GUITheme(void) __ptr64
933	??1GlobalTime@MOXIE@@MEAA@XZ	protected: virtual __cdecl MOXIE::GlobalTime::~GlobalTime(void) __ptr64
934	??1IJob@MOXIE@@UEAA@XZ	public: virtual __cdecl MOXIE::IJob::~IJob(void) __ptr64
935	??1IService@MOXIE@@UEAA@XZ	public: virtual __cdecl MOXIE::IService::~IService(void) __ptr64
936	??1IndexBuffer@MOXIE@@UEAA@XZ	public: virtual __cdecl MOXIE::IndexBuffer::~IndexBuffer(void) __ptr64
937	??1InputManager@MOXIE@@EEAA@XZ	private: virtual __cdecl MOXIE::InputManager::~InputManager(void) __ptr64
938	??1InternalFileSystem@MOXIE@@UEAA@XZ	public: virtual __cdecl MOXIE::InternalFileSystem::~InternalFileSystem(void) __ptr64
939	??1JobQueue@MOXIE@@QEAA@XZ	public: __cdecl MOXIE::JobQueue::~JobQueue(void) __ptr64
940	??1LAllocator@MOXIE@@UEAA@XZ	public: virtual __cdecl MOXIE::LAllocator::~LAllocator(void) __ptr64
941	??1LApi@MOXIE@@UEAA@XZ	public: virtual __cdecl MOXIE::LApi::~LApi(void) __ptr64
942	??1LApiActorClampLayer@duet@@UEAA@XZ	public: virtual __cdecl duet::LApiActorClampLayer::~LApiActorClampLayer(void) __ptr64
943	??1LApiActorMover@duet@@UEAA@XZ	public: virtual __cdecl duet::LApiActorMover::~LApiActorMover(void) __ptr64
944	??1LApiActorMoverLayer@duet@@UEAA@XZ	public: virtual __cdecl duet::LApiActorMoverLayer::~LApiActorMoverLayer(void) __ptr64
945	??1LApiActorVignette@duet@@UEAA@XZ	public: virtual __cdecl duet::LApiActorVignette::~LApiActorVignette(void) __ptr64
946	??1LApiActorsLayer@duet@@UEAA@XZ	public: virtual __cdecl duet::LApiActorsLayer::~LApiActorsLayer(void) __ptr64
947	??1LApiBoomLayer@duet@@UEAA@XZ	public: virtual __cdecl duet::LApiBoomLayer::~LApiBoomLayer(void) __ptr64
948	??1LApiBoundsLayer@duet@@UEAA@XZ	public: virtual __cdecl duet::LApiBoundsLayer::~LApiBoundsLayer(void) __ptr64
949	??1LApiCameraRig@duet@@UEAA@XZ	public: virtual __cdecl duet::LApiCameraRig::~LApiCameraRig(void) __ptr64
950	??1LApiDuet@duet@@UEAA@XZ	public: virtual __cdecl duet::LApiDuet::~LApiDuet(void) __ptr64
951	??1LApiDuetScene@duet@@UEAA@XZ	public: virtual __cdecl duet::LApiDuetScene::~LApiDuetScene(void) __ptr64
952	??1LApiFlipbookDriver@duet@@UEAA@XZ	public: virtual __cdecl duet::LApiFlipbookDriver::~LApiFlipbookDriver(void) __ptr64
953	??1LApiGlowAlpha@duet@@UEAA@XZ	public: virtual __cdecl duet::LApiGlowAlpha::~LApiGlowAlpha(void) __ptr64
954	??1LApiGlowFader@duet@@UEAA@XZ	public: virtual __cdecl duet::LApiGlowFader::~LApiGlowFader(void) __ptr64
955	??1LApiInputLayer@duet@@UEAA@XZ	public: virtual __cdecl duet::LApiInputLayer::~LApiInputLayer(void) __ptr64
956	??1LApiIntroEnvControl@duet@@UEAA@XZ	public: virtual __cdecl duet::LApiIntroEnvControl::~LApiIntroEnvControl(void) __ptr64
957	??1LApiLookAtDetector@duet@@UEAA@XZ	public: virtual __cdecl duet::LApiLookAtDetector::~LApiLookAtDetector(void) __ptr64
958	??1LApiLookAtLayer@duet@@UEAA@XZ	public: virtual __cdecl duet::LApiLookAtLayer::~LApiLookAtLayer(void) __ptr64
959	??1LApiLuaProfiler@luaProfiler@MOXIE@@UEAA@XZ	public: virtual __cdecl MOXIE::luaProfiler::LApiLuaProfiler::~LApiLuaProfiler(void) __ptr64
960	??1LApiMasterBlender@duet@@UEAA@XZ	public: virtual __cdecl duet::LApiMasterBlender::~LApiMasterBlender(void) __ptr64
961	??1LApiParticlesController@duet@@UEAA@XZ	public: virtual __cdecl duet::LApiParticlesController::~LApiParticlesController(void) __ptr64
962	??1LApiProxyLayer@duet@@UEAA@XZ	public: virtual __cdecl duet::LApiProxyLayer::~LApiProxyLayer(void) __ptr64
963	??1LApiSegmentManager@duet@@UEAA@XZ	public: virtual __cdecl duet::LApiSegmentManager::~LApiSegmentManager(void) __ptr64
964	??1LApiSoftTrack@duet@@UEAA@XZ	public: virtual __cdecl duet::LApiSoftTrack::~LApiSoftTrack(void) __ptr64
965	??1LApiStarBlendLayer@duet@@UEAA@XZ	public: virtual __cdecl duet::LApiStarBlendLayer::~LApiStarBlendLayer(void) __ptr64
966	??1LApiTrackingLayer@duet@@UEAA@XZ	public: virtual __cdecl duet::LApiTrackingLayer::~LApiTrackingLayer(void) __ptr64
967	??1LApiTrackingManager@duet@@UEAA@XZ	public: virtual __cdecl duet::LApiTrackingManager::~LApiTrackingManager(void) __ptr64
968	??1LApiTrackingTarget@duet@@UEAA@XZ	public: virtual __cdecl duet::LApiTrackingTarget::~LApiTrackingTarget(void) __ptr64
969	??1LApiUtil@duet@@UEAA@XZ	public: virtual __cdecl duet::LApiUtil::~LApiUtil(void) __ptr64
970	??1LApplication@MOXIE@@UEAA@XZ	public: virtual __cdecl MOXIE::LApplication::~LApplication(void) __ptr64
971	??1LAudioEmitter@MOXIE@@UEAA@XZ	public: virtual __cdecl MOXIE::LAudioEmitter::~LAudioEmitter(void) __ptr64
972	??1LBlockAllocator@MOXIE@@UEAA@XZ	public: virtual __cdecl MOXIE::LBlockAllocator::~LBlockAllocator(void) __ptr64
973	??1LComponent@MOXIE@@UEAA@XZ	public: virtual __cdecl MOXIE::LComponent::~LComponent(void) __ptr64
974	??1LEnvMoxie@MOXIE@@UEAA@XZ	public: virtual __cdecl MOXIE::LEnvMoxie::~LEnvMoxie(void) __ptr64
975	??1LEnvironment@MOXIE@@UEAA@XZ	public: virtual __cdecl MOXIE::LEnvironment::~LEnvironment(void) __ptr64
976	??1LocalFileSystem@MOXIE@@UEAA@XZ	public: virtual __cdecl MOXIE::LocalFileSystem::~LocalFileSystem(void) __ptr64
977	??1LuaDataTable@MOXIE@@QEAA@XZ	public: __cdecl MOXIE::LuaDataTable::~LuaDataTable(void) __ptr64
978	??1LuaParameter@MOXIE@@QEAA@XZ	public: __cdecl MOXIE::LuaParameter::~LuaParameter(void) __ptr64
979	??1LuaTable@MOXIE@@QEAA@XZ	public: __cdecl MOXIE::LuaTable::~LuaTable(void) __ptr64
980	??1Material@MOXIE@@QEAA@XZ	public: __cdecl MOXIE::Material::~Material(void) __ptr64
981	??1MaterialParameter@MOXIE@@UEAA@XZ	public: virtual __cdecl MOXIE::MaterialParameter::~MaterialParameter(void) __ptr64
982	??1MaterialParameterConstant@MOXIE@@UEAA@XZ	public: virtual __cdecl MOXIE::MaterialParameterConstant::~MaterialParameterConstant(void) __ptr64
983	??1MaterialParameterTexture@MOXIE@@UEAA@XZ	public: virtual __cdecl MOXIE::MaterialParameterTexture::~MaterialParameterTexture(void) __ptr64
984	??1MaterialPass@MOXIE@@QEAA@XZ	public: __cdecl MOXIE::MaterialPass::~MaterialPass(void) __ptr64
985	??1MemoryStream@MOXIE@@UEAA@XZ	public: virtual __cdecl MOXIE::MemoryStream::~MemoryStream(void) __ptr64
986	??1MemoryTracker@@QEAA@XZ	public: __cdecl MemoryTracker::~MemoryTracker(void) __ptr64
987	??1ModelResource@MOXIE@@UEAA@XZ	public: virtual __cdecl MOXIE::ModelResource::~ModelResource(void) __ptr64
988	??1Mutex@MOXIE@@QEAA@XZ	public: __cdecl MOXIE::Mutex::~Mutex(void) __ptr64
989	??1NestedFileSystem@MOXIE@@UEAA@XZ	public: virtual __cdecl MOXIE::NestedFileSystem::~NestedFileSystem(void) __ptr64
990	??1NetworkFileSystem@MOXIE@@UEAA@XZ	public: virtual __cdecl MOXIE::NetworkFileSystem::~NetworkFileSystem(void) __ptr64
991	??1OggVorbisDecoder@MOXIE@@UEAA@XZ	public: virtual __cdecl MOXIE::OggVorbisDecoder::~OggVorbisDecoder(void) __ptr64
992	??1OggVorbisMetadata@MOXIE@@QEAA@XZ	public: __cdecl MOXIE::OggVorbisMetadata::~OggVorbisMetadata(void) __ptr64
993	??1PackageFileSystem@MOXIE@@UEAA@XZ	public: virtual __cdecl MOXIE::PackageFileSystem::~PackageFileSystem(void) __ptr64
994	??1ParameterData@MOXIE@@UEAA@XZ	public: virtual __cdecl MOXIE::ParameterData::~ParameterData(void) __ptr64
995	??1ParameterDataFloat2@MOXIE@@UEAA@XZ	public: virtual __cdecl MOXIE::ParameterDataFloat2::~ParameterDataFloat2(void) __ptr64
996	??1ParameterDataFloat3@MOXIE@@UEAA@XZ	public: virtual __cdecl MOXIE::ParameterDataFloat3::~ParameterDataFloat3(void) __ptr64
997	??1ParameterDataFloat4@MOXIE@@UEAA@XZ	public: virtual __cdecl MOXIE::ParameterDataFloat4::~ParameterDataFloat4(void) __ptr64
998	??1ParameterDataFloat@MOXIE@@UEAA@XZ	public: virtual __cdecl MOXIE::ParameterDataFloat::~ParameterDataFloat(void) __ptr64
999	??1ParameterDataInt@MOXIE@@UEAA@XZ	public: virtual __cdecl MOXIE::ParameterDataInt::~ParameterDataInt(void) __ptr64
1000	??1ParameterDataMatrix@MOXIE@@UEAA@XZ	public: virtual __cdecl MOXIE::ParameterDataMatrix::~ParameterDataMatrix(void) __ptr64
1001	??1ParameterTexture2D@MOXIE@@UEAA@XZ	public: virtual __cdecl MOXIE::ParameterTexture2D::~ParameterTexture2D(void) __ptr64
1002	??1ParameterTexture2DMS@MOXIE@@UEAA@XZ	public: virtual __cdecl MOXIE::ParameterTexture2DMS::~ParameterTexture2DMS(void) __ptr64
1003	??1ParameterTextureCubemap@MOXIE@@UEAA@XZ	public: virtual __cdecl MOXIE::ParameterTextureCubemap::~ParameterTextureCubemap(void) __ptr64
1004	??1ParameterTextureVideo@MOXIE@@UEAA@XZ	public: virtual __cdecl MOXIE::ParameterTextureVideo::~ParameterTextureVideo(void) __ptr64
1005	??1ParticleBuffer@MOXIE@@QEAA@XZ	public: __cdecl MOXIE::ParticleBuffer::~ParticleBuffer(void) __ptr64
1006	??1ParticleCollider@MOXIE@@UEAA@XZ	public: virtual __cdecl MOXIE::ParticleCollider::~ParticleCollider(void) __ptr64
1007	??1ParticleDefinition@MOXIE@@QEAA@XZ	public: __cdecl MOXIE::ParticleDefinition::~ParticleDefinition(void) __ptr64
1008	??1ParticleField@MOXIE@@UEAA@XZ	public: virtual __cdecl MOXIE::ParticleField::~ParticleField(void) __ptr64
1009	??1ParticleMap@MOXIE@@QEAA@XZ	public: __cdecl MOXIE::ParticleMap::~ParticleMap(void) __ptr64
1010	??1ParticleSystemResource@MOXIE@@UEAA@XZ	public: virtual __cdecl MOXIE::ParticleSystemResource::~ParticleSystemResource(void) __ptr64
1011	??1PcmDecoder@MOXIE@@UEAA@XZ	public: virtual __cdecl MOXIE::PcmDecoder::~PcmDecoder(void) __ptr64
1012	??1PhysicsManager@MOXIE@@EEAA@XZ	private: virtual __cdecl MOXIE::PhysicsManager::~PhysicsManager(void) __ptr64
1013	??1PipelineStateResource@MOXIE@@UEAA@XZ	public: virtual __cdecl MOXIE::PipelineStateResource::~PipelineStateResource(void) __ptr64
1014	??1PlaneCollider@MOXIE@@UEAA@XZ	public: virtual __cdecl MOXIE::PlaneCollider::~PlaneCollider(void) __ptr64
1015	??1PlatformAudioDriver@MOXIE@@UEAA@XZ	public: virtual __cdecl MOXIE::PlatformAudioDriver::~PlatformAudioDriver(void) __ptr64
1016	??1PlatformAudioDriverDirectSound@MOXIE@@UEAA@XZ	public: virtual __cdecl MOXIE::PlatformAudioDriverDirectSound::~PlatformAudioDriverDirectSound(void) __ptr64
1017	??1Player@MOXIE@@UEAA@XZ	public: virtual __cdecl MOXIE::Player::~Player(void) __ptr64
1018	??1PosteffectResource@MOXIE@@UEAA@XZ	public: virtual __cdecl MOXIE::PosteffectResource::~PosteffectResource(void) __ptr64
1019	??1RadixSort32@MOXIE@@QEAA@XZ	public: __cdecl MOXIE::RadixSort32::~RadixSort32(void) __ptr64
1020	??1RadixSort64@MOXIE@@QEAA@XZ	public: __cdecl MOXIE::RadixSort64::~RadixSort64(void) __ptr64
1021	??1RadixSortReal@MOXIE@@QEAA@XZ	public: __cdecl MOXIE::RadixSortReal::~RadixSortReal(void) __ptr64
1022	??1RefCount@MOXIE@@UEAA@XZ	public: virtual __cdecl MOXIE::RefCount::~RefCount(void) __ptr64
1023	??1RenderBuffer@MOXIE@@UEAA@XZ	public: virtual __cdecl MOXIE::RenderBuffer::~RenderBuffer(void) __ptr64
1024	??1RenderContext@MOXIE@@UEAA@XZ	public: virtual __cdecl MOXIE::RenderContext::~RenderContext(void) __ptr64
1025	??1RenderDebug@MOXIE@@UEAA@XZ	public: virtual __cdecl MOXIE::RenderDebug::~RenderDebug(void) __ptr64
1026	??1RenderDevice@MOXIE@@MEAA@XZ	protected: virtual __cdecl MOXIE::RenderDevice::~RenderDevice(void) __ptr64
1027	??1RenderDeviceGL@MOXIE@@UEAA@XZ	public: virtual __cdecl MOXIE::RenderDeviceGL::~RenderDeviceGL(void) __ptr64
1028	??1RenderDispatcher@MOXIE@@UEAA@XZ	public: virtual __cdecl MOXIE::RenderDispatcher::~RenderDispatcher(void) __ptr64
1029	??1RenderManager@MOXIE@@EEAA@XZ	private: virtual __cdecl MOXIE::RenderManager::~RenderManager(void) __ptr64
1030	??1RenderSurface@MOXIE@@UEAA@XZ	public: virtual __cdecl MOXIE::RenderSurface::~RenderSurface(void) __ptr64
1031	??1RenderTarget@MOXIE@@UEAA@XZ	public: virtual __cdecl MOXIE::RenderTarget::~RenderTarget(void) __ptr64
1032	??1RenderView@MOXIE@@QEAA@XZ	public: __cdecl MOXIE::RenderView::~RenderView(void) __ptr64
1033	??1Resource@MOXIE@@UEAA@XZ	public: virtual __cdecl MOXIE::Resource::~Resource(void) __ptr64
1034	??1ResourceGroup@MOXIE@@UEAA@XZ	public: virtual __cdecl MOXIE::ResourceGroup::~ResourceGroup(void) __ptr64
1035	??1ResourceHandle@MOXIE@@QEAA@XZ	public: __cdecl MOXIE::ResourceHandle::~ResourceHandle(void) __ptr64
1036	??1ResourceManager@MOXIE@@UEAA@XZ	public: virtual __cdecl MOXIE::ResourceManager::~ResourceManager(void) __ptr64
1037	??1ResourceMonitor@MOXIE@@QEAA@XZ	public: __cdecl MOXIE::ResourceMonitor::~ResourceMonitor(void) __ptr64
1038	??1RiffDiver@MOXIE@@UEAA@XZ	public: virtual __cdecl MOXIE::RiffDiver::~RiffDiver(void) __ptr64
1039	??1SGAnimator@MOXIE@@UEAA@XZ	public: virtual __cdecl MOXIE::SGAnimator::~SGAnimator(void) __ptr64
1040	??1SGAtmospherics@MOXIE@@UEAA@XZ	public: virtual __cdecl MOXIE::SGAtmospherics::~SGAtmospherics(void) __ptr64
1041	??1SGAttachmentProxy@MOXIE@@UEAA@XZ	public: virtual __cdecl MOXIE::SGAttachmentProxy::~SGAttachmentProxy(void) __ptr64
1042	??1SGCamera@MOXIE@@UEAA@XZ	public: virtual __cdecl MOXIE::SGCamera::~SGCamera(void) __ptr64
1043	??1SGCameraController@MOXIE@@UEAA@XZ	public: virtual __cdecl MOXIE::SGCameraController::~SGCameraController(void) __ptr64
1044	??1SGComponent@MOXIE@@UEAA@XZ	public: virtual __cdecl MOXIE::SGComponent::~SGComponent(void) __ptr64
1045	??1SGCustomAnimator@MOXIE@@UEAA@XZ	public: virtual __cdecl MOXIE::SGCustomAnimator::~SGCustomAnimator(void) __ptr64
1046	??1SGDebugCameraController@MOXIE@@UEAA@XZ	public: virtual __cdecl MOXIE::SGDebugCameraController::~SGDebugCameraController(void) __ptr64
1047	??1SGDepth@MOXIE@@UEAA@XZ	public: virtual __cdecl MOXIE::SGDepth::~SGDepth(void) __ptr64
1048	??1SGFog@MOXIE@@UEAA@XZ	public: virtual __cdecl MOXIE::SGFog::~SGFog(void) __ptr64
1049	??1SGFogAnimator@MOXIE@@UEAA@XZ	public: virtual __cdecl MOXIE::SGFogAnimator::~SGFogAnimator(void) __ptr64
1050	??1SGGroup@MOXIE@@UEAA@XZ	public: virtual __cdecl MOXIE::SGGroup::~SGGroup(void) __ptr64
1051	??1SGLight@MOXIE@@UEAA@XZ	public: virtual __cdecl MOXIE::SGLight::~SGLight(void) __ptr64
1052	??1SGLightAnimator@MOXIE@@UEAA@XZ	public: virtual __cdecl MOXIE::SGLightAnimator::~SGLightAnimator(void) __ptr64
1053	??1SGMaterial@MOXIE@@UEAA@XZ	public: virtual __cdecl MOXIE::SGMaterial::~SGMaterial(void) __ptr64
1054	??1SGModelInstance@MOXIE@@UEAA@XZ	public: virtual __cdecl MOXIE::SGModelInstance::~SGModelInstance(void) __ptr64
1055	??1SGNode@MOXIE@@UEAA@XZ	public: virtual __cdecl MOXIE::SGNode::~SGNode(void) __ptr64
1056	??1SGParticleAnimator@MOXIE@@UEAA@XZ	public: virtual __cdecl MOXIE::SGParticleAnimator::~SGParticleAnimator(void) __ptr64
1057	??1SGParticleEmitter@MOXIE@@UEAA@XZ	public: virtual __cdecl MOXIE::SGParticleEmitter::~SGParticleEmitter(void) __ptr64
1058	??1SGProjector@MOXIE@@UEAA@XZ	public: virtual __cdecl MOXIE::SGProjector::~SGProjector(void) __ptr64
1059	??1SGProjectorAnimator@MOXIE@@UEAA@XZ	public: virtual __cdecl MOXIE::SGProjectorAnimator::~SGProjectorAnimator(void) __ptr64
1060	??1SGRenderGraph@MOXIE@@UEAA@XZ	public: virtual __cdecl MOXIE::SGRenderGraph::~SGRenderGraph(void) __ptr64
1061	??1SGRenderGraphAnimator@MOXIE@@UEAA@XZ	public: virtual __cdecl MOXIE::SGRenderGraphAnimator::~SGRenderGraphAnimator(void) __ptr64
1062	??1SGReplay@MOXIE@@UEAA@XZ	public: virtual __cdecl MOXIE::SGReplay::~SGReplay(void) __ptr64
1063	??1SGTransform@MOXIE@@UEAA@XZ	public: virtual __cdecl MOXIE::SGTransform::~SGTransform(void) __ptr64
1064	??1SGVideo360Player@MOXIE@@UEAA@XZ	public: virtual __cdecl MOXIE::SGVideo360Player::~SGVideo360Player(void) __ptr64
1065	??1SGVideoCubePlayer@MOXIE@@UEAA@XZ	public: virtual __cdecl MOXIE::SGVideoCubePlayer::~SGVideoCubePlayer(void) __ptr64
1066	??1SGVideoCubeRectPlayer@MOXIE@@UEAA@XZ	public: virtual __cdecl MOXIE::SGVideoCubeRectPlayer::~SGVideoCubeRectPlayer(void) __ptr64
1067	??1SGVideoLatLongPlayer@MOXIE@@UEAA@XZ	public: virtual __cdecl MOXIE::SGVideoLatLongPlayer::~SGVideoLatLongPlayer(void) __ptr64
1068	??1SceneGraph@MOXIE@@QEAA@XZ	public: __cdecl MOXIE::SceneGraph::~SceneGraph(void) __ptr64
1069	??1SceneGraphResource@MOXIE@@UEAA@XZ	public: virtual __cdecl MOXIE::SceneGraphResource::~SceneGraphResource(void) __ptr64
1070	??1SceneManager@MOXIE@@EEAA@XZ	private: virtual __cdecl MOXIE::SceneManager::~SceneManager(void) __ptr64
1071	??1ScriptManager@MOXIE@@EEAA@XZ	private: virtual __cdecl MOXIE::ScriptManager::~ScriptManager(void) __ptr64
1072	??1SensorManager@MOXIE@@EEAA@XZ	private: virtual __cdecl MOXIE::SensorManager::~SensorManager(void) __ptr64
1073	??1Shader@MOXIE@@UEAA@XZ	public: virtual __cdecl MOXIE::Shader::~Shader(void) __ptr64
1074	??1ShaderCache@MOXIE@@QEAA@XZ	public: __cdecl MOXIE::ShaderCache::~ShaderCache(void) __ptr64
1075	??1ShaderGL_ES2@MOXIE@@UEAA@XZ	public: virtual __cdecl MOXIE::ShaderGL_ES2::~ShaderGL_ES2(void) __ptr64
1076	??1ShaderOption@MOXIE@@QEAA@XZ	public: __cdecl MOXIE::ShaderOption::~ShaderOption(void) __ptr64
1077	??1ShaderOptionTable@MOXIE@@QEAA@XZ	public: __cdecl MOXIE::ShaderOptionTable::~ShaderOptionTable(void) __ptr64
1078	??1ShaderParamList@MOXIE@@QEAA@XZ	public: __cdecl MOXIE::ShaderParamList::~ShaderParamList(void) __ptr64
1079	??1ShaderParameter@MOXIE@@QEAA@XZ	public: __cdecl MOXIE::ShaderParameter::~ShaderParameter(void) __ptr64
1080	??1ShaderResource@MOXIE@@UEAA@XZ	public: virtual __cdecl MOXIE::ShaderResource::~ShaderResource(void) __ptr64
1081	??1SimplexNoise@MOXIE@@QEAA@XZ	public: __cdecl MOXIE::SimplexNoise::~SimplexNoise(void) __ptr64
1082	??1Sound@MOXIE@@QEAA@XZ	public: __cdecl MOXIE::Sound::~Sound(void) __ptr64
1083	??1StackAllocator@MOXIE@@QEAA@XZ	public: __cdecl MOXIE::StackAllocator::~StackAllocator(void) __ptr64
1084	??1StatListener@@UEAA@XZ	public: virtual __cdecl StatListener::~StatListener(void) __ptr64
1085	??1StatLogger@@UEAA@XZ	public: virtual __cdecl StatLogger::~StatLogger(void) __ptr64
1086	??1StatManager@MOXIE@@EEAA@XZ	private: virtual __cdecl MOXIE::StatManager::~StatManager(void) __ptr64
1087	??1StatTracker@@QEAA@XZ	public: __cdecl StatTracker::~StatTracker(void) __ptr64
1088	??1StoryConfig@MOXIE@@QEAA@XZ	public: __cdecl MOXIE::StoryConfig::~StoryConfig(void) __ptr64
1089	??1StoryFSM@MOXIE@@QEAA@XZ	public: __cdecl MOXIE::StoryFSM::~StoryFSM(void) __ptr64
1090	??1StoryGSM@MOXIE@@QEAA@XZ	public: __cdecl MOXIE::StoryGSM::~StoryGSM(void) __ptr64
1091	??1StoryManager@MOXIE@@QEAA@XZ	public: __cdecl MOXIE::StoryManager::~StoryManager(void) __ptr64
1092	??1StoryManifest@MOXIE@@QEAA@XZ	public: __cdecl MOXIE::StoryManifest::~StoryManifest(void) __ptr64
1093	??1StoryPlayer@MOXIE@@UEAA@XZ	public: virtual __cdecl MOXIE::StoryPlayer::~StoryPlayer(void) __ptr64
1094	??1StorySubtitles@MOXIE@@QEAA@XZ	public: __cdecl MOXIE::StorySubtitles::~StorySubtitles(void) __ptr64
1095	??1Stream@MOXIE@@UEAA@XZ	public: virtual __cdecl MOXIE::Stream::~Stream(void) __ptr64
1096	??1StreamDataSource@MOXIE@@UEAA@XZ	public: virtual __cdecl MOXIE::StreamDataSource::~StreamDataSource(void) __ptr64
1097	??1String@MOXIE@@QEAA@XZ	public: __cdecl MOXIE::String::~String(void) __ptr64
1098	??1Surface@MOXIE@@QEAA@XZ	public: __cdecl MOXIE::Surface::~Surface(void) __ptr64
1099	??1TcpSocket@MOXIE@@QEAA@XZ	public: __cdecl MOXIE::TcpSocket::~TcpSocket(void) __ptr64
1100	??1Texture2D@MOXIE@@UEAA@XZ	public: virtual __cdecl MOXIE::Texture2D::~Texture2D(void) __ptr64
1101	??1Texture2DArray@MOXIE@@UEAA@XZ	public: virtual __cdecl MOXIE::Texture2DArray::~Texture2DArray(void) __ptr64
1102	??1Texture@MOXIE@@UEAA@XZ	public: virtual __cdecl MOXIE::Texture::~Texture(void) __ptr64
1103	??1TextureCubeMap@MOXIE@@UEAA@XZ	public: virtual __cdecl MOXIE::TextureCubeMap::~TextureCubeMap(void) __ptr64
1104	??1TextureResource@MOXIE@@UEAA@XZ	public: virtual __cdecl MOXIE::TextureResource::~TextureResource(void) __ptr64
1105	??1TextureVideo@MOXIE@@UEAA@XZ	public: virtual __cdecl MOXIE::TextureVideo::~TextureVideo(void) __ptr64
1106	??1Thread@MOXIE@@UEAA@XZ	public: virtual __cdecl MOXIE::Thread::~Thread(void) __ptr64
1107	??1TornadoField@MOXIE@@UEAA@XZ	public: virtual __cdecl MOXIE::TornadoField::~TornadoField(void) __ptr64
1108	??1TurbulenceField2D@MOXIE@@UEAA@XZ	public: virtual __cdecl MOXIE::TurbulenceField2D::~TurbulenceField2D(void) __ptr64
1109	??1TurbulenceField3D@MOXIE@@UEAA@XZ	public: virtual __cdecl MOXIE::TurbulenceField3D::~TurbulenceField3D(void) __ptr64
1110	??1UI_Parameter_Data@MaterialBaking@MOXIE@@QEAA@XZ	public: __cdecl MOXIE::MaterialBaking::UI_Parameter_Data::~UI_Parameter_Data(void) __ptr64
1111	??1Uri@MOXIE@@QEAA@XZ	public: __cdecl MOXIE::Uri::~Uri(void) __ptr64
1112	??1UriManager@MOXIE@@EEAA@XZ	private: virtual __cdecl MOXIE::UriManager::~UriManager(void) __ptr64
1113	??1VertexAnimDecoder@MOXIE@@QEAA@XZ	public: __cdecl MOXIE::VertexAnimDecoder::~VertexAnimDecoder(void) __ptr64
1114	??1VertexAnimatedMesh@MOXIE@@QEAA@XZ	public: __cdecl MOXIE::VertexAnimatedMesh::~VertexAnimatedMesh(void) __ptr64
1115	??1VertexBuffer@MOXIE@@UEAA@XZ	public: virtual __cdecl MOXIE::VertexBuffer::~VertexBuffer(void) __ptr64
1116	??1VertexData@MOXIE@@QEAA@XZ	public: __cdecl MOXIE::VertexData::~VertexData(void) __ptr64
1117	??1VideoCube@MOXIE@@QEAA@XZ	public: __cdecl MOXIE::VideoCube::~VideoCube(void) __ptr64
1118	??1VideoCubeManager@MOXIE@@UEAA@XZ	public: virtual __cdecl MOXIE::VideoCubeManager::~VideoCubeManager(void) __ptr64
1119	??1VideoCubeResource@MOXIE@@UEAA@XZ	public: virtual __cdecl MOXIE::VideoCubeResource::~VideoCubeResource(void) __ptr64
1120	??1VideoCubeTile@MOXIE@@QEAA@XZ	public: __cdecl MOXIE::VideoCubeTile::~VideoCubeTile(void) __ptr64
1121	??1VortexField@MOXIE@@UEAA@XZ	public: virtual __cdecl MOXIE::VortexField::~VortexField(void) __ptr64
1122	??1ZipArchive@MOXIE@@QEAA@XZ	public: __cdecl MOXIE::ZipArchive::~ZipArchive(void) __ptr64
1123	??1ZipEntry@MOXIE@@QEAA@XZ	public: __cdecl MOXIE::ZipEntry::~ZipEntry(void) __ptr64
1124	??1gsaDecoder@MOXIE@@QEAA@XZ	public: __cdecl MOXIE::gsaDecoder::~gsaDecoder(void) __ptr64
1125	??1gsaDecoderResource@MOXIE@@QEAA@XZ	public: __cdecl MOXIE::gsaDecoderResource::~gsaDecoderResource(void) __ptr64
1126	??4?$EngineService@VAnalyticsManager@MOXIE@@@MOXIE@@QEAAAEAV01@AEBV01@@Z	public: class MOXIE::EngineService<class MOXIE::AnalyticsManager> & __ptr64 __cdecl MOXIE::EngineService<class MOXIE::AnalyticsManager>::operator=(class MOXIE::EngineService<class MOXIE::AnalyticsManager> const & __ptr64) __ptr64
1127	??4?$EngineService@VAudioManager@MOXIE@@@MOXIE@@QEAAAEAV01@AEBV01@@Z	public: class MOXIE::EngineService<class MOXIE::AudioManager> & __ptr64 __cdecl MOXIE::EngineService<class MOXIE::AudioManager>::operator=(class MOXIE::EngineService<class MOXIE::AudioManager> const & __ptr64) __ptr64
1128	??4?$EngineService@VEnableManager@MOXIE@@@MOXIE@@QEAAAEAV01@AEBV01@@Z	public: class MOXIE::EngineService<class MOXIE::EnableManager> & __ptr64 __cdecl MOXIE::EngineService<class MOXIE::EnableManager>::operator=(class MOXIE::EngineService<class MOXIE::EnableManager> const & __ptr64) __ptr64
1129	??4?$EngineService@VInputManager@MOXIE@@@MOXIE@@QEAAAEAV01@AEBV01@@Z	public: class MOXIE::EngineService<class MOXIE::InputManager> & __ptr64 __cdecl MOXIE::EngineService<class MOXIE::InputManager>::operator=(class MOXIE::EngineService<class MOXIE::InputManager> const & __ptr64) __ptr64
1130	??4?$EngineService@VPhysicsManager@MOXIE@@@MOXIE@@QEAAAEAV01@AEBV01@@Z	public: class MOXIE::EngineService<class MOXIE::PhysicsManager> & __ptr64 __cdecl MOXIE::EngineService<class MOXIE::PhysicsManager>::operator=(class MOXIE::EngineService<class MOXIE::PhysicsManager> const & __ptr64) __ptr64
1131	??4?$EngineService@VRenderDebug@MOXIE@@@MOXIE@@QEAAAEAV01@AEBV01@@Z	public: class MOXIE::EngineService<class MOXIE::RenderDebug> & __ptr64 __cdecl MOXIE::EngineService<class MOXIE::RenderDebug>::operator=(class MOXIE::EngineService<class MOXIE::RenderDebug> const & __ptr64) __ptr64
1132	??4?$EngineService@VRenderDevice@MOXIE@@@MOXIE@@QEAAAEAV01@AEBV01@@Z	public: class MOXIE::EngineService<class MOXIE::RenderDevice> & __ptr64 __cdecl MOXIE::EngineService<class MOXIE::RenderDevice>::operator=(class MOXIE::EngineService<class MOXIE::RenderDevice> const & __ptr64) __ptr64
1133	??4?$EngineService@VRenderManager@MOXIE@@@MOXIE@@QEAAAEAV01@AEBV01@@Z	public: class MOXIE::EngineService<class MOXIE::RenderManager> & __ptr64 __cdecl MOXIE::EngineService<class MOXIE::RenderManager>::operator=(class MOXIE::EngineService<class MOXIE::RenderManager> const & __ptr64) __ptr64
1134	??4?$EngineService@VResourceManager@MOXIE@@@MOXIE@@QEAAAEAV01@AEBV01@@Z	public: class MOXIE::EngineService<class MOXIE::ResourceManager> & __ptr64 __cdecl MOXIE::EngineService<class MOXIE::ResourceManager>::operator=(class MOXIE::EngineService<class MOXIE::ResourceManager> const & __ptr64) __ptr64
1135	??4?$EngineService@VSceneManager@MOXIE@@@MOXIE@@QEAAAEAV01@AEBV01@@Z	public: class MOXIE::EngineService<class MOXIE::SceneManager> & __ptr64 __cdecl MOXIE::EngineService<class MOXIE::SceneManager>::operator=(class MOXIE::EngineService<class MOXIE::SceneManager> const & __ptr64) __ptr64
1136	??4?$EngineService@VScriptManager@MOXIE@@@MOXIE@@QEAAAEAV01@AEBV01@@Z	public: class MOXIE::EngineService<class MOXIE::ScriptManager> & __ptr64 __cdecl MOXIE::EngineService<class MOXIE::ScriptManager>::operator=(class MOXIE::EngineService<class MOXIE::ScriptManager> const & __ptr64) __ptr64
1137	??4?$EngineService@VSensorManager@MOXIE@@@MOXIE@@QEAAAEAV01@AEBV01@@Z	public: class MOXIE::EngineService<class MOXIE::SensorManager> & __ptr64 __cdecl MOXIE::EngineService<class MOXIE::SensorManager>::operator=(class MOXIE::EngineService<class MOXIE::SensorManager> const & __ptr64) __ptr64
1138	??4?$EngineService@VStatManager@MOXIE@@@MOXIE@@QEAAAEAV01@AEBV01@@Z	public: class MOXIE::EngineService<class MOXIE::StatManager> & __ptr64 __cdecl MOXIE::EngineService<class MOXIE::StatManager>::operator=(class MOXIE::EngineService<class MOXIE::StatManager> const & __ptr64) __ptr64
1139	??4?$EngineService@VUriManager@MOXIE@@@MOXIE@@QEAAAEAV01@AEBV01@@Z	public: class MOXIE::EngineService<class MOXIE::UriManager> & __ptr64 __cdecl MOXIE::EngineService<class MOXIE::UriManager>::operator=(class MOXIE::EngineService<class MOXIE::UriManager> const & __ptr64) __ptr64
1140	??4?$EngineService@VVideoCubeManager@MOXIE@@@MOXIE@@QEAAAEAV01@AEBV01@@Z	public: class MOXIE::EngineService<class MOXIE::VideoCubeManager> & __ptr64 __cdecl MOXIE::EngineService<class MOXIE::VideoCubeManager>::operator=(class MOXIE::EngineService<class MOXIE::VideoCubeManager> const & __ptr64) __ptr64
1141	??4?$Service@VAnalyticsManager@MOXIE@@@MOXIE@@QEAAAEAV01@AEBV01@@Z	public: class MOXIE::Service<class MOXIE::AnalyticsManager> & __ptr64 __cdecl MOXIE::Service<class MOXIE::AnalyticsManager>::operator=(class MOXIE::Service<class MOXIE::AnalyticsManager> const & __ptr64) __ptr64
1142	??4?$Service@VAudioManager@MOXIE@@@MOXIE@@QEAAAEAV01@AEBV01@@Z	public: class MOXIE::Service<class MOXIE::AudioManager> & __ptr64 __cdecl MOXIE::Service<class MOXIE::AudioManager>::operator=(class MOXIE::Service<class MOXIE::AudioManager> const & __ptr64) __ptr64
1143	??4?$Service@VEnableManager@MOXIE@@@MOXIE@@QEAAAEAV01@AEBV01@@Z	public: class MOXIE::Service<class MOXIE::EnableManager> & __ptr64 __cdecl MOXIE::Service<class MOXIE::EnableManager>::operator=(class MOXIE::Service<class MOXIE::EnableManager> const & __ptr64) __ptr64
1144	??4?$Service@VGlobalTime@MOXIE@@@MOXIE@@QEAAAEAV01@AEBV01@@Z	public: class MOXIE::Service<class MOXIE::GlobalTime> & __ptr64 __cdecl MOXIE::Service<class MOXIE::GlobalTime>::operator=(class MOXIE::Service<class MOXIE::GlobalTime> const & __ptr64) __ptr64
1145	??4?$Service@VInputManager@MOXIE@@@MOXIE@@QEAAAEAV01@AEBV01@@Z	public: class MOXIE::Service<class MOXIE::InputManager> & __ptr64 __cdecl MOXIE::Service<class MOXIE::InputManager>::operator=(class MOXIE::Service<class MOXIE::InputManager> const & __ptr64) __ptr64
1146	??4?$Service@VPhysicsManager@MOXIE@@@MOXIE@@QEAAAEAV01@AEBV01@@Z	public: class MOXIE::Service<class MOXIE::PhysicsManager> & __ptr64 __cdecl MOXIE::Service<class MOXIE::PhysicsManager>::operator=(class MOXIE::Service<class MOXIE::PhysicsManager> const & __ptr64) __ptr64
1147	??4?$Service@VRenderDebug@MOXIE@@@MOXIE@@QEAAAEAV01@AEBV01@@Z	public: class MOXIE::Service<class MOXIE::RenderDebug> & __ptr64 __cdecl MOXIE::Service<class MOXIE::RenderDebug>::operator=(class MOXIE::Service<class MOXIE::RenderDebug> const & __ptr64) __ptr64
1148	??4?$Service@VRenderDevice@MOXIE@@@MOXIE@@QEAAAEAV01@AEBV01@@Z	public: class MOXIE::Service<class MOXIE::RenderDevice> & __ptr64 __cdecl MOXIE::Service<class MOXIE::RenderDevice>::operator=(class MOXIE::Service<class MOXIE::RenderDevice> const & __ptr64) __ptr64
1149	??4?$Service@VRenderManager@MOXIE@@@MOXIE@@QEAAAEAV01@AEBV01@@Z	public: class MOXIE::Service<class MOXIE::RenderManager> & __ptr64 __cdecl MOXIE::Service<class MOXIE::RenderManager>::operator=(class MOXIE::Service<class MOXIE::RenderManager> const & __ptr64) __ptr64
1150	??4?$Service@VResourceManager@MOXIE@@@MOXIE@@QEAAAEAV01@AEBV01@@Z	public: class MOXIE::Service<class MOXIE::ResourceManager> & __ptr64 __cdecl MOXIE::Service<class MOXIE::ResourceManager>::operator=(class MOXIE::Service<class MOXIE::ResourceManager> const & __ptr64) __ptr64
1151	??4?$Service@VSceneManager@MOXIE@@@MOXIE@@QEAAAEAV01@AEBV01@@Z	public: class MOXIE::Service<class MOXIE::SceneManager> & __ptr64 __cdecl MOXIE::Service<class MOXIE::SceneManager>::operator=(class MOXIE::Service<class MOXIE::SceneManager> const & __ptr64) __ptr64
1152	??4?$Service@VScriptManager@MOXIE@@@MOXIE@@QEAAAEAV01@AEBV01@@Z	public: class MOXIE::Service<class MOXIE::ScriptManager> & __ptr64 __cdecl MOXIE::Service<class MOXIE::ScriptManager>::operator=(class MOXIE::Service<class MOXIE::ScriptManager> const & __ptr64) __ptr64
1153	??4?$Service@VSensorManager@MOXIE@@@MOXIE@@QEAAAEAV01@AEBV01@@Z	public: class MOXIE::Service<class MOXIE::SensorManager> & __ptr64 __cdecl MOXIE::Service<class MOXIE::SensorManager>::operator=(class MOXIE::Service<class MOXIE::SensorManager> const & __ptr64) __ptr64
1154	??4?$Service@VStatManager@MOXIE@@@MOXIE@@QEAAAEAV01@AEBV01@@Z	public: class MOXIE::Service<class MOXIE::StatManager> & __ptr64 __cdecl MOXIE::Service<class MOXIE::StatManager>::operator=(class MOXIE::Service<class MOXIE::StatManager> const & __ptr64) __ptr64
1155	??4?$Service@VUriManager@MOXIE@@@MOXIE@@QEAAAEAV01@AEBV01@@Z	public: class MOXIE::Service<class MOXIE::UriManager> & __ptr64 __cdecl MOXIE::Service<class MOXIE::UriManager>::operator=(class MOXIE::Service<class MOXIE::UriManager> const & __ptr64) __ptr64
1156	??4?$Service@VVideoCubeManager@MOXIE@@@MOXIE@@QEAAAEAV01@AEBV01@@Z	public: class MOXIE::Service<class MOXIE::VideoCubeManager> & __ptr64 __cdecl MOXIE::Service<class MOXIE::VideoCubeManager>::operator=(class MOXIE::Service<class MOXIE::VideoCubeManager> const & __ptr64) __ptr64
1157	??4AABBox@MOXIE@@QEAAAEAV01@$$QEAV01@@Z	public: class MOXIE::AABBox & __ptr64 __cdecl MOXIE::AABBox::operator=(class MOXIE::AABBox && __ptr64) __ptr64
1158	??4AABBox@MOXIE@@QEAAAEAV01@AEBV01@@Z	public: class MOXIE::AABBox & __ptr64 __cdecl MOXIE::AABBox::operator=(class MOXIE::AABBox const & __ptr64) __ptr64
1159	??4AnalyticsManager@MOXIE@@QEAAAEAV01@AEBV01@@Z	public: class MOXIE::AnalyticsManager & __ptr64 __cdecl MOXIE::AnalyticsManager::operator=(class MOXIE::AnalyticsManager const & __ptr64) __ptr64
1160	??4AnimMixer@MOXIE@@QEAAAEAV01@AEBV01@@Z	public: class MOXIE::AnimMixer & __ptr64 __cdecl MOXIE::AnimMixer::operator=(class MOXIE::AnimMixer const & __ptr64) __ptr64
1161	??4AnimationFlipbookSampler@MOXIE@@QEAAAEAV01@AEBV01@@Z	public: class MOXIE::AnimationFlipbookSampler & __ptr64 __cdecl MOXIE::AnimationFlipbookSampler::operator=(class MOXIE::AnimationFlipbookSampler const & __ptr64) __ptr64
1162	??4Animator@MOXIE@@QEAAAEAV01@AEBV01@@Z	public: class MOXIE::Animator & __ptr64 __cdecl MOXIE::Animator::operator=(class MOXIE::Animator const & __ptr64) __ptr64
1163	??4Application@MOXIE@@QEAAAEAV01@AEBV01@@Z	public: class MOXIE::Application & __ptr64 __cdecl MOXIE::Application::operator=(class MOXIE::Application const & __ptr64) __ptr64
1164	??4AttributeChannel@MOXIE@@QEAAAEAU01@$$QEAU01@@Z	public: struct MOXIE::AttributeChannel & __ptr64 __cdecl MOXIE::AttributeChannel::operator=(struct MOXIE::AttributeChannel && __ptr64) __ptr64
1165	??4AttributeChannel@MOXIE@@QEAAAEAU01@AEBU01@@Z	public: struct MOXIE::AttributeChannel & __ptr64 __cdecl MOXIE::AttributeChannel::operator=(struct MOXIE::AttributeChannel const & __ptr64) __ptr64
1166	??4AttributeChannelCompressed@MOXIE@@QEAAAEAU01@$$QEAU01@@Z	public: struct MOXIE::AttributeChannelCompressed & __ptr64 __cdecl MOXIE::AttributeChannelCompressed::operator=(struct MOXIE::AttributeChannelCompressed && __ptr64) __ptr64
1167	??4AttributeChannelCompressed@MOXIE@@QEAAAEAU01@AEBU01@@Z	public: struct MOXIE::AttributeChannelCompressed & __ptr64 __cdecl MOXIE::AttributeChannelCompressed::operator=(struct MOXIE::AttributeChannelCompressed const & __ptr64) __ptr64
1168	??4AudEmitter@MOXIE@@QEAAAEAV01@AEBV01@@Z	public: class MOXIE::AudEmitter & __ptr64 __cdecl MOXIE::AudEmitter::operator=(class MOXIE::AudEmitter const & __ptr64) __ptr64
1169	??4AudPlayer@MOXIE@@QEAAAEAV01@AEBV01@@Z	public: class MOXIE::AudPlayer & __ptr64 __cdecl MOXIE::AudPlayer::operator=(class MOXIE::AudPlayer const & __ptr64) __ptr64
1170	??4AudResource@MOXIE@@QEAAAEAV01@AEBV01@@Z	public: class MOXIE::AudResource & __ptr64 __cdecl MOXIE::AudResource::operator=(class MOXIE::AudResource const & __ptr64) __ptr64
1171	??4AudioData@MOXIE@@QEAAAEAV01@AEBV01@@Z	public: class MOXIE::AudioData & __ptr64 __cdecl MOXIE::AudioData::operator=(class MOXIE::AudioData const & __ptr64) __ptr64
1172	??4AudioDataMaux@MOXIE@@QEAAAEAV01@AEBV01@@Z	public: class MOXIE::AudioDataMaux & __ptr64 __cdecl MOXIE::AudioDataMaux::operator=(class MOXIE::AudioDataMaux const & __ptr64) __ptr64
1173	??4AudioDevice@MOXIE@@QEAAAEAV01@AEBV01@@Z	public: class MOXIE::AudioDevice & __ptr64 __cdecl MOXIE::AudioDevice::operator=(class MOXIE::AudioDevice const & __ptr64) __ptr64
1174	??4AudioEmitter@MOXIE@@QEAAAEAV01@AEBV01@@Z	public: class MOXIE::AudioEmitter & __ptr64 __cdecl MOXIE::AudioEmitter::operator=(class MOXIE::AudioEmitter const & __ptr64) __ptr64
1175	??4AudioEmitterMaux@MOXIE@@QEAAAEAV01@AEBV01@@Z	public: class MOXIE::AudioEmitterMaux & __ptr64 __cdecl MOXIE::AudioEmitterMaux::operator=(class MOXIE::AudioEmitterMaux const & __ptr64) __ptr64
1176	??4AudioManager@MOXIE@@QEAAAEAV01@AEBV01@@Z	public: class MOXIE::AudioManager & __ptr64 __cdecl MOXIE::AudioManager::operator=(class MOXIE::AudioManager const & __ptr64) __ptr64
1177	??4AudioPlayer@MOXIE@@QEAAAEAV01@AEBV01@@Z	public: class MOXIE::AudioPlayer & __ptr64 __cdecl MOXIE::AudioPlayer::operator=(class MOXIE::AudioPlayer const & __ptr64) __ptr64
1178	??4AudioPlayerMaux@MOXIE@@QEAAAEAV01@AEBV01@@Z	public: class MOXIE::AudioPlayerMaux & __ptr64 __cdecl MOXIE::AudioPlayerMaux::operator=(class MOXIE::AudioPlayerMaux const & __ptr64) __ptr64
1179	??4AudioSystem@MOXIE@@QEAAAEAV01@AEBV01@@Z	public: class MOXIE::AudioSystem & __ptr64 __cdecl MOXIE::AudioSystem::operator=(class MOXIE::AudioSystem const & __ptr64) __ptr64
1180	??4BSCF_Reader@MOXIE@@QEAAAEAV01@AEBV01@@Z	public: class MOXIE::BSCF_Reader & __ptr64 __cdecl MOXIE::BSCF_Reader::operator=(class MOXIE::BSCF_Reader const & __ptr64) __ptr64
1181	??4BitStream@MOXIE@@QEAAAEAV01@$$QEAV01@@Z	public: class MOXIE::BitStream & __ptr64 __cdecl MOXIE::BitStream::operator=(class MOXIE::BitStream && __ptr64) __ptr64
1182	??4BitStream@MOXIE@@QEAAAEAV01@AEBV01@@Z	public: class MOXIE::BitStream & __ptr64 __cdecl MOXIE::BitStream::operator=(class MOXIE::BitStream const & __ptr64) __ptr64
1183	??4Bitmap@MOXIE@@QEAAAEAV01@AEBV01@@Z	public: class MOXIE::Bitmap & __ptr64 __cdecl MOXIE::Bitmap::operator=(class MOXIE::Bitmap const & __ptr64) __ptr64
1184	??4BobberField@MOXIE@@QEAAAEAV01@AEBV01@@Z	public: class MOXIE::BobberField & __ptr64 __cdecl MOXIE::BobberField::operator=(class MOXIE::BobberField const & __ptr64) __ptr64
1185	??4Buffer@@QEAAAEAV0@AEBV0@@Z	public: class Buffer & __ptr64 __cdecl Buffer::operator=(class Buffer const & __ptr64) __ptr64
1186	??4Buffer@MOXIE@@QEAAAEAV01@AEBV01@@Z	public: class MOXIE::Buffer & __ptr64 __cdecl MOXIE::Buffer::operator=(class MOXIE::Buffer const & __ptr64) __ptr64
1187	??4BufferObject@MOXIE@@QEAAAEAV01@AEBV01@@Z	public: class MOXIE::BufferObject & __ptr64 __cdecl MOXIE::BufferObject::operator=(class MOXIE::BufferObject const & __ptr64) __ptr64
1188	??4CSV@@QEAAAEAV0@AEBV0@@Z	public: class CSV & __ptr64 __cdecl CSV::operator=(class CSV const & __ptr64) __ptr64
1189	??4CSVLog@@QEAAAEAV0@AEBV0@@Z	public: class CSVLog & __ptr64 __cdecl CSVLog::operator=(class CSVLog const & __ptr64) __ptr64
1190	??4Camera@MOXIE@@QEAAAEAV01@$$QEAV01@@Z	public: class MOXIE::Camera & __ptr64 __cdecl MOXIE::Camera::operator=(class MOXIE::Camera && __ptr64) __ptr64
1191	??4Camera@MOXIE@@QEAAAEAV01@AEBV01@@Z	public: class MOXIE::Camera & __ptr64 __cdecl MOXIE::Camera::operator=(class MOXIE::Camera const & __ptr64) __ptr64
1192	??4ChunkHeaderV1@MOXIE@@QEAAAEAU01@$$QEAU01@@Z	public: struct MOXIE::ChunkHeaderV1 & __ptr64 __cdecl MOXIE::ChunkHeaderV1::operator=(struct MOXIE::ChunkHeaderV1 && __ptr64) __ptr64
1193	??4ChunkHeaderV1@MOXIE@@QEAAAEAU01@AEBU01@@Z	public: struct MOXIE::ChunkHeaderV1 & __ptr64 __cdecl MOXIE::ChunkHeaderV1::operator=(struct MOXIE::ChunkHeaderV1 const & __ptr64) __ptr64
1194	??4Color@MOXIE@@QEAAAEAV01@$$QEAV01@@Z	public: class MOXIE::Color & __ptr64 __cdecl MOXIE::Color::operator=(class MOXIE::Color && __ptr64) __ptr64
1195	??4Color@MOXIE@@QEAAAEAV01@AEBV01@@Z	public: class MOXIE::Color & __ptr64 __cdecl MOXIE::Color::operator=(class MOXIE::Color const & __ptr64) __ptr64
1196	??4CommandLine@MOXIE@@QEAAAEAV01@AEBV01@@Z	public: class MOXIE::CommandLine & __ptr64 __cdecl MOXIE::CommandLine::operator=(class MOXIE::CommandLine const & __ptr64) __ptr64
1197	??4DefaultAnimMixer@MOXIE@@QEAAAEAV01@$$QEAV01@@Z	public: class MOXIE::DefaultAnimMixer & __ptr64 __cdecl MOXIE::DefaultAnimMixer::operator=(class MOXIE::DefaultAnimMixer && __ptr64) __ptr64
1198	??4DefaultAnimMixer@MOXIE@@QEAAAEAV01@AEBV01@@Z	public: class MOXIE::DefaultAnimMixer & __ptr64 __cdecl MOXIE::DefaultAnimMixer::operator=(class MOXIE::DefaultAnimMixer const & __ptr64) __ptr64
1199	??4EnableManager@MOXIE@@QEAAAEAV01@AEBV01@@Z	public: class MOXIE::EnableManager & __ptr64 __cdecl MOXIE::EnableManager::operator=(class MOXIE::EnableManager const & __ptr64) __ptr64
1200	??4Engine@MOXIE@@QEAAAEAV01@AEBV01@@Z	public: class MOXIE::Engine & __ptr64 __cdecl MOXIE::Engine::operator=(class MOXIE::Engine const & __ptr64) __ptr64
1201	??4EngineLocator@MOXIE@@QEAAAEAV01@$$QEAV01@@Z	public: class MOXIE::EngineLocator & __ptr64 __cdecl MOXIE::EngineLocator::operator=(class MOXIE::EngineLocator && __ptr64) __ptr64
1202	??4EngineLocator@MOXIE@@QEAAAEAV01@AEBV01@@Z	public: class MOXIE::EngineLocator & __ptr64 __cdecl MOXIE::EngineLocator::operator=(class MOXIE::EngineLocator const & __ptr64) __ptr64
1203	??4FastNoise@MOXIE@@QEAAAEAV01@$$QEAV01@@Z	public: class MOXIE::FastNoise & __ptr64 __cdecl MOXIE::FastNoise::operator=(class MOXIE::FastNoise && __ptr64) __ptr64
1204	??4FastNoise@MOXIE@@QEAAAEAV01@AEBV01@@Z	public: class MOXIE::FastNoise & __ptr64 __cdecl MOXIE::FastNoise::operator=(class MOXIE::FastNoise const & __ptr64) __ptr64
1205	??4FieldOfView@MOXIE@@QEAAAEAV01@$$QEAV01@@Z	public: class MOXIE::FieldOfView & __ptr64 __cdecl MOXIE::FieldOfView::operator=(class MOXIE::FieldOfView && __ptr64) __ptr64
1206	??4FieldOfView@MOXIE@@QEAAAEAV01@AEBV01@@Z	public: class MOXIE::FieldOfView & __ptr64 __cdecl MOXIE::FieldOfView::operator=(class MOXIE::FieldOfView const & __ptr64) __ptr64
1207	??4FilePath@MOXIE@@QEAAAEAV01@AEBV01@@Z	public: class MOXIE::FilePath & __ptr64 __cdecl MOXIE::FilePath::operator=(class MOXIE::FilePath const & __ptr64) __ptr64
1208	??4FileStream@MOXIE@@QEAAAEAV01@AEBV01@@Z	public: class MOXIE::FileStream & __ptr64 __cdecl MOXIE::FileStream::operator=(class MOXIE::FileStream const & __ptr64) __ptr64
1209	??4FlipbookAnimator@MOXIE@@QEAAAEAV01@AEBV01@@Z	public: class MOXIE::FlipbookAnimator & __ptr64 __cdecl MOXIE::FlipbookAnimator::operator=(class MOXIE::FlipbookAnimator const & __ptr64) __ptr64
1210	??4FlipbookSampler@MOXIE@@QEAAAEAV01@AEBV01@@Z	public: class MOXIE::FlipbookSampler & __ptr64 __cdecl MOXIE::FlipbookSampler::operator=(class MOXIE::FlipbookSampler const & __ptr64) __ptr64
1211	??4FlipbookTexturePool@MOXIE@@QEAAAEAV01@AEBV01@@Z	public: class MOXIE::FlipbookTexturePool & __ptr64 __cdecl MOXIE::FlipbookTexturePool::operator=(class MOXIE::FlipbookTexturePool const & __ptr64) __ptr64
1212	??4Font@MOXIE@@QEAAAEAV01@AEBV01@@Z	public: class MOXIE::Font & __ptr64 __cdecl MOXIE::Font::operator=(class MOXIE::Font const & __ptr64) __ptr64
1213	??4FontMap@MOXIE@@QEAAAEAV01@AEBV01@@Z	public: class MOXIE::FontMap & __ptr64 __cdecl MOXIE::FontMap::operator=(class MOXIE::FontMap const & __ptr64) __ptr64
1214	??4ForceField@MOXIE@@QEAAAEAV01@AEBV01@@Z	public: class MOXIE::ForceField & __ptr64 __cdecl MOXIE::ForceField::operator=(class MOXIE::ForceField const & __ptr64) __ptr64
1215	??4Frustum@MOXIE@@QEAAAEAV01@$$QEAV01@@Z	public: class MOXIE::Frustum & __ptr64 __cdecl MOXIE::Frustum::operator=(class MOXIE::Frustum && __ptr64) __ptr64
1216	??4Frustum@MOXIE@@QEAAAEAV01@AEBV01@@Z	public: class MOXIE::Frustum & __ptr64 __cdecl MOXIE::Frustum::operator=(class MOXIE::Frustum const & __ptr64) __ptr64
1217	??4GUIColor@MOXIE@@QEAAAEAV01@$$QEAV01@@Z	public: class MOXIE::GUIColor & __ptr64 __cdecl MOXIE::GUIColor::operator=(class MOXIE::GUIColor && __ptr64) __ptr64
1218	??4GUIColor@MOXIE@@QEAAAEAV01@AEBV01@@Z	public: class MOXIE::GUIColor & __ptr64 __cdecl MOXIE::GUIColor::operator=(class MOXIE::GUIColor const & __ptr64) __ptr64
1219	??4GUIRenderer@MOXIE@@QEAAAEAV01@$$QEAV01@@Z	public: class MOXIE::GUIRenderer & __ptr64 __cdecl MOXIE::GUIRenderer::operator=(class MOXIE::GUIRenderer && __ptr64) __ptr64
1220	??4GUIRenderer@MOXIE@@QEAAAEAV01@AEBV01@@Z	public: class MOXIE::GUIRenderer & __ptr64 __cdecl MOXIE::GUIRenderer::operator=(class MOXIE::GUIRenderer const & __ptr64) __ptr64
1221	??4GUIStyle@MOXIE@@QEAAAEAV01@$$QEAV01@@Z	public: class MOXIE::GUIStyle & __ptr64 __cdecl MOXIE::GUIStyle::operator=(class MOXIE::GUIStyle && __ptr64) __ptr64
1222	??4GUIStyle@MOXIE@@QEAAAEAV01@AEBV01@@Z	public: class MOXIE::GUIStyle & __ptr64 __cdecl MOXIE::GUIStyle::operator=(class MOXIE::GUIStyle const & __ptr64) __ptr64
1223	??4GUITexture@MOXIE@@QEAAAEAV01@$$QEAV01@@Z	public: class MOXIE::GUITexture & __ptr64 __cdecl MOXIE::GUITexture::operator=(class MOXIE::GUITexture && __ptr64) __ptr64
1224	??4GUITexture@MOXIE@@QEAAAEAV01@AEBV01@@Z	public: class MOXIE::GUITexture & __ptr64 __cdecl MOXIE::GUITexture::operator=(class MOXIE::GUITexture const & __ptr64) __ptr64
1225	??4GUITheme@MOXIE@@QEAAAEAV01@AEBV01@@Z	public: class MOXIE::GUITheme & __ptr64 __cdecl MOXIE::GUITheme::operator=(class MOXIE::GUITheme const & __ptr64) __ptr64
1226	??4GlobalTime@MOXIE@@QEAAAEAV01@AEBV01@@Z	public: class MOXIE::GlobalTime & __ptr64 __cdecl MOXIE::GlobalTime::operator=(class MOXIE::GlobalTime const & __ptr64) __ptr64
1227	??4HString@MOXIE@@QEAAAEAV01@AEBV01@@Z	public: class MOXIE::HString & __ptr64 __cdecl MOXIE::HString::operator=(class MOXIE::HString const & __ptr64) __ptr64
1228	??4HString@MOXIE@@QEAAAEAV01@AEBVString@1@@Z	public: class MOXIE::HString & __ptr64 __cdecl MOXIE::HString::operator=(class MOXIE::String const & __ptr64) __ptr64
1229	??4HString@MOXIE@@QEAAAEAV01@I@Z	public: class MOXIE::HString & __ptr64 __cdecl MOXIE::HString::operator=(unsigned int) __ptr64
1230	??4HString@MOXIE@@QEAAAEAV01@PEBD@Z	public: class MOXIE::HString & __ptr64 __cdecl MOXIE::HString::operator=(char const * __ptr64) __ptr64
1231	??4HitchProfiler@MOXIE@@QEAAAEAV01@$$QEAV01@@Z	public: class MOXIE::HitchProfiler & __ptr64 __cdecl MOXIE::HitchProfiler::operator=(class MOXIE::HitchProfiler && __ptr64) __ptr64
1232	??4HitchProfiler@MOXIE@@QEAAAEAV01@AEBV01@@Z	public: class MOXIE::HitchProfiler & __ptr64 __cdecl MOXIE::HitchProfiler::operator=(class MOXIE::HitchProfiler const & __ptr64) __ptr64
1233	??4IJob@MOXIE@@QEAAAEAV01@AEBV01@@Z	public: class MOXIE::IJob & __ptr64 __cdecl MOXIE::IJob::operator=(class MOXIE::IJob const & __ptr64) __ptr64
1234	??4IService@MOXIE@@QEAAAEAV01@AEBV01@@Z	public: class MOXIE::IService & __ptr64 __cdecl MOXIE::IService::operator=(class MOXIE::IService const & __ptr64) __ptr64
1235	??4IndexBuffer@MOXIE@@QEAAAEAV01@AEBV01@@Z	public: class MOXIE::IndexBuffer & __ptr64 __cdecl MOXIE::IndexBuffer::operator=(class MOXIE::IndexBuffer const & __ptr64) __ptr64
1236	??4InputManager@MOXIE@@QEAAAEAV01@AEBV01@@Z	public: class MOXIE::InputManager & __ptr64 __cdecl MOXIE::InputManager::operator=(class MOXIE::InputManager const & __ptr64) __ptr64
1237	??4LAllocator@MOXIE@@QEAAAEAV01@AEBV01@@Z	public: class MOXIE::LAllocator & __ptr64 __cdecl MOXIE::LAllocator::operator=(class MOXIE::LAllocator const & __ptr64) __ptr64
1238	??4LApi@MOXIE@@QEAAAEAV01@AEBV01@@Z	public: class MOXIE::LApi & __ptr64 __cdecl MOXIE::LApi::operator=(class MOXIE::LApi const & __ptr64) __ptr64
1239	??4LApiActorClampLayer@duet@@QEAAAEAV01@$$QEAV01@@Z	public: class duet::LApiActorClampLayer & __ptr64 __cdecl duet::LApiActorClampLayer::operator=(class duet::LApiActorClampLayer && __ptr64) __ptr64
1240	??4LApiActorClampLayer@duet@@QEAAAEAV01@AEBV01@@Z	public: class duet::LApiActorClampLayer & __ptr64 __cdecl duet::LApiActorClampLayer::operator=(class duet::LApiActorClampLayer const & __ptr64) __ptr64
1241	??4LApiActorMover@duet@@QEAAAEAV01@$$QEAV01@@Z	public: class duet::LApiActorMover & __ptr64 __cdecl duet::LApiActorMover::operator=(class duet::LApiActorMover && __ptr64) __ptr64
1242	??4LApiActorMover@duet@@QEAAAEAV01@AEBV01@@Z	public: class duet::LApiActorMover & __ptr64 __cdecl duet::LApiActorMover::operator=(class duet::LApiActorMover const & __ptr64) __ptr64
1243	??4LApiActorMoverLayer@duet@@QEAAAEAV01@$$QEAV01@@Z	public: class duet::LApiActorMoverLayer & __ptr64 __cdecl duet::LApiActorMoverLayer::operator=(class duet::LApiActorMoverLayer && __ptr64) __ptr64
1244	??4LApiActorMoverLayer@duet@@QEAAAEAV01@AEBV01@@Z	public: class duet::LApiActorMoverLayer & __ptr64 __cdecl duet::LApiActorMoverLayer::operator=(class duet::LApiActorMoverLayer const & __ptr64) __ptr64
1245	??4LApiActorVignette@duet@@QEAAAEAV01@$$QEAV01@@Z	public: class duet::LApiActorVignette & __ptr64 __cdecl duet::LApiActorVignette::operator=(class duet::LApiActorVignette && __ptr64) __ptr64
1246	??4LApiActorVignette@duet@@QEAAAEAV01@AEBV01@@Z	public: class duet::LApiActorVignette & __ptr64 __cdecl duet::LApiActorVignette::operator=(class duet::LApiActorVignette const & __ptr64) __ptr64
1247	??4LApiActorsLayer@duet@@QEAAAEAV01@$$QEAV01@@Z	public: class duet::LApiActorsLayer & __ptr64 __cdecl duet::LApiActorsLayer::operator=(class duet::LApiActorsLayer && __ptr64) __ptr64
1248	??4LApiActorsLayer@duet@@QEAAAEAV01@AEBV01@@Z	public: class duet::LApiActorsLayer & __ptr64 __cdecl duet::LApiActorsLayer::operator=(class duet::LApiActorsLayer const & __ptr64) __ptr64
1249	??4LApiBoomLayer@duet@@QEAAAEAV01@$$QEAV01@@Z	public: class duet::LApiBoomLayer & __ptr64 __cdecl duet::LApiBoomLayer::operator=(class duet::LApiBoomLayer && __ptr64) __ptr64
1250	??4LApiBoomLayer@duet@@QEAAAEAV01@AEBV01@@Z	public: class duet::LApiBoomLayer & __ptr64 __cdecl duet::LApiBoomLayer::operator=(class duet::LApiBoomLayer const & __ptr64) __ptr64
1251	??4LApiBoundsLayer@duet@@QEAAAEAV01@$$QEAV01@@Z	public: class duet::LApiBoundsLayer & __ptr64 __cdecl duet::LApiBoundsLayer::operator=(class duet::LApiBoundsLayer && __ptr64) __ptr64
1252	??4LApiBoundsLayer@duet@@QEAAAEAV01@AEBV01@@Z	public: class duet::LApiBoundsLayer & __ptr64 __cdecl duet::LApiBoundsLayer::operator=(class duet::LApiBoundsLayer const & __ptr64) __ptr64
1253	??4LApiCameraRig@duet@@QEAAAEAV01@$$QEAV01@@Z	public: class duet::LApiCameraRig & __ptr64 __cdecl duet::LApiCameraRig::operator=(class duet::LApiCameraRig && __ptr64) __ptr64
1254	??4LApiCameraRig@duet@@QEAAAEAV01@AEBV01@@Z	public: class duet::LApiCameraRig & __ptr64 __cdecl duet::LApiCameraRig::operator=(class duet::LApiCameraRig const & __ptr64) __ptr64
1255	??4LApiDuet@duet@@QEAAAEAV01@$$QEAV01@@Z	public: class duet::LApiDuet & __ptr64 __cdecl duet::LApiDuet::operator=(class duet::LApiDuet && __ptr64) __ptr64
1256	??4LApiDuet@duet@@QEAAAEAV01@AEBV01@@Z	public: class duet::LApiDuet & __ptr64 __cdecl duet::LApiDuet::operator=(class duet::LApiDuet const & __ptr64) __ptr64
1257	??4LApiDuetScene@duet@@QEAAAEAV01@$$QEAV01@@Z	public: class duet::LApiDuetScene & __ptr64 __cdecl duet::LApiDuetScene::operator=(class duet::LApiDuetScene && __ptr64) __ptr64
1258	??4LApiDuetScene@duet@@QEAAAEAV01@AEBV01@@Z	public: class duet::LApiDuetScene & __ptr64 __cdecl duet::LApiDuetScene::operator=(class duet::LApiDuetScene const & __ptr64) __ptr64
1259	??4LApiFlipbookDriver@duet@@QEAAAEAV01@$$QEAV01@@Z	public: class duet::LApiFlipbookDriver & __ptr64 __cdecl duet::LApiFlipbookDriver::operator=(class duet::LApiFlipbookDriver && __ptr64) __ptr64
1260	??4LApiFlipbookDriver@duet@@QEAAAEAV01@AEBV01@@Z	public: class duet::LApiFlipbookDriver & __ptr64 __cdecl duet::LApiFlipbookDriver::operator=(class duet::LApiFlipbookDriver const & __ptr64) __ptr64
1261	??4LApiGlowAlpha@duet@@QEAAAEAV01@$$QEAV01@@Z	public: class duet::LApiGlowAlpha & __ptr64 __cdecl duet::LApiGlowAlpha::operator=(class duet::LApiGlowAlpha && __ptr64) __ptr64
1262	??4LApiGlowAlpha@duet@@QEAAAEAV01@AEBV01@@Z	public: class duet::LApiGlowAlpha & __ptr64 __cdecl duet::LApiGlowAlpha::operator=(class duet::LApiGlowAlpha const & __ptr64) __ptr64
1263	??4LApiGlowFader@duet@@QEAAAEAV01@$$QEAV01@@Z	public: class duet::LApiGlowFader & __ptr64 __cdecl duet::LApiGlowFader::operator=(class duet::LApiGlowFader && __ptr64) __ptr64
1264	??4LApiGlowFader@duet@@QEAAAEAV01@AEBV01@@Z	public: class duet::LApiGlowFader & __ptr64 __cdecl duet::LApiGlowFader::operator=(class duet::LApiGlowFader const & __ptr64) __ptr64
1265	??4LApiInputLayer@duet@@QEAAAEAV01@$$QEAV01@@Z	public: class duet::LApiInputLayer & __ptr64 __cdecl duet::LApiInputLayer::operator=(class duet::LApiInputLayer && __ptr64) __ptr64
1266	??4LApiInputLayer@duet@@QEAAAEAV01@AEBV01@@Z	public: class duet::LApiInputLayer & __ptr64 __cdecl duet::LApiInputLayer::operator=(class duet::LApiInputLayer const & __ptr64) __ptr64
1267	??4LApiIntroEnvControl@duet@@QEAAAEAV01@$$QEAV01@@Z	public: class duet::LApiIntroEnvControl & __ptr64 __cdecl duet::LApiIntroEnvControl::operator=(class duet::LApiIntroEnvControl && __ptr64) __ptr64
1268	??4LApiIntroEnvControl@duet@@QEAAAEAV01@AEBV01@@Z	public: class duet::LApiIntroEnvControl & __ptr64 __cdecl duet::LApiIntroEnvControl::operator=(class duet::LApiIntroEnvControl const & __ptr64) __ptr64
1269	??4LApiLookAtDetector@duet@@QEAAAEAV01@$$QEAV01@@Z	public: class duet::LApiLookAtDetector & __ptr64 __cdecl duet::LApiLookAtDetector::operator=(class duet::LApiLookAtDetector && __ptr64) __ptr64
1270	??4LApiLookAtDetector@duet@@QEAAAEAV01@AEBV01@@Z	public: class duet::LApiLookAtDetector & __ptr64 __cdecl duet::LApiLookAtDetector::operator=(class duet::LApiLookAtDetector const & __ptr64) __ptr64
1271	??4LApiLookAtLayer@duet@@QEAAAEAV01@$$QEAV01@@Z	public: class duet::LApiLookAtLayer & __ptr64 __cdecl duet::LApiLookAtLayer::operator=(class duet::LApiLookAtLayer && __ptr64) __ptr64
1272	??4LApiLookAtLayer@duet@@QEAAAEAV01@AEBV01@@Z	public: class duet::LApiLookAtLayer & __ptr64 __cdecl duet::LApiLookAtLayer::operator=(class duet::LApiLookAtLayer const & __ptr64) __ptr64
1273	??4LApiLuaProfiler@luaProfiler@MOXIE@@QEAAAEAV012@$$QEAV012@@Z	public: class MOXIE::luaProfiler::LApiLuaProfiler & __ptr64 __cdecl MOXIE::luaProfiler::LApiLuaProfiler::operator=(class MOXIE::luaProfiler::LApiLuaProfiler && __ptr64) __ptr64
1274	??4LApiLuaProfiler@luaProfiler@MOXIE@@QEAAAEAV012@AEBV012@@Z	public: class MOXIE::luaProfiler::LApiLuaProfiler & __ptr64 __cdecl MOXIE::luaProfiler::LApiLuaProfiler::operator=(class MOXIE::luaProfiler::LApiLuaProfiler const & __ptr64) __ptr64
1275	??4LApiMasterBlender@duet@@QEAAAEAV01@$$QEAV01@@Z	public: class duet::LApiMasterBlender & __ptr64 __cdecl duet::LApiMasterBlender::operator=(class duet::LApiMasterBlender && __ptr64) __ptr64
1276	??4LApiMasterBlender@duet@@QEAAAEAV01@AEBV01@@Z	public: class duet::LApiMasterBlender & __ptr64 __cdecl duet::LApiMasterBlender::operator=(class duet::LApiMasterBlender const & __ptr64) __ptr64
1277	??4LApiParticlesController@duet@@QEAAAEAV01@$$QEAV01@@Z	public: class duet::LApiParticlesController & __ptr64 __cdecl duet::LApiParticlesController::operator=(class duet::LApiParticlesController && __ptr64) __ptr64
1278	??4LApiParticlesController@duet@@QEAAAEAV01@AEBV01@@Z	public: class duet::LApiParticlesController & __ptr64 __cdecl duet::LApiParticlesController::operator=(class duet::LApiParticlesController const & __ptr64) __ptr64
1279	??4LApiProxyLayer@duet@@QEAAAEAV01@$$QEAV01@@Z	public: class duet::LApiProxyLayer & __ptr64 __cdecl duet::LApiProxyLayer::operator=(class duet::LApiProxyLayer && __ptr64) __ptr64
1280	??4LApiProxyLayer@duet@@QEAAAEAV01@AEBV01@@Z	public: class duet::LApiProxyLayer & __ptr64 __cdecl duet::LApiProxyLayer::operator=(class duet::LApiProxyLayer const & __ptr64) __ptr64
1281	??4LApiSegmentManager@duet@@QEAAAEAV01@$$QEAV01@@Z	public: class duet::LApiSegmentManager & __ptr64 __cdecl duet::LApiSegmentManager::operator=(class duet::LApiSegmentManager && __ptr64) __ptr64
1282	??4LApiSegmentManager@duet@@QEAAAEAV01@AEBV01@@Z	public: class duet::LApiSegmentManager & __ptr64 __cdecl duet::LApiSegmentManager::operator=(class duet::LApiSegmentManager const & __ptr64) __ptr64
1283	??4LApiSoftTrack@duet@@QEAAAEAV01@$$QEAV01@@Z	public: class duet::LApiSoftTrack & __ptr64 __cdecl duet::LApiSoftTrack::operator=(class duet::LApiSoftTrack && __ptr64) __ptr64
1284	??4LApiSoftTrack@duet@@QEAAAEAV01@AEBV01@@Z	public: class duet::LApiSoftTrack & __ptr64 __cdecl duet::LApiSoftTrack::operator=(class duet::LApiSoftTrack const & __ptr64) __ptr64
1285	??4LApiStarBlendLayer@duet@@QEAAAEAV01@$$QEAV01@@Z	public: class duet::LApiStarBlendLayer & __ptr64 __cdecl duet::LApiStarBlendLayer::operator=(class duet::LApiStarBlendLayer && __ptr64) __ptr64
1286	??4LApiStarBlendLayer@duet@@QEAAAEAV01@AEBV01@@Z	public: class duet::LApiStarBlendLayer & __ptr64 __cdecl duet::LApiStarBlendLayer::operator=(class duet::LApiStarBlendLayer const & __ptr64) __ptr64
1287	??4LApiTrackingLayer@duet@@QEAAAEAV01@$$QEAV01@@Z	public: class duet::LApiTrackingLayer & __ptr64 __cdecl duet::LApiTrackingLayer::operator=(class duet::LApiTrackingLayer && __ptr64) __ptr64
1288	??4LApiTrackingLayer@duet@@QEAAAEAV01@AEBV01@@Z	public: class duet::LApiTrackingLayer & __ptr64 __cdecl duet::LApiTrackingLayer::operator=(class duet::LApiTrackingLayer const & __ptr64) __ptr64
1289	??4LApiTrackingManager@duet@@QEAAAEAV01@$$QEAV01@@Z	public: class duet::LApiTrackingManager & __ptr64 __cdecl duet::LApiTrackingManager::operator=(class duet::LApiTrackingManager && __ptr64) __ptr64
1290	??4LApiTrackingManager@duet@@QEAAAEAV01@AEBV01@@Z	public: class duet::LApiTrackingManager & __ptr64 __cdecl duet::LApiTrackingManager::operator=(class duet::LApiTrackingManager const & __ptr64) __ptr64
1291	??4LApiTrackingTarget@duet@@QEAAAEAV01@$$QEAV01@@Z	public: class duet::LApiTrackingTarget & __ptr64 __cdecl duet::LApiTrackingTarget::operator=(class duet::LApiTrackingTarget && __ptr64) __ptr64
1292	??4LApiTrackingTarget@duet@@QEAAAEAV01@AEBV01@@Z	public: class duet::LApiTrackingTarget & __ptr64 __cdecl duet::LApiTrackingTarget::operator=(class duet::LApiTrackingTarget const & __ptr64) __ptr64
1293	??4LApiUtil@duet@@QEAAAEAV01@$$QEAV01@@Z	public: class duet::LApiUtil & __ptr64 __cdecl duet::LApiUtil::operator=(class duet::LApiUtil && __ptr64) __ptr64
1294	??4LApiUtil@duet@@QEAAAEAV01@AEBV01@@Z	public: class duet::LApiUtil & __ptr64 __cdecl duet::LApiUtil::operator=(class duet::LApiUtil const & __ptr64) __ptr64
1295	??4LApplication@MOXIE@@QEAAAEAV01@AEBV01@@Z	public: class MOXIE::LApplication & __ptr64 __cdecl MOXIE::LApplication::operator=(class MOXIE::LApplication const & __ptr64) __ptr64
1296	??4LAudioEmitter@MOXIE@@QEAAAEAV01@AEBV01@@Z	public: class MOXIE::LAudioEmitter & __ptr64 __cdecl MOXIE::LAudioEmitter::operator=(class MOXIE::LAudioEmitter const & __ptr64) __ptr64
1297	??4LBlockAllocator@MOXIE@@QEAAAEAV01@AEBV01@@Z	public: class MOXIE::LBlockAllocator & __ptr64 __cdecl MOXIE::LBlockAllocator::operator=(class MOXIE::LBlockAllocator const & __ptr64) __ptr64
1298	??4LComponent@MOXIE@@QEAAAEAV01@AEBV01@@Z	public: class MOXIE::LComponent & __ptr64 __cdecl MOXIE::LComponent::operator=(class MOXIE::LComponent const & __ptr64) __ptr64
1299	??4LDataTableLoader@MOXIE@@QEAAAEAV01@$$QEAV01@@Z	public: class MOXIE::LDataTableLoader & __ptr64 __cdecl MOXIE::LDataTableLoader::operator=(class MOXIE::LDataTableLoader && __ptr64) __ptr64
1300	??4LDataTableLoader@MOXIE@@QEAAAEAV01@AEBV01@@Z	public: class MOXIE::LDataTableLoader & __ptr64 __cdecl MOXIE::LDataTableLoader::operator=(class MOXIE::LDataTableLoader const & __ptr64) __ptr64
1301	??4LEnvMoxie@MOXIE@@QEAAAEAV01@AEBV01@@Z	public: class MOXIE::LEnvMoxie & __ptr64 __cdecl MOXIE::LEnvMoxie::operator=(class MOXIE::LEnvMoxie const & __ptr64) __ptr64
1302	??4LEnvironment@MOXIE@@QEAAAEAV01@AEBV01@@Z	public: class MOXIE::LEnvironment & __ptr64 __cdecl MOXIE::LEnvironment::operator=(class MOXIE::LEnvironment const & __ptr64) __ptr64
1303	??4LUtil@MOXIE@@QEAAAEAV01@$$QEAV01@@Z	public: class MOXIE::LUtil & __ptr64 __cdecl MOXIE::LUtil::operator=(class MOXIE::LUtil && __ptr64) __ptr64
1304	??4LUtil@MOXIE@@QEAAAEAV01@AEBV01@@Z	public: class MOXIE::LUtil & __ptr64 __cdecl MOXIE::LUtil::operator=(class MOXIE::LUtil const & __ptr64) __ptr64
1305	??4LUtil@duet@@QEAAAEAV01@$$QEAV01@@Z	public: class duet::LUtil & __ptr64 __cdecl duet::LUtil::operator=(class duet::LUtil && __ptr64) __ptr64
1306	??4LUtil@duet@@QEAAAEAV01@AEBV01@@Z	public: class duet::LUtil & __ptr64 __cdecl duet::LUtil::operator=(class duet::LUtil const & __ptr64) __ptr64
1307	??4LUtilParticles@MOXIE@@QEAAAEAV01@$$QEAV01@@Z	public: class MOXIE::LUtilParticles & __ptr64 __cdecl MOXIE::LUtilParticles::operator=(class MOXIE::LUtilParticles && __ptr64) __ptr64
1308	??4LUtilParticles@MOXIE@@QEAAAEAV01@AEBV01@@Z	public: class MOXIE::LUtilParticles & __ptr64 __cdecl MOXIE::LUtilParticles::operator=(class MOXIE::LUtilParticles const & __ptr64) __ptr64
1309	??4Lexer@MOXIE@@QEAAAEAV01@AEBV01@@Z	public: class MOXIE::Lexer & __ptr64 __cdecl MOXIE::Lexer::operator=(class MOXIE::Lexer const & __ptr64) __ptr64
1310	??4Locator@MOXIE@@QEAAAEAV01@$$QEAV01@@Z	public: class MOXIE::Locator & __ptr64 __cdecl MOXIE::Locator::operator=(class MOXIE::Locator && __ptr64) __ptr64
1311	??4Locator@MOXIE@@QEAAAEAV01@AEBV01@@Z	public: class MOXIE::Locator & __ptr64 __cdecl MOXIE::Locator::operator=(class MOXIE::Locator const & __ptr64) __ptr64
1312	??4LuaDataTable@MOXIE@@QEAAAEAV01@AEBV01@@Z	public: class MOXIE::LuaDataTable & __ptr64 __cdecl MOXIE::LuaDataTable::operator=(class MOXIE::LuaDataTable const & __ptr64) __ptr64
1313	??4LuaParameter@MOXIE@@QEAAAEAV01@AEBV01@@Z	public: class MOXIE::LuaParameter & __ptr64 __cdecl MOXIE::LuaParameter::operator=(class MOXIE::LuaParameter const & __ptr64) __ptr64
1314	??4LuaTable@MOXIE@@QEAAAEAV01@AEBV01@@Z	public: class MOXIE::LuaTable & __ptr64 __cdecl MOXIE::LuaTable::operator=(class MOXIE::LuaTable const & __ptr64) __ptr64
1315	??4Material@MOXIE@@QEAAAEAV01@AEBV01@@Z	public: class MOXIE::Material & __ptr64 __cdecl MOXIE::Material::operator=(class MOXIE::Material const & __ptr64) __ptr64
1316	??4MaterialParameter@MOXIE@@QEAAAEAV01@AEBV01@@Z	public: class MOXIE::MaterialParameter & __ptr64 __cdecl MOXIE::MaterialParameter::operator=(class MOXIE::MaterialParameter const & __ptr64) __ptr64
1317	??4MaterialParameterConstant@MOXIE@@QEAAAEAV01@AEBV01@@Z	public: class MOXIE::MaterialParameterConstant & __ptr64 __cdecl MOXIE::MaterialParameterConstant::operator=(class MOXIE::MaterialParameterConstant const & __ptr64) __ptr64
1318	??4MaterialParameterTexture@MOXIE@@QEAAAEAV01@AEBV01@@Z	public: class MOXIE::MaterialParameterTexture & __ptr64 __cdecl MOXIE::MaterialParameterTexture::operator=(class MOXIE::MaterialParameterTexture const & __ptr64) __ptr64
1319	??4MaterialPass@MOXIE@@QEAAAEAV01@AEBV01@@Z	public: class MOXIE::MaterialPass & __ptr64 __cdecl MOXIE::MaterialPass::operator=(class MOXIE::MaterialPass const & __ptr64) __ptr64
1320	??4Matrix3@MOXIE@@QEAAAEAV01@AEBV01@@Z	public: class MOXIE::Matrix3 & __ptr64 __cdecl MOXIE::Matrix3::operator=(class MOXIE::Matrix3 const & __ptr64) __ptr64
1321	??4Matrix4@MOXIE@@QEAAAEAV01@AEBV01@@Z	public: class MOXIE::Matrix4 & __ptr64 __cdecl MOXIE::Matrix4::operator=(class MOXIE::Matrix4 const & __ptr64) __ptr64
1322	??4MemoryStream@MOXIE@@QEAAAEAV01@AEBV01@@Z	public: class MOXIE::MemoryStream & __ptr64 __cdecl MOXIE::MemoryStream::operator=(class MOXIE::MemoryStream const & __ptr64) __ptr64
1323	??4MemoryTracker@@QEAAAEAV0@AEBV0@@Z	public: class MemoryTracker & __ptr64 __cdecl MemoryTracker::operator=(class MemoryTracker const & __ptr64) __ptr64
1324	??4ParameterData@MOXIE@@QEAAAEAV01@AEBV01@@Z	public: class MOXIE::ParameterData & __ptr64 __cdecl MOXIE::ParameterData::operator=(class MOXIE::ParameterData const & __ptr64) __ptr64
1325	??4ParameterDataFloat2@MOXIE@@QEAAAEAV01@$$QEAV01@@Z	public: class MOXIE::ParameterDataFloat2 & __ptr64 __cdecl MOXIE::ParameterDataFloat2::operator=(class MOXIE::ParameterDataFloat2 && __ptr64) __ptr64
1326	??4ParameterDataFloat2@MOXIE@@QEAAAEAV01@AEBV01@@Z	public: class MOXIE::ParameterDataFloat2 & __ptr64 __cdecl MOXIE::ParameterDataFloat2::operator=(class MOXIE::ParameterDataFloat2 const & __ptr64) __ptr64
1327	??4ParameterDataFloat3@MOXIE@@QEAAAEAV01@$$QEAV01@@Z	public: class MOXIE::ParameterDataFloat3 & __ptr64 __cdecl MOXIE::ParameterDataFloat3::operator=(class MOXIE::ParameterDataFloat3 && __ptr64) __ptr64
1328	??4ParameterDataFloat3@MOXIE@@QEAAAEAV01@AEBV01@@Z	public: class MOXIE::ParameterDataFloat3 & __ptr64 __cdecl MOXIE::ParameterDataFloat3::operator=(class MOXIE::ParameterDataFloat3 const & __ptr64) __ptr64
1329	??4ParameterDataFloat4@MOXIE@@QEAAAEAV01@$$QEAV01@@Z	public: class MOXIE::ParameterDataFloat4 & __ptr64 __cdecl MOXIE::ParameterDataFloat4::operator=(class MOXIE::ParameterDataFloat4 && __ptr64) __ptr64
1330	??4ParameterDataFloat4@MOXIE@@QEAAAEAV01@AEBV01@@Z	public: class MOXIE::ParameterDataFloat4 & __ptr64 __cdecl MOXIE::ParameterDataFloat4::operator=(class MOXIE::ParameterDataFloat4 const & __ptr64) __ptr64
1331	??4ParameterDataFloat@MOXIE@@QEAAAEAV01@$$QEAV01@@Z	public: class MOXIE::ParameterDataFloat & __ptr64 __cdecl MOXIE::ParameterDataFloat::operator=(class MOXIE::ParameterDataFloat && __ptr64) __ptr64
1332	??4ParameterDataFloat@MOXIE@@QEAAAEAV01@AEBV01@@Z	public: class MOXIE::ParameterDataFloat & __ptr64 __cdecl MOXIE::ParameterDataFloat::operator=(class MOXIE::ParameterDataFloat const & __ptr64) __ptr64
1333	??4ParameterDataInt@MOXIE@@QEAAAEAV01@$$QEAV01@@Z	public: class MOXIE::ParameterDataInt & __ptr64 __cdecl MOXIE::ParameterDataInt::operator=(class MOXIE::ParameterDataInt && __ptr64) __ptr64
1334	??4ParameterDataInt@MOXIE@@QEAAAEAV01@AEBV01@@Z	public: class MOXIE::ParameterDataInt & __ptr64 __cdecl MOXIE::ParameterDataInt::operator=(class MOXIE::ParameterDataInt const & __ptr64) __ptr64
1335	??4ParameterDataMatrix@MOXIE@@QEAAAEAV01@$$QEAV01@@Z	public: class MOXIE::ParameterDataMatrix & __ptr64 __cdecl MOXIE::ParameterDataMatrix::operator=(class MOXIE::ParameterDataMatrix && __ptr64) __ptr64
1336	??4ParameterDataMatrix@MOXIE@@QEAAAEAV01@AEBV01@@Z	public: class MOXIE::ParameterDataMatrix & __ptr64 __cdecl MOXIE::ParameterDataMatrix::operator=(class MOXIE::ParameterDataMatrix const & __ptr64) __ptr64
1337	??4ParameterTexture2D@MOXIE@@QEAAAEAV01@AEBV01@@Z	public: class MOXIE::ParameterTexture2D & __ptr64 __cdecl MOXIE::ParameterTexture2D::operator=(class MOXIE::ParameterTexture2D const & __ptr64) __ptr64
1338	??4ParameterTexture2DMS@MOXIE@@QEAAAEAV01@AEBV01@@Z	public: class MOXIE::ParameterTexture2DMS & __ptr64 __cdecl MOXIE::ParameterTexture2DMS::operator=(class MOXIE::ParameterTexture2DMS const & __ptr64) __ptr64
1339	??4ParameterTextureCubemap@MOXIE@@QEAAAEAV01@AEBV01@@Z	public: class MOXIE::ParameterTextureCubemap & __ptr64 __cdecl MOXIE::ParameterTextureCubemap::operator=(class MOXIE::ParameterTextureCubemap const & __ptr64) __ptr64
1340	??4ParameterTextureVideo@MOXIE@@QEAAAEAV01@$$QEAV01@@Z	public: class MOXIE::ParameterTextureVideo & __ptr64 __cdecl MOXIE::ParameterTextureVideo::operator=(class MOXIE::ParameterTextureVideo && __ptr64) __ptr64
1341	??4ParameterTextureVideo@MOXIE@@QEAAAEAV01@AEBV01@@Z	public: class MOXIE::ParameterTextureVideo & __ptr64 __cdecl MOXIE::ParameterTextureVideo::operator=(class MOXIE::ParameterTextureVideo const & __ptr64) __ptr64
1342	??4ParticleBuffer@MOXIE@@QEAAAEAV01@AEBV01@@Z	public: class MOXIE::ParticleBuffer & __ptr64 __cdecl MOXIE::ParticleBuffer::operator=(class MOXIE::ParticleBuffer const & __ptr64) __ptr64
1343	??4ParticleCollider@MOXIE@@QEAAAEAV01@AEBV01@@Z	public: class MOXIE::ParticleCollider & __ptr64 __cdecl MOXIE::ParticleCollider::operator=(class MOXIE::ParticleCollider const & __ptr64) __ptr64
1344	??4ParticleDefinition@MOXIE@@QEAAAEAU01@$$QEAU01@@Z	public: struct MOXIE::ParticleDefinition & __ptr64 __cdecl MOXIE::ParticleDefinition::operator=(struct MOXIE::ParticleDefinition && __ptr64) __ptr64
1345	??4ParticleDefinition@MOXIE@@QEAAAEAU01@AEBU01@@Z	public: struct MOXIE::ParticleDefinition & __ptr64 __cdecl MOXIE::ParticleDefinition::operator=(struct MOXIE::ParticleDefinition const & __ptr64) __ptr64
1346	??4ParticleField@MOXIE@@QEAAAEAV01@AEBV01@@Z	public: class MOXIE::ParticleField & __ptr64 __cdecl MOXIE::ParticleField::operator=(class MOXIE::ParticleField const & __ptr64) __ptr64
1347	??4ParticleMap@MOXIE@@QEAAAEAV01@AEBV01@@Z	public: class MOXIE::ParticleMap & __ptr64 __cdecl MOXIE::ParticleMap::operator=(class MOXIE::ParticleMap const & __ptr64) __ptr64
1348	??4PhysicsManager@MOXIE@@QEAAAEAV01@AEBV01@@Z	public: class MOXIE::PhysicsManager & __ptr64 __cdecl MOXIE::PhysicsManager::operator=(class MOXIE::PhysicsManager const & __ptr64) __ptr64
1349	??4PixelFormat@MOXIE@@QEAAAEAV01@$$QEAV01@@Z	public: class MOXIE::PixelFormat & __ptr64 __cdecl MOXIE::PixelFormat::operator=(class MOXIE::PixelFormat && __ptr64) __ptr64
1350	??4PixelFormat@MOXIE@@QEAAAEAV01@AEBV01@@Z	public: class MOXIE::PixelFormat & __ptr64 __cdecl MOXIE::PixelFormat::operator=(class MOXIE::PixelFormat const & __ptr64) __ptr64
1351	??4Plane@MOXIE@@QEAAAEAV01@AEBV01@@Z	public: class MOXIE::Plane & __ptr64 __cdecl MOXIE::Plane::operator=(class MOXIE::Plane const & __ptr64) __ptr64
1352	??4PlaneCollider@MOXIE@@QEAAAEAV01@$$QEAV01@@Z	public: class MOXIE::PlaneCollider & __ptr64 __cdecl MOXIE::PlaneCollider::operator=(class MOXIE::PlaneCollider && __ptr64) __ptr64
1353	??4PlaneCollider@MOXIE@@QEAAAEAV01@AEBV01@@Z	public: class MOXIE::PlaneCollider & __ptr64 __cdecl MOXIE::PlaneCollider::operator=(class MOXIE::PlaneCollider const & __ptr64) __ptr64
1354	??4PlatformAudioDriver@MOXIE@@QEAAAEAV01@AEBV01@@Z	public: class MOXIE::PlatformAudioDriver & __ptr64 __cdecl MOXIE::PlatformAudioDriver::operator=(class MOXIE::PlatformAudioDriver const & __ptr64) __ptr64
1355	??4PlatformAudioDriverDirectSound@MOXIE@@QEAAAEAV01@AEBV01@@Z	public: class MOXIE::PlatformAudioDriverDirectSound & __ptr64 __cdecl MOXIE::PlatformAudioDriverDirectSound::operator=(class MOXIE::PlatformAudioDriverDirectSound const & __ptr64) __ptr64
1356	??4Player@MOXIE@@QEAAAEAV01@AEBV01@@Z	public: class MOXIE::Player & __ptr64 __cdecl MOXIE::Player::operator=(class MOXIE::Player const & __ptr64) __ptr64
1357	??4Quaternion@MOXIE@@QEAAAEAV01@$$QEAV01@@Z	public: class MOXIE::Quaternion & __ptr64 __cdecl MOXIE::Quaternion::operator=(class MOXIE::Quaternion && __ptr64) __ptr64
1358	??4Quaternion@MOXIE@@QEAAAEAV01@AEBV01@@Z	public: class MOXIE::Quaternion & __ptr64 __cdecl MOXIE::Quaternion::operator=(class MOXIE::Quaternion const & __ptr64) __ptr64
1359	??4RTTI@MOXIE@@QEAAAEAV01@$$QEAV01@@Z	public: class MOXIE::RTTI & __ptr64 __cdecl MOXIE::RTTI::operator=(class MOXIE::RTTI && __ptr64) __ptr64
1360	??4RTTI@MOXIE@@QEAAAEAV01@AEBV01@@Z	public: class MOXIE::RTTI & __ptr64 __cdecl MOXIE::RTTI::operator=(class MOXIE::RTTI const & __ptr64) __ptr64
1361	??4RadixSort32@MOXIE@@QEAAAEAV01@AEBV01@@Z	public: class MOXIE::RadixSort32 & __ptr64 __cdecl MOXIE::RadixSort32::operator=(class MOXIE::RadixSort32 const & __ptr64) __ptr64
1362	??4RadixSort64@MOXIE@@QEAAAEAV01@AEBV01@@Z	public: class MOXIE::RadixSort64 & __ptr64 __cdecl MOXIE::RadixSort64::operator=(class MOXIE::RadixSort64 const & __ptr64) __ptr64
1363	??4RadixSortReal@MOXIE@@QEAAAEAV01@AEBV01@@Z	public: class MOXIE::RadixSortReal & __ptr64 __cdecl MOXIE::RadixSortReal::operator=(class MOXIE::RadixSortReal const & __ptr64) __ptr64
1364	??4Ray@MOXIE@@QEAAAEAV01@$$QEAV01@@Z	public: class MOXIE::Ray & __ptr64 __cdecl MOXIE::Ray::operator=(class MOXIE::Ray && __ptr64) __ptr64
1365	??4Ray@MOXIE@@QEAAAEAV01@AEBV01@@Z	public: class MOXIE::Ray & __ptr64 __cdecl MOXIE::Ray::operator=(class MOXIE::Ray const & __ptr64) __ptr64
1366	??4RefCount@MOXIE@@QEAAAEAV01@AEBV01@@Z	public: class MOXIE::RefCount & __ptr64 __cdecl MOXIE::RefCount::operator=(class MOXIE::RefCount const & __ptr64) __ptr64
1367	??4RenderBuffer@MOXIE@@QEAAAEAV01@AEBV01@@Z	public: class MOXIE::RenderBuffer & __ptr64 __cdecl MOXIE::RenderBuffer::operator=(class MOXIE::RenderBuffer const & __ptr64) __ptr64
1368	??4RenderContext@MOXIE@@QEAAAEAV01@AEBV01@@Z	public: class MOXIE::RenderContext & __ptr64 __cdecl MOXIE::RenderContext::operator=(class MOXIE::RenderContext const & __ptr64) __ptr64
1369	??4RenderDebug@MOXIE@@QEAAAEAV01@$$QEAV01@@Z	public: class MOXIE::RenderDebug & __ptr64 __cdecl MOXIE::RenderDebug::operator=(class MOXIE::RenderDebug && __ptr64) __ptr64
1370	??4RenderDebug@MOXIE@@QEAAAEAV01@AEBV01@@Z	public: class MOXIE::RenderDebug & __ptr64 __cdecl MOXIE::RenderDebug::operator=(class MOXIE::RenderDebug const & __ptr64) __ptr64
1371	??4RenderDevice@MOXIE@@QEAAAEAV01@AEBV01@@Z	public: class MOXIE::RenderDevice & __ptr64 __cdecl MOXIE::RenderDevice::operator=(class MOXIE::RenderDevice const & __ptr64) __ptr64
1372	??4RenderDispatcher@MOXIE@@QEAAAEAV01@AEBV01@@Z	public: class MOXIE::RenderDispatcher & __ptr64 __cdecl MOXIE::RenderDispatcher::operator=(class MOXIE::RenderDispatcher const & __ptr64) __ptr64
1373	??4RenderManager@MOXIE@@QEAAAEAV01@AEBV01@@Z	public: class MOXIE::RenderManager & __ptr64 __cdecl MOXIE::RenderManager::operator=(class MOXIE::RenderManager const & __ptr64) __ptr64
1374	??4RenderState@MOXIE@@QEAAAEAU01@$$QEAU01@@Z	public: struct MOXIE::RenderState & __ptr64 __cdecl MOXIE::RenderState::operator=(struct MOXIE::RenderState && __ptr64) __ptr64
1375	??4RenderState@MOXIE@@QEAAAEAU01@AEBU01@@Z	public: struct MOXIE::RenderState & __ptr64 __cdecl MOXIE::RenderState::operator=(struct MOXIE::RenderState const & __ptr64) __ptr64
1376	??4RenderSurface@MOXIE@@QEAAAEAV01@AEBV01@@Z	public: class MOXIE::RenderSurface & __ptr64 __cdecl MOXIE::RenderSurface::operator=(class MOXIE::RenderSurface const & __ptr64) __ptr64
1377	??4RenderTarget@MOXIE@@QEAAAEAV01@AEBV01@@Z	public: class MOXIE::RenderTarget & __ptr64 __cdecl MOXIE::RenderTarget::operator=(class MOXIE::RenderTarget const & __ptr64) __ptr64
1378	??4RenderView@MOXIE@@QEAAAEAV01@AEBV01@@Z	public: class MOXIE::RenderView & __ptr64 __cdecl MOXIE::RenderView::operator=(class MOXIE::RenderView const & __ptr64) __ptr64
1379	??4ResourceHandle@MOXIE@@QEAAAEAV01@AEBV01@@Z	public: class MOXIE::ResourceHandle & __ptr64 __cdecl MOXIE::ResourceHandle::operator=(class MOXIE::ResourceHandle const & __ptr64) __ptr64
1380	??4RiffDiver@MOXIE@@QEAAAEAV01@AEBV01@@Z	public: class MOXIE::RiffDiver & __ptr64 __cdecl MOXIE::RiffDiver::operator=(class MOXIE::RiffDiver const & __ptr64) __ptr64
1381	??4SGAnimator@MOXIE@@QEAAAEAV01@$$QEAV01@@Z	public: class MOXIE::SGAnimator & __ptr64 __cdecl MOXIE::SGAnimator::operator=(class MOXIE::SGAnimator && __ptr64) __ptr64
1382	??4SGAnimator@MOXIE@@QEAAAEAV01@AEBV01@@Z	public: class MOXIE::SGAnimator & __ptr64 __cdecl MOXIE::SGAnimator::operator=(class MOXIE::SGAnimator const & __ptr64) __ptr64
1383	??4SGAtmospherics@MOXIE@@QEAAAEAV01@AEBV01@@Z	public: class MOXIE::SGAtmospherics & __ptr64 __cdecl MOXIE::SGAtmospherics::operator=(class MOXIE::SGAtmospherics const & __ptr64) __ptr64
1384	??4SGAttachmentProxy@MOXIE@@QEAAAEAV01@$$QEAV01@@Z	public: class MOXIE::SGAttachmentProxy & __ptr64 __cdecl MOXIE::SGAttachmentProxy::operator=(class MOXIE::SGAttachmentProxy && __ptr64) __ptr64
1385	??4SGAttachmentProxy@MOXIE@@QEAAAEAV01@AEBV01@@Z	public: class MOXIE::SGAttachmentProxy & __ptr64 __cdecl MOXIE::SGAttachmentProxy::operator=(class MOXIE::SGAttachmentProxy const & __ptr64) __ptr64
1386	??4SGCamera@MOXIE@@QEAAAEAV01@AEBV01@@Z	public: class MOXIE::SGCamera & __ptr64 __cdecl MOXIE::SGCamera::operator=(class MOXIE::SGCamera const & __ptr64) __ptr64
1387	??4SGCameraController@MOXIE@@QEAAAEAV01@AEBV01@@Z	public: class MOXIE::SGCameraController & __ptr64 __cdecl MOXIE::SGCameraController::operator=(class MOXIE::SGCameraController const & __ptr64) __ptr64
1388	??4SGComponent@MOXIE@@QEAAAEAV01@AEBV01@@Z	public: class MOXIE::SGComponent & __ptr64 __cdecl MOXIE::SGComponent::operator=(class MOXIE::SGComponent const & __ptr64) __ptr64
1389	??4SGCustomAnimator@MOXIE@@QEAAAEAV01@$$QEAV01@@Z	public: class MOXIE::SGCustomAnimator & __ptr64 __cdecl MOXIE::SGCustomAnimator::operator=(class MOXIE::SGCustomAnimator && __ptr64) __ptr64
1390	??4SGCustomAnimator@MOXIE@@QEAAAEAV01@AEBV01@@Z	public: class MOXIE::SGCustomAnimator & __ptr64 __cdecl MOXIE::SGCustomAnimator::operator=(class MOXIE::SGCustomAnimator const & __ptr64) __ptr64
1391	??4SGDebugCameraController@MOXIE@@QEAAAEAV01@$$QEAV01@@Z	public: class MOXIE::SGDebugCameraController & __ptr64 __cdecl MOXIE::SGDebugCameraController::operator=(class MOXIE::SGDebugCameraController && __ptr64) __ptr64
1392	??4SGDebugCameraController@MOXIE@@QEAAAEAV01@AEBV01@@Z	public: class MOXIE::SGDebugCameraController & __ptr64 __cdecl MOXIE::SGDebugCameraController::operator=(class MOXIE::SGDebugCameraController const & __ptr64) __ptr64
1393	??4SGDepth@MOXIE@@QEAAAEAV01@AEBV01@@Z	public: class MOXIE::SGDepth & __ptr64 __cdecl MOXIE::SGDepth::operator=(class MOXIE::SGDepth const & __ptr64) __ptr64
1394	??4SGFog@MOXIE@@QEAAAEAV01@AEBV01@@Z	public: class MOXIE::SGFog & __ptr64 __cdecl MOXIE::SGFog::operator=(class MOXIE::SGFog const & __ptr64) __ptr64
1395	??4SGFogAnimator@MOXIE@@QEAAAEAV01@$$QEAV01@@Z	public: class MOXIE::SGFogAnimator & __ptr64 __cdecl MOXIE::SGFogAnimator::operator=(class MOXIE::SGFogAnimator && __ptr64) __ptr64
1396	??4SGFogAnimator@MOXIE@@QEAAAEAV01@AEBV01@@Z	public: class MOXIE::SGFogAnimator & __ptr64 __cdecl MOXIE::SGFogAnimator::operator=(class MOXIE::SGFogAnimator const & __ptr64) __ptr64
1397	??4SGGroup@MOXIE@@QEAAAEAV01@AEBV01@@Z	public: class MOXIE::SGGroup & __ptr64 __cdecl MOXIE::SGGroup::operator=(class MOXIE::SGGroup const & __ptr64) __ptr64
1398	??4SGLight@MOXIE@@QEAAAEAV01@AEBV01@@Z	public: class MOXIE::SGLight & __ptr64 __cdecl MOXIE::SGLight::operator=(class MOXIE::SGLight const & __ptr64) __ptr64
1399	??4SGLightAnimator@MOXIE@@QEAAAEAV01@$$QEAV01@@Z	public: class MOXIE::SGLightAnimator & __ptr64 __cdecl MOXIE::SGLightAnimator::operator=(class MOXIE::SGLightAnimator && __ptr64) __ptr64
1400	??4SGLightAnimator@MOXIE@@QEAAAEAV01@AEBV01@@Z	public: class MOXIE::SGLightAnimator & __ptr64 __cdecl MOXIE::SGLightAnimator::operator=(class MOXIE::SGLightAnimator const & __ptr64) __ptr64
1401	??4SGMaterial@MOXIE@@QEAAAEAV01@$$QEAV01@@Z	public: class MOXIE::SGMaterial & __ptr64 __cdecl MOXIE::SGMaterial::operator=(class MOXIE::SGMaterial && __ptr64) __ptr64
1402	??4SGMaterial@MOXIE@@QEAAAEAV01@AEBV01@@Z	public: class MOXIE::SGMaterial & __ptr64 __cdecl MOXIE::SGMaterial::operator=(class MOXIE::SGMaterial const & __ptr64) __ptr64
1403	??4SGModelInstance@MOXIE@@QEAAAEAV01@AEBV01@@Z	public: class MOXIE::SGModelInstance & __ptr64 __cdecl MOXIE::SGModelInstance::operator=(class MOXIE::SGModelInstance const & __ptr64) __ptr64
1404	??4SGNode@MOXIE@@QEAAAEAV01@AEBV01@@Z	public: class MOXIE::SGNode & __ptr64 __cdecl MOXIE::SGNode::operator=(class MOXIE::SGNode const & __ptr64) __ptr64
1405	??4SGParticleAnimator@MOXIE@@QEAAAEAV01@$$QEAV01@@Z	public: class MOXIE::SGParticleAnimator & __ptr64 __cdecl MOXIE::SGParticleAnimator::operator=(class MOXIE::SGParticleAnimator && __ptr64) __ptr64
1406	??4SGParticleAnimator@MOXIE@@QEAAAEAV01@AEBV01@@Z	public: class MOXIE::SGParticleAnimator & __ptr64 __cdecl MOXIE::SGParticleAnimator::operator=(class MOXIE::SGParticleAnimator const & __ptr64) __ptr64
1407	??4SGParticleEmitter@MOXIE@@QEAAAEAV01@AEBV01@@Z	public: class MOXIE::SGParticleEmitter & __ptr64 __cdecl MOXIE::SGParticleEmitter::operator=(class MOXIE::SGParticleEmitter const & __ptr64) __ptr64
1408	??4SGProjector@MOXIE@@QEAAAEAV01@AEBV01@@Z	public: class MOXIE::SGProjector & __ptr64 __cdecl MOXIE::SGProjector::operator=(class MOXIE::SGProjector const & __ptr64) __ptr64
1409	??4SGProjectorAnimator@MOXIE@@QEAAAEAV01@$$QEAV01@@Z	public: class MOXIE::SGProjectorAnimator & __ptr64 __cdecl MOXIE::SGProjectorAnimator::operator=(class MOXIE::SGProjectorAnimator && __ptr64) __ptr64
1410	??4SGProjectorAnimator@MOXIE@@QEAAAEAV01@AEBV01@@Z	public: class MOXIE::SGProjectorAnimator & __ptr64 __cdecl MOXIE::SGProjectorAnimator::operator=(class MOXIE::SGProjectorAnimator const & __ptr64) __ptr64
1411	??4SGRenderGraph@MOXIE@@QEAAAEAV01@AEBV01@@Z	public: class MOXIE::SGRenderGraph & __ptr64 __cdecl MOXIE::SGRenderGraph::operator=(class MOXIE::SGRenderGraph const & __ptr64) __ptr64
1412	??4SGRenderGraphAnimator@MOXIE@@QEAAAEAV01@$$QEAV01@@Z	public: class MOXIE::SGRenderGraphAnimator & __ptr64 __cdecl MOXIE::SGRenderGraphAnimator::operator=(class MOXIE::SGRenderGraphAnimator && __ptr64) __ptr64
1413	??4SGRenderGraphAnimator@MOXIE@@QEAAAEAV01@AEBV01@@Z	public: class MOXIE::SGRenderGraphAnimator & __ptr64 __cdecl MOXIE::SGRenderGraphAnimator::operator=(class MOXIE::SGRenderGraphAnimator const & __ptr64) __ptr64
1414	??4SGReplay@MOXIE@@QEAAAEAV01@AEBV01@@Z	public: class MOXIE::SGReplay & __ptr64 __cdecl MOXIE::SGReplay::operator=(class MOXIE::SGReplay const & __ptr64) __ptr64
1415	??4SGTransform@MOXIE@@QEAAAEAV01@AEBV01@@Z	public: class MOXIE::SGTransform & __ptr64 __cdecl MOXIE::SGTransform::operator=(class MOXIE::SGTransform const & __ptr64) __ptr64
1416	??4SGVideo360Player@MOXIE@@QEAAAEAV01@AEBV01@@Z	public: class MOXIE::SGVideo360Player & __ptr64 __cdecl MOXIE::SGVideo360Player::operator=(class MOXIE::SGVideo360Player const & __ptr64) __ptr64
1417	??4SGVideoCubeRectPlayer@MOXIE@@QEAAAEAV01@AEBV01@@Z	public: class MOXIE::SGVideoCubeRectPlayer & __ptr64 __cdecl MOXIE::SGVideoCubeRectPlayer::operator=(class MOXIE::SGVideoCubeRectPlayer const & __ptr64) __ptr64
1418	??4SGVideoLatLongPlayer@MOXIE@@QEAAAEAV01@AEBV01@@Z	public: class MOXIE::SGVideoLatLongPlayer & __ptr64 __cdecl MOXIE::SGVideoLatLongPlayer::operator=(class MOXIE::SGVideoLatLongPlayer const & __ptr64) __ptr64
1419	??4Sample@HitchProfiler@MOXIE@@QEAAAEAV012@AEBV012@@Z	public: class MOXIE::HitchProfiler::Sample & __ptr64 __cdecl MOXIE::HitchProfiler::Sample::operator=(class MOXIE::HitchProfiler::Sample const & __ptr64) __ptr64
1420	??4SceneGraph@MOXIE@@QEAAAEAV01@AEBV01@@Z	public: class MOXIE::SceneGraph & __ptr64 __cdecl MOXIE::SceneGraph::operator=(class MOXIE::SceneGraph const & __ptr64) __ptr64
1421	??4SceneManager@MOXIE@@QEAAAEAV01@AEBV01@@Z	public: class MOXIE::SceneManager & __ptr64 __cdecl MOXIE::SceneManager::operator=(class MOXIE::SceneManager const & __ptr64) __ptr64
1422	??4ScriptManager@MOXIE@@QEAAAEAV01@AEBV01@@Z	public: class MOXIE::ScriptManager & __ptr64 __cdecl MOXIE::ScriptManager::operator=(class MOXIE::ScriptManager const & __ptr64) __ptr64
1423	??4SensorManager@MOXIE@@QEAAAEAV01@AEBV01@@Z	public: class MOXIE::SensorManager & __ptr64 __cdecl MOXIE::SensorManager::operator=(class MOXIE::SensorManager const & __ptr64) __ptr64
1424	??4Shader@MOXIE@@QEAAAEAV01@AEBV01@@Z	public: class MOXIE::Shader & __ptr64 __cdecl MOXIE::Shader::operator=(class MOXIE::Shader const & __ptr64) __ptr64
1425	??4ShaderCache@MOXIE@@QEAAAEAV01@$$QEAV01@@Z	public: class MOXIE::ShaderCache & __ptr64 __cdecl MOXIE::ShaderCache::operator=(class MOXIE::ShaderCache && __ptr64) __ptr64
1426	??4ShaderCache@MOXIE@@QEAAAEAV01@AEBV01@@Z	public: class MOXIE::ShaderCache & __ptr64 __cdecl MOXIE::ShaderCache::operator=(class MOXIE::ShaderCache const & __ptr64) __ptr64
1427	??4ShaderGL_ES2@MOXIE@@QEAAAEAV01@AEBV01@@Z	public: class MOXIE::ShaderGL_ES2 & __ptr64 __cdecl MOXIE::ShaderGL_ES2::operator=(class MOXIE::ShaderGL_ES2 const & __ptr64) __ptr64
1428	??4ShaderOption@MOXIE@@QEAAAEAV01@$$QEAV01@@Z	public: class MOXIE::ShaderOption & __ptr64 __cdecl MOXIE::ShaderOption::operator=(class MOXIE::ShaderOption && __ptr64) __ptr64
1429	??4ShaderOption@MOXIE@@QEAAAEAV01@AEBV01@@Z	public: class MOXIE::ShaderOption & __ptr64 __cdecl MOXIE::ShaderOption::operator=(class MOXIE::ShaderOption const & __ptr64) __ptr64
1430	??4ShaderOptionTable@MOXIE@@QEAAAEAV01@AEBV01@@Z	public: class MOXIE::ShaderOptionTable & __ptr64 __cdecl MOXIE::ShaderOptionTable::operator=(class MOXIE::ShaderOptionTable const & __ptr64) __ptr64
1431	??4ShaderParamList@MOXIE@@QEAAAEAV01@AEBV01@@Z	public: class MOXIE::ShaderParamList & __ptr64 __cdecl MOXIE::ShaderParamList::operator=(class MOXIE::ShaderParamList const & __ptr64) __ptr64
1432	??4ShaderParameter@MOXIE@@QEAAAEAV01@$$QEAV01@@Z	public: class MOXIE::ShaderParameter & __ptr64 __cdecl MOXIE::ShaderParameter::operator=(class MOXIE::ShaderParameter && __ptr64) __ptr64
1433	??4ShaderParameter@MOXIE@@QEAAAEAV01@AEBV01@@Z	public: class MOXIE::ShaderParameter & __ptr64 __cdecl MOXIE::ShaderParameter::operator=(class MOXIE::ShaderParameter const & __ptr64) __ptr64
1434	??4ShaderParser@MOXIE@@QEAAAEAV01@$$QEAV01@@Z	public: class MOXIE::ShaderParser & __ptr64 __cdecl MOXIE::ShaderParser::operator=(class MOXIE::ShaderParser && __ptr64) __ptr64
1435	??4ShaderParser@MOXIE@@QEAAAEAV01@AEBV01@@Z	public: class MOXIE::ShaderParser & __ptr64 __cdecl MOXIE::ShaderParser::operator=(class MOXIE::ShaderParser const & __ptr64) __ptr64
1436	??4ShowDebug@duet@@QEAAAEAV01@$$QEAV01@@Z	public: class duet::ShowDebug & __ptr64 __cdecl duet::ShowDebug::operator=(class duet::ShowDebug && __ptr64) __ptr64
1437	??4ShowDebug@duet@@QEAAAEAV01@AEBV01@@Z	public: class duet::ShowDebug & __ptr64 __cdecl duet::ShowDebug::operator=(class duet::ShowDebug const & __ptr64) __ptr64
1438	??4SimplexNoise@MOXIE@@QEAAAEAV01@AEBV01@@Z	public: class MOXIE::SimplexNoise & __ptr64 __cdecl MOXIE::SimplexNoise::operator=(class MOXIE::SimplexNoise const & __ptr64) __ptr64
1439	??4Sound@MOXIE@@QEAAAEAV01@AEBV01@@Z	public: class MOXIE::Sound & __ptr64 __cdecl MOXIE::Sound::operator=(class MOXIE::Sound const & __ptr64) __ptr64
1440	??4StackAllocator@MOXIE@@QEAAAEAV01@AEBV01@@Z	public: class MOXIE::StackAllocator & __ptr64 __cdecl MOXIE::StackAllocator::operator=(class MOXIE::StackAllocator const & __ptr64) __ptr64
1441	??4Stat@@QEAAAEAV0@$$QEAV0@@Z	public: class Stat & __ptr64 __cdecl Stat::operator=(class Stat && __ptr64) __ptr64
1442	??4Stat@@QEAAAEAV0@AEBV0@@Z	public: class Stat & __ptr64 __cdecl Stat::operator=(class Stat const & __ptr64) __ptr64
1443	??4StatListener@@QEAAAEAV0@AEBV0@@Z	public: class StatListener & __ptr64 __cdecl StatListener::operator=(class StatListener const & __ptr64) __ptr64
1444	??4StatLogger@@QEAAAEAV0@AEBV0@@Z	public: class StatLogger & __ptr64 __cdecl StatLogger::operator=(class StatLogger const & __ptr64) __ptr64
1445	??4StatManager@MOXIE@@QEAAAEAV01@AEBV01@@Z	public: class MOXIE::StatManager & __ptr64 __cdecl MOXIE::StatManager::operator=(class MOXIE::StatManager const & __ptr64) __ptr64
1446	??4StatTracker@@QEAAAEAV0@AEBV0@@Z	public: class StatTracker & __ptr64 __cdecl StatTracker::operator=(class StatTracker const & __ptr64) __ptr64
1447	??4StoryConfig@MOXIE@@QEAAAEAV01@$$QEAV01@@Z	public: class MOXIE::StoryConfig & __ptr64 __cdecl MOXIE::StoryConfig::operator=(class MOXIE::StoryConfig && __ptr64) __ptr64
1448	??4StoryConfig@MOXIE@@QEAAAEAV01@AEBV01@@Z	public: class MOXIE::StoryConfig & __ptr64 __cdecl MOXIE::StoryConfig::operator=(class MOXIE::StoryConfig const & __ptr64) __ptr64
1449	??4StoryFSM@MOXIE@@QEAAAEAV01@$$QEAV01@@Z	public: class MOXIE::StoryFSM & __ptr64 __cdecl MOXIE::StoryFSM::operator=(class MOXIE::StoryFSM && __ptr64) __ptr64
1450	??4StoryFSM@MOXIE@@QEAAAEAV01@AEBV01@@Z	public: class MOXIE::StoryFSM & __ptr64 __cdecl MOXIE::StoryFSM::operator=(class MOXIE::StoryFSM const & __ptr64) __ptr64
1451	??4StoryGSM@MOXIE@@QEAAAEAV01@AEBV01@@Z	public: class MOXIE::StoryGSM & __ptr64 __cdecl MOXIE::StoryGSM::operator=(class MOXIE::StoryGSM const & __ptr64) __ptr64
1452	??4StoryManager@MOXIE@@QEAAAEAV01@AEBV01@@Z	public: class MOXIE::StoryManager & __ptr64 __cdecl MOXIE::StoryManager::operator=(class MOXIE::StoryManager const & __ptr64) __ptr64
1453	??4StoryManifest@MOXIE@@QEAAAEAV01@AEBV01@@Z	public: class MOXIE::StoryManifest & __ptr64 __cdecl MOXIE::StoryManifest::operator=(class MOXIE::StoryManifest const & __ptr64) __ptr64
1454	??4StoryPlayer@MOXIE@@QEAAAEAV01@AEBV01@@Z	public: class MOXIE::StoryPlayer & __ptr64 __cdecl MOXIE::StoryPlayer::operator=(class MOXIE::StoryPlayer const & __ptr64) __ptr64
1455	??4StorySubtitles@MOXIE@@QEAAAEAV01@AEBV01@@Z	public: class MOXIE::StorySubtitles & __ptr64 __cdecl MOXIE::StorySubtitles::operator=(class MOXIE::StorySubtitles const & __ptr64) __ptr64
1456	??4Stream@MOXIE@@QEAAAEAV01@AEBV01@@Z	public: class MOXIE::Stream & __ptr64 __cdecl MOXIE::Stream::operator=(class MOXIE::Stream const & __ptr64) __ptr64
1457	??4String@MOXIE@@QEAAAEAV01@AEBV01@@Z	public: class MOXIE::String & __ptr64 __cdecl MOXIE::String::operator=(class MOXIE::String const & __ptr64) __ptr64
1458	??4String@MOXIE@@QEAAAEAV01@PEBD@Z	public: class MOXIE::String & __ptr64 __cdecl MOXIE::String::operator=(char const * __ptr64) __ptr64
1459	??4Style@MOXIE@@QEAAAEAU01@$$QEAU01@@Z	public: struct MOXIE::Style & __ptr64 __cdecl MOXIE::Style::operator=(struct MOXIE::Style && __ptr64) __ptr64
1460	??4Style@MOXIE@@QEAAAEAU01@AEBU01@@Z	public: struct MOXIE::Style & __ptr64 __cdecl MOXIE::Style::operator=(struct MOXIE::Style const & __ptr64) __ptr64
1461	??4Surface@MOXIE@@QEAAAEAV01@AEBV01@@Z	public: class MOXIE::Surface & __ptr64 __cdecl MOXIE::Surface::operator=(class MOXIE::Surface const & __ptr64) __ptr64
1462	??4SymbolTable@MOXIE@@QEAAAEAV01@$$QEAV01@@Z	public: class MOXIE::SymbolTable & __ptr64 __cdecl MOXIE::SymbolTable::operator=(class MOXIE::SymbolTable && __ptr64) __ptr64
1463	??4SymbolTable@MOXIE@@QEAAAEAV01@AEBV01@@Z	public: class MOXIE::SymbolTable & __ptr64 __cdecl MOXIE::SymbolTable::operator=(class MOXIE::SymbolTable const & __ptr64) __ptr64
1464	??4TcpSocket@MOXIE@@QEAAAEAV01@AEBV01@@Z	public: class MOXIE::TcpSocket & __ptr64 __cdecl MOXIE::TcpSocket::operator=(class MOXIE::TcpSocket const & __ptr64) __ptr64
1465	??4Template@CSV@@QEAAAEAV01@$$QEAV01@@Z	public: class CSV::Template & __ptr64 __cdecl CSV::Template::operator=(class CSV::Template && __ptr64) __ptr64
1466	??4Template@CSV@@QEAAAEAV01@AEBV01@@Z	public: class CSV::Template & __ptr64 __cdecl CSV::Template::operator=(class CSV::Template const & __ptr64) __ptr64
1467	??4Texture2D@MOXIE@@QEAAAEAV01@AEBV01@@Z	public: class MOXIE::Texture2D & __ptr64 __cdecl MOXIE::Texture2D::operator=(class MOXIE::Texture2D const & __ptr64) __ptr64
1468	??4Texture2DArray@MOXIE@@QEAAAEAV01@AEBV01@@Z	public: class MOXIE::Texture2DArray & __ptr64 __cdecl MOXIE::Texture2DArray::operator=(class MOXIE::Texture2DArray const & __ptr64) __ptr64
1469	??4Texture@MOXIE@@QEAAAEAV01@AEBV01@@Z	public: class MOXIE::Texture & __ptr64 __cdecl MOXIE::Texture::operator=(class MOXIE::Texture const & __ptr64) __ptr64
1470	??4TextureCubeMap@MOXIE@@QEAAAEAV01@AEBV01@@Z	public: class MOXIE::TextureCubeMap & __ptr64 __cdecl MOXIE::TextureCubeMap::operator=(class MOXIE::TextureCubeMap const & __ptr64) __ptr64
1471	??4TextureVideo@MOXIE@@QEAAAEAV01@AEBV01@@Z	public: class MOXIE::TextureVideo & __ptr64 __cdecl MOXIE::TextureVideo::operator=(class MOXIE::TextureVideo const & __ptr64) __ptr64
1472	??4Thread@MOXIE@@QEAAAEAV01@AEBV01@@Z	public: class MOXIE::Thread & __ptr64 __cdecl MOXIE::Thread::operator=(class MOXIE::Thread const & __ptr64) __ptr64
1473	??4Time@MOXIE@@QEAAAEAV01@$$QEAV01@@Z	public: class MOXIE::Time & __ptr64 __cdecl MOXIE::Time::operator=(class MOXIE::Time && __ptr64) __ptr64
1474	??4Time@MOXIE@@QEAAAEAV01@AEBV01@@Z	public: class MOXIE::Time & __ptr64 __cdecl MOXIE::Time::operator=(class MOXIE::Time const & __ptr64) __ptr64
1475	??4TornadoField@MOXIE@@QEAAAEAV01@$$QEAV01@@Z	public: class MOXIE::TornadoField & __ptr64 __cdecl MOXIE::TornadoField::operator=(class MOXIE::TornadoField && __ptr64) __ptr64
1476	??4TornadoField@MOXIE@@QEAAAEAV01@AEBV01@@Z	public: class MOXIE::TornadoField & __ptr64 __cdecl MOXIE::TornadoField::operator=(class MOXIE::TornadoField const & __ptr64) __ptr64
1477	??4Transform@MOXIE@@QEAAAEAV01@AEBV01@@Z	public: class MOXIE::Transform & __ptr64 __cdecl MOXIE::Transform::operator=(class MOXIE::Transform const & __ptr64) __ptr64
1478	??4TurbulenceField2D@MOXIE@@QEAAAEAV01@$$QEAV01@@Z	public: class MOXIE::TurbulenceField2D & __ptr64 __cdecl MOXIE::TurbulenceField2D::operator=(class MOXIE::TurbulenceField2D && __ptr64) __ptr64
1479	??4TurbulenceField2D@MOXIE@@QEAAAEAV01@AEBV01@@Z	public: class MOXIE::TurbulenceField2D & __ptr64 __cdecl MOXIE::TurbulenceField2D::operator=(class MOXIE::TurbulenceField2D const & __ptr64) __ptr64
1480	??4TurbulenceField3D@MOXIE@@QEAAAEAV01@$$QEAV01@@Z	public: class MOXIE::TurbulenceField3D & __ptr64 __cdecl MOXIE::TurbulenceField3D::operator=(class MOXIE::TurbulenceField3D && __ptr64) __ptr64
1481	??4TurbulenceField3D@MOXIE@@QEAAAEAV01@AEBV01@@Z	public: class MOXIE::TurbulenceField3D & __ptr64 __cdecl MOXIE::TurbulenceField3D::operator=(class MOXIE::TurbulenceField3D const & __ptr64) __ptr64
1482	??4UI_Parameter_Data@MaterialBaking@MOXIE@@QEAAAEAU012@$$QEAU012@@Z	public: struct MOXIE::MaterialBaking::UI_Parameter_Data & __ptr64 __cdecl MOXIE::MaterialBaking::UI_Parameter_Data::operator=(struct MOXIE::MaterialBaking::UI_Parameter_Data && __ptr64) __ptr64
1483	??4UI_Parameter_Data@MaterialBaking@MOXIE@@QEAAAEAU012@AEBU012@@Z	public: struct MOXIE::MaterialBaking::UI_Parameter_Data & __ptr64 __cdecl MOXIE::MaterialBaking::UI_Parameter_Data::operator=(struct MOXIE::MaterialBaking::UI_Parameter_Data const & __ptr64) __ptr64
1484	??4Uri@MOXIE@@QEAAAEAV01@AEBV01@@Z	public: class MOXIE::Uri & __ptr64 __cdecl MOXIE::Uri::operator=(class MOXIE::Uri const & __ptr64) __ptr64
1485	??4Uri@MOXIE@@QEAAAEAV01@PEBD@Z	public: class MOXIE::Uri & __ptr64 __cdecl MOXIE::Uri::operator=(char const * __ptr64) __ptr64
1486	??4Variant@CSV@@QEAAAEAU01@AEBU01@@Z	public: struct CSV::Variant & __ptr64 __cdecl CSV::Variant::operator=(struct CSV::Variant const & __ptr64) __ptr64
1487	??4Vector2@MOXIE@@QEAAAEAV01@AEBV01@@Z	public: class MOXIE::Vector2 & __ptr64 __cdecl MOXIE::Vector2::operator=(class MOXIE::Vector2 const & __ptr64) __ptr64
1488	??4Vector3@MOXIE@@QEAAAEAV01@AEBV01@@Z	public: class MOXIE::Vector3 & __ptr64 __cdecl MOXIE::Vector3::operator=(class MOXIE::Vector3 const & __ptr64) __ptr64
1489	??4Vector4@MOXIE@@QEAAAEAV01@AEBV01@@Z	public: class MOXIE::Vector4 & __ptr64 __cdecl MOXIE::Vector4::operator=(class MOXIE::Vector4 const & __ptr64) __ptr64
1490	??4VertexAnimData@MOXIE@@QEAAAEAU01@$$QEAU01@@Z	public: struct MOXIE::VertexAnimData & __ptr64 __cdecl MOXIE::VertexAnimData::operator=(struct MOXIE::VertexAnimData && __ptr64) __ptr64
1491	??4VertexAnimData@MOXIE@@QEAAAEAU01@AEBU01@@Z	public: struct MOXIE::VertexAnimData & __ptr64 __cdecl MOXIE::VertexAnimData::operator=(struct MOXIE::VertexAnimData const & __ptr64) __ptr64
1492	??4VertexAnimQuantizer@MOXIE@@QEAAAEAV01@$$QEAV01@@Z	public: class MOXIE::VertexAnimQuantizer & __ptr64 __cdecl MOXIE::VertexAnimQuantizer::operator=(class MOXIE::VertexAnimQuantizer && __ptr64) __ptr64
1493	??4VertexAnimQuantizer@MOXIE@@QEAAAEAV01@AEBV01@@Z	public: class MOXIE::VertexAnimQuantizer & __ptr64 __cdecl MOXIE::VertexAnimQuantizer::operator=(class MOXIE::VertexAnimQuantizer const & __ptr64) __ptr64
1494	??4VertexAnimatedMesh@MOXIE@@QEAAAEAU01@$$QEAU01@@Z	public: struct MOXIE::VertexAnimatedMesh & __ptr64 __cdecl MOXIE::VertexAnimatedMesh::operator=(struct MOXIE::VertexAnimatedMesh && __ptr64) __ptr64
1495	??4VertexAnimatedMesh@MOXIE@@QEAAAEAU01@AEBU01@@Z	public: struct MOXIE::VertexAnimatedMesh & __ptr64 __cdecl MOXIE::VertexAnimatedMesh::operator=(struct MOXIE::VertexAnimatedMesh const & __ptr64) __ptr64
1496	??4VertexAnimator@MOXIE@@QEAAAEAV01@$$QEAV01@@Z	public: class MOXIE::VertexAnimator & __ptr64 __cdecl MOXIE::VertexAnimator::operator=(class MOXIE::VertexAnimator && __ptr64) __ptr64
1497	??4VertexAnimator@MOXIE@@QEAAAEAV01@AEBV01@@Z	public: class MOXIE::VertexAnimator & __ptr64 __cdecl MOXIE::VertexAnimator::operator=(class MOXIE::VertexAnimator const & __ptr64) __ptr64
1498	??4VertexBuffer@MOXIE@@QEAAAEAV01@AEBV01@@Z	public: class MOXIE::VertexBuffer & __ptr64 __cdecl MOXIE::VertexBuffer::operator=(class MOXIE::VertexBuffer const & __ptr64) __ptr64
1499	??4VertexCompression@MOXIE@@QEAAAEAV01@$$QEAV01@@Z	public: class MOXIE::VertexCompression & __ptr64 __cdecl MOXIE::VertexCompression::operator=(class MOXIE::VertexCompression && __ptr64) __ptr64
1500	??4VertexCompression@MOXIE@@QEAAAEAV01@AEBV01@@Z	public: class MOXIE::VertexCompression & __ptr64 __cdecl MOXIE::VertexCompression::operator=(class MOXIE::VertexCompression const & __ptr64) __ptr64
1501	??4VertexData@MOXIE@@QEAAAEAV01@AEBV01@@Z	public: class MOXIE::VertexData & __ptr64 __cdecl MOXIE::VertexData::operator=(class MOXIE::VertexData const & __ptr64) __ptr64
1502	??4VideoCubeManager@MOXIE@@QEAAAEAV01@AEBV01@@Z	public: class MOXIE::VideoCubeManager & __ptr64 __cdecl MOXIE::VideoCubeManager::operator=(class MOXIE::VideoCubeManager const & __ptr64) __ptr64
1503	??4Viewport@MOXIE@@QEAAAEAV01@$$QEAV01@@Z	public: class MOXIE::Viewport & __ptr64 __cdecl MOXIE::Viewport::operator=(class MOXIE::Viewport && __ptr64) __ptr64
1504	??4Viewport@MOXIE@@QEAAAEAV01@AEBV01@@Z	public: class MOXIE::Viewport & __ptr64 __cdecl MOXIE::Viewport::operator=(class MOXIE::Viewport const & __ptr64) __ptr64
1505	??4VortexField@MOXIE@@QEAAAEAV01@$$QEAV01@@Z	public: class MOXIE::VortexField & __ptr64 __cdecl MOXIE::VortexField::operator=(class MOXIE::VortexField && __ptr64) __ptr64
1506	??4VortexField@MOXIE@@QEAAAEAV01@AEBV01@@Z	public: class MOXIE::VortexField & __ptr64 __cdecl MOXIE::VortexField::operator=(class MOXIE::VortexField const & __ptr64) __ptr64
1507	??4Win32Utils@@QEAAAEAV0@$$QEAV0@@Z	public: class Win32Utils & __ptr64 __cdecl Win32Utils::operator=(class Win32Utils && __ptr64) __ptr64
1508	??4Win32Utils@@QEAAAEAV0@AEBV0@@Z	public: class Win32Utils & __ptr64 __cdecl Win32Utils::operator=(class Win32Utils const & __ptr64) __ptr64
1509	??4ZipArchive@MOXIE@@QEAAAEAV01@AEBV01@@Z	public: class MOXIE::ZipArchive & __ptr64 __cdecl MOXIE::ZipArchive::operator=(class MOXIE::ZipArchive const & __ptr64) __ptr64
1510	??4gsaDecoder@MOXIE@@QEAAAEAV01@AEBV01@@Z	public: class MOXIE::gsaDecoder & __ptr64 __cdecl MOXIE::gsaDecoder::operator=(class MOXIE::gsaDecoder const & __ptr64) __ptr64
1511	??4gsaDecoderResource@MOXIE@@QEAAAEAV01@AEBV01@@Z	public: class MOXIE::gsaDecoderResource & __ptr64 __cdecl MOXIE::gsaDecoderResource::operator=(class MOXIE::gsaDecoderResource const & __ptr64) __ptr64
1512	??8GUIColor@MOXIE@@QEBA_NAEBV01@@Z	public: bool __cdecl MOXIE::GUIColor::operator==(class MOXIE::GUIColor const & __ptr64)const __ptr64
1513	??8Matrix3@MOXIE@@QEBA_NAEBV01@@Z	public: bool __cdecl MOXIE::Matrix3::operator==(class MOXIE::Matrix3 const & __ptr64)const __ptr64
1514	??8Matrix4@MOXIE@@QEBA_NAEBV01@@Z	public: bool __cdecl MOXIE::Matrix4::operator==(class MOXIE::Matrix4 const & __ptr64)const __ptr64
1515	??8ResourceHandle@MOXIE@@QEBA_NAEBV01@@Z	public: bool __cdecl MOXIE::ResourceHandle::operator==(class MOXIE::ResourceHandle const & __ptr64)const __ptr64
1516	??8String@MOXIE@@QEBA_NAEBV01@@Z	public: bool __cdecl MOXIE::String::operator==(class MOXIE::String const & __ptr64)const __ptr64
1517	??8String@MOXIE@@QEBA_NPEBD@Z	public: bool __cdecl MOXIE::String::operator==(char const * __ptr64)const __ptr64
1518	??8Uri@MOXIE@@QEBA_NAEBV01@@Z	public: bool __cdecl MOXIE::Uri::operator==(class MOXIE::Uri const & __ptr64)const __ptr64
1519	??8Uri@MOXIE@@QEBA_NPEBD@Z	public: bool __cdecl MOXIE::Uri::operator==(char const * __ptr64)const __ptr64
1520	??8Variant@CSV@@QEAA_NAEBU01@@Z	public: bool __cdecl CSV::Variant::operator==(struct CSV::Variant const & __ptr64) __ptr64
1521	??8Vector2@MOXIE@@QEBA_NAEBV01@@Z	public: bool __cdecl MOXIE::Vector2::operator==(class MOXIE::Vector2 const & __ptr64)const __ptr64
1522	??8Vector3@MOXIE@@QEBA_NAEBV01@@Z	public: bool __cdecl MOXIE::Vector3::operator==(class MOXIE::Vector3 const & __ptr64)const __ptr64
1523	??8Vector4@MOXIE@@QEBA_NAEBV01@@Z	public: bool __cdecl MOXIE::Vector4::operator==(class MOXIE::Vector4 const & __ptr64)const __ptr64
1524	??9GUIColor@MOXIE@@QEBA_NAEBV01@@Z	public: bool __cdecl MOXIE::GUIColor::operator!=(class MOXIE::GUIColor const & __ptr64)const __ptr64
1525	??9Matrix3@MOXIE@@QEBA_NAEBV01@@Z	public: bool __cdecl MOXIE::Matrix3::operator!=(class MOXIE::Matrix3 const & __ptr64)const __ptr64
1526	??9Matrix4@MOXIE@@QEBA_NAEBV01@@Z	public: bool __cdecl MOXIE::Matrix4::operator!=(class MOXIE::Matrix4 const & __ptr64)const __ptr64
1527	??9ResourceHandle@MOXIE@@QEBA_NAEBV01@@Z	public: bool __cdecl MOXIE::ResourceHandle::operator!=(class MOXIE::ResourceHandle const & __ptr64)const __ptr64
1528	??9String@MOXIE@@QEBA_NAEBV01@@Z	public: bool __cdecl MOXIE::String::operator!=(class MOXIE::String const & __ptr64)const __ptr64
1529	??9String@MOXIE@@QEBA_NPEBD@Z	public: bool __cdecl MOXIE::String::operator!=(char const * __ptr64)const __ptr64
1530	??9Uri@MOXIE@@QEBA_NAEBV01@@Z	public: bool __cdecl MOXIE::Uri::operator!=(class MOXIE::Uri const & __ptr64)const __ptr64
1531	??9Uri@MOXIE@@QEBA_NPEBD@Z	public: bool __cdecl MOXIE::Uri::operator!=(char const * __ptr64)const __ptr64
1532	??9Variant@CSV@@QEAA_NAEBU01@@Z	public: bool __cdecl CSV::Variant::operator!=(struct CSV::Variant const & __ptr64) __ptr64
1533	??9Vector2@MOXIE@@QEBA_NAEBV01@@Z	public: bool __cdecl MOXIE::Vector2::operator!=(class MOXIE::Vector2 const & __ptr64)const __ptr64
1534	??9Vector3@MOXIE@@QEBA_NAEBV01@@Z	public: bool __cdecl MOXIE::Vector3::operator!=(class MOXIE::Vector3 const & __ptr64)const __ptr64
1535	??9Vector4@MOXIE@@QEBA_NAEBV01@@Z	public: bool __cdecl MOXIE::Vector4::operator!=(class MOXIE::Vector4 const & __ptr64)const __ptr64
1536	??ABuffer@@QEAAAEAEH@Z	public: unsigned char & __ptr64 __cdecl Buffer::operator[](int) __ptr64
1537	??ABuffer@MOXIE@@QEAAAEAEH@Z	public: unsigned char & __ptr64 __cdecl MOXIE::Buffer::operator[](int) __ptr64
1538	??AString@MOXIE@@QEAAAEAD_K@Z	public: char & __ptr64 __cdecl MOXIE::String::operator[](unsigned __int64) __ptr64
1539	??AString@MOXIE@@QEBAD_K@Z	public: char __cdecl MOXIE::String::operator[](unsigned __int64)const __ptr64
1540	??AVector2@MOXIE@@QEAAAEAMI@Z	public: float & __ptr64 __cdecl MOXIE::Vector2::operator[](unsigned int) __ptr64
1541	??AVector2@MOXIE@@QEBAAEBMI@Z	public: float const & __ptr64 __cdecl MOXIE::Vector2::operator[](unsigned int)const __ptr64
1542	??AVector3@MOXIE@@QEAAAEAMI@Z	public: float & __ptr64 __cdecl MOXIE::Vector3::operator[](unsigned int) __ptr64
1543	??AVector3@MOXIE@@QEBAAEBMI@Z	public: float const & __ptr64 __cdecl MOXIE::Vector3::operator[](unsigned int)const __ptr64
1544	??AVector4@MOXIE@@QEAAAEAMI@Z	public: float & __ptr64 __cdecl MOXIE::Vector4::operator[](unsigned int) __ptr64
1545	??AVector4@MOXIE@@QEBAAEBMI@Z	public: float const & __ptr64 __cdecl MOXIE::Vector4::operator[](unsigned int)const __ptr64
1546	??BResourceHandle@MOXIE@@QEBA_NXZ	public: __cdecl MOXIE::ResourceHandle::operator bool(void)const __ptr64
1547	??DMatrix3@MOXIE@@QEBA?BV01@AEBM@Z	public: class MOXIE::Matrix3 const __cdecl MOXIE::Matrix3::operator*(float const & __ptr64)const __ptr64
1548	??DMatrix3@MOXIE@@QEBA?BV01@AEBV01@@Z	public: class MOXIE::Matrix3 const __cdecl MOXIE::Matrix3::operator*(class MOXIE::Matrix3 const & __ptr64)const __ptr64
1549	??DMatrix4@MOXIE@@QEBA?BV01@AEBM@Z	public: class MOXIE::Matrix4 const __cdecl MOXIE::Matrix4::operator*(float const & __ptr64)const __ptr64
1550	??DMatrix4@MOXIE@@QEBA?BV01@AEBV01@@Z	public: class MOXIE::Matrix4 const __cdecl MOXIE::Matrix4::operator*(class MOXIE::Matrix4 const & __ptr64)const __ptr64
1551	??DQuaternion@MOXIE@@QEBA?AV01@AEBV01@@Z	public: class MOXIE::Quaternion __cdecl MOXIE::Quaternion::operator*(class MOXIE::Quaternion const & __ptr64)const __ptr64
1552	??DQuaternion@MOXIE@@QEBA?AVVector3@1@AEBV21@@Z	public: class MOXIE::Vector3 __cdecl MOXIE::Quaternion::operator*(class MOXIE::Vector3 const & __ptr64)const __ptr64
1553	??DVector2@MOXIE@@QEBA?BV01@AEBM@Z	public: class MOXIE::Vector2 const __cdecl MOXIE::Vector2::operator*(float const & __ptr64)const __ptr64
1554	??DVector2@MOXIE@@QEBA?BV01@AEBV01@@Z	public: class MOXIE::Vector2 const __cdecl MOXIE::Vector2::operator*(class MOXIE::Vector2 const & __ptr64)const __ptr64
1555	??DVector3@MOXIE@@QEBA?BV01@AEBM@Z	public: class MOXIE::Vector3 const __cdecl MOXIE::Vector3::operator*(float const & __ptr64)const __ptr64
1556	??DVector3@MOXIE@@QEBA?BV01@AEBV01@@Z	public: class MOXIE::Vector3 const __cdecl MOXIE::Vector3::operator*(class MOXIE::Vector3 const & __ptr64)const __ptr64
1557	??DVector4@MOXIE@@QEBA?BV01@AEBM@Z	public: class MOXIE::Vector4 const __cdecl MOXIE::Vector4::operator*(float const & __ptr64)const __ptr64
1558	??DVector4@MOXIE@@QEBA?BV01@AEBV01@@Z	public: class MOXIE::Vector4 const __cdecl MOXIE::Vector4::operator*(class MOXIE::Vector4 const & __ptr64)const __ptr64
1559	??EStat@@QEAAAEBV0@H@Z	public: class Stat const & __ptr64 __cdecl Stat::operator++(int) __ptr64
1560	??EStat@@QEAAAEBV0@XZ	public: class Stat const & __ptr64 __cdecl Stat::operator++(void) __ptr64
1561	??EVariant@CSV@@QEAAAEBU01@XZ	public: struct CSV::Variant const & __ptr64 __cdecl CSV::Variant::operator++(void) __ptr64
1562	??FStat@@QEAAAEBV0@H@Z	public: class Stat const & __ptr64 __cdecl Stat::operator--(int) __ptr64
1563	??FStat@@QEAAAEBV0@XZ	public: class Stat const & __ptr64 __cdecl Stat::operator--(void) __ptr64
1564	??FVariant@CSV@@QEAAAEBU01@XZ	public: struct CSV::Variant const & __ptr64 __cdecl CSV::Variant::operator--(void) __ptr64
1565	??GMatrix3@MOXIE@@QEBA?BV01@AEBV01@@Z	public: class MOXIE::Matrix3 const __cdecl MOXIE::Matrix3::operator-(class MOXIE::Matrix3 const & __ptr64)const __ptr64
1566	??GMatrix3@MOXIE@@QEBA?BV01@XZ	public: class MOXIE::Matrix3 const __cdecl MOXIE::Matrix3::operator-(void)const __ptr64
1567	??GMatrix4@MOXIE@@QEBA?BV01@AEBV01@@Z	public: class MOXIE::Matrix4 const __cdecl MOXIE::Matrix4::operator-(class MOXIE::Matrix4 const & __ptr64)const __ptr64
1568	??GMatrix4@MOXIE@@QEBA?BV01@XZ	public: class MOXIE::Matrix4 const __cdecl MOXIE::Matrix4::operator-(void)const __ptr64
1569	??GVector2@MOXIE@@QEBA?BV01@AEBV01@@Z	public: class MOXIE::Vector2 const __cdecl MOXIE::Vector2::operator-(class MOXIE::Vector2 const & __ptr64)const __ptr64
1570	??GVector2@MOXIE@@QEBA?BV01@XZ	public: class MOXIE::Vector2 const __cdecl MOXIE::Vector2::operator-(void)const __ptr64
1571	??GVector3@MOXIE@@QEBA?BV01@AEBV01@@Z	public: class MOXIE::Vector3 const __cdecl MOXIE::Vector3::operator-(class MOXIE::Vector3 const & __ptr64)const __ptr64
1572	??GVector3@MOXIE@@QEBA?BV01@XZ	public: class MOXIE::Vector3 const __cdecl MOXIE::Vector3::operator-(void)const __ptr64
1573	??GVector4@MOXIE@@QEBA?BV01@AEBV01@@Z	public: class MOXIE::Vector4 const __cdecl MOXIE::Vector4::operator-(class MOXIE::Vector4 const & __ptr64)const __ptr64
1574	??GVector4@MOXIE@@QEBA?BV01@XZ	public: class MOXIE::Vector4 const __cdecl MOXIE::Vector4::operator-(void)const __ptr64
1575	??HMatrix3@MOXIE@@QEBA?BV01@AEBV01@@Z	public: class MOXIE::Matrix3 const __cdecl MOXIE::Matrix3::operator+(class MOXIE::Matrix3 const & __ptr64)const __ptr64
1576	??HMatrix4@MOXIE@@QEBA?BV01@AEBV01@@Z	public: class MOXIE::Matrix4 const __cdecl MOXIE::Matrix4::operator+(class MOXIE::Matrix4 const & __ptr64)const __ptr64
1577	??HString@MOXIE@@QEBA?AV01@AEBV01@@Z	public: class MOXIE::String __cdecl MOXIE::String::operator+(class MOXIE::String const & __ptr64)const __ptr64
1578	??HVector2@MOXIE@@QEBA?BV01@AEBV01@@Z	public: class MOXIE::Vector2 const __cdecl MOXIE::Vector2::operator+(class MOXIE::Vector2 const & __ptr64)const __ptr64
1579	??HVector3@MOXIE@@QEBA?BV01@AEBV01@@Z	public: class MOXIE::Vector3 const __cdecl MOXIE::Vector3::operator+(class MOXIE::Vector3 const & __ptr64)const __ptr64
1580	??HVector4@MOXIE@@QEBA?BV01@AEBV01@@Z	public: class MOXIE::Vector4 const __cdecl MOXIE::Vector4::operator+(class MOXIE::Vector4 const & __ptr64)const __ptr64
1581	??KMatrix3@MOXIE@@QEBA?BV01@AEBM@Z	public: class MOXIE::Matrix3 const __cdecl MOXIE::Matrix3::operator/(float const & __ptr64)const __ptr64
1582	??KMatrix4@MOXIE@@QEBA?BV01@AEBM@Z	public: class MOXIE::Matrix4 const __cdecl MOXIE::Matrix4::operator/(float const & __ptr64)const __ptr64
1583	??KVector2@MOXIE@@QEBA?BV01@AEBM@Z	public: class MOXIE::Vector2 const __cdecl MOXIE::Vector2::operator/(float const & __ptr64)const __ptr64
1584	??KVector3@MOXIE@@QEBA?BV01@AEBM@Z	public: class MOXIE::Vector3 const __cdecl MOXIE::Vector3::operator/(float const & __ptr64)const __ptr64
1585	??KVector3@MOXIE@@QEBA?BV01@AEBV01@@Z	public: class MOXIE::Vector3 const __cdecl MOXIE::Vector3::operator/(class MOXIE::Vector3 const & __ptr64)const __ptr64
1586	??KVector4@MOXIE@@QEBA?BV01@AEBM@Z	public: class MOXIE::Vector4 const __cdecl MOXIE::Vector4::operator/(float const & __ptr64)const __ptr64
1587	??MString@MOXIE@@QEBA_NAEBV01@@Z	public: bool __cdecl MOXIE::String::operator<(class MOXIE::String const & __ptr64)const __ptr64
1588	??RMatrix3@MOXIE@@QEAAAEAMII@Z	public: float & __ptr64 __cdecl MOXIE::Matrix3::operator()(unsigned int,unsigned int) __ptr64
1589	??RMatrix3@MOXIE@@QEBAAEBMII@Z	public: float const & __ptr64 __cdecl MOXIE::Matrix3::operator()(unsigned int,unsigned int)const __ptr64
1590	??RVector2@MOXIE@@QEAAAEAMI@Z	public: float & __ptr64 __cdecl MOXIE::Vector2::operator()(unsigned int) __ptr64
1591	??RVector2@MOXIE@@QEBAAEBMI@Z	public: float const & __ptr64 __cdecl MOXIE::Vector2::operator()(unsigned int)const __ptr64
1592	??RVector4@MOXIE@@QEAAAEAMI@Z	public: float & __ptr64 __cdecl MOXIE::Vector4::operator()(unsigned int) __ptr64
1593	??RVector4@MOXIE@@QEBAAEBMI@Z	public: float const & __ptr64 __cdecl MOXIE::Vector4::operator()(unsigned int)const __ptr64
1594	??XMatrix3@MOXIE@@QEAAAEBV01@AEBM@Z	public: class MOXIE::Matrix3 const & __ptr64 __cdecl MOXIE::Matrix3::operator*=(float const & __ptr64) __ptr64
1595	??XMatrix3@MOXIE@@QEAAAEBV01@AEBV01@@Z	public: class MOXIE::Matrix3 const & __ptr64 __cdecl MOXIE::Matrix3::operator*=(class MOXIE::Matrix3 const & __ptr64) __ptr64
1596	??XMatrix4@MOXIE@@QEAAAEBV01@AEBM@Z	public: class MOXIE::Matrix4 const & __ptr64 __cdecl MOXIE::Matrix4::operator*=(float const & __ptr64) __ptr64
1597	??XMatrix4@MOXIE@@QEAAAEBV01@AEBV01@@Z	public: class MOXIE::Matrix4 const & __ptr64 __cdecl MOXIE::Matrix4::operator*=(class MOXIE::Matrix4 const & __ptr64) __ptr64
1598	??XQuaternion@MOXIE@@QEAAAEBV01@AEBV01@@Z	public: class MOXIE::Quaternion const & __ptr64 __cdecl MOXIE::Quaternion::operator*=(class MOXIE::Quaternion const & __ptr64) __ptr64
1599	??XTransform@MOXIE@@QEAAAEBV01@AEBV01@@Z	public: class MOXIE::Transform const & __ptr64 __cdecl MOXIE::Transform::operator*=(class MOXIE::Transform const & __ptr64) __ptr64
1600	??XVector2@MOXIE@@QEAAAEBV01@AEBM@Z	public: class MOXIE::Vector2 const & __ptr64 __cdecl MOXIE::Vector2::operator*=(float const & __ptr64) __ptr64
1601	??XVector2@MOXIE@@QEAAAEBV01@AEBV01@@Z	public: class MOXIE::Vector2 const & __ptr64 __cdecl MOXIE::Vector2::operator*=(class MOXIE::Vector2 const & __ptr64) __ptr64
1602	??XVector3@MOXIE@@QEAAAEBV01@AEBM@Z	public: class MOXIE::Vector3 const & __ptr64 __cdecl MOXIE::Vector3::operator*=(float const & __ptr64) __ptr64
1603	??XVector3@MOXIE@@QEAAAEBV01@AEBV01@@Z	public: class MOXIE::Vector3 const & __ptr64 __cdecl MOXIE::Vector3::operator*=(class MOXIE::Vector3 const & __ptr64) __ptr64
1604	??XVector4@MOXIE@@QEAAAEBV01@AEBM@Z	public: class MOXIE::Vector4 const & __ptr64 __cdecl MOXIE::Vector4::operator*=(float const & __ptr64) __ptr64
1605	??XVector4@MOXIE@@QEAAAEBV01@AEBV01@@Z	public: class MOXIE::Vector4 const & __ptr64 __cdecl MOXIE::Vector4::operator*=(class MOXIE::Vector4 const & __ptr64) __ptr64
1606	??YMatrix3@MOXIE@@QEAAAEBV01@AEBV01@@Z	public: class MOXIE::Matrix3 const & __ptr64 __cdecl MOXIE::Matrix3::operator+=(class MOXIE::Matrix3 const & __ptr64) __ptr64
1607	??YMatrix4@MOXIE@@QEAAAEBV01@AEBV01@@Z	public: class MOXIE::Matrix4 const & __ptr64 __cdecl MOXIE::Matrix4::operator+=(class MOXIE::Matrix4 const & __ptr64) __ptr64
1608	??YStat@@QEAAXAEBUVariant@CSV@@@Z	public: void __cdecl Stat::operator+=(struct CSV::Variant const & __ptr64) __ptr64
1609	??YString@MOXIE@@QEAAAEBV01@AEBV01@@Z	public: class MOXIE::String const & __ptr64 __cdecl MOXIE::String::operator+=(class MOXIE::String const & __ptr64) __ptr64
1610	??YVariant@CSV@@QEAAXAEBU01@@Z	public: void __cdecl CSV::Variant::operator+=(struct CSV::Variant const & __ptr64) __ptr64
1611	??YVector2@MOXIE@@QEAAAEBV01@AEBV01@@Z	public: class MOXIE::Vector2 const & __ptr64 __cdecl MOXIE::Vector2::operator+=(class MOXIE::Vector2 const & __ptr64) __ptr64
1612	??YVector3@MOXIE@@QEAAAEBV01@AEBV01@@Z	public: class MOXIE::Vector3 const & __ptr64 __cdecl MOXIE::Vector3::operator+=(class MOXIE::Vector3 const & __ptr64) __ptr64
1613	??YVector4@MOXIE@@QEAAAEBV01@AEBV01@@Z	public: class MOXIE::Vector4 const & __ptr64 __cdecl MOXIE::Vector4::operator+=(class MOXIE::Vector4 const & __ptr64) __ptr64
1614	??ZMatrix3@MOXIE@@QEAAAEBV01@AEBV01@@Z	public: class MOXIE::Matrix3 const & __ptr64 __cdecl MOXIE::Matrix3::operator-=(class MOXIE::Matrix3 const & __ptr64) __ptr64
1615	??ZMatrix4@MOXIE@@QEAAAEBV01@AEBV01@@Z	public: class MOXIE::Matrix4 const & __ptr64 __cdecl MOXIE::Matrix4::operator-=(class MOXIE::Matrix4 const & __ptr64) __ptr64
1616	??ZStat@@QEAAXAEBUVariant@CSV@@@Z	public: void __cdecl Stat::operator-=(struct CSV::Variant const & __ptr64) __ptr64
1617	??ZVariant@CSV@@QEAAXAEBU01@@Z	public: void __cdecl CSV::Variant::operator-=(struct CSV::Variant const & __ptr64) __ptr64
1618	??ZVector2@MOXIE@@QEAAAEBV01@AEBV01@@Z	public: class MOXIE::Vector2 const & __ptr64 __cdecl MOXIE::Vector2::operator-=(class MOXIE::Vector2 const & __ptr64) __ptr64
1619	??ZVector3@MOXIE@@QEAAAEBV01@AEBV01@@Z	public: class MOXIE::Vector3 const & __ptr64 __cdecl MOXIE::Vector3::operator-=(class MOXIE::Vector3 const & __ptr64) __ptr64
1620	??ZVector4@MOXIE@@QEAAAEBV01@AEBV01@@Z	public: class MOXIE::Vector4 const & __ptr64 __cdecl MOXIE::Vector4::operator-=(class MOXIE::Vector4 const & __ptr64) __ptr64
1621	??_0Matrix3@MOXIE@@QEAAAEBV01@AEBM@Z	public: class MOXIE::Matrix3 const & __ptr64 __cdecl MOXIE::Matrix3::operator/=(float const & __ptr64) __ptr64
1622	??_0Matrix4@MOXIE@@QEAAAEBV01@AEBM@Z	public: class MOXIE::Matrix4 const & __ptr64 __cdecl MOXIE::Matrix4::operator/=(float const & __ptr64) __ptr64
1623	??_0Vector2@MOXIE@@QEAAAEBV01@AEBM@Z	public: class MOXIE::Vector2 const & __ptr64 __cdecl MOXIE::Vector2::operator/=(float const & __ptr64) __ptr64
1624	??_0Vector3@MOXIE@@QEAAAEBV01@AEBM@Z	public: class MOXIE::Vector3 const & __ptr64 __cdecl MOXIE::Vector3::operator/=(float const & __ptr64) __ptr64
1625	??_0Vector4@MOXIE@@QEAAAEBV01@AEBM@Z	public: class MOXIE::Vector4 const & __ptr64 __cdecl MOXIE::Vector4::operator/=(float const & __ptr64) __ptr64
1626	??_7?$EngineService@VAnalyticsManager@MOXIE@@@MOXIE@@6B@	const MOXIE::EngineService<class MOXIE::AnalyticsManager>::`vftable'
1627	??_7?$EngineService@VAudioManager@MOXIE@@@MOXIE@@6B@	const MOXIE::EngineService<class MOXIE::AudioManager>::`vftable'
1628	??_7?$EngineService@VEnableManager@MOXIE@@@MOXIE@@6B@	const MOXIE::EngineService<class MOXIE::EnableManager>::`vftable'
1629	??_7?$EngineService@VInputManager@MOXIE@@@MOXIE@@6B@	const MOXIE::EngineService<class MOXIE::InputManager>::`vftable'
1630	??_7?$EngineService@VPhysicsManager@MOXIE@@@MOXIE@@6B@	const MOXIE::EngineService<class MOXIE::PhysicsManager>::`vftable'
1631	??_7?$EngineService@VRenderDebug@MOXIE@@@MOXIE@@6B@	const MOXIE::EngineService<class MOXIE::RenderDebug>::`vftable'
1632	??_7?$EngineService@VRenderDevice@MOXIE@@@MOXIE@@6B@	const MOXIE::EngineService<class MOXIE::RenderDevice>::`vftable'
1633	??_7?$EngineService@VRenderManager@MOXIE@@@MOXIE@@6B@	const MOXIE::EngineService<class MOXIE::RenderManager>::`vftable'
1634	??_7?$EngineService@VResourceManager@MOXIE@@@MOXIE@@6B@	const MOXIE::EngineService<class MOXIE::ResourceManager>::`vftable'
1635	??_7?$EngineService@VSceneManager@MOXIE@@@MOXIE@@6B@	const MOXIE::EngineService<class MOXIE::SceneManager>::`vftable'
1636	??_7?$EngineService@VScriptManager@MOXIE@@@MOXIE@@6B@	const MOXIE::EngineService<class MOXIE::ScriptManager>::`vftable'
1637	??_7?$EngineService@VSensorManager@MOXIE@@@MOXIE@@6B@	const MOXIE::EngineService<class MOXIE::SensorManager>::`vftable'
1638	??_7?$EngineService@VStatManager@MOXIE@@@MOXIE@@6B@	const MOXIE::EngineService<class MOXIE::StatManager>::`vftable'
1639	??_7?$EngineService@VUriManager@MOXIE@@@MOXIE@@6B@	const MOXIE::EngineService<class MOXIE::UriManager>::`vftable'
1640	??_7?$EngineService@VVideoCubeManager@MOXIE@@@MOXIE@@6B@	const MOXIE::EngineService<class MOXIE::VideoCubeManager>::`vftable'
1641	??_7?$Service@VAnalyticsManager@MOXIE@@@MOXIE@@6B@	const MOXIE::Service<class MOXIE::AnalyticsManager>::`vftable'
1642	??_7?$Service@VAudioManager@MOXIE@@@MOXIE@@6B@	const MOXIE::Service<class MOXIE::AudioManager>::`vftable'
1643	??_7?$Service@VEnableManager@MOXIE@@@MOXIE@@6B@	const MOXIE::Service<class MOXIE::EnableManager>::`vftable'
1644	??_7?$Service@VGlobalTime@MOXIE@@@MOXIE@@6B@	const MOXIE::Service<class MOXIE::GlobalTime>::`vftable'
1645	??_7?$Service@VInputManager@MOXIE@@@MOXIE@@6B@	const MOXIE::Service<class MOXIE::InputManager>::`vftable'
1646	??_7?$Service@VPhysicsManager@MOXIE@@@MOXIE@@6B@	const MOXIE::Service<class MOXIE::PhysicsManager>::`vftable'
1647	??_7?$Service@VRenderDebug@MOXIE@@@MOXIE@@6B@	const MOXIE::Service<class MOXIE::RenderDebug>::`vftable'
1648	??_7?$Service@VRenderDevice@MOXIE@@@MOXIE@@6B@	const MOXIE::Service<class MOXIE::RenderDevice>::`vftable'
1649	??_7?$Service@VRenderManager@MOXIE@@@MOXIE@@6B@	const MOXIE::Service<class MOXIE::RenderManager>::`vftable'
1650	??_7?$Service@VResourceManager@MOXIE@@@MOXIE@@6B@	const MOXIE::Service<class MOXIE::ResourceManager>::`vftable'
1651	??_7?$Service@VSceneManager@MOXIE@@@MOXIE@@6B@	const MOXIE::Service<class MOXIE::SceneManager>::`vftable'
1652	??_7?$Service@VScriptManager@MOXIE@@@MOXIE@@6B@	const MOXIE::Service<class MOXIE::ScriptManager>::`vftable'
1653	??_7?$Service@VSensorManager@MOXIE@@@MOXIE@@6B@	const MOXIE::Service<class MOXIE::SensorManager>::`vftable'
1654	??_7?$Service@VStatManager@MOXIE@@@MOXIE@@6B@	const MOXIE::Service<class MOXIE::StatManager>::`vftable'
1655	??_7?$Service@VUriManager@MOXIE@@@MOXIE@@6B@	const MOXIE::Service<class MOXIE::UriManager>::`vftable'
1656	??_7?$Service@VVideoCubeManager@MOXIE@@@MOXIE@@6B@	const MOXIE::Service<class MOXIE::VideoCubeManager>::`vftable'
1657	??_7AnalyticsManager@MOXIE@@6B@	const MOXIE::AnalyticsManager::`vftable'
1658	??_7AnimMixer@MOXIE@@6B@	const MOXIE::AnimMixer::`vftable'
1659	??_7AnimResource@MOXIE@@6B@	const MOXIE::AnimResource::`vftable'
1660	??_7AnimationFlipbookSampler@MOXIE@@6B@	const MOXIE::AnimationFlipbookSampler::`vftable'
1661	??_7Animator@MOXIE@@6B@	const MOXIE::Animator::`vftable'
1662	??_7Application@MOXIE@@6B@	const MOXIE::Application::`vftable'
1663	??_7AudEmitter@MOXIE@@6B@	const MOXIE::AudEmitter::`vftable'
1664	??_7AudPlayer@MOXIE@@6B@	const MOXIE::AudPlayer::`vftable'
1665	??_7AudResource@MOXIE@@6B@	const MOXIE::AudResource::`vftable'
1666	??_7AudServices@MOXIE@@6B@	const MOXIE::AudServices::`vftable'
1667	??_7AudioData@MOXIE@@6B@	const MOXIE::AudioData::`vftable'
1668	??_7AudioDataMaux@MOXIE@@6B@	const MOXIE::AudioDataMaux::`vftable'
1669	??_7AudioDataSource@MOXIE@@6B@	const MOXIE::AudioDataSource::`vftable'
1670	??_7AudioDevice@MOXIE@@6B@	const MOXIE::AudioDevice::`vftable'
1671	??_7AudioEmitter@MOXIE@@6B@	const MOXIE::AudioEmitter::`vftable'
1672	??_7AudioEmitterMaux@MOXIE@@6B@	const MOXIE::AudioEmitterMaux::`vftable'
1673	??_7AudioManager@MOXIE@@6B@	const MOXIE::AudioManager::`vftable'
1674	??_7AudioPlayer@MOXIE@@6B@	const MOXIE::AudioPlayer::`vftable'
1675	??_7AudioPlayerMaux@MOXIE@@6B@	const MOXIE::AudioPlayerMaux::`vftable'
1676	??_7AudioResource@MOXIE@@6B@	const MOXIE::AudioResource::`vftable'
1677	??_7AudioSystem@MOXIE@@6B@	const MOXIE::AudioSystem::`vftable'
1678	??_7BobberField@MOXIE@@6B@	const MOXIE::BobberField::`vftable'
1679	??_7BorderPaddedTextureResource@MOXIE@@6B@	const MOXIE::BorderPaddedTextureResource::`vftable'
1680	??_7BufferObject@MOXIE@@6B@	const MOXIE::BufferObject::`vftable'
1681	??_7DefaultAnimMixer@MOXIE@@6B@	const MOXIE::DefaultAnimMixer::`vftable'
1682	??_7DepthResource@MOXIE@@6B@	const MOXIE::DepthResource::`vftable'
1683	??_7EnableManager@MOXIE@@6B@	const MOXIE::EnableManager::`vftable'
1684	??_7FBImageResource@MOXIE@@6B@	const MOXIE::FBImageResource::`vftable'
1685	??_7FileStream@MOXIE@@6B@	const MOXIE::FileStream::`vftable'
1686	??_7FileSystem@MOXIE@@6B@	const MOXIE::FileSystem::`vftable'
1687	??_7FlipbookResource@MOXIE@@6B@	const MOXIE::FlipbookResource::`vftable'
1688	??_7FlipbookSampler@MOXIE@@6B@	const MOXIE::FlipbookSampler::`vftable'
1689	??_7Font@MOXIE@@6B@	const MOXIE::Font::`vftable'
1690	??_7FontMap@MOXIE@@6B@	const MOXIE::FontMap::`vftable'
1691	??_7FontResource@MOXIE@@6B@	const MOXIE::FontResource::`vftable'
1692	??_7ForceField@MOXIE@@6B@	const MOXIE::ForceField::`vftable'
1693	??_7GlobalTime@MOXIE@@6B@	const MOXIE::GlobalTime::`vftable'
1694	??_7IJob@MOXIE@@6B@	const MOXIE::IJob::`vftable'
1695	??_7IService@MOXIE@@6B@	const MOXIE::IService::`vftable'
1696	??_7IndexBuffer@MOXIE@@6B@	const MOXIE::IndexBuffer::`vftable'
1697	??_7InputManager@MOXIE@@6B@	const MOXIE::InputManager::`vftable'
1698	??_7InternalFileSystem@MOXIE@@6B@	const MOXIE::InternalFileSystem::`vftable'
1699	??_7LAllocator@MOXIE@@6B@	const MOXIE::LAllocator::`vftable'
1700	??_7LApi@MOXIE@@6B@	const MOXIE::LApi::`vftable'
1701	??_7LApiActorClampLayer@duet@@6B@	const duet::LApiActorClampLayer::`vftable'
1702	??_7LApiActorMover@duet@@6B@	const duet::LApiActorMover::`vftable'
1703	??_7LApiActorMoverLayer@duet@@6B@	const duet::LApiActorMoverLayer::`vftable'
1704	??_7LApiActorVignette@duet@@6B@	const duet::LApiActorVignette::`vftable'
1705	??_7LApiActorsLayer@duet@@6B@	const duet::LApiActorsLayer::`vftable'
1706	??_7LApiBoomLayer@duet@@6B@	const duet::LApiBoomLayer::`vftable'
1707	??_7LApiBoundsLayer@duet@@6B@	const duet::LApiBoundsLayer::`vftable'
1708	??_7LApiCameraRig@duet@@6B@	const duet::LApiCameraRig::`vftable'
1709	??_7LApiDuet@duet@@6B@	const duet::LApiDuet::`vftable'
1710	??_7LApiDuetScene@duet@@6B@	const duet::LApiDuetScene::`vftable'
1711	??_7LApiFlipbookDriver@duet@@6B@	const duet::LApiFlipbookDriver::`vftable'
1712	??_7LApiGlowAlpha@duet@@6B@	const duet::LApiGlowAlpha::`vftable'
1713	??_7LApiGlowFader@duet@@6B@	const duet::LApiGlowFader::`vftable'
1714	??_7LApiInputLayer@duet@@6B@	const duet::LApiInputLayer::`vftable'
1715	??_7LApiIntroEnvControl@duet@@6B@	const duet::LApiIntroEnvControl::`vftable'
1716	??_7LApiLookAtDetector@duet@@6B@	const duet::LApiLookAtDetector::`vftable'
1717	??_7LApiLookAtLayer@duet@@6B@	const duet::LApiLookAtLayer::`vftable'
1718	??_7LApiLuaProfiler@luaProfiler@MOXIE@@6B@	const MOXIE::luaProfiler::LApiLuaProfiler::`vftable'
1719	??_7LApiMasterBlender@duet@@6B@	const duet::LApiMasterBlender::`vftable'
1720	??_7LApiParticlesController@duet@@6B@	const duet::LApiParticlesController::`vftable'
1721	??_7LApiProxyLayer@duet@@6B@	const duet::LApiProxyLayer::`vftable'
1722	??_7LApiSegmentManager@duet@@6B@	const duet::LApiSegmentManager::`vftable'
1723	??_7LApiSoftTrack@duet@@6B@	const duet::LApiSoftTrack::`vftable'
1724	??_7LApiStarBlendLayer@duet@@6B@	const duet::LApiStarBlendLayer::`vftable'
1725	??_7LApiTrackingLayer@duet@@6B@	const duet::LApiTrackingLayer::`vftable'
1726	??_7LApiTrackingManager@duet@@6B@	const duet::LApiTrackingManager::`vftable'
1727	??_7LApiTrackingTarget@duet@@6B@	const duet::LApiTrackingTarget::`vftable'
1728	??_7LApiUtil@duet@@6B@	const duet::LApiUtil::`vftable'
1729	??_7LApplication@MOXIE@@6B@	const MOXIE::LApplication::`vftable'
1730	??_7LAudioEmitter@MOXIE@@6B@	const MOXIE::LAudioEmitter::`vftable'
1731	??_7LBlockAllocator@MOXIE@@6B@	const MOXIE::LBlockAllocator::`vftable'
1732	??_7LComponent@MOXIE@@6B@	const MOXIE::LComponent::`vftable'
1733	??_7LEnvMoxie@MOXIE@@6B@	const MOXIE::LEnvMoxie::`vftable'
1734	??_7LEnvironment@MOXIE@@6B@	const MOXIE::LEnvironment::`vftable'
1735	??_7LocalFileSystem@MOXIE@@6B@	const MOXIE::LocalFileSystem::`vftable'
1736	??_7MaterialParameter@MOXIE@@6B@	const MOXIE::MaterialParameter::`vftable'
1737	??_7MaterialParameterConstant@MOXIE@@6B@	const MOXIE::MaterialParameterConstant::`vftable'
1738	??_7MaterialParameterTexture@MOXIE@@6B@	const MOXIE::MaterialParameterTexture::`vftable'
1739	??_7MemoryStream@MOXIE@@6B@	const MOXIE::MemoryStream::`vftable'
1740	??_7ModelResource@MOXIE@@6B@	const MOXIE::ModelResource::`vftable'
1741	??_7NestedFileSystem@MOXIE@@6B@	const MOXIE::NestedFileSystem::`vftable'
1742	??_7NetworkFileSystem@MOXIE@@6B@	const MOXIE::NetworkFileSystem::`vftable'
1743	??_7OggVorbisDecoder@MOXIE@@6B@	const MOXIE::OggVorbisDecoder::`vftable'
1744	??_7PackageFileSystem@MOXIE@@6B@	const MOXIE::PackageFileSystem::`vftable'
1745	??_7ParameterData@MOXIE@@6B@	const MOXIE::ParameterData::`vftable'
1746	??_7ParameterDataFloat2@MOXIE@@6B@	const MOXIE::ParameterDataFloat2::`vftable'
1747	??_7ParameterDataFloat3@MOXIE@@6B@	const MOXIE::ParameterDataFloat3::`vftable'
1748	??_7ParameterDataFloat4@MOXIE@@6B@	const MOXIE::ParameterDataFloat4::`vftable'
1749	??_7ParameterDataFloat@MOXIE@@6B@	const MOXIE::ParameterDataFloat::`vftable'
1750	??_7ParameterDataInt@MOXIE@@6B@	const MOXIE::ParameterDataInt::`vftable'
1751	??_7ParameterDataMatrix@MOXIE@@6B@	const MOXIE::ParameterDataMatrix::`vftable'
1752	??_7ParameterTexture2D@MOXIE@@6B@	const MOXIE::ParameterTexture2D::`vftable'
1753	??_7ParameterTexture2DMS@MOXIE@@6B@	const MOXIE::ParameterTexture2DMS::`vftable'
1754	??_7ParameterTextureCubemap@MOXIE@@6B@	const MOXIE::ParameterTextureCubemap::`vftable'
1755	??_7ParameterTextureVideo@MOXIE@@6B@	const MOXIE::ParameterTextureVideo::`vftable'
1756	??_7ParticleCollider@MOXIE@@6B@	const MOXIE::ParticleCollider::`vftable'
1757	??_7ParticleField@MOXIE@@6B@	const MOXIE::ParticleField::`vftable'
1758	??_7ParticleSystemResource@MOXIE@@6B@	const MOXIE::ParticleSystemResource::`vftable'
1759	??_7PcmDecoder@MOXIE@@6B@	const MOXIE::PcmDecoder::`vftable'
1760	??_7PhysicsManager@MOXIE@@6B@	const MOXIE::PhysicsManager::`vftable'
1761	??_7PipelineStateResource@MOXIE@@6B@	const MOXIE::PipelineStateResource::`vftable'
1762	??_7PlaneCollider@MOXIE@@6B@	const MOXIE::PlaneCollider::`vftable'
1763	??_7PlatformAudioDriver@MOXIE@@6B@	const MOXIE::PlatformAudioDriver::`vftable'
1764	??_7PlatformAudioDriverDirectSound@MOXIE@@6B@	const MOXIE::PlatformAudioDriverDirectSound::`vftable'
1765	??_7Player@MOXIE@@6B@	const MOXIE::Player::`vftable'
1766	??_7PosteffectResource@MOXIE@@6B@	const MOXIE::PosteffectResource::`vftable'
1767	??_7RefCount@MOXIE@@6B@	const MOXIE::RefCount::`vftable'
1768	??_7RenderBuffer@MOXIE@@6B@	const MOXIE::RenderBuffer::`vftable'
1769	??_7RenderContext@MOXIE@@6B@	const MOXIE::RenderContext::`vftable'
1770	??_7RenderDebug@MOXIE@@6B@	const MOXIE::RenderDebug::`vftable'
1771	??_7RenderDevice@MOXIE@@6B@	const MOXIE::RenderDevice::`vftable'
1772	??_7RenderDeviceGL@MOXIE@@6B@	const MOXIE::RenderDeviceGL::`vftable'
1773	??_7RenderDispatcher@MOXIE@@6B@	const MOXIE::RenderDispatcher::`vftable'
1774	??_7RenderManager@MOXIE@@6B@	const MOXIE::RenderManager::`vftable'
1775	??_7RenderSurface@MOXIE@@6B@	const MOXIE::RenderSurface::`vftable'
1776	??_7RenderTarget@MOXIE@@6B@	const MOXIE::RenderTarget::`vftable'
1777	??_7Resource@MOXIE@@6B@	const MOXIE::Resource::`vftable'
1778	??_7ResourceGroup@MOXIE@@6B@	const MOXIE::ResourceGroup::`vftable'
1779	??_7ResourceManager@MOXIE@@6B@	const MOXIE::ResourceManager::`vftable'
1780	??_7RiffDiver@MOXIE@@6B@	const MOXIE::RiffDiver::`vftable'
1781	??_7SGAnimator@MOXIE@@6BAnimator@1@@	const MOXIE::SGAnimator::`vftable'{for `MOXIE::Animator'}
1782	??_7SGAnimator@MOXIE@@6BSGComponent@1@@	const MOXIE::SGAnimator::`vftable'{for `MOXIE::SGComponent'}
1783	??_7SGAtmospherics@MOXIE@@6B@	const MOXIE::SGAtmospherics::`vftable'
1784	??_7SGAttachmentProxy@MOXIE@@6B@	const MOXIE::SGAttachmentProxy::`vftable'
1785	??_7SGCamera@MOXIE@@6B@	const MOXIE::SGCamera::`vftable'
1786	??_7SGCameraController@MOXIE@@6B@	const MOXIE::SGCameraController::`vftable'
1787	??_7SGComponent@MOXIE@@6B@	const MOXIE::SGComponent::`vftable'
1788	??_7SGCustomAnimator@MOXIE@@6B@	const MOXIE::SGCustomAnimator::`vftable'
1789	??_7SGDebugCameraController@MOXIE@@6B@	const MOXIE::SGDebugCameraController::`vftable'
1790	??_7SGDepth@MOXIE@@6B@	const MOXIE::SGDepth::`vftable'
1791	??_7SGFog@MOXIE@@6B@	const MOXIE::SGFog::`vftable'
1792	??_7SGFogAnimator@MOXIE@@6B@	const MOXIE::SGFogAnimator::`vftable'
1793	??_7SGGroup@MOXIE@@6B@	const MOXIE::SGGroup::`vftable'
1794	??_7SGLight@MOXIE@@6B@	const MOXIE::SGLight::`vftable'
1795	??_7SGLightAnimator@MOXIE@@6B@	const MOXIE::SGLightAnimator::`vftable'
1796	??_7SGMaterial@MOXIE@@6B@	const MOXIE::SGMaterial::`vftable'
1797	??_7SGModelInstance@MOXIE@@6B@	const MOXIE::SGModelInstance::`vftable'
1798	??_7SGNode@MOXIE@@6B@	const MOXIE::SGNode::`vftable'
1799	??_7SGParticleAnimator@MOXIE@@6B@	const MOXIE::SGParticleAnimator::`vftable'
1800	??_7SGParticleEmitter@MOXIE@@6B@	const MOXIE::SGParticleEmitter::`vftable'
1801	??_7SGProjector@MOXIE@@6B@	const MOXIE::SGProjector::`vftable'
1802	??_7SGProjectorAnimator@MOXIE@@6B@	const MOXIE::SGProjectorAnimator::`vftable'
1803	??_7SGRenderGraph@MOXIE@@6B@	const MOXIE::SGRenderGraph::`vftable'
1804	??_7SGRenderGraphAnimator@MOXIE@@6BAnimator@1@@	const MOXIE::SGRenderGraphAnimator::`vftable'{for `MOXIE::Animator'}
1805	??_7SGRenderGraphAnimator@MOXIE@@6BSGComponent@1@@	const MOXIE::SGRenderGraphAnimator::`vftable'{for `MOXIE::SGComponent'}
1806	??_7SGReplay@MOXIE@@6B@	const MOXIE::SGReplay::`vftable'
1807	??_7SGTransform@MOXIE@@6B@	const MOXIE::SGTransform::`vftable'
1808	??_7SGVideo360Player@MOXIE@@6B@	const MOXIE::SGVideo360Player::`vftable'
1809	??_7SGVideoCubePlayer@MOXIE@@6B@	const MOXIE::SGVideoCubePlayer::`vftable'
1810	??_7SGVideoCubeRectPlayer@MOXIE@@6B@	const MOXIE::SGVideoCubeRectPlayer::`vftable'
1811	??_7SGVideoLatLongPlayer@MOXIE@@6B@	const MOXIE::SGVideoLatLongPlayer::`vftable'
1812	??_7SceneGraphResource@MOXIE@@6B@	const MOXIE::SceneGraphResource::`vftable'
1813	??_7SceneManager@MOXIE@@6B@	const MOXIE::SceneManager::`vftable'
1814	??_7ScriptManager@MOXIE@@6B@	const MOXIE::ScriptManager::`vftable'
1815	??_7SensorManager@MOXIE@@6B@	const MOXIE::SensorManager::`vftable'
1816	??_7Shader@MOXIE@@6B@	const MOXIE::Shader::`vftable'
1817	??_7ShaderGL_ES2@MOXIE@@6B@	const MOXIE::ShaderGL_ES2::`vftable'
1818	??_7ShaderResource@MOXIE@@6B@	const MOXIE::ShaderResource::`vftable'
1819	??_7StatListener@@6B@	const StatListener::`vftable'
1820	??_7StatLogger@@6B@	const StatLogger::`vftable'
1821	??_7StatManager@MOXIE@@6B@	const MOXIE::StatManager::`vftable'
1822	??_7StoryPlayer@MOXIE@@6B@	const MOXIE::StoryPlayer::`vftable'
1823	??_7Stream@MOXIE@@6B@	const MOXIE::Stream::`vftable'
1824	??_7StreamDataSource@MOXIE@@6B@	const MOXIE::StreamDataSource::`vftable'
1825	??_7Texture2D@MOXIE@@6B@	const MOXIE::Texture2D::`vftable'
1826	??_7Texture2DArray@MOXIE@@6B@	const MOXIE::Texture2DArray::`vftable'
1827	??_7Texture@MOXIE@@6B@	const MOXIE::Texture::`vftable'
1828	??_7TextureCubeMap@MOXIE@@6B@	const MOXIE::TextureCubeMap::`vftable'
1829	??_7TextureResource@MOXIE@@6B@	const MOXIE::TextureResource::`vftable'
1830	??_7TextureVideo@MOXIE@@6B@	const MOXIE::TextureVideo::`vftable'
1831	??_7Thread@MOXIE@@6B@	const MOXIE::Thread::`vftable'
1832	??_7TornadoField@MOXIE@@6B@	const MOXIE::TornadoField::`vftable'
1833	??_7TurbulenceField2D@MOXIE@@6B@	const MOXIE::TurbulenceField2D::`vftable'
1834	??_7TurbulenceField3D@MOXIE@@6B@	const MOXIE::TurbulenceField3D::`vftable'
1835	??_7UriManager@MOXIE@@6B@	const MOXIE::UriManager::`vftable'
1836	??_7VertexBuffer@MOXIE@@6B@	const MOXIE::VertexBuffer::`vftable'
1837	??_7VideoCubeManager@MOXIE@@6B@	const MOXIE::VideoCubeManager::`vftable'
1838	??_7VideoCubeResource@MOXIE@@6B@	const MOXIE::VideoCubeResource::`vftable'
1839	??_7VortexField@MOXIE@@6B@	const MOXIE::VortexField::`vftable'
1840	??_FBuffer@@QEAAXXZ	public: void __cdecl Buffer::`default constructor closure'(void) __ptr64
1841	??_FBuffer@MOXIE@@QEAAXXZ	public: void __cdecl MOXIE::Buffer::`default constructor closure'(void) __ptr64
1842	??_FGUITexture@MOXIE@@QEAAXXZ	public: void __cdecl MOXIE::GUITexture::`default constructor closure'(void) __ptr64
1843	??_FMemoryStream@MOXIE@@QEAAXXZ	public: void __cdecl MOXIE::MemoryStream::`default constructor closure'(void) __ptr64
1844	??_FMutex@MOXIE@@QEAAXXZ	public: void __cdecl MOXIE::Mutex::`default constructor closure'(void) __ptr64
1845	??_FSceneGraph@MOXIE@@QEAAXXZ	public: void __cdecl MOXIE::SceneGraph::`default constructor closure'(void) __ptr64
1846	??_FString@MOXIE@@QEAAXXZ	public: void __cdecl MOXIE::String::`default constructor closure'(void) __ptr64
1847	??_FTime@MOXIE@@QEAAXXZ	public: void __cdecl MOXIE::Time::`default constructor closure'(void) __ptr64
1848	??_FViewport@MOXIE@@QEAAXXZ	public: void __cdecl MOXIE::Viewport::`default constructor closure'(void) __ptr64
1849	?BLOCK_FOOTER_SIZE@MemoryTracker@@2IB	public: static unsigned int const MemoryTracker::BLOCK_FOOTER_SIZE
1850	?BLOCK_HEADER_SIZE@MemoryTracker@@2IB	public: static unsigned int const MemoryTracker::BLOCK_HEADER_SIZE
1851	?BLOCK_PADDING@MemoryTracker@@2IB	public: static unsigned int const MemoryTracker::BLOCK_PADDING
1852	?BLOCK_SIGNATURE@MemoryTracker@@2IB	public: static unsigned int const MemoryTracker::BLOCK_SIGNATURE
1853	?BuildGlowParameters@LApiActorVignette@duet@@CAXXZ	private: static void __cdecl duet::LApiActorVignette::BuildGlowParameters(void)
1854	?ClearOverlayRender@@YAXXZ	void __cdecl ClearOverlayRender(void)
1855	?DEFAULT@Particle@MOXIE@@2U12@A	public: static struct MOXIE::Particle MOXIE::Particle::DEFAULT
1856	?DEFAULT@ParticleDefinition@MOXIE@@2U12@A	public: static struct MOXIE::ParticleDefinition MOXIE::ParticleDefinition::DEFAULT
1857	?DEFAULT@RenderState@MOXIE@@2U12@B	public: static struct MOXIE::RenderState const MOXIE::RenderState::DEFAULT
1858	?DEFAULT@Style@MOXIE@@2U12@A	public: static struct MOXIE::Style MOXIE::Style::DEFAULT
1859	?Destroy@LApiGlowAlpha@duet@@SAHPEAUlua_State@@@Z	public: static int __cdecl duet::LApiGlowAlpha::Destroy(struct lua_State * __ptr64)
1860	?Destroy@LApiGlowFader@duet@@SAHPEAUlua_State@@@Z	public: static int __cdecl duet::LApiGlowFader::Destroy(struct lua_State * __ptr64)
1861	?Destroy@LApiMasterBlender@duet@@SAHPEAUlua_State@@@Z	public: static int __cdecl duet::LApiMasterBlender::Destroy(struct lua_State * __ptr64)
1862	?DisplayOverlayRender@@YAXXZ	void __cdecl DisplayOverlayRender(void)
1863	?DrawCircle@@YAXPEAMM0@Z	void __cdecl DrawCircle(float * __ptr64,float,float * __ptr64)
1864	?DrawLabel@@YAXMMMPEADPEAX@Z	void __cdecl DrawLabel(float,float,float,char * __ptr64,void * __ptr64)
1865	?DrawLine@@YAXMMMMMM@Z	void __cdecl DrawLine(float,float,float,float,float,float)
1866	?DrawPoint@@YAXPEAMM@Z	void __cdecl DrawPoint(float * __ptr64,float)
1867	?FogInfinity@SGFog@MOXIE@@2PEAV12@EA	public: static class MOXIE::SGFog * __ptr64 __ptr64 MOXIE::SGFog::FogInfinity
1868	?GetBounds@@YAXPEAX_NPEAM@Z	void __cdecl GetBounds(void * __ptr64,bool,float * __ptr64)
1869	?GetHDC@@YAHPEAUHWND__@@PEAPEAUHDC__@@@Z	int __cdecl GetHDC(struct HWND__ * __ptr64,struct HDC__ * __ptr64 * __ptr64)
1870	?GetTransform@@YAXPEAXPEAPEAX@Z	void __cdecl GetTransform(void * __ptr64,void * __ptr64 * __ptr64)
1871	?GetTransformMatrix@@YAXPEAX_NQEAM@Z	void __cdecl GetTransformMatrix(void * __ptr64,bool,float * __ptr64 const)
1872	?GetTransformRotation@@YAXPEAX_NQEAM@Z	void __cdecl GetTransformRotation(void * __ptr64,bool,float * __ptr64 const)
1873	?GetTransformScale@@YAXPEAX_NQEAM@Z	void __cdecl GetTransformScale(void * __ptr64,bool,float * __ptr64 const)
1874	?GetTransformTranslation@@YAXPEAX_NQEAM@Z	void __cdecl GetTransformTranslation(void * __ptr64,bool,float * __ptr64 const)
1875	?HitTest@@YA_NHHPEAXPEAPEAXHH1@Z	bool __cdecl HitTest(int,int,void * __ptr64,void * __ptr64 * __ptr64,int,int,void * __ptr64 * __ptr64)
1876	?MAX_TEXTURE_UNITS@RenderDeviceGL@MOXIE@@2IB	public: static unsigned int const MOXIE::RenderDeviceGL::MAX_TEXTURE_UNITS
1877	?MIN_ALLOCATION_SIZE@LBlockAllocator@MOXIE@@2_KB	public: static unsigned __int64 const MOXIE::LBlockAllocator::MIN_ALLOCATION_SIZE
1878	?MIN_VERSION@AnimResource@MOXIE@@2IB	public: static unsigned int const MOXIE::AnimResource::MIN_VERSION
1879	?NUM_BLOCK_SIZES@LBlockAllocator@MOXIE@@2HB	public: static int const MOXIE::LBlockAllocator::NUM_BLOCK_SIZES
1880	?NUM_SPEAKER_PAIRS@AudServices@MOXIE@@2IB	public: static unsigned int const MOXIE::AudServices::NUM_SPEAKER_PAIRS
1881	?OVMETA_EXTENSION@OggVorbisMetadata@MOXIE@@2PEBDEB	public: static char const * __ptr64 const __ptr64 MOXIE::OggVorbisMetadata::OVMETA_EXTENSION
1882	?OVMETA_MAGIC@OggVorbisMetadata@MOXIE@@2QBDB	public: static char const * const MOXIE::OggVorbisMetadata::OVMETA_MAGIC
1883	?OVMETA_VERSION@OggVorbisMetadata@MOXIE@@2IB	public: static unsigned int const MOXIE::OggVorbisMetadata::OVMETA_VERSION
1884	?ReleaseMaterialDefinition@@YAXPEAUMaterialDefinition@@@Z	void __cdecl ReleaseMaterialDefinition(struct MaterialDefinition * __ptr64)
1885	?ReleaseMaterialParamData@@YAXPEATMaterialParamData@@@Z	void __cdecl ReleaseMaterialParamData(union MaterialParamData * __ptr64)
1886	?RotateLocal@@YAXPEAXQEAM@Z	void __cdecl RotateLocal(void * __ptr64,float * __ptr64 const)
1887	?RotatePointAboutAxis@@YAXPEAM0M0@Z	void __cdecl RotatePointAboutAxis(float * __ptr64,float * __ptr64,float,float * __ptr64)
1888	?ScaleLocal@@YAXPEAXQEAM@Z	void __cdecl ScaleLocal(void * __ptr64,float * __ptr64 const)
1889	?SegmentPlaying@LApiMasterBlender@duet@@SAHPEAUlua_State@@@Z	public: static int __cdecl duet::LApiMasterBlender::SegmentPlaying(struct lua_State * __ptr64)
1890	?SetChannel@@YA_NPEAUMaterialDefinition@@HPEAUMaterialParam@@PEATMaterialParamData@@@Z	bool __cdecl SetChannel(struct MaterialDefinition * __ptr64,int,struct MaterialParam * __ptr64,union MaterialParamData * __ptr64)
1891	?SetLocalMatrix@@YAXPEAXPEAM@Z	void __cdecl SetLocalMatrix(void * __ptr64,float * __ptr64)
1892	?SetLocalRotation@@YAXPEAXQEAM@Z	void __cdecl SetLocalRotation(void * __ptr64,float * __ptr64 const)
1893	?SetLocalScale@@YAXPEAXQEAM@Z	void __cdecl SetLocalScale(void * __ptr64,float * __ptr64 const)
1894	?SetLocalTranslation@@YAXPEAXQEAM@Z	void __cdecl SetLocalTranslation(void * __ptr64,float * __ptr64 const)
1895	?SetOverlayRenderColor@@YAXQEAM@Z	void __cdecl SetOverlayRenderColor(float * __ptr64 const)
1896	?SetRenderCallback@@YAXP6AXXZ@Z	void __cdecl SetRenderCallback(void (__cdecl*)(void))
1897	?SetWorldMatrix@@YAXPEAXPEAM@Z	void __cdecl SetWorldMatrix(void * __ptr64,float * __ptr64)
1898	?SetWorldRotation@@YAXPEAXQEAM@Z	void __cdecl SetWorldRotation(void * __ptr64,float * __ptr64 const)
1899	?SetWorldTranslation@@YAXPEAXQEAM@Z	void __cdecl SetWorldTranslation(void * __ptr64,float * __ptr64 const)
1900	?Start@LApiGlowAlpha@duet@@SAHPEAUlua_State@@@Z	public: static int __cdecl duet::LApiGlowAlpha::Start(struct lua_State * __ptr64)
1901	?Start@LApiGlowFader@duet@@SAHPEAUlua_State@@@Z	public: static int __cdecl duet::LApiGlowFader::Start(struct lua_State * __ptr64)
1902	?Start@LApiMasterBlender@duet@@SAHPEAUlua_State@@@Z	public: static int __cdecl duet::LApiMasterBlender::Start(struct lua_State * __ptr64)
1903	?Step@@YAXXZ	void __cdecl Step(void)
1904	?TranslateLocal@@YAXPEAXQEAM@Z	void __cdecl TranslateLocal(void * __ptr64,float * __ptr64 const)
1905	?Update@LApiGlowAlpha@duet@@SAHPEAUlua_State@@@Z	public: static int __cdecl duet::LApiGlowAlpha::Update(struct lua_State * __ptr64)
1906	?Update@LApiGlowFader@duet@@SAHPEAUlua_State@@@Z	public: static int __cdecl duet::LApiGlowFader::Update(struct lua_State * __ptr64)
1907	?Update@LApiMasterBlender@duet@@SAHPEAUlua_State@@@Z	public: static int __cdecl duet::LApiMasterBlender::Update(struct lua_State * __ptr64)
1908	?UpdateMaterialsFromRaw@@YAXPEAX@Z	void __cdecl UpdateMaterialsFromRaw(void * __ptr64)
1909	?VERSION@AnimResource@MOXIE@@2IB	public: static unsigned int const MOXIE::AnimResource::VERSION
1910	?VERSION@ParticleSystemResource@MOXIE@@2IB	public: static unsigned int const MOXIE::ParticleSystemResource::VERSION
1911	?VERSION@SceneGraphResource@MOXIE@@2IB	public: static unsigned int const MOXIE::SceneGraphResource::VERSION
1912	?ViewDirToQuat@@YAXPEAM0@Z	void __cdecl ViewDirToQuat(float * __ptr64,float * __ptr64)
1913	?_BaseRTTI@BufferObject@MOXIE@@SAPEAVRTTI@2@XZ	public: static class MOXIE::RTTI * __ptr64 __cdecl MOXIE::BufferObject::_BaseRTTI(void)
1914	?_BaseRTTI@FileSystem@MOXIE@@SAPEAVRTTI@2@XZ	public: static class MOXIE::RTTI * __ptr64 __cdecl MOXIE::FileSystem::_BaseRTTI(void)
1915	?_BaseRTTI@FlipbookSampler@MOXIE@@SAPEAVRTTI@2@XZ	public: static class MOXIE::RTTI * __ptr64 __cdecl MOXIE::FlipbookSampler::_BaseRTTI(void)
1916	?_BaseRTTI@Font@MOXIE@@SAPEAVRTTI@2@XZ	public: static class MOXIE::RTTI * __ptr64 __cdecl MOXIE::Font::_BaseRTTI(void)
1917	?_BaseRTTI@IService@MOXIE@@SAPEAVRTTI@2@XZ	public: static class MOXIE::RTTI * __ptr64 __cdecl MOXIE::IService::_BaseRTTI(void)
1918	?_BaseRTTI@LAllocator@MOXIE@@SAPEAVRTTI@2@XZ	public: static class MOXIE::RTTI * __ptr64 __cdecl MOXIE::LAllocator::_BaseRTTI(void)
1919	?_BaseRTTI@LApi@MOXIE@@SAPEAVRTTI@2@XZ	public: static class MOXIE::RTTI * __ptr64 __cdecl MOXIE::LApi::_BaseRTTI(void)
1920	?_BaseRTTI@LAudioEmitter@MOXIE@@SAPEAVRTTI@2@XZ	public: static class MOXIE::RTTI * __ptr64 __cdecl MOXIE::LAudioEmitter::_BaseRTTI(void)
1921	?_BaseRTTI@RenderTarget@MOXIE@@SAPEAVRTTI@2@XZ	public: static class MOXIE::RTTI * __ptr64 __cdecl MOXIE::RenderTarget::_BaseRTTI(void)
1922	?_BaseRTTI@Resource@MOXIE@@SAPEAVRTTI@2@XZ	public: static class MOXIE::RTTI * __ptr64 __cdecl MOXIE::Resource::_BaseRTTI(void)
1923	?_BaseRTTI@SGComponent@MOXIE@@SAPEAVRTTI@2@XZ	public: static class MOXIE::RTTI * __ptr64 __cdecl MOXIE::SGComponent::_BaseRTTI(void)
1924	?_BaseRTTI@SGNode@MOXIE@@SAPEAVRTTI@2@XZ	public: static class MOXIE::RTTI * __ptr64 __cdecl MOXIE::SGNode::_BaseRTTI(void)
1925	?_BaseRTTI@Shader@MOXIE@@SAPEAVRTTI@2@XZ	public: static class MOXIE::RTTI * __ptr64 __cdecl MOXIE::Shader::_BaseRTTI(void)
1926	?_RTTI@AnalyticsManager@MOXIE@@SAPEBVRTTI@2@XZ	public: static class MOXIE::RTTI const * __ptr64 __cdecl MOXIE::AnalyticsManager::_RTTI(void)
1927	?_RTTI@AnimResource@MOXIE@@SAPEBVRTTI@2@XZ	public: static class MOXIE::RTTI const * __ptr64 __cdecl MOXIE::AnimResource::_RTTI(void)
1928	?_RTTI@AnimationFlipbookSampler@MOXIE@@SAPEBVRTTI@2@XZ	public: static class MOXIE::RTTI const * __ptr64 __cdecl MOXIE::AnimationFlipbookSampler::_RTTI(void)
1929	?_RTTI@AudioManager@MOXIE@@SAPEBVRTTI@2@XZ	public: static class MOXIE::RTTI const * __ptr64 __cdecl MOXIE::AudioManager::_RTTI(void)
1930	?_RTTI@AudioResource@MOXIE@@SAPEBVRTTI@2@XZ	public: static class MOXIE::RTTI const * __ptr64 __cdecl MOXIE::AudioResource::_RTTI(void)
1931	?_RTTI@BorderPaddedTextureResource@MOXIE@@SAPEBVRTTI@2@XZ	public: static class MOXIE::RTTI const * __ptr64 __cdecl MOXIE::BorderPaddedTextureResource::_RTTI(void)
1932	?_RTTI@BufferObject@MOXIE@@SAPEAVRTTI@2@XZ	public: static class MOXIE::RTTI * __ptr64 __cdecl MOXIE::BufferObject::_RTTI(void)
1933	?_RTTI@DepthResource@MOXIE@@SAPEBVRTTI@2@XZ	public: static class MOXIE::RTTI const * __ptr64 __cdecl MOXIE::DepthResource::_RTTI(void)
1934	?_RTTI@EnableManager@MOXIE@@SAPEBVRTTI@2@XZ	public: static class MOXIE::RTTI const * __ptr64 __cdecl MOXIE::EnableManager::_RTTI(void)
1935	?_RTTI@FBImageResource@MOXIE@@SAPEBVRTTI@2@XZ	public: static class MOXIE::RTTI const * __ptr64 __cdecl MOXIE::FBImageResource::_RTTI(void)
1936	?_RTTI@FileSystem@MOXIE@@SAPEAVRTTI@2@XZ	public: static class MOXIE::RTTI * __ptr64 __cdecl MOXIE::FileSystem::_RTTI(void)
1937	?_RTTI@FlipbookResource@MOXIE@@SAPEBVRTTI@2@XZ	public: static class MOXIE::RTTI const * __ptr64 __cdecl MOXIE::FlipbookResource::_RTTI(void)
1938	?_RTTI@FlipbookSampler@MOXIE@@SAPEAVRTTI@2@XZ	public: static class MOXIE::RTTI * __ptr64 __cdecl MOXIE::FlipbookSampler::_RTTI(void)
1939	?_RTTI@Font@MOXIE@@SAPEAVRTTI@2@XZ	public: static class MOXIE::RTTI * __ptr64 __cdecl MOXIE::Font::_RTTI(void)
1940	?_RTTI@FontResource@MOXIE@@SAPEBVRTTI@2@XZ	public: static class MOXIE::RTTI const * __ptr64 __cdecl MOXIE::FontResource::_RTTI(void)
1941	?_RTTI@GlobalTime@MOXIE@@SAPEBVRTTI@2@XZ	public: static class MOXIE::RTTI const * __ptr64 __cdecl MOXIE::GlobalTime::_RTTI(void)
1942	?_RTTI@IService@MOXIE@@SAPEAVRTTI@2@XZ	public: static class MOXIE::RTTI * __ptr64 __cdecl MOXIE::IService::_RTTI(void)
1943	?_RTTI@IndexBuffer@MOXIE@@SAPEBVRTTI@2@XZ	public: static class MOXIE::RTTI const * __ptr64 __cdecl MOXIE::IndexBuffer::_RTTI(void)
1944	?_RTTI@InputManager@MOXIE@@SAPEBVRTTI@2@XZ	public: static class MOXIE::RTTI const * __ptr64 __cdecl MOXIE::InputManager::_RTTI(void)
1945	?_RTTI@InternalFileSystem@MOXIE@@SAPEBVRTTI@2@XZ	public: static class MOXIE::RTTI const * __ptr64 __cdecl MOXIE::InternalFileSystem::_RTTI(void)
1946	?_RTTI@LAllocator@MOXIE@@SAPEAVRTTI@2@XZ	public: static class MOXIE::RTTI * __ptr64 __cdecl MOXIE::LAllocator::_RTTI(void)
1947	?_RTTI@LApi@MOXIE@@SAPEAVRTTI@2@XZ	public: static class MOXIE::RTTI * __ptr64 __cdecl MOXIE::LApi::_RTTI(void)
1948	?_RTTI@LApiActorClampLayer@duet@@SAPEBVRTTI@MOXIE@@XZ	public: static class MOXIE::RTTI const * __ptr64 __cdecl duet::LApiActorClampLayer::_RTTI(void)
1949	?_RTTI@LApiActorMover@duet@@SAPEBVRTTI@MOXIE@@XZ	public: static class MOXIE::RTTI const * __ptr64 __cdecl duet::LApiActorMover::_RTTI(void)
1950	?_RTTI@LApiActorMoverLayer@duet@@SAPEBVRTTI@MOXIE@@XZ	public: static class MOXIE::RTTI const * __ptr64 __cdecl duet::LApiActorMoverLayer::_RTTI(void)
1951	?_RTTI@LApiActorVignette@duet@@SAPEBVRTTI@MOXIE@@XZ	public: static class MOXIE::RTTI const * __ptr64 __cdecl duet::LApiActorVignette::_RTTI(void)
1952	?_RTTI@LApiActorsLayer@duet@@SAPEBVRTTI@MOXIE@@XZ	public: static class MOXIE::RTTI const * __ptr64 __cdecl duet::LApiActorsLayer::_RTTI(void)
1953	?_RTTI@LApiBoomLayer@duet@@SAPEBVRTTI@MOXIE@@XZ	public: static class MOXIE::RTTI const * __ptr64 __cdecl duet::LApiBoomLayer::_RTTI(void)
1954	?_RTTI@LApiBoundsLayer@duet@@SAPEBVRTTI@MOXIE@@XZ	public: static class MOXIE::RTTI const * __ptr64 __cdecl duet::LApiBoundsLayer::_RTTI(void)
1955	?_RTTI@LApiCameraRig@duet@@SAPEBVRTTI@MOXIE@@XZ	public: static class MOXIE::RTTI const * __ptr64 __cdecl duet::LApiCameraRig::_RTTI(void)
1956	?_RTTI@LApiDuet@duet@@SAPEBVRTTI@MOXIE@@XZ	public: static class MOXIE::RTTI const * __ptr64 __cdecl duet::LApiDuet::_RTTI(void)
1957	?_RTTI@LApiDuetScene@duet@@SAPEBVRTTI@MOXIE@@XZ	public: static class MOXIE::RTTI const * __ptr64 __cdecl duet::LApiDuetScene::_RTTI(void)
1958	?_RTTI@LApiFlipbookDriver@duet@@SAPEBVRTTI@MOXIE@@XZ	public: static class MOXIE::RTTI const * __ptr64 __cdecl duet::LApiFlipbookDriver::_RTTI(void)
1959	?_RTTI@LApiGlowAlpha@duet@@SAPEBVRTTI@MOXIE@@XZ	public: static class MOXIE::RTTI const * __ptr64 __cdecl duet::LApiGlowAlpha::_RTTI(void)
1960	?_RTTI@LApiGlowFader@duet@@SAPEBVRTTI@MOXIE@@XZ	public: static class MOXIE::RTTI const * __ptr64 __cdecl duet::LApiGlowFader::_RTTI(void)
1961	?_RTTI@LApiInputLayer@duet@@SAPEBVRTTI@MOXIE@@XZ	public: static class MOXIE::RTTI const * __ptr64 __cdecl duet::LApiInputLayer::_RTTI(void)
1962	?_RTTI@LApiIntroEnvControl@duet@@SAPEBVRTTI@MOXIE@@XZ	public: static class MOXIE::RTTI const * __ptr64 __cdecl duet::LApiIntroEnvControl::_RTTI(void)
1963	?_RTTI@LApiLookAtDetector@duet@@SAPEBVRTTI@MOXIE@@XZ	public: static class MOXIE::RTTI const * __ptr64 __cdecl duet::LApiLookAtDetector::_RTTI(void)
1964	?_RTTI@LApiLookAtLayer@duet@@SAPEBVRTTI@MOXIE@@XZ	public: static class MOXIE::RTTI const * __ptr64 __cdecl duet::LApiLookAtLayer::_RTTI(void)
1965	?_RTTI@LApiLuaProfiler@luaProfiler@MOXIE@@SAPEBVRTTI@3@XZ	public: static class MOXIE::RTTI const * __ptr64 __cdecl MOXIE::luaProfiler::LApiLuaProfiler::_RTTI(void)
1966	?_RTTI@LApiMasterBlender@duet@@SAPEBVRTTI@MOXIE@@XZ	public: static class MOXIE::RTTI const * __ptr64 __cdecl duet::LApiMasterBlender::_RTTI(void)
1967	?_RTTI@LApiParticlesController@duet@@SAPEBVRTTI@MOXIE@@XZ	public: static class MOXIE::RTTI const * __ptr64 __cdecl duet::LApiParticlesController::_RTTI(void)
1968	?_RTTI@LApiProxyLayer@duet@@SAPEBVRTTI@MOXIE@@XZ	public: static class MOXIE::RTTI const * __ptr64 __cdecl duet::LApiProxyLayer::_RTTI(void)
1969	?_RTTI@LApiSegmentManager@duet@@SAPEBVRTTI@MOXIE@@XZ	public: static class MOXIE::RTTI const * __ptr64 __cdecl duet::LApiSegmentManager::_RTTI(void)
1970	?_RTTI@LApiSoftTrack@duet@@SAPEBVRTTI@MOXIE@@XZ	public: static class MOXIE::RTTI const * __ptr64 __cdecl duet::LApiSoftTrack::_RTTI(void)
1971	?_RTTI@LApiStarBlendLayer@duet@@SAPEBVRTTI@MOXIE@@XZ	public: static class MOXIE::RTTI const * __ptr64 __cdecl duet::LApiStarBlendLayer::_RTTI(void)
1972	?_RTTI@LApiTrackingLayer@duet@@SAPEBVRTTI@MOXIE@@XZ	public: static class MOXIE::RTTI const * __ptr64 __cdecl duet::LApiTrackingLayer::_RTTI(void)
1973	?_RTTI@LApiTrackingManager@duet@@SAPEBVRTTI@MOXIE@@XZ	public: static class MOXIE::RTTI const * __ptr64 __cdecl duet::LApiTrackingManager::_RTTI(void)
1974	?_RTTI@LApiTrackingTarget@duet@@SAPEBVRTTI@MOXIE@@XZ	public: static class MOXIE::RTTI const * __ptr64 __cdecl duet::LApiTrackingTarget::_RTTI(void)
1975	?_RTTI@LApiUtil@duet@@SAPEBVRTTI@MOXIE@@XZ	public: static class MOXIE::RTTI const * __ptr64 __cdecl duet::LApiUtil::_RTTI(void)
1976	?_RTTI@LAudioEmitter@MOXIE@@SAPEAVRTTI@2@XZ	public: static class MOXIE::RTTI * __ptr64 __cdecl MOXIE::LAudioEmitter::_RTTI(void)
1977	?_RTTI@LBlockAllocator@MOXIE@@SAPEBVRTTI@2@XZ	public: static class MOXIE::RTTI const * __ptr64 __cdecl MOXIE::LBlockAllocator::_RTTI(void)
1978	?_RTTI@LComponent@MOXIE@@SAPEBVRTTI@2@XZ	public: static class MOXIE::RTTI const * __ptr64 __cdecl MOXIE::LComponent::_RTTI(void)
1979	?_RTTI@LocalFileSystem@MOXIE@@SAPEBVRTTI@2@XZ	public: static class MOXIE::RTTI const * __ptr64 __cdecl MOXIE::LocalFileSystem::_RTTI(void)
1980	?_RTTI@ModelResource@MOXIE@@SAPEBVRTTI@2@XZ	public: static class MOXIE::RTTI const * __ptr64 __cdecl MOXIE::ModelResource::_RTTI(void)
1981	?_RTTI@NestedFileSystem@MOXIE@@SAPEBVRTTI@2@XZ	public: static class MOXIE::RTTI const * __ptr64 __cdecl MOXIE::NestedFileSystem::_RTTI(void)
1982	?_RTTI@NetworkFileSystem@MOXIE@@SAPEBVRTTI@2@XZ	public: static class MOXIE::RTTI const * __ptr64 __cdecl MOXIE::NetworkFileSystem::_RTTI(void)
1983	?_RTTI@PackageFileSystem@MOXIE@@SAPEBVRTTI@2@XZ	public: static class MOXIE::RTTI const * __ptr64 __cdecl MOXIE::PackageFileSystem::_RTTI(void)
1984	?_RTTI@ParticleSystemResource@MOXIE@@SAPEBVRTTI@2@XZ	public: static class MOXIE::RTTI const * __ptr64 __cdecl MOXIE::ParticleSystemResource::_RTTI(void)
1985	?_RTTI@PhysicsManager@MOXIE@@SAPEBVRTTI@2@XZ	public: static class MOXIE::RTTI const * __ptr64 __cdecl MOXIE::PhysicsManager::_RTTI(void)
1986	?_RTTI@PipelineStateResource@MOXIE@@SAPEBVRTTI@2@XZ	public: static class MOXIE::RTTI const * __ptr64 __cdecl MOXIE::PipelineStateResource::_RTTI(void)
1987	?_RTTI@PosteffectResource@MOXIE@@SAPEBVRTTI@2@XZ	public: static class MOXIE::RTTI const * __ptr64 __cdecl MOXIE::PosteffectResource::_RTTI(void)
1988	?_RTTI@RenderDebug@MOXIE@@SAPEBVRTTI@2@XZ	public: static class MOXIE::RTTI const * __ptr64 __cdecl MOXIE::RenderDebug::_RTTI(void)
1989	?_RTTI@RenderDevice@MOXIE@@SAPEBVRTTI@2@XZ	public: static class MOXIE::RTTI const * __ptr64 __cdecl MOXIE::RenderDevice::_RTTI(void)
1990	?_RTTI@RenderManager@MOXIE@@SAPEBVRTTI@2@XZ	public: static class MOXIE::RTTI const * __ptr64 __cdecl MOXIE::RenderManager::_RTTI(void)
1991	?_RTTI@RenderTarget@MOXIE@@SAPEAVRTTI@2@XZ	public: static class MOXIE::RTTI * __ptr64 __cdecl MOXIE::RenderTarget::_RTTI(void)
1992	?_RTTI@Resource@MOXIE@@SAPEAVRTTI@2@XZ	public: static class MOXIE::RTTI * __ptr64 __cdecl MOXIE::Resource::_RTTI(void)
1993	?_RTTI@ResourceManager@MOXIE@@SAPEBVRTTI@2@XZ	public: static class MOXIE::RTTI const * __ptr64 __cdecl MOXIE::ResourceManager::_RTTI(void)
1994	?_RTTI@SGAnimator@MOXIE@@SAPEBVRTTI@2@XZ	public: static class MOXIE::RTTI const * __ptr64 __cdecl MOXIE::SGAnimator::_RTTI(void)
1995	?_RTTI@SGAtmospherics@MOXIE@@SAPEBVRTTI@2@XZ	public: static class MOXIE::RTTI const * __ptr64 __cdecl MOXIE::SGAtmospherics::_RTTI(void)
1996	?_RTTI@SGAttachmentProxy@MOXIE@@SAPEBVRTTI@2@XZ	public: static class MOXIE::RTTI const * __ptr64 __cdecl MOXIE::SGAttachmentProxy::_RTTI(void)
1997	?_RTTI@SGCamera@MOXIE@@SAPEBVRTTI@2@XZ	public: static class MOXIE::RTTI const * __ptr64 __cdecl MOXIE::SGCamera::_RTTI(void)
1998	?_RTTI@SGCameraController@MOXIE@@SAPEBVRTTI@2@XZ	public: static class MOXIE::RTTI const * __ptr64 __cdecl MOXIE::SGCameraController::_RTTI(void)
1999	?_RTTI@SGComponent@MOXIE@@SAPEAVRTTI@2@XZ	public: static class MOXIE::RTTI * __ptr64 __cdecl MOXIE::SGComponent::_RTTI(void)
2000	?_RTTI@SGCustomAnimator@MOXIE@@SAPEBVRTTI@2@XZ	public: static class MOXIE::RTTI const * __ptr64 __cdecl MOXIE::SGCustomAnimator::_RTTI(void)
2001	?_RTTI@SGDebugCameraController@MOXIE@@SAPEBVRTTI@2@XZ	public: static class MOXIE::RTTI const * __ptr64 __cdecl MOXIE::SGDebugCameraController::_RTTI(void)
2002	?_RTTI@SGDepth@MOXIE@@SAPEBVRTTI@2@XZ	public: static class MOXIE::RTTI const * __ptr64 __cdecl MOXIE::SGDepth::_RTTI(void)
2003	?_RTTI@SGFog@MOXIE@@SAPEBVRTTI@2@XZ	public: static class MOXIE::RTTI const * __ptr64 __cdecl MOXIE::SGFog::_RTTI(void)
2004	?_RTTI@SGFogAnimator@MOXIE@@SAPEBVRTTI@2@XZ	public: static class MOXIE::RTTI const * __ptr64 __cdecl MOXIE::SGFogAnimator::_RTTI(void)
2005	?_RTTI@SGGroup@MOXIE@@SAPEBVRTTI@2@XZ	public: static class MOXIE::RTTI const * __ptr64 __cdecl MOXIE::SGGroup::_RTTI(void)
2006	?_RTTI@SGLight@MOXIE@@SAPEBVRTTI@2@XZ	public: static class MOXIE::RTTI const * __ptr64 __cdecl MOXIE::SGLight::_RTTI(void)
2007	?_RTTI@SGLightAnimator@MOXIE@@SAPEBVRTTI@2@XZ	public: static class MOXIE::RTTI const * __ptr64 __cdecl MOXIE::SGLightAnimator::_RTTI(void)
2008	?_RTTI@SGMaterial@MOXIE@@SAPEBVRTTI@2@XZ	public: static class MOXIE::RTTI const * __ptr64 __cdecl MOXIE::SGMaterial::_RTTI(void)
2009	?_RTTI@SGModelInstance@MOXIE@@SAPEBVRTTI@2@XZ	public: static class MOXIE::RTTI const * __ptr64 __cdecl MOXIE::SGModelInstance::_RTTI(void)
2010	?_RTTI@SGNode@MOXIE@@SAPEAVRTTI@2@XZ	public: static class MOXIE::RTTI * __ptr64 __cdecl MOXIE::SGNode::_RTTI(void)
2011	?_RTTI@SGParticleAnimator@MOXIE@@SAPEBVRTTI@2@XZ	public: static class MOXIE::RTTI const * __ptr64 __cdecl MOXIE::SGParticleAnimator::_RTTI(void)
2012	?_RTTI@SGParticleEmitter@MOXIE@@SAPEBVRTTI@2@XZ	public: static class MOXIE::RTTI const * __ptr64 __cdecl MOXIE::SGParticleEmitter::_RTTI(void)
2013	?_RTTI@SGProjector@MOXIE@@SAPEBVRTTI@2@XZ	public: static class MOXIE::RTTI const * __ptr64 __cdecl MOXIE::SGProjector::_RTTI(void)
2014	?_RTTI@SGProjectorAnimator@MOXIE@@SAPEBVRTTI@2@XZ	public: static class MOXIE::RTTI const * __ptr64 __cdecl MOXIE::SGProjectorAnimator::_RTTI(void)
2015	?_RTTI@SGRenderGraph@MOXIE@@SAPEBVRTTI@2@XZ	public: static class MOXIE::RTTI const * __ptr64 __cdecl MOXIE::SGRenderGraph::_RTTI(void)
2016	?_RTTI@SGRenderGraphAnimator@MOXIE@@SAPEBVRTTI@2@XZ	public: static class MOXIE::RTTI const * __ptr64 __cdecl MOXIE::SGRenderGraphAnimator::_RTTI(void)
2017	?_RTTI@SGReplay@MOXIE@@SAPEBVRTTI@2@XZ	public: static class MOXIE::RTTI const * __ptr64 __cdecl MOXIE::SGReplay::_RTTI(void)
2018	?_RTTI@SGTransform@MOXIE@@SAPEBVRTTI@2@XZ	public: static class MOXIE::RTTI const * __ptr64 __cdecl MOXIE::SGTransform::_RTTI(void)
2019	?_RTTI@SGVideo360Player@MOXIE@@SAPEBVRTTI@2@XZ	public: static class MOXIE::RTTI const * __ptr64 __cdecl MOXIE::SGVideo360Player::_RTTI(void)
2020	?_RTTI@SGVideoCubePlayer@MOXIE@@SAPEBVRTTI@2@XZ	public: static class MOXIE::RTTI const * __ptr64 __cdecl MOXIE::SGVideoCubePlayer::_RTTI(void)
2021	?_RTTI@SGVideoCubeRectPlayer@MOXIE@@SAPEBVRTTI@2@XZ	public: static class MOXIE::RTTI const * __ptr64 __cdecl MOXIE::SGVideoCubeRectPlayer::_RTTI(void)
2022	?_RTTI@SGVideoLatLongPlayer@MOXIE@@SAPEBVRTTI@2@XZ	public: static class MOXIE::RTTI const * __ptr64 __cdecl MOXIE::SGVideoLatLongPlayer::_RTTI(void)
2023	?_RTTI@SceneGraphResource@MOXIE@@SAPEBVRTTI@2@XZ	public: static class MOXIE::RTTI const * __ptr64 __cdecl MOXIE::SceneGraphResource::_RTTI(void)
2024	?_RTTI@SceneManager@MOXIE@@SAPEBVRTTI@2@XZ	public: static class MOXIE::RTTI const * __ptr64 __cdecl MOXIE::SceneManager::_RTTI(void)
2025	?_RTTI@ScriptManager@MOXIE@@SAPEBVRTTI@2@XZ	public: static class MOXIE::RTTI const * __ptr64 __cdecl MOXIE::ScriptManager::_RTTI(void)
2026	?_RTTI@SensorManager@MOXIE@@SAPEBVRTTI@2@XZ	public: static class MOXIE::RTTI const * __ptr64 __cdecl MOXIE::SensorManager::_RTTI(void)
2027	?_RTTI@Shader@MOXIE@@SAPEAVRTTI@2@XZ	public: static class MOXIE::RTTI * __ptr64 __cdecl MOXIE::Shader::_RTTI(void)
2028	?_RTTI@ShaderGL_ES2@MOXIE@@SAPEBVRTTI@2@XZ	public: static class MOXIE::RTTI const * __ptr64 __cdecl MOXIE::ShaderGL_ES2::_RTTI(void)
2029	?_RTTI@ShaderResource@MOXIE@@SAPEBVRTTI@2@XZ	public: static class MOXIE::RTTI const * __ptr64 __cdecl MOXIE::ShaderResource::_RTTI(void)
2030	?_RTTI@StatManager@MOXIE@@SAPEBVRTTI@2@XZ	public: static class MOXIE::RTTI const * __ptr64 __cdecl MOXIE::StatManager::_RTTI(void)
2031	?_RTTI@TextureResource@MOXIE@@SAPEBVRTTI@2@XZ	public: static class MOXIE::RTTI const * __ptr64 __cdecl MOXIE::TextureResource::_RTTI(void)
2032	?_RTTI@UriManager@MOXIE@@SAPEBVRTTI@2@XZ	public: static class MOXIE::RTTI const * __ptr64 __cdecl MOXIE::UriManager::_RTTI(void)
2033	?_RTTI@VertexBuffer@MOXIE@@SAPEBVRTTI@2@XZ	public: static class MOXIE::RTTI const * __ptr64 __cdecl MOXIE::VertexBuffer::_RTTI(void)
2034	?_RTTI@VideoCubeResource@MOXIE@@SAPEBVRTTI@2@XZ	public: static class MOXIE::RTTI const * __ptr64 __cdecl MOXIE::VideoCubeResource::_RTTI(void)
2035	?__allocate@LAllocator@MOXIE@@SAPEAXPEAX0_K1@Z	public: static void * __ptr64 __cdecl MOXIE::LAllocator::__allocate(void * __ptr64,void * __ptr64,unsigned __int64,unsigned __int64)
2036	?__displayBillboards@RenderDebug@MOXIE@@AEAAXPEAVRenderView@2@PEAVCamera@2@VMatrix4@2@2@Z	private: void __cdecl MOXIE::RenderDebug::__displayBillboards(class MOXIE::RenderView * __ptr64,class MOXIE::Camera * __ptr64,class MOXIE::Matrix4,class MOXIE::Matrix4) __ptr64
2037	?__drawSolidTube@RenderDebug@MOXIE@@AEAAXAEAV?$map@IVVertexData@MOXIE@@U?$less@I@std@@V?$allocator@U?$pair@$$CBIVVertexData@MOXIE@@@std@@@4@@std@@IAEBVVector3@2@11MMIAEBVColor@2@@Z	private: void __cdecl MOXIE::RenderDebug::__drawSolidTube(class std::map<unsigned int,class MOXIE::VertexData,struct std::less<unsigned int>,class std::allocator<struct std::pair<unsigned int const ,class MOXIE::VertexData> > > & __ptr64,unsigned int,class MOXIE::Vector3 const & __ptr64,class MOXIE::Vector3 const & __ptr64,class MOXIE::Vector3 const & __ptr64,float,float,unsigned int,class MOXIE::Color const & __ptr64) __ptr64
2038	?__free@LBlockAllocator@MOXIE@@IEAAXPEAX@Z	protected: void __cdecl MOXIE::LBlockAllocator::__free(void * __ptr64) __ptr64
2039	?__init@LBlockAllocator@MOXIE@@IEAAXPEB_K@Z	protected: void __cdecl MOXIE::LBlockAllocator::__init(unsigned __int64 const * __ptr64) __ptr64
2040	?__iob_func@@YAPEAU_iobuf@@I@Z	struct _iobuf * __ptr64 __cdecl __iob_func(unsigned int)
2041	?__lalloc@LAllocator@MOXIE@@MEAAPEAXPEAX_K1@Z	protected: virtual void * __ptr64 __cdecl MOXIE::LAllocator::__lalloc(void * __ptr64,unsigned __int64,unsigned __int64) __ptr64
2042	?__lalloc@LBlockAllocator@MOXIE@@MEAAPEAXPEAX_K1@Z	protected: virtual void * __ptr64 __cdecl MOXIE::LBlockAllocator::__lalloc(void * __ptr64,unsigned __int64,unsigned __int64) __ptr64
2043	?__malloc@LBlockAllocator@MOXIE@@IEAAPEAX_K@Z	protected: void * __ptr64 __cdecl MOXIE::LBlockAllocator::__malloc(unsigned __int64) __ptr64
2044	?__onUpdateNative@LApiDuetScene@duet@@SAHPEAUlua_State@@@Z	public: static int __cdecl duet::LApiDuetScene::__onUpdateNative(struct lua_State * __ptr64)
2045	?__realloc@LBlockAllocator@MOXIE@@IEAAPEAXPEAX_K1@Z	protected: void * __ptr64 __cdecl MOXIE::LBlockAllocator::__realloc(void * __ptr64,unsigned __int64,unsigned __int64) __ptr64
2046	?__shutdown@LBlockAllocator@MOXIE@@IEAAXXZ	protected: void __cdecl MOXIE::LBlockAllocator::__shutdown(void) __ptr64
2047	?_frustumSlopes@LApiUtil@duet@@SAXMMPEAM0@Z	public: static void __cdecl duet::LApiUtil::_frustumSlopes(float,float,float * __ptr64,float * __ptr64)
2048	?_getActorGlowCenterWorldPos@LApiActorsLayer@duet@@CA?AVlVector3@2@PEAUlua_State@@@Z	private: static class duet::lVector3 __cdecl duet::LApiActorsLayer::_getActorGlowCenterWorldPos(struct lua_State * __ptr64)
2049	?_getFrustumCollisionPoint@LApiActorsLayer@duet@@CA?AVlVector3@2@AEBUSegmentToTarget@2@@Z	private: static class duet::lVector3 __cdecl duet::LApiActorsLayer::_getFrustumCollisionPoint(struct duet::SegmentToTarget const & __ptr64)
2050	?_getLineSegmentToTarget@LApiActorsLayer@duet@@CA?AUSegmentToTarget@2@AEBVlVector3@2@0000M@Z	private: static struct duet::SegmentToTarget __cdecl duet::LApiActorsLayer::_getLineSegmentToTarget(class duet::lVector3 const & __ptr64,class duet::lVector3 const & __ptr64,class duet::lVector3 const & __ptr64,class duet::lVector3 const & __ptr64,class duet::lVector3 const & __ptr64,float)
2051	?_preroll_prep@AudioDataSource@MOXIE@@IEAAXXZ	protected: void __cdecl MOXIE::AudioDataSource::_preroll_prep(void) __ptr64
2052	?_toClipSpace@LApiUtil@duet@@SA?AVlVector4@2@AEBVlVector3@2@0000MMMM@Z	public: static class duet::lVector4 __cdecl duet::LApiUtil::_toClipSpace(class duet::lVector3 const & __ptr64,class duet::lVector3 const & __ptr64,class duet::lVector3 const & __ptr64,class duet::lVector3 const & __ptr64,class duet::lVector3 const & __ptr64,float,float,float,float)
2053	?_updateCameraFrustum@LApiActorsLayer@duet@@CA?AUlFrustum@2@AEBVlVector3@2@AEBUlQuaternion@2@000MMM@Z	private: static struct duet::lFrustum __cdecl duet::LApiActorsLayer::_updateCameraFrustum(class duet::lVector3 const & __ptr64,struct duet::lQuaternion const & __ptr64,class duet::lVector3 const & __ptr64,class duet::lVector3 const & __ptr64,class duet::lVector3 const & __ptr64,float,float,float)
2054	?_updateLoopCounter@AudioDataSource@MOXIE@@IEAAXXZ	protected: void __cdecl MOXIE::AudioDataSource::_updateLoopCounter(void) __ptr64
2055	?_updateMixdownContext@AudPlayer@MOXIE@@AEAAXXZ	private: void __cdecl MOXIE::AudPlayer::_updateMixdownContext(void) __ptr64
2056	?_updateOffscreenTimer@LApiActorsLayer@duet@@CAXMMAEBUlQuaternion@2@0PEA_NPEAM@Z	private: static void __cdecl duet::LApiActorsLayer::_updateOffscreenTimer(float,float,struct duet::lQuaternion const & __ptr64,struct duet::lQuaternion const & __ptr64,bool * __ptr64,float * __ptr64)
2057	?_updateScreenEdge@LApiActorsLayer@duet@@CAXMM@Z	private: static void __cdecl duet::LApiActorsLayer::_updateScreenEdge(float,float)
2058	?abgr4f@Color@MOXIE@@QEBA?AVVector4@2@XZ	public: class MOXIE::Vector4 __cdecl MOXIE::Color::abgr4f(void)const __ptr64
2059	?abgr@Color@MOXIE@@QEBAIXZ	public: unsigned int __cdecl MOXIE::Color::abgr(void)const __ptr64
2060	?abortLateUpdate@SceneGraph@MOXIE@@QEAAXPEAVSGNode@2@@Z	public: void __cdecl MOXIE::SceneGraph::abortLateUpdate(class MOXIE::SGNode * __ptr64) __ptr64
2061	?accept@TcpSocket@MOXIE@@QEAA_NXZ	public: bool __cdecl MOXIE::TcpSocket::accept(void) __ptr64
2062	?access@Resource@MOXIE@@QEAAPEAV12@XZ	public: class MOXIE::Resource * __ptr64 __cdecl MOXIE::Resource::access(void) __ptr64
2063	?accessPoseLocalTransforms@SGModelInstance@MOXIE@@QEAAPEAVTransform@2@XZ	public: class MOXIE::Transform * __ptr64 __cdecl MOXIE::SGModelInstance::accessPoseLocalTransforms(void) __ptr64
2064	?activateCamera@@YAXPEAX@Z	void __cdecl activateCamera(void * __ptr64)
2065	?add@Matrix3@MOXIE@@QEAAXAEBV12@@Z	public: void __cdecl MOXIE::Matrix3::add(class MOXIE::Matrix3 const & __ptr64) __ptr64
2066	?add@Matrix4@MOXIE@@QEAAXAEBV12@@Z	public: void __cdecl MOXIE::Matrix4::add(class MOXIE::Matrix4 const & __ptr64) __ptr64
2067	?add@ResourceMonitor@MOXIE@@QEAAXAEBVUri@2@@Z	public: void __cdecl MOXIE::ResourceMonitor::add(class MOXIE::Uri const & __ptr64) __ptr64
2068	?add@StorySubtitles@MOXIE@@QEAAXVString@2@0@Z	public: void __cdecl MOXIE::StorySubtitles::add(class MOXIE::String,class MOXIE::String) __ptr64
2069	?add@Vector2@MOXIE@@QEAAXAEBV12@@Z	public: void __cdecl MOXIE::Vector2::add(class MOXIE::Vector2 const & __ptr64) __ptr64
2070	?add@Vector3@MOXIE@@QEAAXAEBV12@@Z	public: void __cdecl MOXIE::Vector3::add(class MOXIE::Vector3 const & __ptr64) __ptr64
2071	?add@Vector4@MOXIE@@QEAAXAEBV12@@Z	public: void __cdecl MOXIE::Vector4::add(class MOXIE::Vector4 const & __ptr64) __ptr64
2072	?addAnimation@Animator@MOXIE@@QEAAPEAVAnimation@2@PEBDAEBVUri@2@HH_N2PEAX@Z	public: class MOXIE::Animation * __ptr64 __cdecl MOXIE::Animator::addAnimation(char const * __ptr64,class MOXIE::Uri const & __ptr64,int,int,bool,bool,void * __ptr64) __ptr64
2073	?addAnimation@FlipbookAnimator@MOXIE@@QEAAPEAVAnimation@2@PEBDAEBVUri@2@HH_N2PEAX@Z	public: class MOXIE::Animation * __ptr64 __cdecl MOXIE::FlipbookAnimator::addAnimation(char const * __ptr64,class MOXIE::Uri const & __ptr64,int,int,bool,bool,void * __ptr64) __ptr64
2074	?addAsset@StoryGSM@MOXIE@@IEAAXPEAUAssetInfo_t@2@_N@Z	protected: void __cdecl MOXIE::StoryGSM::addAsset(struct MOXIE::AssetInfo_t * __ptr64,bool) __ptr64
2075	?addAttachment@SGModelInstance@MOXIE@@QEAAXPEBDPEAVSGNode@2@@Z	public: void __cdecl MOXIE::SGModelInstance::addAttachment(char const * __ptr64,class MOXIE::SGNode * __ptr64) __ptr64
2076	?addAttribute@ShaderParser@MOXIE@@CAXAEBVString@2@000@Z	private: static void __cdecl MOXIE::ShaderParser::addAttribute(class MOXIE::String const & __ptr64,class MOXIE::String const & __ptr64,class MOXIE::String const & __ptr64,class MOXIE::String const & __ptr64)
2077	?addCapabilities@RenderDeviceGL@MOXIE@@SAXPEAVDeviceCaps@2@@Z	public: static void __cdecl MOXIE::RenderDeviceGL::addCapabilities(class MOXIE::DeviceCaps * __ptr64)
2078	?addChild@SGGroup@MOXIE@@QEAAXPEAVSGNode@2@@Z	public: void __cdecl MOXIE::SGGroup::addChild(class MOXIE::SGNode * __ptr64) __ptr64
2079	?addComponent@SGNode@MOXIE@@QEAAIPEAVSGComponent@2@@Z	public: unsigned int __cdecl MOXIE::SGNode::addComponent(class MOXIE::SGComponent * __ptr64) __ptr64
2080	?addDebugRect@SGVideoCubePlayer@MOXIE@@AEAAXAEBVVector3@2@0AEBVVector4@2@@Z	private: void __cdecl MOXIE::SGVideoCubePlayer::addDebugRect(class MOXIE::Vector3 const & __ptr64,class MOXIE::Vector3 const & __ptr64,class MOXIE::Vector4 const & __ptr64) __ptr64
2081	?addDefine@ShaderParser@MOXIE@@SAXPEBD0@Z	public: static void __cdecl MOXIE::ShaderParser::addDefine(char const * __ptr64,char const * __ptr64)
2082	?addDefine@ShaderParser@MOXIE@@SAXPEBDH@Z	public: static void __cdecl MOXIE::ShaderParser::addDefine(char const * __ptr64,int)
2083	?addDefine@ShaderParser@MOXIE@@SAXPEBDM@Z	public: static void __cdecl MOXIE::ShaderParser::addDefine(char const * __ptr64,float)
2084	?addExposure@FlipbookResource@MOXIE@@QEAAXI@Z	public: void __cdecl MOXIE::FlipbookResource::addExposure(unsigned int) __ptr64
2085	?addFileSystem@FileSystemLocator@MOXIE@@YAXPEAVFileSystem@2@@Z	void __cdecl MOXIE::FileSystemLocator::addFileSystem(class MOXIE::FileSystem * __ptr64)
2086	?addFog@SGAtmospherics@MOXIE@@QEAAXPEAVSGFog@2@@Z	public: void __cdecl MOXIE::SGAtmospherics::addFog(class MOXIE::SGFog * __ptr64) __ptr64
2087	?addGlobal@ShaderParser@MOXIE@@CAXAEBVString@2@H_N0@Z	private: static void __cdecl MOXIE::ShaderParser::addGlobal(class MOXIE::String const & __ptr64,int,bool,class MOXIE::String const & __ptr64)
2088	?addInput@SGDebugCameraController@MOXIE@@QEAAXHM@Z	public: void __cdecl MOXIE::SGDebugCameraController::addInput(int,float) __ptr64
2089	?addLineNumbers@ShaderParser@MOXIE@@CAHAEAVString@2@@Z	private: static int __cdecl MOXIE::ShaderParser::addLineNumbers(class MOXIE::String & __ptr64)
2090	?addLocal@ShaderParser@MOXIE@@CAXAEBVString@2@H_N0@Z	private: static void __cdecl MOXIE::ShaderParser::addLocal(class MOXIE::String const & __ptr64,int,bool,class MOXIE::String const & __ptr64)
2091	?addMaterial@ModelResource@MOXIE@@QEAAXAEAVMaterial@2@@Z	public: void __cdecl MOXIE::ModelResource::addMaterial(class MOXIE::Material & __ptr64) __ptr64
2092	?addMul@Matrix4@MOXIE@@QEAAXAEBV12@M@Z	public: void __cdecl MOXIE::Matrix4::addMul(class MOXIE::Matrix4 const & __ptr64,float) __ptr64
2093	?addMul@Vector2@MOXIE@@QEAAXAEBV12@AEBM@Z	public: void __cdecl MOXIE::Vector2::addMul(class MOXIE::Vector2 const & __ptr64,float const & __ptr64) __ptr64
2094	?addMul@Vector3@MOXIE@@QEAAXAEBV12@AEBM@Z	public: void __cdecl MOXIE::Vector3::addMul(class MOXIE::Vector3 const & __ptr64,float const & __ptr64) __ptr64
2095	?addMul@Vector4@MOXIE@@QEAAXAEBV12@AEBM@Z	public: void __cdecl MOXIE::Vector4::addMul(class MOXIE::Vector4 const & __ptr64,float const & __ptr64) __ptr64
2096	?addNode@SceneGraph@MOXIE@@QEAAXPEAVSGNode@2@_N@Z	public: void __cdecl MOXIE::SceneGraph::addNode(class MOXIE::SGNode * __ptr64,bool) __ptr64
2097	?addOption@CommandLine@MOXIE@@IEAAXAEAUoption_t@12@@Z	protected: void __cdecl MOXIE::CommandLine::addOption(struct MOXIE::CommandLine::option_t & __ptr64) __ptr64
2098	?addOption@ShaderOptionTable@MOXIE@@QEAAXPEAVShaderOption@2@@Z	public: void __cdecl MOXIE::ShaderOptionTable::addOption(class MOXIE::ShaderOption * __ptr64) __ptr64
2099	?addParam@LuaDataTable@MOXIE@@AEAAXAEBVString@2@0H@Z	private: void __cdecl MOXIE::LuaDataTable::addParam(class MOXIE::String const & __ptr64,class MOXIE::String const & __ptr64,int) __ptr64
2100	?addParam@LuaDataTable@MOXIE@@AEAAXAEBVString@2@HH@Z	private: void __cdecl MOXIE::LuaDataTable::addParam(class MOXIE::String const & __ptr64,int,int) __ptr64
2101	?addParam@LuaDataTable@MOXIE@@AEAAXAEBVString@2@MH@Z	private: void __cdecl MOXIE::LuaDataTable::addParam(class MOXIE::String const & __ptr64,float,int) __ptr64
2102	?addParam@LuaDataTable@MOXIE@@AEAAXAEBVString@2@PEAVLuaTable@2@H@Z	private: void __cdecl MOXIE::LuaDataTable::addParam(class MOXIE::String const & __ptr64,class MOXIE::LuaTable * __ptr64,int) __ptr64
2103	?addParameter@LuaTable@MOXIE@@QEAAXAEBVString@2@0@Z	public: void __cdecl MOXIE::LuaTable::addParameter(class MOXIE::String const & __ptr64,class MOXIE::String const & __ptr64) __ptr64
2104	?addParameter@LuaTable@MOXIE@@QEAAXAEBVString@2@AEAVVector2@2@@Z	public: void __cdecl MOXIE::LuaTable::addParameter(class MOXIE::String const & __ptr64,class MOXIE::Vector2 & __ptr64) __ptr64
2105	?addParameter@LuaTable@MOXIE@@QEAAXAEBVString@2@AEAVVector3@2@@Z	public: void __cdecl MOXIE::LuaTable::addParameter(class MOXIE::String const & __ptr64,class MOXIE::Vector3 & __ptr64) __ptr64
2106	?addParameter@LuaTable@MOXIE@@QEAAXAEBVString@2@AEAVVector4@2@@Z	public: void __cdecl MOXIE::LuaTable::addParameter(class MOXIE::String const & __ptr64,class MOXIE::Vector4 & __ptr64) __ptr64
2107	?addParameter@LuaTable@MOXIE@@QEAAXAEBVString@2@M@Z	public: void __cdecl MOXIE::LuaTable::addParameter(class MOXIE::String const & __ptr64,float) __ptr64
2108	?addParameter@MaterialPass@MOXIE@@QEAAPEAVMaterialParameter@2@II@Z	public: class MOXIE::MaterialParameter * __ptr64 __cdecl MOXIE::MaterialPass::addParameter(unsigned int,unsigned int) __ptr64
2109	?addParameter@MaterialPass@MOXIE@@QEAAPEAVMaterialParameter@2@IPEBD0@Z	public: class MOXIE::MaterialParameter * __ptr64 __cdecl MOXIE::MaterialPass::addParameter(unsigned int,char const * __ptr64,char const * __ptr64) __ptr64
2110	?addParameter@ShaderParamList@MOXIE@@QEAAXPEAVShaderParameter@2@@Z	public: void __cdecl MOXIE::ShaderParamList::addParameter(class MOXIE::ShaderParameter * __ptr64) __ptr64
2111	?addParameter@ShaderParser@MOXIE@@CAXPEAVShaderParamList@2@AEBVString@2@111I@Z	private: static void __cdecl MOXIE::ShaderParser::addParameter(class MOXIE::ShaderParamList * __ptr64,class MOXIE::String const & __ptr64,class MOXIE::String const & __ptr64,class MOXIE::String const & __ptr64,class MOXIE::String const & __ptr64,unsigned int)
2112	?addParseFunction@ShaderParser@MOXIE@@CAXHP6A_NPEBD@Z@Z	private: static void __cdecl MOXIE::ShaderParser::addParseFunction(int,bool (__cdecl*)(char const * __ptr64))
2113	?addPlayer@AudioEmitterMaux@MOXIE@@UEAAXPEAVAudioPlayer@2@@Z	public: virtual void __cdecl MOXIE::AudioEmitterMaux::addPlayer(class MOXIE::AudioPlayer * __ptr64) __ptr64
2114	?addPlayerQuantization@AudioSystem@MOXIE@@QEAA?AW4MauxStatus@2@IMM@Z	public: enum MOXIE::MauxStatus __cdecl MOXIE::AudioSystem::addPlayerQuantization(unsigned int,float,float) __ptr64
2115	?addPrecisionModifier@ShaderParser@MOXIE@@SAXAEBVString@2@0_NH@Z	public: static void __cdecl MOXIE::ShaderParser::addPrecisionModifier(class MOXIE::String const & __ptr64,class MOXIE::String const & __ptr64,bool,int)
2116	?addPriorityLight@SGModelInstance@MOXIE@@QEAAXI@Z	public: void __cdecl MOXIE::SGModelInstance::addPriorityLight(unsigned int) __ptr64
2117	?addReference@RefCount@MOXIE@@QEAAXXZ	public: void __cdecl MOXIE::RefCount::addReference(void) __ptr64
2118	?addReference_@RefCount@MOXIE@@AEAAXXZ	private: void __cdecl MOXIE::RefCount::addReference_(void) __ptr64
2119	?addRenderFlags@SGNode@MOXIE@@QEAAXI@Z	public: void __cdecl MOXIE::SGNode::addRenderFlags(unsigned int) __ptr64
2120	?addResource@ResourceGroup@MOXIE@@QEAAXAEBVResourceHandle@2@@Z	public: void __cdecl MOXIE::ResourceGroup::addResource(class MOXIE::ResourceHandle const & __ptr64) __ptr64
2121	?addResource@ResourceManager@MOXIE@@QEAA_NIAEBVResourceHandle@2@@Z	public: bool __cdecl MOXIE::ResourceManager::addResource(unsigned int,class MOXIE::ResourceHandle const & __ptr64) __ptr64
2122	?addSearchPackage@ResourceManager@MOXIE@@QEAAXAEBVString@2@@Z	public: void __cdecl MOXIE::ResourceManager::addSearchPackage(class MOXIE::String const & __ptr64) __ptr64
2123	?addSound@LAudioEmitter@MOXIE@@UEAAPEAVSound@2@PEBDAEBVUri@2@HH_N@Z	public: virtual class MOXIE::Sound * __ptr64 __cdecl MOXIE::LAudioEmitter::addSound(char const * __ptr64,class MOXIE::Uri const & __ptr64,int,int,bool) __ptr64
2124	?addStyle@GUITheme@MOXIE@@QEAAXPEBDAEBVGUIStyle@2@@Z	public: void __cdecl MOXIE::GUITheme::addStyle(char const * __ptr64,class MOXIE::GUIStyle const & __ptr64) __ptr64
2125	?addTable@LuaTable@MOXIE@@QEAAXAEBVString@2@@Z	public: void __cdecl MOXIE::LuaTable::addTable(class MOXIE::String const & __ptr64) __ptr64
2126	?addTimer@GlobalTime@MOXIE@@QEAAI_N@Z	public: unsigned int __cdecl MOXIE::GlobalTime::addTimer(bool) __ptr64
2127	?addToDownloadQue@ResourceManager@MOXIE@@QEAAXAEBVResourceHandle@2@IPEBDH@Z	public: void __cdecl MOXIE::ResourceManager::addToDownloadQue(class MOXIE::ResourceHandle const & __ptr64,unsigned int,char const * __ptr64,int) __ptr64
2128	?addTrackingActor@SGCameraController@MOXIE@@QEAAXPEAVSGModelInstance@2@VString@2@M@Z	public: void __cdecl MOXIE::SGCameraController::addTrackingActor(class MOXIE::SGModelInstance * __ptr64,class MOXIE::String,float) __ptr64
2129	?addUniform@ShaderParser@MOXIE@@CAXAEBVString@2@000@Z	private: static void __cdecl MOXIE::ShaderParser::addUniform(class MOXIE::String const & __ptr64,class MOXIE::String const & __ptr64,class MOXIE::String const & __ptr64,class MOXIE::String const & __ptr64)
2130	?addUpdateFlags@SGNode@MOXIE@@QEAAXI@Z	public: void __cdecl MOXIE::SGNode::addUpdateFlags(unsigned int) __ptr64
2131	?addUriToCache@UriManager@MOXIE@@AEAAPEAUUriInfo@12@AEBVUri@2@@Z	private: struct MOXIE::UriManager::UriInfo * __ptr64 __cdecl MOXIE::UriManager::addUriToCache(class MOXIE::Uri const & __ptr64) __ptr64
2132	?addValue@ShaderOption@MOXIE@@QEAAXPEBD@Z	public: void __cdecl MOXIE::ShaderOption::addValue(char const * __ptr64) __ptr64
2133	?addVarying@ShaderParser@MOXIE@@CAXAEBVString@2@000@Z	private: static void __cdecl MOXIE::ShaderParser::addVarying(class MOXIE::String const & __ptr64,class MOXIE::String const & __ptr64,class MOXIE::String const & __ptr64,class MOXIE::String const & __ptr64)
2134	?addVolume@NetworkFileSystem@MOXIE@@IEAAXAEAUFile@12@@Z	protected: void __cdecl MOXIE::NetworkFileSystem::addVolume(struct MOXIE::NetworkFileSystem::File & __ptr64) __ptr64
2135	?add_onUpdate@LApiCameraRig@duet@@SAXPEAUlua_State@@AEBVString@MOXIE@@P6AH0@Z@Z	public: static void __cdecl duet::LApiCameraRig::add_onUpdate(struct lua_State * __ptr64,class MOXIE::String const & __ptr64,int (__cdecl*)(struct lua_State * __ptr64))
2136	?adjoint@Matrix3@MOXIE@@QEAAXXZ	public: void __cdecl MOXIE::Matrix3::adjoint(void) __ptr64
2137	?allInitialize@AudioSystem@MOXIE@@QEAA?AW4MauxStatus@2@PEBUAUDIOSYSTEMCONFIG@12@@Z	public: enum MOXIE::MauxStatus __cdecl MOXIE::AudioSystem::allInitialize(struct MOXIE::AudioSystem::AUDIOSYSTEMCONFIG const * __ptr64) __ptr64
2138	?allPause@AudioSystem@MOXIE@@QEAAXXZ	public: void __cdecl MOXIE::AudioSystem::allPause(void) __ptr64
2139	?allResume@AudioSystem@MOXIE@@QEAAXXZ	public: void __cdecl MOXIE::AudioSystem::allResume(void) __ptr64
2140	?allTerminate@AudioSystem@MOXIE@@QEAAXXZ	public: void __cdecl MOXIE::AudioSystem::allTerminate(void) __ptr64
2141	?allUnload@AudioSystem@MOXIE@@QEAAXXZ	public: void __cdecl MOXIE::AudioSystem::allUnload(void) __ptr64
2142	?alloc@Buffer@@QEAAPEAEI@Z	public: unsigned char * __ptr64 __cdecl Buffer::alloc(unsigned int) __ptr64
2143	?alloc@Buffer@MOXIE@@QEAAPEAEI@Z	public: unsigned char * __ptr64 __cdecl MOXIE::Buffer::alloc(unsigned int) __ptr64
2144	?alloc@StackAllocator@MOXIE@@QEAAPEAXI@Z	public: void * __ptr64 __cdecl MOXIE::StackAllocator::alloc(unsigned int) __ptr64
2145	?allocAligned@Buffer@@QEAAPEAEII@Z	public: unsigned char * __ptr64 __cdecl Buffer::allocAligned(unsigned int,unsigned int) __ptr64
2146	?allocAligned@Buffer@MOXIE@@QEAAPEAEII@Z	public: unsigned char * __ptr64 __cdecl MOXIE::Buffer::allocAligned(unsigned int,unsigned int) __ptr64
2147	?allocate@BitStream@MOXIE@@QEAAPEAEI_K@Z	public: unsigned char * __ptr64 __cdecl MOXIE::BitStream::allocate(unsigned int,unsigned __int64) __ptr64
2148	?allocate@LAllocator@MOXIE@@QEAAPEAXPEAX_K1@Z	public: void * __ptr64 __cdecl MOXIE::LAllocator::allocate(void * __ptr64,unsigned __int64,unsigned __int64) __ptr64
2149	?allocateDecoderAndOutput@VertexAnimator@MOXIE@@CAXAEBV?$TArray@UVertexAnimatedMesh@MOXIE@@@2@PEAVPose@2@@Z	private: static void __cdecl MOXIE::VertexAnimator::allocateDecoderAndOutput(class MOXIE::TArray<struct MOXIE::VertexAnimatedMesh> const & __ptr64,class MOXIE::Pose * __ptr64)
2150	?allocateParameter@ShaderGL_ES2@MOXIE@@AEAAPEAVParameterData@2@II@Z	private: class MOXIE::ParameterData * __ptr64 __cdecl MOXIE::ShaderGL_ES2::allocateParameter(unsigned int,unsigned int) __ptr64
2151	?allocateShaderParameterData@ShaderGL_ES2@MOXIE@@AEAAPEAVParameterData@2@PEBVShaderParameter@2@AEAH@Z	private: class MOXIE::ParameterData * __ptr64 __cdecl MOXIE::ShaderGL_ES2::allocateShaderParameterData(class MOXIE::ShaderParameter const * __ptr64,int & __ptr64) __ptr64
2152	?allocateWorkMemory@String@MOXIE@@IEAAPEADII@Z	protected: char * __ptr64 __cdecl MOXIE::String::allocateWorkMemory(unsigned int,unsigned int) __ptr64
2153	?angle@Vector3@MOXIE@@QEBAMAEBV12@@Z	public: float __cdecl MOXIE::Vector3::angle(class MOXIE::Vector3 const & __ptr64)const __ptr64
2154	?animData_Chk0@gsaDecoderResource@MOXIE@@CAXAEBVBitStream@2@_KPEAX@Z	private: static void __cdecl MOXIE::gsaDecoderResource::animData_Chk0(class MOXIE::BitStream const & __ptr64,unsigned __int64,void * __ptr64)
2155	?animData_Clu0@gsaDecoderResource@MOXIE@@CAXAEBVBitStream@2@_KPEAX@Z	private: static void __cdecl MOXIE::gsaDecoderResource::animData_Clu0(class MOXIE::BitStream const & __ptr64,unsigned __int64,void * __ptr64)
2156	?animData_Hdr0@gsaDecoderResource@MOXIE@@CAXAEBVBitStream@2@_KPEAX@Z	private: static void __cdecl MOXIE::gsaDecoderResource::animData_Hdr0(class MOXIE::BitStream const & __ptr64,unsigned __int64,void * __ptr64)
2157	?animData_Msh0@gsaDecoderResource@MOXIE@@CAXAEBVBitStream@2@_KPEAX@Z	private: static void __cdecl MOXIE::gsaDecoderResource::animData_Msh0(class MOXIE::BitStream const & __ptr64,unsigned __int64,void * __ptr64)
2158	?anyKey@InputManager@MOXIE@@QEAA_NXZ	public: bool __cdecl MOXIE::InputManager::anyKey(void) __ptr64
2159	?anyKeyDown@InputManager@MOXIE@@QEAA_NXZ	public: bool __cdecl MOXIE::InputManager::anyKeyDown(void) __ptr64
2160	?anyKeyUp@InputManager@MOXIE@@QEAA_NXZ	public: bool __cdecl MOXIE::InputManager::anyKeyUp(void) __ptr64
2161	?appDebugText@ShowDebug@duet@@SAXVString@MOXIE@@H@Z	public: static void __cdecl duet::ShowDebug::appDebugText(class MOXIE::String,int)
2162	?append@PackageFileSystem@MOXIE@@AEAA_JI@Z	private: __int64 __cdecl MOXIE::PackageFileSystem::append(unsigned int) __ptr64
2163	?append@String@MOXIE@@QEAAXAEBV12@@Z	public: void __cdecl MOXIE::String::append(class MOXIE::String const & __ptr64) __ptr64
2164	?append@String@MOXIE@@QEAAXD@Z	public: void __cdecl MOXIE::String::append(char) __ptr64
2165	?append@String@MOXIE@@QEAAXPEBD@Z	public: void __cdecl MOXIE::String::append(char const * __ptr64) __ptr64
2166	?applyDefines@ShaderParser@MOXIE@@CAXXZ	private: static void __cdecl MOXIE::ShaderParser::applyDefines(void)
2167	?applyDefinesToFunction@ShaderParser@MOXIE@@CAXPEAUFunction@12@@Z	private: static void __cdecl MOXIE::ShaderParser::applyDefinesToFunction(struct MOXIE::ShaderParser::Function * __ptr64)
2168	?applyIncludes@ShaderParser@MOXIE@@CAXXZ	private: static void __cdecl MOXIE::ShaderParser::applyIncludes(void)
2169	?applyProjectionOffset@SGCameraController@MOXIE@@QEAAXAEAVQuaternion@2@@Z	public: void __cdecl MOXIE::SGCameraController::applyProjectionOffset(class MOXIE::Quaternion & __ptr64) __ptr64
2170	?applyRotation@Matrix3@MOXIE@@QEBA?AVVector3@2@AEBV32@@Z	public: class MOXIE::Vector3 __cdecl MOXIE::Matrix3::applyRotation(class MOXIE::Vector3 const & __ptr64)const __ptr64
2171	?applyRotation@Matrix3@MOXIE@@QEBA?AVVector4@2@AEBV32@@Z	public: class MOXIE::Vector4 __cdecl MOXIE::Matrix3::applyRotation(class MOXIE::Vector4 const & __ptr64)const __ptr64
2172	?applyRotation@Matrix4@MOXIE@@QEBA?AVVector3@2@AEBV32@@Z	public: class MOXIE::Vector3 __cdecl MOXIE::Matrix4::applyRotation(class MOXIE::Vector3 const & __ptr64)const __ptr64
2173	?applyRotation@Matrix4@MOXIE@@QEBA?AVVector4@2@AEBV32@@Z	public: class MOXIE::Vector4 __cdecl MOXIE::Matrix4::applyRotation(class MOXIE::Vector4 const & __ptr64)const __ptr64
2174	?applyRotation@Quaternion@MOXIE@@QEBA?AVVector3@2@AEBV32@@Z	public: class MOXIE::Vector3 __cdecl MOXIE::Quaternion::applyRotation(class MOXIE::Vector3 const & __ptr64)const __ptr64
2175	?applyRotation@Quaternion@MOXIE@@QEBA?AVVector4@2@AEBV32@@Z	public: class MOXIE::Vector4 __cdecl MOXIE::Quaternion::applyRotation(class MOXIE::Vector4 const & __ptr64)const __ptr64
2176	?applyRotation@Transform@MOXIE@@QEBA?AVVector3@2@AEBV32@@Z	public: class MOXIE::Vector3 __cdecl MOXIE::Transform::applyRotation(class MOXIE::Vector3 const & __ptr64)const __ptr64
2177	?applyRotation@Transform@MOXIE@@QEBA?AVVector4@2@AEBV32@@Z	public: class MOXIE::Vector4 __cdecl MOXIE::Transform::applyRotation(class MOXIE::Vector4 const & __ptr64)const __ptr64
2178	?applySensorTargetRemapping@SGCameraController@MOXIE@@QEAAXVQuaternion@2@@Z	public: void __cdecl MOXIE::SGCameraController::applySensorTargetRemapping(class MOXIE::Quaternion) __ptr64
2179	?applySensorToCamera@SGCameraController@MOXIE@@IEAA?AVQuaternion@2@XZ	protected: class MOXIE::Quaternion __cdecl MOXIE::SGCameraController::applySensorToCamera(void) __ptr64
2180	?applyTransform@Matrix4@MOXIE@@QEBA?AVVector3@2@AEBV32@@Z	public: class MOXIE::Vector3 __cdecl MOXIE::Matrix4::applyTransform(class MOXIE::Vector3 const & __ptr64)const __ptr64
2181	?applyTransform@Matrix4@MOXIE@@QEBA?AVVector4@2@AEBV32@@Z	public: class MOXIE::Vector4 __cdecl MOXIE::Matrix4::applyTransform(class MOXIE::Vector4 const & __ptr64)const __ptr64
2182	?applyTransform@Transform@MOXIE@@QEBA?AVVector3@2@AEBV32@@Z	public: class MOXIE::Vector3 __cdecl MOXIE::Transform::applyTransform(class MOXIE::Vector3 const & __ptr64)const __ptr64
2183	?applyTransform@Transform@MOXIE@@QEBA?AVVector4@2@AEBV32@@Z	public: class MOXIE::Vector4 __cdecl MOXIE::Transform::applyTransform(class MOXIE::Vector4 const & __ptr64)const __ptr64
2184	?argb4f@Color@MOXIE@@QEBA?AVVector4@2@XZ	public: class MOXIE::Vector4 __cdecl MOXIE::Color::argb4f(void)const __ptr64
2185	?argb@Color@MOXIE@@QEBAIXZ	public: unsigned int __cdecl MOXIE::Color::argb(void)const __ptr64
2186	?assert_log@Log@MOXIE@@YAIPEBD0I0ZZ	unsigned int __cdecl MOXIE::Log::assert_log(char const * __ptr64,char const * __ptr64,unsigned int,char const * __ptr64,...)
2187	?assignBufferForChunk@gsaDecoder@MOXIE@@AEAAHI@Z	private: int __cdecl MOXIE::gsaDecoder::assignBufferForChunk(unsigned int) __ptr64
2188	?assignParameterIndices@ShaderGL_ES2@MOXIE@@AEAAXXZ	private: void __cdecl MOXIE::ShaderGL_ES2::assignParameterIndices(void) __ptr64
2189	?assignVertexAttributeIndices@ShaderGL_ES2@MOXIE@@AEAAXXZ	private: void __cdecl MOXIE::ShaderGL_ES2::assignVertexAttributeIndices(void) __ptr64
2190	?attach@AudPlayer@MOXIE@@QEAA?AW4MauxStatus@2@IPEAVAudResource@2@I@Z	public: enum MOXIE::MauxStatus __cdecl MOXIE::AudPlayer::attach(unsigned int,class MOXIE::AudResource * __ptr64,unsigned int) __ptr64
2191	?attachData@AudResource@MOXIE@@QEAA?AW4MauxStatus@2@IPEBX_K1_N@Z	public: enum MOXIE::MauxStatus __cdecl MOXIE::AudResource::attachData(unsigned int,void const * __ptr64,unsigned __int64,unsigned __int64,bool) __ptr64
2192	?attachData@AudioDataSource@MOXIE@@UEAA?AW4MauxStatus@2@UAUDIORESOURCEINFO@2@PEBXII@Z	public: virtual enum MOXIE::MauxStatus __cdecl MOXIE::AudioDataSource::attachData(struct MOXIE::AUDIORESOURCEINFO,void const * __ptr64,unsigned int,unsigned int) __ptr64
2193	?attachData@OggVorbisDecoder@MOXIE@@UEAA?AW4MauxStatus@2@UAUDIORESOURCEINFO@2@PEBXII@Z	public: virtual enum MOXIE::MauxStatus __cdecl MOXIE::OggVorbisDecoder::attachData(struct MOXIE::AUDIORESOURCEINFO,void const * __ptr64,unsigned int,unsigned int) __ptr64
2194	?attachData@StreamDataSource@MOXIE@@UEAA?AW4MauxStatus@2@UAUDIORESOURCEINFO@2@PEBXII@Z	public: virtual enum MOXIE::MauxStatus __cdecl MOXIE::StreamDataSource::attachData(struct MOXIE::AUDIORESOURCEINFO,void const * __ptr64,unsigned int,unsigned int) __ptr64
2195	?attachNewAnimationToDecoder@VertexAnimator@MOXIE@@CAXAEBV?$TArray@UVertexAnimatedMesh@MOXIE@@@2@PEAVPose@2@@Z	private: static void __cdecl MOXIE::VertexAnimator::attachNewAnimationToDecoder(class MOXIE::TArray<struct MOXIE::VertexAnimatedMesh> const & __ptr64,class MOXIE::Pose * __ptr64)
2196	?attachStream@AudResource@MOXIE@@QEAA?AW4MauxStatus@2@AEBUAUDIORESOURCEINFO@2@I@Z	public: enum MOXIE::MauxStatus __cdecl MOXIE::AudResource::attachStream(struct MOXIE::AUDIORESOURCEINFO const & __ptr64,unsigned int) __ptr64
2197	?attachStream@StreamDataSource@MOXIE@@QEAA?AW4MauxStatus@2@UAUDIORESOURCEINFO@2@I@Z	public: enum MOXIE::MauxStatus __cdecl MOXIE::StreamDataSource::attachStream(struct MOXIE::AUDIORESOURCEINFO,unsigned int) __ptr64
2198	?attachUri@AudResource@MOXIE@@QEAA?AW4MauxStatus@2@IAEBVUri@2@_N1@Z	public: enum MOXIE::MauxStatus __cdecl MOXIE::AudResource::attachUri(unsigned int,class MOXIE::Uri const & __ptr64,bool,bool) __ptr64
2199	?attachUri@AudioDataSource@MOXIE@@UEAA?AW4MauxStatus@2@UAUDIORESOURCEINFO@2@AEBVUri@2@@Z	public: virtual enum MOXIE::MauxStatus __cdecl MOXIE::AudioDataSource::attachUri(struct MOXIE::AUDIORESOURCEINFO,class MOXIE::Uri const & __ptr64) __ptr64
2200	?attachUri@OggVorbisDecoder@MOXIE@@UEAA?AW4MauxStatus@2@UAUDIORESOURCEINFO@2@AEBVUri@2@@Z	public: virtual enum MOXIE::MauxStatus __cdecl MOXIE::OggVorbisDecoder::attachUri(struct MOXIE::AUDIORESOURCEINFO,class MOXIE::Uri const & __ptr64) __ptr64
2201	?attachUri@StreamDataSource@MOXIE@@UEAA?AW4MauxStatus@2@UAUDIORESOURCEINFO@2@AEBVUri@2@@Z	public: virtual enum MOXIE::MauxStatus __cdecl MOXIE::StreamDataSource::attachUri(struct MOXIE::AUDIORESOURCEINFO,class MOXIE::Uri const & __ptr64) __ptr64
2202	?audioSystemOutputCallback@AudioSystem@MOXIE@@KAXPEAX0I@Z	protected: static void __cdecl MOXIE::AudioSystem::audioSystemOutputCallback(void * __ptr64,void * __ptr64,unsigned int)
2203	?audioTimerCallback@PlatformAudioDriverDirectSound@MOXIE@@QEAAXXZ	public: void __cdecl MOXIE::PlatformAudioDriverDirectSound::audioTimerCallback(void) __ptr64
2204	?backtrace@LUtil@MOXIE@@SAPEBDPEAUlua_State@@@Z	public: static char const * __ptr64 __cdecl MOXIE::LUtil::backtrace(struct lua_State * __ptr64)
2205	?bake@MaterialBaking@MOXIE@@YA_NAEBVString@2@0PEAVModelResource@2@PEAVMaterial@2@@Z	bool __cdecl MOXIE::MaterialBaking::bake(class MOXIE::String const & __ptr64,class MOXIE::String const & __ptr64,class MOXIE::ModelResource * __ptr64,class MOXIE::Material * __ptr64)
2206	?bake@MaterialBaking@MOXIE@@YA_NAEBVString@2@0_N@Z	bool __cdecl MOXIE::MaterialBaking::bake(class MOXIE::String const & __ptr64,class MOXIE::String const & __ptr64,bool)
2207	?bake@MaterialBaking@MOXIE@@YA_NAEBVString@2@PEAVModelResource@2@_N2@Z	bool __cdecl MOXIE::MaterialBaking::bake(class MOXIE::String const & __ptr64,class MOXIE::ModelResource * __ptr64,bool,bool)
2208	?bake@MaterialBaking@MOXIE@@YA_NPEBVLuaTable@2@PEAVMaterial@2@_NPEAVLEnvironment@2@@Z	bool __cdecl MOXIE::MaterialBaking::bake(class MOXIE::LuaTable const * __ptr64,class MOXIE::Material * __ptr64,bool,class MOXIE::LEnvironment * __ptr64)
2209	?bake@ShaderGL_ES2@MOXIE@@UEAA_NIPEBVString@2@AEBV32@PEAH@Z	public: virtual bool __cdecl MOXIE::ShaderGL_ES2::bake(unsigned int,class MOXIE::String const * __ptr64,class MOXIE::String const & __ptr64,int * __ptr64) __ptr64
2210	?bakeParameterIndices@ShaderGL_ES2@MOXIE@@AEAAXPEAV12@PEBVShaderParamList@2@1@Z	private: void __cdecl MOXIE::ShaderGL_ES2::bakeParameterIndices(class MOXIE::ShaderGL_ES2 * __ptr64,class MOXIE::ShaderParamList const * __ptr64,class MOXIE::ShaderParamList const * __ptr64) __ptr64
2211	?bake_material@MaterialBaking@MOXIE@@YA_NAEBVString@2@0@Z	bool __cdecl MOXIE::MaterialBaking::bake_material(class MOXIE::String const & __ptr64,class MOXIE::String const & __ptr64)
2212	?baseURL@Uri@MOXIE@@SA?AVString@2@AEBV32@@Z	public: static class MOXIE::String __cdecl MOXIE::Uri::baseURL(class MOXIE::String const & __ptr64)
2213	?begin@RenderView@MOXIE@@QEAAX_N@Z	public: void __cdecl MOXIE::RenderView::begin(bool) __ptr64
2214	?beginEye@RenderView@MOXIE@@QEAAXXZ	public: void __cdecl MOXIE::RenderView::beginEye(void) __ptr64
2215	?beginFrame@RenderView@MOXIE@@QEAAXXZ	public: void __cdecl MOXIE::RenderView::beginFrame(void) __ptr64
2216	?beginSample@gsaDecoder@MOXIE@@AEAAXXZ	private: void __cdecl MOXIE::gsaDecoder::beginSample(void) __ptr64
2217	?bindAnimation@Animator@MOXIE@@QEAAIPEAVAnimation@2@@Z	public: unsigned int __cdecl MOXIE::Animator::bindAnimation(class MOXIE::Animation * __ptr64) __ptr64
2218	?bindAnimationAttribute@Animator@MOXIE@@UEAAXPEAXAEAVAnimAttribute@2@AEAUCustomChannel@AnimResource@2@@Z	public: virtual void __cdecl MOXIE::Animator::bindAnimationAttribute(void * __ptr64,class MOXIE::AnimAttribute & __ptr64,struct MOXIE::AnimResource::CustomChannel & __ptr64) __ptr64
2219	?bindAnimationAttribute@SGAnimator@MOXIE@@UEAAXPEAXAEAVAnimAttribute@2@AEAUCustomChannel@AnimResource@2@@Z	public: virtual void __cdecl MOXIE::SGAnimator::bindAnimationAttribute(void * __ptr64,class MOXIE::AnimAttribute & __ptr64,struct MOXIE::AnimResource::CustomChannel & __ptr64) __ptr64
2220	?bindAnimationAttribute@SGRenderGraphAnimator@MOXIE@@UEAAXPEAXAEAVAnimAttribute@2@AEAUCustomChannel@AnimResource@2@@Z	public: virtual void __cdecl MOXIE::SGRenderGraphAnimator::bindAnimationAttribute(void * __ptr64,class MOXIE::AnimAttribute & __ptr64,struct MOXIE::AnimResource::CustomChannel & __ptr64) __ptr64
2221	?bindCustomAnimationAttributes@SGAnimator@MOXIE@@UEAAXPEAVAnimation@2@PEAVSGModelInstance@2@@Z	public: virtual void __cdecl MOXIE::SGAnimator::bindCustomAnimationAttributes(class MOXIE::Animation * __ptr64,class MOXIE::SGModelInstance * __ptr64) __ptr64
2222	?bindCustomAnimationAttributes@SGRenderGraphAnimator@MOXIE@@QEAAXPEAVAnimation@2@PEAVSGRenderGraph@2@@Z	public: void __cdecl MOXIE::SGRenderGraphAnimator::bindCustomAnimationAttributes(class MOXIE::Animation * __ptr64,class MOXIE::SGRenderGraph * __ptr64) __ptr64
2223	?bindDefaultFrameBuffer@RenderDeviceGL@MOXIE@@UEAAIXZ	public: virtual unsigned int __cdecl MOXIE::RenderDeviceGL::bindDefaultFrameBuffer(void) __ptr64
2224	?bindIndexBuffer@RenderDeviceGL@MOXIE@@QEAAXI@Z	public: void __cdecl MOXIE::RenderDeviceGL::bindIndexBuffer(unsigned int) __ptr64
2225	?bindTexture2D@RenderDeviceGL@MOXIE@@UEAAXIPEBVTexture2D@2@@Z	public: virtual void __cdecl MOXIE::RenderDeviceGL::bindTexture2D(unsigned int,class MOXIE::Texture2D const * __ptr64) __ptr64
2226	?bindTexture2DMS@RenderDeviceGL@MOXIE@@UEAAXIPEBVTexture2D@2@@Z	public: virtual void __cdecl MOXIE::RenderDeviceGL::bindTexture2DMS(unsigned int,class MOXIE::Texture2D const * __ptr64) __ptr64
2227	?bindTexture@RenderDeviceGL@MOXIE@@QEAAXIII@Z	public: void __cdecl MOXIE::RenderDeviceGL::bindTexture(unsigned int,unsigned int,unsigned int) __ptr64
2228	?bindTextureCube@RenderDeviceGL@MOXIE@@UEAAXIPEBVTextureCubeMap@2@@Z	public: virtual void __cdecl MOXIE::RenderDeviceGL::bindTextureCube(unsigned int,class MOXIE::TextureCubeMap const * __ptr64) __ptr64
2229	?bindType_@LUtil@MOXIE@@CAXPEAUlua_State@@PEBDPEBUluaL_Reg@@11@Z	private: static void __cdecl MOXIE::LUtil::bindType_(struct lua_State * __ptr64,char const * __ptr64,struct luaL_Reg const * __ptr64,char const * __ptr64,char const * __ptr64)
2230	?bindVertexAnim@VertexAnimator@MOXIE@@SA_NPEAVAnimation@2@PEAVModelResource@2@PEAPEAVGeomSurfaceInstance@2@@Z	public: static bool __cdecl MOXIE::VertexAnimator::bindVertexAnim(class MOXIE::Animation * __ptr64,class MOXIE::ModelResource * __ptr64,class MOXIE::GeomSurfaceInstance * __ptr64 * __ptr64)
2231	?bindVertexArrayObject@RenderDeviceGL@MOXIE@@QEAAXI@Z	public: void __cdecl MOXIE::RenderDeviceGL::bindVertexArrayObject(unsigned int) __ptr64
2232	?bindVertexBuffer@RenderDeviceGL@MOXIE@@QEAAXI@Z	public: void __cdecl MOXIE::RenderDeviceGL::bindVertexBuffer(unsigned int) __ptr64
2233	?bindVertexBuffer@VertexData@MOXIE@@QEAA_NPEAVRenderDevice@2@I@Z	public: bool __cdecl MOXIE::VertexData::bindVertexBuffer(class MOXIE::RenderDevice * __ptr64,unsigned int) __ptr64
2234	?bindVertexBufferAttribs@RenderDeviceGL@MOXIE@@QEAAIIPEBUVertexAttributeInfoGL@2@II@Z	public: unsigned int __cdecl MOXIE::RenderDeviceGL::bindVertexBufferAttribs(unsigned int,struct MOXIE::VertexAttributeInfoGL const * __ptr64,unsigned int,unsigned int) __ptr64
2235	?broadcast@Condition@MOXIE@@QEAAXXZ	public: void __cdecl MOXIE::Condition::broadcast(void) __ptr64
2236	?buildFromMatrix4@Frustum@MOXIE@@QEAAXAEBVMatrix4@2@_N@Z	public: void __cdecl MOXIE::Frustum::buildFromMatrix4(class MOXIE::Matrix4 const & __ptr64,bool) __ptr64
2237	?buildFromObliqueMatrix4@Frustum@MOXIE@@QEAAXAEBVMatrix4@2@_N@Z	public: void __cdecl MOXIE::Frustum::buildFromObliqueMatrix4(class MOXIE::Matrix4 const & __ptr64,bool) __ptr64
2238	?buildFromPoints@Frustum@MOXIE@@QEAAX_N@Z	public: void __cdecl MOXIE::Frustum::buildFromPoints(bool) __ptr64
2239	?buildLookAt@Matrix4@MOXIE@@QEAAXAEBVVector3@2@00@Z	public: void __cdecl MOXIE::Matrix4::buildLookAt(class MOXIE::Vector3 const & __ptr64,class MOXIE::Vector3 const & __ptr64,class MOXIE::Vector3 const & __ptr64) __ptr64
2240	?buildMap@ParticleMap@MOXIE@@IEAAXXZ	protected: void __cdecl MOXIE::ParticleMap::buildMap(void) __ptr64
2241	?buildMatrix@@YAXPEAM000@Z	void __cdecl buildMatrix(float * __ptr64,float * __ptr64,float * __ptr64,float * __ptr64)
2242	?buildOrthographic@Matrix4@MOXIE@@QEAAXMMMMMM@Z	public: void __cdecl MOXIE::Matrix4::buildOrthographic(float,float,float,float,float,float) __ptr64
2243	?buildPerspectiveFov@Matrix4@MOXIE@@QEAAXAEBVFieldOfView@2@MM@Z	public: void __cdecl MOXIE::Matrix4::buildPerspectiveFov(class MOXIE::FieldOfView const & __ptr64,float,float) __ptr64
2244	?buildPerspectiveFovX@Matrix4@MOXIE@@QEAAXVRadian@2@MMM@Z	public: void __cdecl MOXIE::Matrix4::buildPerspectiveFovX(class MOXIE::Radian,float,float,float) __ptr64
2245	?buildPerspectiveFovY@Matrix4@MOXIE@@QEAAXVRadian@2@MMM@Z	public: void __cdecl MOXIE::Matrix4::buildPerspectiveFovY(class MOXIE::Radian,float,float,float) __ptr64
2246	?buildRegistry@ShaderGL_ES2@MOXIE@@QEAAXXZ	public: void __cdecl MOXIE::ShaderGL_ES2::buildRegistry(void) __ptr64
2247	?buildRotationAxisAngle@Matrix4@MOXIE@@QEAAXAEBVVector3@2@VRadian@2@@Z	public: void __cdecl MOXIE::Matrix4::buildRotationAxisAngle(class MOXIE::Vector3 const & __ptr64,class MOXIE::Radian) __ptr64
2248	?buildRotationMatrix@@YAXPEAM00@Z	void __cdecl buildRotationMatrix(float * __ptr64,float * __ptr64,float * __ptr64)
2249	?buildVertexLayout@ModelResource@MOXIE@@IEAAIAEAVMesh@12@PEAUVertexAttributeInfo@2@QEAPEAX@Z	protected: unsigned int __cdecl MOXIE::ModelResource::buildVertexLayout(class MOXIE::ModelResource::Mesh & __ptr64,struct MOXIE::VertexAttributeInfo * __ptr64,void * __ptr64 * __ptr64 const) __ptr64
2250	?busyWait@FlipbookInstance@MOXIE@@QEAAXXZ	public: void __cdecl MOXIE::FlipbookInstance::busyWait(void) __ptr64
2251	?c_parseTags@ShaderParser@MOXIE@@0PAPEBDA	private: static char const * __ptr64 * MOXIE::ShaderParser::c_parseTags
2252	?c_textureCoordFunc_In@ShaderParser@MOXIE@@0PAPEBDA	private: static char const * __ptr64 * MOXIE::ShaderParser::c_textureCoordFunc_In
2253	?c_textureCoordNames_In@ShaderParser@MOXIE@@0PAPEBDA	private: static char const * __ptr64 * MOXIE::ShaderParser::c_textureCoordNames_In
2254	?c_textureCoordNames_Out@ShaderParser@MOXIE@@0PAPEBDA	private: static char const * __ptr64 * MOXIE::ShaderParser::c_textureCoordNames_Out
2255	?calcMaxMipMap@Surface@MOXIE@@AEAAIII@Z	private: unsigned int __cdecl MOXIE::Surface::calcMaxMipMap(unsigned int,unsigned int) __ptr64
2256	?calcMaxMipMap@Surface@MOXIE@@AEAAIIII@Z	private: unsigned int __cdecl MOXIE::Surface::calcMaxMipMap(unsigned int,unsigned int,unsigned int) __ptr64
2257	?calcMipMapDimensions@Surface@MOXIE@@AEAAXAEAI0I@Z	private: void __cdecl MOXIE::Surface::calcMipMapDimensions(unsigned int & __ptr64,unsigned int & __ptr64,unsigned int) __ptr64
2258	?calcTimingValues@gsaDecoder@MOXIE@@AEAAXXZ	private: void __cdecl MOXIE::gsaDecoder::calcTimingValues(void) __ptr64
2259	?calculatePlane@PlaneCollider@MOXIE@@UEAAXXZ	public: virtual void __cdecl MOXIE::PlaneCollider::calculatePlane(void) __ptr64
2260	?calibrateSensors@SGCameraController@MOXIE@@QEAAXVQuaternion@2@@Z	public: void __cdecl MOXIE::SGCameraController::calibrateSensors(class MOXIE::Quaternion) __ptr64
2261	?call_onUpdate@LApiCameraRig@duet@@CA_NPEAUlua_State@@AEBVString@MOXIE@@@Z	private: static bool __cdecl duet::LApiCameraRig::call_onUpdate(struct lua_State * __ptr64,class MOXIE::String const & __ptr64)
2262	?canPrefetchState@StoryFSM@MOXIE@@QEAA_NPEBD@Z	public: bool __cdecl MOXIE::StoryFSM::canPrefetchState(char const * __ptr64) __ptr64
2263	?canPrefetchState@StoryManager@MOXIE@@QEAA_NPEBD@Z	public: bool __cdecl MOXIE::StoryManager::canPrefetchState(char const * __ptr64) __ptr64
2264	?cancel@JobQueue@MOXIE@@QEAAXXZ	public: void __cdecl MOXIE::JobQueue::cancel(void) __ptr64
2265	?cancel@PackageFileSystem@MOXIE@@QEAAXPEBV?$THashTable@I@2@@Z	public: void __cdecl MOXIE::PackageFileSystem::cancel(class MOXIE::THashTable<unsigned int> const * __ptr64) __ptr64
2266	?capacity@String@MOXIE@@QEBAIXZ	public: unsigned int __cdecl MOXIE::String::capacity(void)const __ptr64
2267	?capitalize@String@MOXIE@@QEAAXXZ	public: void __cdecl MOXIE::String::capitalize(void) __ptr64
2268	?captureRenderState@RenderDeviceGL@MOXIE@@UEAAXAEAURenderState@2@@Z	public: virtual void __cdecl MOXIE::RenderDeviceGL::captureRenderState(struct MOXIE::RenderState & __ptr64) __ptr64
2269	?captureScreenshot@RenderDeviceGL@MOXIE@@UEAAXAEBVString@2@PEBVTexture@2@_N@Z	public: virtual void __cdecl MOXIE::RenderDeviceGL::captureScreenshot(class MOXIE::String const & __ptr64,class MOXIE::Texture const * __ptr64,bool) __ptr64
2270	?captureStart@RenderManager@MOXIE@@QEAAXAEBVString@2@H@Z	public: void __cdecl MOXIE::RenderManager::captureStart(class MOXIE::String const & __ptr64,int) __ptr64
2271	?captureStop@RenderManager@MOXIE@@QEAAXXZ	public: void __cdecl MOXIE::RenderManager::captureStop(void) __ptr64
2272	?captureThumbnail@RenderManager@MOXIE@@QEAAXAEBVString@2@M@Z	public: void __cdecl MOXIE::RenderManager::captureThumbnail(class MOXIE::String const & __ptr64,float) __ptr64
2273	?changeMaterialDef@@YA_NPEAUMaterialDefinition@@HPEAD@Z	bool __cdecl changeMaterialDef(struct MaterialDefinition * __ptr64,int,char * __ptr64)
2274	?checkDownloads@StoryManager@MOXIE@@QEAA_NXZ	public: bool __cdecl MOXIE::StoryManager::checkDownloads(void) __ptr64
2275	?checkEase@ParticleDefinition@MOXIE@@QEAAXPEAW4EEaseType@2@PEAM1PEA_N121@Z	public: void __cdecl MOXIE::ParticleDefinition::checkEase(enum MOXIE::EEaseType * __ptr64,float * __ptr64,float * __ptr64,bool * __ptr64,float * __ptr64,bool * __ptr64,float * __ptr64) __ptr64
2276	?checkRange@AnimResource@MOXIE@@QEBA_NHH@Z	public: bool __cdecl MOXIE::AnimResource::checkRange(int,int)const __ptr64
2277	?checkThread@JobQueue@MOXIE@@AEAAXXZ	private: void __cdecl MOXIE::JobQueue::checkThread(void) __ptr64
2278	?chmod@InternalFileSystem@MOXIE@@UEAAHPEBDH@Z	public: virtual int __cdecl MOXIE::InternalFileSystem::chmod(char const * __ptr64,int) __ptr64
2279	?chmod@LocalFileSystem@MOXIE@@UEAAHPEBDH@Z	public: virtual int __cdecl MOXIE::LocalFileSystem::chmod(char const * __ptr64,int) __ptr64
2280	?chmod@NestedFileSystem@MOXIE@@UEAAHPEBDH@Z	public: virtual int __cdecl MOXIE::NestedFileSystem::chmod(char const * __ptr64,int) __ptr64
2281	?chmod@NetworkFileSystem@MOXIE@@UEAAHPEBDH@Z	public: virtual int __cdecl MOXIE::NetworkFileSystem::chmod(char const * __ptr64,int) __ptr64
2282	?chmod@PackageFileSystem@MOXIE@@UEAAHPEBDH@Z	public: virtual int __cdecl MOXIE::PackageFileSystem::chmod(char const * __ptr64,int) __ptr64
2283	?claim@OggVorbisMetadata@MOXIE@@QEAA_NPEAUOggVorbis_File@@@Z	public: bool __cdecl MOXIE::OggVorbisMetadata::claim(struct OggVorbis_File * __ptr64) __ptr64
2284	?cleanup@MaterialBaking@MOXIE@@YAXXZ	void __cdecl MOXIE::MaterialBaking::cleanup(void)
2285	?cleanup@gsaDecoder@MOXIE@@AEAAXXZ	private: void __cdecl MOXIE::gsaDecoder::cleanup(void) __ptr64
2286	?clear@CSV@@QEAAXXZ	public: void __cdecl CSV::clear(void) __ptr64
2287	?clear@FilePath@MOXIE@@QEAAXXZ	public: void __cdecl MOXIE::FilePath::clear(void) __ptr64
2288	?clear@InputManager@MOXIE@@QEAAXXZ	public: void __cdecl MOXIE::InputManager::clear(void) __ptr64
2289	?clear@OggVorbisMetadata@MOXIE@@QEAAHPEAUOggVorbis_File@@@Z	public: int __cdecl MOXIE::OggVorbisMetadata::clear(struct OggVorbis_File * __ptr64) __ptr64
2290	?clear@RenderDebug@MOXIE@@QEAAXXZ	public: void __cdecl MOXIE::RenderDebug::clear(void) __ptr64
2291	?clear@RenderDeviceGL@MOXIE@@UEAAXI@Z	public: virtual void __cdecl MOXIE::RenderDeviceGL::clear(unsigned int) __ptr64
2292	?clear@RenderDispatcher@MOXIE@@QEAAXXZ	public: void __cdecl MOXIE::RenderDispatcher::clear(void) __ptr64
2293	?clear@RenderView@MOXIE@@QEAAXXZ	public: void __cdecl MOXIE::RenderView::clear(void) __ptr64
2294	?clear@ResourceManager@MOXIE@@QEAAXXZ	public: void __cdecl MOXIE::ResourceManager::clear(void) __ptr64
2295	?clear@ShaderCache@MOXIE@@QEAAX_N@Z	public: void __cdecl MOXIE::ShaderCache::clear(bool) __ptr64
2296	?clear@StoryConfig@MOXIE@@QEAAXXZ	public: void __cdecl MOXIE::StoryConfig::clear(void) __ptr64
2297	?clear@StoryGSM@MOXIE@@QEAAXXZ	public: void __cdecl MOXIE::StoryGSM::clear(void) __ptr64
2298	?clear@StoryManifest@MOXIE@@QEAAXXZ	public: void __cdecl MOXIE::StoryManifest::clear(void) __ptr64
2299	?clear@StoryPlayer@MOXIE@@IEAA_NXZ	protected: bool __cdecl MOXIE::StoryPlayer::clear(void) __ptr64
2300	?clear@String@MOXIE@@QEAAXXZ	public: void __cdecl MOXIE::String::clear(void) __ptr64
2301	?clear@UriManager@MOXIE@@QEAAXXZ	public: void __cdecl MOXIE::UriManager::clear(void) __ptr64
2302	?clearBoundTextureUnits@Shader@MOXIE@@QEAAXXZ	public: void __cdecl MOXIE::Shader::clearBoundTextureUnits(void) __ptr64
2303	?clearBuffer@PlatformAudioDriverDirectSound@MOXIE@@IEAA?AW4EAudioDrvStatus@2@XZ	protected: enum MOXIE::EAudioDrvStatus __cdecl MOXIE::PlatformAudioDriverDirectSound::clearBuffer(void) __ptr64
2304	?clearCache@Shader@MOXIE@@SAXXZ	public: static void __cdecl MOXIE::Shader::clearCache(void)
2305	?clearDebugSolids@@YAXXZ	void __cdecl clearDebugSolids(void)
2306	?clearHRTF@AudServices@MOXIE@@QEAAXXZ	public: void __cdecl MOXIE::AudServices::clearHRTF(void) __ptr64
2307	?clearMeshArray@@YAXPEAPEAUMoxieEditorMesh@@H@Z	void __cdecl clearMeshArray(struct MoxieEditorMesh * __ptr64 * __ptr64,int)
2308	?clearPlayerQuantization@AudioSystem@MOXIE@@QEAA?AW4MauxStatus@2@I@Z	public: enum MOXIE::MauxStatus __cdecl MOXIE::AudioSystem::clearPlayerQuantization(unsigned int) __ptr64
2309	?clearQuantization@AudPlayer@MOXIE@@QEAAXXZ	public: void __cdecl MOXIE::AudPlayer::clearQuantization(void) __ptr64
2310	?clearSolids@RenderDebug@MOXIE@@QEAAXXZ	public: void __cdecl MOXIE::RenderDebug::clearSolids(void) __ptr64
2311	?clearTextureTransform@Material@MOXIE@@QEAAXH@Z	public: void __cdecl MOXIE::Material::clearTextureTransform(int) __ptr64
2312	?clearVariables@LApplication@MOXIE@@IEAAXXZ	protected: void __cdecl MOXIE::LApplication::clearVariables(void) __ptr64
2313	?close@FileStream@MOXIE@@QEAAXXZ	public: void __cdecl MOXIE::FileStream::close(void) __ptr64
2314	?close@InternalFileSystem@MOXIE@@UEAA_N_K@Z	public: virtual bool __cdecl MOXIE::InternalFileSystem::close(unsigned __int64) __ptr64
2315	?close@LocalFileSystem@MOXIE@@UEAA_N_K@Z	public: virtual bool __cdecl MOXIE::LocalFileSystem::close(unsigned __int64) __ptr64
2316	?close@NestedFileSystem@MOXIE@@UEAA_N_K@Z	public: virtual bool __cdecl MOXIE::NestedFileSystem::close(unsigned __int64) __ptr64
2317	?close@NetworkFileSystem@MOXIE@@UEAA_N_K@Z	public: virtual bool __cdecl MOXIE::NetworkFileSystem::close(unsigned __int64) __ptr64
2318	?close@PackageFileSystem@MOXIE@@UEAA_N_K@Z	public: virtual bool __cdecl MOXIE::PackageFileSystem::close(unsigned __int64) __ptr64
2319	?close@SGVideoCubePlayer@MOXIE@@UEAAXXZ	public: virtual void __cdecl MOXIE::SGVideoCubePlayer::close(void) __ptr64
2320	?close@SGVideoCubeRectPlayer@MOXIE@@UEAAXXZ	public: virtual void __cdecl MOXIE::SGVideoCubeRectPlayer::close(void) __ptr64
2321	?close@SGVideoLatLongPlayer@MOXIE@@UEAAXXZ	public: virtual void __cdecl MOXIE::SGVideoLatLongPlayer::close(void) __ptr64
2322	?close@TcpSocket@MOXIE@@QEAAXXZ	public: void __cdecl MOXIE::TcpSocket::close(void) __ptr64
2323	?close@VideoCube@MOXIE@@QEAAXXZ	public: void __cdecl MOXIE::VideoCube::close(void) __ptr64
2324	?close@ZipArchive@MOXIE@@QEAAXXZ	public: void __cdecl MOXIE::ZipArchive::close(void) __ptr64
2325	?close@ZipEntry@MOXIE@@QEAAXXZ	public: void __cdecl MOXIE::ZipEntry::close(void) __ptr64
2326	?clrDone@Application@MOXIE@@QEAAXXZ	public: void __cdecl MOXIE::Application::clrDone(void) __ptr64
2327	?cmpFSM@StoryGSM@MOXIE@@KAHAEBQEAUFSM@12@0@Z	protected: static int __cdecl MOXIE::StoryGSM::cmpFSM(struct MOXIE::StoryGSM::FSM * __ptr64 const & __ptr64,struct MOXIE::StoryGSM::FSM * __ptr64 const & __ptr64)
2328	?cmpNodeInfoPtr@StoryGSM@MOXIE@@KAHAEBQEAUNode_t@2@0@Z	protected: static int __cdecl MOXIE::StoryGSM::cmpNodeInfoPtr(struct MOXIE::Node_t * __ptr64 const & __ptr64,struct MOXIE::Node_t * __ptr64 const & __ptr64)
2329	?collectJobResults@AudServices@MOXIE@@QEAAXXZ	public: void __cdecl MOXIE::AudServices::collectJobResults(void) __ptr64
2330	?collectResults@JobQueue@MOXIE@@QEAAIXZ	public: unsigned int __cdecl MOXIE::JobQueue::collectResults(void) __ptr64
2331	?collideParticle@PlaneCollider@MOXIE@@UEAAXPEAUParticle@2@M_N@Z	public: virtual void __cdecl MOXIE::PlaneCollider::collideParticle(struct MOXIE::Particle * __ptr64,float,bool) __ptr64
2332	?colorCodeMipMaps@Surface@MOXIE@@AEAA_NXZ	private: bool __cdecl MOXIE::Surface::colorCodeMipMaps(void) __ptr64
2333	?combineQuaternions@@YAXPEAM00@Z	void __cdecl combineQuaternions(float * __ptr64,float * __ptr64,float * __ptr64)
2334	?compile@ShaderGL_ES2@MOXIE@@UEAA_NXZ	public: virtual bool __cdecl MOXIE::ShaderGL_ES2::compile(void) __ptr64
2335	?components@PixelFormat@MOXIE@@SAGW4EPixelFormat@2@@Z	public: static unsigned short __cdecl MOXIE::PixelFormat::components(enum MOXIE::EPixelFormat)
2336	?compress@VertexCompression@MOXIE@@SAXAEAVBitStream@2@AEBUVertexCompressData@2@M@Z	public: static void __cdecl MOXIE::VertexCompression::compress(class MOXIE::BitStream & __ptr64,struct MOXIE::VertexCompressData const & __ptr64,float)
2337	?compress@VertexCompression@MOXIE@@SAXAEAVBitStream@2@PEBVMesh@ModelResource@2@M@Z	public: static void __cdecl MOXIE::VertexCompression::compress(class MOXIE::BitStream & __ptr64,class MOXIE::ModelResource::Mesh const * __ptr64,float)
2338	?compressIndices@VertexCompression@MOXIE@@SAXAEAVBitStream@2@PEBGI@Z	public: static void __cdecl MOXIE::VertexCompression::compressIndices(class MOXIE::BitStream & __ptr64,unsigned short const * __ptr64,unsigned int)
2339	?computeAngularDist@LApiTrackingManager@duet@@SAHPEAUlua_State@@@Z	public: static int __cdecl duet::LApiTrackingManager::computeAngularDist(struct lua_State * __ptr64)
2340	?computeFunctionDependencies@ShaderParser@MOXIE@@CAXXZ	private: static void __cdecl MOXIE::ShaderParser::computeFunctionDependencies(void)
2341	?computeMaximumError@VertexAnimQuantizer@MOXIE@@SAMPEBMHHMMHH@Z	public: static float __cdecl MOXIE::VertexAnimQuantizer::computeMaximumError(float const * __ptr64,int,int,float,float,int,int)
2342	?computeMaximumError@VertexAnimQuantizer@MOXIE@@SAMPEBVVector2@2@HMMHH@Z	public: static float __cdecl MOXIE::VertexAnimQuantizer::computeMaximumError(class MOXIE::Vector2 const * __ptr64,int,float,float,int,int)
2343	?computeMaximumError@VertexAnimQuantizer@MOXIE@@SAMPEBVVector3@2@HMMHH@Z	public: static float __cdecl MOXIE::VertexAnimQuantizer::computeMaximumError(class MOXIE::Vector3 const * __ptr64,int,float,float,int,int)
2344	?computeMaximumError@VertexAnimQuantizer@MOXIE@@SAMPEBVVector4@2@HMMHH@Z	public: static float __cdecl MOXIE::VertexAnimQuantizer::computeMaximumError(class MOXIE::Vector4 const * __ptr64,int,float,float,int,int)
2345	?computeMeshBounds@ModelResource@MOXIE@@QEAAXPEAVMesh@12@@Z	public: void __cdecl MOXIE::ModelResource::computeMeshBounds(class MOXIE::ModelResource::Mesh * __ptr64) __ptr64
2346	?computeModelBounds@ModelResource@MOXIE@@QEAAXXZ	public: void __cdecl MOXIE::ModelResource::computeModelBounds(void) __ptr64
2347	?computeNumberofLines@ShaderParser@MOXIE@@CAHAEAVString@2@@Z	private: static int __cdecl MOXIE::ShaderParser::computeNumberofLines(class MOXIE::String & __ptr64)
2348	?computeQuantizationLevel@VertexAnimQuantizer@MOXIE@@SAXPEBMHHPEAM1PEAE@Z	public: static void __cdecl MOXIE::VertexAnimQuantizer::computeQuantizationLevel(float const * __ptr64,int,int,float * __ptr64,float * __ptr64,unsigned char * __ptr64)
2349	?computeQuantizationLevelV2@VertexAnimQuantizer@MOXIE@@SAXPEBVVector2@2@HAEAV32@1PEAE@Z	public: static void __cdecl MOXIE::VertexAnimQuantizer::computeQuantizationLevelV2(class MOXIE::Vector2 const * __ptr64,int,class MOXIE::Vector2 & __ptr64,class MOXIE::Vector2 & __ptr64,unsigned char * __ptr64)
2350	?computeQuantizationLevelV3@VertexAnimQuantizer@MOXIE@@SAXPEBVVector3@2@HAEAV32@1PEAE@Z	public: static void __cdecl MOXIE::VertexAnimQuantizer::computeQuantizationLevelV3(class MOXIE::Vector3 const * __ptr64,int,class MOXIE::Vector3 & __ptr64,class MOXIE::Vector3 & __ptr64,unsigned char * __ptr64)
2351	?computeQuantizationLevelV4@VertexAnimQuantizer@MOXIE@@SAXPEBVVector4@2@HAEAV32@1PEAE@Z	public: static void __cdecl MOXIE::VertexAnimQuantizer::computeQuantizationLevelV4(class MOXIE::Vector4 const * __ptr64,int,class MOXIE::Vector4 & __ptr64,class MOXIE::Vector4 & __ptr64,unsigned char * __ptr64)
2352	?computeQuantizedValue@VertexAnimQuantizer@MOXIE@@SAIMMMH@Z	public: static unsigned int __cdecl MOXIE::VertexAnimQuantizer::computeQuantizedValue(float,float,float,int)
2353	?computeScale@VertexAnimQuantizer@MOXIE@@SAMH@Z	public: static float __cdecl MOXIE::VertexAnimQuantizer::computeScale(int)
2354	?computeStructDependencies@ShaderParser@MOXIE@@CAXXZ	private: static void __cdecl MOXIE::ShaderParser::computeStructDependencies(void)
2355	?computeTransformInfluencers@ModelResource@MOXIE@@QEAAXXZ	public: void __cdecl MOXIE::ModelResource::computeTransformInfluencers(void) __ptr64
2356	?configure@NestedFileSystem@MOXIE@@QEAAXPEAVFileSystem@2@0@Z	public: void __cdecl MOXIE::NestedFileSystem::configure(class MOXIE::FileSystem * __ptr64,class MOXIE::FileSystem * __ptr64) __ptr64
2357	?connect@TcpSocket@MOXIE@@QEAA_NIG_N@Z	public: bool __cdecl MOXIE::TcpSocket::connect(unsigned int,unsigned short,bool) __ptr64
2358	?connectionWaiting@TcpSocket@MOXIE@@QEAA_NXZ	public: bool __cdecl MOXIE::TcpSocket::connectionWaiting(void) __ptr64
2359	?constrainToPlaneHelper@SGCameraController@MOXIE@@QEAA?AVQuaternion@2@VVector3@2@AEBVTransform@2@@Z	public: class MOXIE::Quaternion __cdecl MOXIE::SGCameraController::constrainToPlaneHelper(class MOXIE::Vector3,class MOXIE::Transform const & __ptr64) __ptr64
2360	?contains@AABBox@MOXIE@@QEBA_NAEBV12@@Z	public: bool __cdecl MOXIE::AABBox::contains(class MOXIE::AABBox const & __ptr64)const __ptr64
2361	?contains@AABBox@MOXIE@@QEBA_NAEBVVector3@2@@Z	public: bool __cdecl MOXIE::AABBox::contains(class MOXIE::Vector3 const & __ptr64)const __ptr64
2362	?convertQuantizedToFloat@VertexAnimQuantizer@MOXIE@@SAMI@Z	public: static float __cdecl MOXIE::VertexAnimQuantizer::convertQuantizedToFloat(unsigned int)
2363	?convertQuantizedToFloat@VertexAnimQuantizer@MOXIE@@SAMIMM@Z	public: static float __cdecl MOXIE::VertexAnimQuantizer::convertQuantizedToFloat(unsigned int,float,float)
2364	?convertQuantizedToFloat@VertexAnimQuantizer@MOXIE@@SAMIMMM@Z	public: static float __cdecl MOXIE::VertexAnimQuantizer::convertQuantizedToFloat(unsigned int,float,float,float)
2365	?convertToFloat@VertexAnimQuantizer@MOXIE@@SAMHI@Z	public: static float __cdecl MOXIE::VertexAnimQuantizer::convertToFloat(int,unsigned int)
2366	?convertToRealPath@FilePath@MOXIE@@SA?AVString@2@AEBV32@@Z	public: static class MOXIE::String __cdecl MOXIE::FilePath::convertToRealPath(class MOXIE::String const & __ptr64)
2367	?convertVertexAttributeInfo@RenderDeviceGL@MOXIE@@SA_NAEAUVertexAttributeInfoGL@2@AEBUVertexAttributeInfo@2@II_K@Z	public: static bool __cdecl MOXIE::RenderDeviceGL::convertVertexAttributeInfo(struct MOXIE::VertexAttributeInfoGL & __ptr64,struct MOXIE::VertexAttributeInfo const & __ptr64,unsigned int,unsigned int,unsigned __int64)
2368	?copy@Buffer@@QEAAXAEBV1@@Z	public: void __cdecl Buffer::copy(class Buffer const & __ptr64) __ptr64
2369	?copy@Buffer@MOXIE@@QEAAXAEBV12@@Z	public: void __cdecl MOXIE::Buffer::copy(class MOXIE::Buffer const & __ptr64) __ptr64
2370	?copy@Material@MOXIE@@QEAAXPEAV12@@Z	public: void __cdecl MOXIE::Material::copy(class MOXIE::Material * __ptr64) __ptr64
2371	?copy@MaterialParameter@MOXIE@@UEAAXPEBV12@@Z	public: virtual void __cdecl MOXIE::MaterialParameter::copy(class MOXIE::MaterialParameter const * __ptr64) __ptr64
2372	?copy@MaterialParameterConstant@MOXIE@@UEAAXPEBVMaterialParameter@2@@Z	public: virtual void __cdecl MOXIE::MaterialParameterConstant::copy(class MOXIE::MaterialParameter const * __ptr64) __ptr64
2373	?copy@MaterialParameterTexture@MOXIE@@UEAAXPEBVMaterialParameter@2@@Z	public: virtual void __cdecl MOXIE::MaterialParameterTexture::copy(class MOXIE::MaterialParameter const * __ptr64) __ptr64
2374	?copy@MaterialPass@MOXIE@@QEAAXPEAV12@@Z	public: void __cdecl MOXIE::MaterialPass::copy(class MOXIE::MaterialPass * __ptr64) __ptr64
2375	?copy@String@MOXIE@@QEAAXPEBD@Z	public: void __cdecl MOXIE::String::copy(char const * __ptr64) __ptr64
2376	?copy@Variant@CSV@@QEAAXAEBU12@@Z	public: void __cdecl CSV::Variant::copy(struct CSV::Variant const & __ptr64) __ptr64
2377	?copyAsyncFrame@gsaDecoder@MOXIE@@AEAAHHH@Z	private: int __cdecl MOXIE::gsaDecoder::copyAsyncFrame(int,int) __ptr64
2378	?copyDecodedFrame@VideoCubeTile@MOXIE@@QEAAXPEAVSurface@2@PEAUAVFrame@@@Z	public: void __cdecl MOXIE::VideoCubeTile::copyDecodedFrame(class MOXIE::Surface * __ptr64,struct AVFrame * __ptr64) __ptr64
2379	?copyFrom@Bitmap@MOXIE@@QEAAXAEBV12@@Z	public: void __cdecl MOXIE::Bitmap::copyFrom(class MOXIE::Bitmap const & __ptr64) __ptr64
2380	?copyFrom@Surface@MOXIE@@QEAAXAEBV12@@Z	public: void __cdecl MOXIE::Surface::copyFrom(class MOXIE::Surface const & __ptr64) __ptr64
2381	?copyFrom@Uri@MOXIE@@AEAAXAEBV12@@Z	private: void __cdecl MOXIE::Uri::copyFrom(class MOXIE::Uri const & __ptr64) __ptr64
2382	?copyToShader@MaterialParameter@MOXIE@@UEAAXPEAVShader@2@@Z	public: virtual void __cdecl MOXIE::MaterialParameter::copyToShader(class MOXIE::Shader * __ptr64) __ptr64
2383	?copyToShader@MaterialParameterConstant@MOXIE@@UEAAXPEAVShader@2@@Z	public: virtual void __cdecl MOXIE::MaterialParameterConstant::copyToShader(class MOXIE::Shader * __ptr64) __ptr64
2384	?copyToShader@MaterialParameterTexture@MOXIE@@UEAAXPEAVShader@2@@Z	public: virtual void __cdecl MOXIE::MaterialParameterTexture::copyToShader(class MOXIE::Shader * __ptr64) __ptr64
2385	?correctRotation@LApiTrackingManager@duet@@SAHPEAUlua_State@@@Z	public: static int __cdecl duet::LApiTrackingManager::correctRotation(struct lua_State * __ptr64)
2386	?count@BufferObject@MOXIE@@QEBAIXZ	public: unsigned int __cdecl MOXIE::BufferObject::count(void)const __ptr64
2387	?count@Template@CSV@@QEBAIXZ	public: unsigned int __cdecl CSV::Template::count(void)const __ptr64
2388	?crc32@MOXIE@@YAIPEBEII@Z	unsigned int __cdecl MOXIE::crc32(unsigned char const * __ptr64,unsigned int,unsigned int)
2389	?create@AudioDevice@MOXIE@@SAPEAV12@XZ	public: static class MOXIE::AudioDevice * __ptr64 __cdecl MOXIE::AudioDevice::create(void)
2390	?create@FileSystemLocator@MOXIE@@YAXXZ	void __cdecl MOXIE::FileSystemLocator::create(void)
2391	?create@RenderDevice@MOXIE@@KAPEAV12@XZ	protected: static class MOXIE::RenderDevice * __ptr64 __cdecl MOXIE::RenderDevice::create(void)
2392	?createCamera@@YAXPEAXPEADPEAPEAX0@Z	void __cdecl createCamera(void * __ptr64,char * __ptr64,void * __ptr64 * __ptr64,void * __ptr64)
2393	?createContext@RenderDeviceGL@MOXIE@@IEAA_NXZ	protected: bool __cdecl MOXIE::RenderDeviceGL::createContext(void) __ptr64
2394	?createCubemap@RenderDeviceGL@MOXIE@@QEAAPEAVTexture@2@AEBVSurface@2@@Z	public: class MOXIE::Texture * __ptr64 __cdecl MOXIE::RenderDeviceGL::createCubemap(class MOXIE::Surface const & __ptr64) __ptr64
2395	?createEmitter@AudioManager@MOXIE@@QEAAPEAXW4LEMITTERTYPE@2@_N@Z	public: void * __ptr64 __cdecl MOXIE::AudioManager::createEmitter(enum MOXIE::LEMITTERTYPE,bool) __ptr64
2396	?createErrorSurface@Surface@MOXIE@@AEAAXXZ	private: void __cdecl MOXIE::Surface::createErrorSurface(void) __ptr64
2397	?createFileInfo@MemoryTracker@@QEAAPEAUFileInfo_t@1@PEADII@Z	public: struct MemoryTracker::FileInfo_t * __ptr64 __cdecl MemoryTracker::createFileInfo(char * __ptr64,unsigned int,unsigned int) __ptr64
2398	?createFont@RenderDeviceGL@MOXIE@@UEAAPEAVFont@2@PEAVFontMap@2@@Z	public: virtual class MOXIE::Font * __ptr64 __cdecl MOXIE::RenderDeviceGL::createFont(class MOXIE::FontMap * __ptr64) __ptr64
2399	?createIndexBuffer@RenderDeviceGL@MOXIE@@UEAAPEAVIndexBuffer@2@PEAXII_N@Z	public: virtual class MOXIE::IndexBuffer * __ptr64 __cdecl MOXIE::RenderDeviceGL::createIndexBuffer(void * __ptr64,unsigned int,unsigned int,bool) __ptr64
2400	?createIndexBuffer@VertexData@MOXIE@@QEAA_NPEAVRenderDevice@2@II_N@Z	public: bool __cdecl MOXIE::VertexData::createIndexBuffer(class MOXIE::RenderDevice * __ptr64,unsigned int,unsigned int,bool) __ptr64
2401	?createLEmitter@AudioManager@MOXIE@@QEAAPEAVLAudioEmitter@2@XZ	public: class MOXIE::LAudioEmitter * __ptr64 __cdecl MOXIE::AudioManager::createLEmitter(void) __ptr64
2402	?createLogger@StatManager@MOXIE@@QEAAPEAVStatLogger@@XZ	public: class StatLogger * __ptr64 __cdecl MOXIE::StatManager::createLogger(void) __ptr64
2403	?createMaterialInstance@SGModelInstance@MOXIE@@QEAAPEAVMaterial@2@I@Z	public: class MOXIE::Material * __ptr64 __cdecl MOXIE::SGModelInstance::createMaterialInstance(unsigned int) __ptr64
2404	?createPath@InternalFileSystem@MOXIE@@UEAA_NPEBD@Z	public: virtual bool __cdecl MOXIE::InternalFileSystem::createPath(char const * __ptr64) __ptr64
2405	?createPath@LocalFileSystem@MOXIE@@UEAA_NPEBD@Z	public: virtual bool __cdecl MOXIE::LocalFileSystem::createPath(char const * __ptr64) __ptr64
2406	?createPath@NestedFileSystem@MOXIE@@UEAA_NPEBD@Z	public: virtual bool __cdecl MOXIE::NestedFileSystem::createPath(char const * __ptr64) __ptr64
2407	?createPath@NetworkFileSystem@MOXIE@@UEAA_NPEBD@Z	public: virtual bool __cdecl MOXIE::NetworkFileSystem::createPath(char const * __ptr64) __ptr64
2408	?createPath@PackageFileSystem@MOXIE@@UEAA_NPEBD@Z	public: virtual bool __cdecl MOXIE::PackageFileSystem::createPath(char const * __ptr64) __ptr64
2409	?createRenderBuffer@RenderDeviceGL@MOXIE@@UEAAPEAVRenderBuffer@2@AEBVSurface@2@@Z	public: virtual class MOXIE::RenderBuffer * __ptr64 __cdecl MOXIE::RenderDeviceGL::createRenderBuffer(class MOXIE::Surface const & __ptr64) __ptr64
2410	?createRenderGraph@RenderManager@MOXIE@@QEAAPEAVRenderGraph@2@AEBVString@2@@Z	public: class MOXIE::RenderGraph * __ptr64 __cdecl MOXIE::RenderManager::createRenderGraph(class MOXIE::String const & __ptr64) __ptr64
2411	?createRenderTarget@RenderDeviceGL@MOXIE@@UEAAPEAVRenderTarget@2@II_NI@Z	public: virtual class MOXIE::RenderTarget * __ptr64 __cdecl MOXIE::RenderDeviceGL::createRenderTarget(unsigned int,unsigned int,bool,unsigned int) __ptr64
2412	?createRenderTarget@RenderDeviceGL@MOXIE@@UEAAPEAVRenderTarget@2@XZ	public: virtual class MOXIE::RenderTarget * __ptr64 __cdecl MOXIE::RenderDeviceGL::createRenderTarget(void) __ptr64
2413	?createRenderView@RenderManager@MOXIE@@QEAAPEAVRenderView@2@AEBVString@2@@Z	public: class MOXIE::RenderView * __ptr64 __cdecl MOXIE::RenderManager::createRenderView(class MOXIE::String const & __ptr64) __ptr64
2414	?createResourceClip@AudioSystem@MOXIE@@QEAA?AW4MauxStatus@2@IIMMPEAI@Z	public: enum MOXIE::MauxStatus __cdecl MOXIE::AudioSystem::createResourceClip(unsigned int,unsigned int,float,float,unsigned int * __ptr64) __ptr64
2415	?createResourceGroup@ResourceManager@MOXIE@@QEAAII@Z	public: unsigned int __cdecl MOXIE::ResourceManager::createResourceGroup(unsigned int) __ptr64
2416	?createResources@RenderDebug@MOXIE@@QEAAXXZ	public: void __cdecl MOXIE::RenderDebug::createResources(void) __ptr64
2417	?createResources@RenderDeviceGL@MOXIE@@UEAAXPEBD0@Z	public: virtual void __cdecl MOXIE::RenderDeviceGL::createResources(char const * __ptr64,char const * __ptr64) __ptr64
2418	?createResources@StoryPlayer@MOXIE@@IEAAXXZ	protected: void __cdecl MOXIE::StoryPlayer::createResources(void) __ptr64
2419	?createScene@SceneManager@MOXIE@@QEAAPEAVSceneGraph@2@XZ	public: class MOXIE::SceneGraph * __ptr64 __cdecl MOXIE::SceneManager::createScene(void) __ptr64
2420	?createSensorOffset@SGCameraController@MOXIE@@QEAAXAEAVQuaternion@2@00@Z	public: void __cdecl MOXIE::SGCameraController::createSensorOffset(class MOXIE::Quaternion & __ptr64,class MOXIE::Quaternion & __ptr64,class MOXIE::Quaternion & __ptr64) __ptr64
2421	?createShader@RenderDeviceGL@MOXIE@@QEAAII@Z	public: unsigned int __cdecl MOXIE::RenderDeviceGL::createShader(unsigned int) __ptr64
2422	?createShader@RenderDeviceGL@MOXIE@@UEAAPEAVShader@2@PEBD_N@Z	public: virtual class MOXIE::Shader * __ptr64 __cdecl MOXIE::RenderDeviceGL::createShader(char const * __ptr64,bool) __ptr64
2423	?createSound@AudioManager@MOXIE@@QEAAPEAXAEBVResourceHandle@2@HH_N@Z	public: void * __ptr64 __cdecl MOXIE::AudioManager::createSound(class MOXIE::ResourceHandle const & __ptr64,int,int,bool) __ptr64
2424	?createStat@StatTracker@@QEAAPEAVStat@@PEBDAEBUVariant@CSV@@_N0@Z	public: class Stat * __ptr64 __cdecl StatTracker::createStat(char const * __ptr64,struct CSV::Variant const & __ptr64,bool,char const * __ptr64) __ptr64
2425	?createStats@LApplication@MOXIE@@IEAAXXZ	protected: void __cdecl MOXIE::LApplication::createStats(void) __ptr64
2426	?createTargetCenteringVelocity@SGCameraController@MOXIE@@QEAA?AVQuaternion@2@AEBVTransform@2@VVector3@2@@Z	public: class MOXIE::Quaternion __cdecl MOXIE::SGCameraController::createTargetCenteringVelocity(class MOXIE::Transform const & __ptr64,class MOXIE::Vector3) __ptr64
2427	?createTexture2D@RenderDeviceGL@MOXIE@@QEAAPEAVTexture@2@AEBVSurface@2@@Z	public: class MOXIE::Texture * __ptr64 __cdecl MOXIE::RenderDeviceGL::createTexture2D(class MOXIE::Surface const & __ptr64) __ptr64
2428	?createTexture@RenderDeviceGL@MOXIE@@UEAAPEAVTexture@2@AEBVSurface@2@@Z	public: virtual class MOXIE::Texture * __ptr64 __cdecl MOXIE::RenderDeviceGL::createTexture(class MOXIE::Surface const & __ptr64) __ptr64
2429	?createTextureArray@RenderDeviceGL@MOXIE@@QEAAPEAVTexture@2@AEBVSurface@2@@Z	public: class MOXIE::Texture * __ptr64 __cdecl MOXIE::RenderDeviceGL::createTextureArray(class MOXIE::Surface const & __ptr64) __ptr64
2430	?createTrackingOffset@SGCameraController@MOXIE@@QEAA?AVQuaternion@2@AEBVTransform@2@AEBV32@@Z	public: class MOXIE::Quaternion __cdecl MOXIE::SGCameraController::createTrackingOffset(class MOXIE::Transform const & __ptr64,class MOXIE::Quaternion const & __ptr64) __ptr64
2431	?createTrackingStrength@SGCameraController@MOXIE@@QEAAMAEBVTransform@2@@Z	public: float __cdecl MOXIE::SGCameraController::createTrackingStrength(class MOXIE::Transform const & __ptr64) __ptr64
2432	?createVertexArrayObject@RenderDeviceGL@MOXIE@@QEAAIIIPEBUVertexAttributeInfoGL@2@II@Z	public: unsigned int __cdecl MOXIE::RenderDeviceGL::createVertexArrayObject(unsigned int,unsigned int,struct MOXIE::VertexAttributeInfoGL const * __ptr64,unsigned int,unsigned int) __ptr64
2433	?createVertexBuffer@RenderDeviceGL@MOXIE@@UEAAPEAVVertexBuffer@2@PEAXII_N@Z	public: virtual class MOXIE::VertexBuffer * __ptr64 __cdecl MOXIE::RenderDeviceGL::createVertexBuffer(void * __ptr64,unsigned int,unsigned int,bool) __ptr64
2434	?createVertexBuffer@VertexData@MOXIE@@QEAA_NPEAVRenderDevice@2@PEBUVertexAttributeInfo@2@II_N@Z	public: bool __cdecl MOXIE::VertexData::createVertexBuffer(class MOXIE::RenderDevice * __ptr64,struct MOXIE::VertexAttributeInfo const * __ptr64,unsigned int,unsigned int,bool) __ptr64
2435	?createVertexBuffer@VertexData@MOXIE@@QEAA_NPEAVRenderDevice@2@W4EVertexAttributeFlags@2@I_N@Z	public: bool __cdecl MOXIE::VertexData::createVertexBuffer(class MOXIE::RenderDevice * __ptr64,enum MOXIE::EVertexAttributeFlags,unsigned int,bool) __ptr64
2436	?createWindow@Win32Utils@@SA_NAEAUWindowInfo@1@PEBDP6A_JPEAUHWND__@@I_K_J@Z_NHHH@Z	public: static bool __cdecl Win32Utils::createWindow(struct Win32Utils::WindowInfo & __ptr64,char const * __ptr64,__int64 (__cdecl*)(struct HWND__ * __ptr64,unsigned int,unsigned __int64,__int64),bool,int,int,int)
2437	?cross@Vector3@MOXIE@@QEBA?AV12@AEBV12@@Z	public: class MOXIE::Vector3 __cdecl MOXIE::Vector3::cross(class MOXIE::Vector3 const & __ptr64)const __ptr64
2438	?crossfade@Animator@MOXIE@@QEAA_NPEBDM_N@Z	public: bool __cdecl MOXIE::Animator::crossfade(char const * __ptr64,float,bool) __ptr64
2439	?cstr@String@MOXIE@@QEBAPEBDXZ	public: char const * __ptr64 __cdecl MOXIE::String::cstr(void)const __ptr64
2440	?currentId@Thread@MOXIE@@SAKXZ	public: static unsigned long __cdecl MOXIE::Thread::currentId(void)
2441	?deallocate@BitStream@MOXIE@@QEAAXXZ	public: void __cdecl MOXIE::BitStream::deallocate(void) __ptr64
2442	?deallocate@CSV@@QEAAXXZ	public: void __cdecl CSV::deallocate(void) __ptr64
2443	?deallocate@ShaderGL_ES2@MOXIE@@AEAAXXZ	private: void __cdecl MOXIE::ShaderGL_ES2::deallocate(void) __ptr64
2444	?deallocate@String@MOXIE@@QEAAXXZ	public: void __cdecl MOXIE::String::deallocate(void) __ptr64
2445	?deallocateDecoders@VertexAnimator@MOXIE@@CAXAEBV?$TArray@UVertexAnimatedMesh@MOXIE@@@2@PEAVPose@2@@Z	private: static void __cdecl MOXIE::VertexAnimator::deallocateDecoders(class MOXIE::TArray<struct MOXIE::VertexAnimatedMesh> const & __ptr64,class MOXIE::Pose * __ptr64)
2446	?debugFindFile@PackageFileSystem@MOXIE@@SAPEAVString@2@_J@Z	public: static class MOXIE::String * __ptr64 __cdecl MOXIE::PackageFileSystem::debugFindFile(__int64)
2447	?debugMarker@RenderDeviceGL@MOXIE@@UEAAXPEBD@Z	public: virtual void __cdecl MOXIE::RenderDeviceGL::debugMarker(char const * __ptr64) __ptr64
2448	?decodeComponentArray@VertexAnimDecoder@MOXIE@@AEAA_KH_KHPEAVVector3@2@W4DecodeAction_e@12@@Z	private: unsigned __int64 __cdecl MOXIE::VertexAnimDecoder::decodeComponentArray(int,unsigned __int64,int,class MOXIE::Vector3 * __ptr64,enum MOXIE::VertexAnimDecoder::DecodeAction_e) __ptr64
2449	?decodeComponentArray_iFrame@gsaDecoder@MOXIE@@CA_KAEBUgsaFrameData@2@H_KIPEAM@Z	private: static unsigned __int64 __cdecl MOXIE::gsaDecoder::decodeComponentArray_iFrame(struct MOXIE::gsaFrameData const & __ptr64,int,unsigned __int64,unsigned int,float * __ptr64)
2450	?decodeComponentArray_pFrame@gsaDecoder@MOXIE@@CA_KAEBUgsaFrameData@2@HH_KIPEBMPEAM@Z	private: static unsigned __int64 __cdecl MOXIE::gsaDecoder::decodeComponentArray_pFrame(struct MOXIE::gsaFrameData const & __ptr64,int,int,unsigned __int64,unsigned int,float const * __ptr64,float * __ptr64)
2451	?decodeFrame@VertexAnimDecoder@MOXIE@@AEAAXHW4DecodeAction_e@12@@Z	private: void __cdecl MOXIE::VertexAnimDecoder::decodeFrame(int,enum MOXIE::VertexAnimDecoder::DecodeAction_e) __ptr64
2452	?decodeFrame@VertexAnimDecoder@MOXIE@@QEAAXH@Z	public: void __cdecl MOXIE::VertexAnimDecoder::decodeFrame(int) __ptr64
2453	?decodeFrame@VideoCubeTile@MOXIE@@QEAA_NPEAUAVFrame@@@Z	public: bool __cdecl MOXIE::VideoCubeTile::decodeFrame(struct AVFrame * __ptr64) __ptr64
2454	?decodeFrame@gsaDecoder@MOXIE@@AEAA_NHI@Z	private: bool __cdecl MOXIE::gsaDecoder::decodeFrame(int,unsigned int) __ptr64
2455	?decodeFrameCallback@gsaDecoder@MOXIE@@CA_NPEAV12@HHH@Z	private: static bool __cdecl MOXIE::gsaDecoder::decodeFrameCallback(class MOXIE::gsaDecoder * __ptr64,int,int,int)
2456	?decodeFrameData@gsaDecoder@MOXIE@@AEAAXIIPEBVBitStream@2@@Z	private: void __cdecl MOXIE::gsaDecoder::decodeFrameData(unsigned int,unsigned int,class MOXIE::BitStream const * __ptr64) __ptr64
2457	?decodeFrameInternal@gsaDecoder@MOXIE@@AEAAXHIPEBVBitStream@2@@Z	private: void __cdecl MOXIE::gsaDecoder::decodeFrameInternal(int,unsigned int,class MOXIE::BitStream const * __ptr64) __ptr64
2458	?decodeSingleFrame@gsaDecoder@MOXIE@@AEAAXIIII@Z	private: void __cdecl MOXIE::gsaDecoder::decodeSingleFrame(unsigned int,unsigned int,unsigned int,unsigned int) __ptr64
2459	?decodeThread@SGVideoCubePlayer@MOXIE@@CAPEAXPEAX@Z	private: static void * __ptr64 __cdecl MOXIE::SGVideoCubePlayer::decodeThread(void * __ptr64)
2460	?decodeTiles@SGVideoCubePlayer@MOXIE@@AEAAXPEAVDecodeThreadData@12@@Z	private: void __cdecl MOXIE::SGVideoCubePlayer::decodeTiles(class MOXIE::SGVideoCubePlayer::DecodeThreadData * __ptr64) __ptr64
2461	?decodeTo@OggVorbisDecoder@MOXIE@@UEAA?AW4MauxStatus@2@IPEAXAEAI@Z	public: virtual enum MOXIE::MauxStatus __cdecl MOXIE::OggVorbisDecoder::decodeTo(unsigned int,void * __ptr64,unsigned int & __ptr64) __ptr64
2462	?decodeTo@PcmDecoder@MOXIE@@UEAA?AW4MauxStatus@2@IPEAXAEAI@Z	public: virtual enum MOXIE::MauxStatus __cdecl MOXIE::PcmDecoder::decodeTo(unsigned int,void * __ptr64,unsigned int & __ptr64) __ptr64
2463	?decodeTo@StreamDataSource@MOXIE@@UEAA?AW4MauxStatus@2@IPEAXAEAI@Z	public: virtual enum MOXIE::MauxStatus __cdecl MOXIE::StreamDataSource::decodeTo(unsigned int,void * __ptr64,unsigned int & __ptr64) __ptr64
2464	?decompress@VertexCompression@MOXIE@@SAIAEBVBitStream@2@PEAVMesh@ModelResource@2@I@Z	public: static unsigned int __cdecl MOXIE::VertexCompression::decompress(class MOXIE::BitStream const & __ptr64,class MOXIE::ModelResource::Mesh * __ptr64,unsigned int)
2465	?decompressChunkHeader@VertexAnimQuantizer@MOXIE@@SAXAEAUChunkHeaderV1@2@AEBVBitStream@2@I@Z	public: static void __cdecl MOXIE::VertexAnimQuantizer::decompressChunkHeader(struct MOXIE::ChunkHeaderV1 & __ptr64,class MOXIE::BitStream const & __ptr64,unsigned int)
2466	?decompressFrame@FlipbookInstance@MOXIE@@IEAAXI_N@Z	protected: void __cdecl MOXIE::FlipbookInstance::decompressFrame(unsigned int,bool) __ptr64
2467	?decompressImage@Surface@MOXIE@@AEAA_NAEBV?$TArray@E@2@IIW4EPixelFormat@2@PEAE@Z	private: bool __cdecl MOXIE::Surface::decompressImage(class MOXIE::TArray<unsigned char> const & __ptr64,unsigned int,unsigned int,enum MOXIE::EPixelFormat,unsigned char * __ptr64) __ptr64
2468	?decompressImage@Surface@MOXIE@@AEAA_NXZ	private: bool __cdecl MOXIE::Surface::decompressImage(void) __ptr64
2469	?decompressIndices@VertexCompression@MOXIE@@SAPEAGAEBVBitStream@2@AEAII@Z	public: static unsigned short * __ptr64 __cdecl MOXIE::VertexCompression::decompressIndices(class MOXIE::BitStream const & __ptr64,unsigned int & __ptr64,unsigned int)
2470	?deconstructQuaternion@SGCameraController@MOXIE@@QEAAXVQuaternion@2@AEAV32@11@Z	public: void __cdecl MOXIE::SGCameraController::deconstructQuaternion(class MOXIE::Quaternion,class MOXIE::Quaternion & __ptr64,class MOXIE::Quaternion & __ptr64,class MOXIE::Quaternion & __ptr64) __ptr64
2471	?defaultCapacity@Buffer@@2IB	public: static unsigned int const Buffer::defaultCapacity
2472	?defaultCapacity@Buffer@MOXIE@@2IB	public: static unsigned int const MOXIE::Buffer::defaultCapacity
2473	?delay@LApiGlowFader@duet@@0NA	private: static double duet::LApiGlowFader::delay
2474	?delay@LApiMasterBlender@duet@@0NA	private: static double duet::LApiMasterBlender::delay
2475	?deleteBuffers@RenderDeviceGL@MOXIE@@QEAAXHPEBI@Z	public: void __cdecl MOXIE::RenderDeviceGL::deleteBuffers(int,unsigned int const * __ptr64) __ptr64
2476	?deleteCache@NetworkFileSystem@MOXIE@@QEAAXXZ	public: void __cdecl MOXIE::NetworkFileSystem::deleteCache(void) __ptr64
2477	?deleteFile@InternalFileSystem@MOXIE@@UEAA_NPEBD@Z	public: virtual bool __cdecl MOXIE::InternalFileSystem::deleteFile(char const * __ptr64) __ptr64
2478	?deleteFile@LocalFileSystem@MOXIE@@UEAA_NPEBD@Z	public: virtual bool __cdecl MOXIE::LocalFileSystem::deleteFile(char const * __ptr64) __ptr64
2479	?deleteFile@NestedFileSystem@MOXIE@@UEAA_NPEBD@Z	public: virtual bool __cdecl MOXIE::NestedFileSystem::deleteFile(char const * __ptr64) __ptr64
2480	?deleteFile@NetworkFileSystem@MOXIE@@UEAA_NPEBD@Z	public: virtual bool __cdecl MOXIE::NetworkFileSystem::deleteFile(char const * __ptr64) __ptr64
2481	?deleteFile@PackageFileSystem@MOXIE@@UEAA_NPEBD@Z	public: virtual bool __cdecl MOXIE::PackageFileSystem::deleteFile(char const * __ptr64) __ptr64
2482	?deleteFramebuffers@RenderDeviceGL@MOXIE@@QEAAXHPEBI@Z	public: void __cdecl MOXIE::RenderDeviceGL::deleteFramebuffers(int,unsigned int const * __ptr64) __ptr64
2483	?deleteRenderbuffers@RenderDeviceGL@MOXIE@@QEAAXHPEBI@Z	public: void __cdecl MOXIE::RenderDeviceGL::deleteRenderbuffers(int,unsigned int const * __ptr64) __ptr64
2484	?deleteShader@RenderDeviceGL@MOXIE@@QEAAXI@Z	public: void __cdecl MOXIE::RenderDeviceGL::deleteShader(unsigned int) __ptr64
2485	?deleteTextures@RenderDeviceGL@MOXIE@@QEAAXHPEBI@Z	public: void __cdecl MOXIE::RenderDeviceGL::deleteTextures(int,unsigned int const * __ptr64) __ptr64
2486	?deleteVertexArrayObject@RenderDeviceGL@MOXIE@@QEAAXI@Z	public: void __cdecl MOXIE::RenderDeviceGL::deleteVertexArrayObject(unsigned int) __ptr64
2487	?destroy@AnimResource@MOXIE@@IEAAXXZ	protected: void __cdecl MOXIE::AnimResource::destroy(void) __ptr64
2488	?destroy@AudioDevice@MOXIE@@SAXPEAV12@@Z	public: static void __cdecl MOXIE::AudioDevice::destroy(class MOXIE::AudioDevice * __ptr64)
2489	?destroy@LApiDuet@duet@@SAHPEAUlua_State@@@Z	public: static int __cdecl duet::LApiDuet::destroy(struct lua_State * __ptr64)
2490	?destroy@LApiLuaProfiler@luaProfiler@MOXIE@@SAHPEAUlua_State@@@Z	public: static int __cdecl MOXIE::luaProfiler::LApiLuaProfiler::destroy(struct lua_State * __ptr64)
2491	?destroy@ModelResource@MOXIE@@UEAAXXZ	public: virtual void __cdecl MOXIE::ModelResource::destroy(void) __ptr64
2492	?destroy@RenderDevice@MOXIE@@KAXPEAV12@@Z	protected: static void __cdecl MOXIE::RenderDevice::destroy(class MOXIE::RenderDevice * __ptr64)
2493	?destroy@SGVideoCubePlayer@MOXIE@@AEAAXXZ	private: void __cdecl MOXIE::SGVideoCubePlayer::destroy(void) __ptr64
2494	?destroy@SceneGraph@MOXIE@@QEAAXXZ	public: void __cdecl MOXIE::SceneGraph::destroy(void) __ptr64
2495	?destroy@ShaderParser@MOXIE@@SAXXZ	public: static void __cdecl MOXIE::ShaderParser::destroy(void)
2496	?destroy@Sound@MOXIE@@QEAAXXZ	public: void __cdecl MOXIE::Sound::destroy(void) __ptr64
2497	?destroy@StatTracker@@SAXXZ	public: static void __cdecl StatTracker::destroy(void)
2498	?destroy@SymbolTable@MOXIE@@SAXXZ	public: static void __cdecl MOXIE::SymbolTable::destroy(void)
2499	?destroy@VertexData@MOXIE@@QEAAXPEAVRenderDevice@2@@Z	public: void __cdecl MOXIE::VertexData::destroy(class MOXIE::RenderDevice * __ptr64) __ptr64
2500	?destroy@gsaDecoder@MOXIE@@SAXXZ	public: static void __cdecl MOXIE::gsaDecoder::destroy(void)
2501	?destroyAllRenderGraphs@RenderManager@MOXIE@@QEAAXXZ	public: void __cdecl MOXIE::RenderManager::destroyAllRenderGraphs(void) __ptr64
2502	?destroyAllRenderViews@RenderManager@MOXIE@@QEAAXXZ	public: void __cdecl MOXIE::RenderManager::destroyAllRenderViews(void) __ptr64
2503	?destroyComponents@SGNode@MOXIE@@QEAAXXZ	public: void __cdecl MOXIE::SGNode::destroyComponents(void) __ptr64
2504	?destroyContext@RenderDeviceGL@MOXIE@@IEAAXXZ	protected: void __cdecl MOXIE::RenderDeviceGL::destroyContext(void) __ptr64
2505	?destroyEmitter@AudioManager@MOXIE@@QEAAXPEAX@Z	public: void __cdecl MOXIE::AudioManager::destroyEmitter(void * __ptr64) __ptr64
2506	?destroyFont@RenderDeviceGL@MOXIE@@UEAAXPEAVFont@2@@Z	public: virtual void __cdecl MOXIE::RenderDeviceGL::destroyFont(class MOXIE::Font * __ptr64) __ptr64
2507	?destroyIndexBuffer@RenderDeviceGL@MOXIE@@UEAAXPEAVIndexBuffer@2@@Z	public: virtual void __cdecl MOXIE::RenderDeviceGL::destroyIndexBuffer(class MOXIE::IndexBuffer * __ptr64) __ptr64
2508	?destroyLEmitter@AudioManager@MOXIE@@QEAAXAEAPEAVLAudioEmitter@2@@Z	public: void __cdecl MOXIE::AudioManager::destroyLEmitter(class MOXIE::LAudioEmitter * __ptr64 & __ptr64) __ptr64
2509	?destroyListeners@StatTracker@@IEAAXXZ	protected: void __cdecl StatTracker::destroyListeners(void) __ptr64
2510	?destroyLogger@StatManager@MOXIE@@QEAAXPEAVStatLogger@@@Z	public: void __cdecl MOXIE::StatManager::destroyLogger(class StatLogger * __ptr64) __ptr64
2511	?destroyNode@SceneGraph@MOXIE@@QEAAXPEAVSGNode@2@@Z	public: void __cdecl MOXIE::SceneGraph::destroyNode(class MOXIE::SGNode * __ptr64) __ptr64
2512	?destroyRenderBuffer@RenderDeviceGL@MOXIE@@UEAAXPEAVRenderBuffer@2@@Z	public: virtual void __cdecl MOXIE::RenderDeviceGL::destroyRenderBuffer(class MOXIE::RenderBuffer * __ptr64) __ptr64
2513	?destroyRenderGraph@RenderManager@MOXIE@@QEAAXPEAVRenderGraph@2@@Z	public: void __cdecl MOXIE::RenderManager::destroyRenderGraph(class MOXIE::RenderGraph * __ptr64) __ptr64
2514	?destroyRenderTarget@RenderDeviceGL@MOXIE@@UEAAXPEAVRenderTarget@2@@Z	public: virtual void __cdecl MOXIE::RenderDeviceGL::destroyRenderTarget(class MOXIE::RenderTarget * __ptr64) __ptr64
2515	?destroyRenderView@RenderManager@MOXIE@@QEAAXPEAVRenderView@2@@Z	public: void __cdecl MOXIE::RenderManager::destroyRenderView(class MOXIE::RenderView * __ptr64) __ptr64
2516	?destroyResourceGroup@ResourceManager@MOXIE@@QEAAXI@Z	public: void __cdecl MOXIE::ResourceManager::destroyResourceGroup(unsigned int) __ptr64
2517	?destroyResourceGroupInternal@ResourceManager@MOXIE@@AEAAXI@Z	private: void __cdecl MOXIE::ResourceManager::destroyResourceGroupInternal(unsigned int) __ptr64
2518	?destroyResources@RenderDeviceGL@MOXIE@@UEAAXXZ	public: virtual void __cdecl MOXIE::RenderDeviceGL::destroyResources(void) __ptr64
2519	?destroyScene@SceneManager@MOXIE@@QEAAXPEAVSceneGraph@2@@Z	public: void __cdecl MOXIE::SceneManager::destroyScene(class MOXIE::SceneGraph * __ptr64) __ptr64
2520	?destroyShader@RenderDeviceGL@MOXIE@@UEAAXPEAVShader@2@@Z	public: virtual void __cdecl MOXIE::RenderDeviceGL::destroyShader(class MOXIE::Shader * __ptr64) __ptr64
2521	?destroySound@AudioManager@MOXIE@@QEAAXPEAX@Z	public: void __cdecl MOXIE::AudioManager::destroySound(void * __ptr64) __ptr64
2522	?destroyStat@StatTracker@@QEAAXPEBD@Z	public: void __cdecl StatTracker::destroyStat(char const * __ptr64) __ptr64
2523	?destroyStats@LApplication@MOXIE@@IEAAXXZ	protected: void __cdecl MOXIE::LApplication::destroyStats(void) __ptr64
2524	?destroyTexture@RenderDeviceGL@MOXIE@@UEAAXPEAVTexture@2@@Z	public: virtual void __cdecl MOXIE::RenderDeviceGL::destroyTexture(class MOXIE::Texture * __ptr64) __ptr64
2525	?destroyUnusedBuffers@RenderDeviceGL@MOXIE@@UEAAXXZ	public: virtual void __cdecl MOXIE::RenderDeviceGL::destroyUnusedBuffers(void) __ptr64
2526	?destroyVertexBuffer@RenderDeviceGL@MOXIE@@UEAAXPEAVVertexBuffer@2@@Z	public: virtual void __cdecl MOXIE::RenderDeviceGL::destroyVertexBuffer(class MOXIE::VertexBuffer * __ptr64) __ptr64
2527	?destroyWindow@Win32Utils@@SAXAEAUWindowInfo@1@@Z	public: static void __cdecl Win32Utils::destroyWindow(struct Win32Utils::WindowInfo & __ptr64)
2528	?detach@AudPlayer@MOXIE@@QEAAXXZ	public: void __cdecl MOXIE::AudPlayer::detach(void) __ptr64
2529	?detach@AudResource@MOXIE@@QEAAXXZ	public: void __cdecl MOXIE::AudResource::detach(void) __ptr64
2530	?detach@AudioDataSource@MOXIE@@UEAAXXZ	public: virtual void __cdecl MOXIE::AudioDataSource::detach(void) __ptr64
2531	?detach@OggVorbisDecoder@MOXIE@@UEAAXXZ	public: virtual void __cdecl MOXIE::OggVorbisDecoder::detach(void) __ptr64
2532	?detach@PcmDecoder@MOXIE@@UEAAXXZ	public: virtual void __cdecl MOXIE::PcmDecoder::detach(void) __ptr64
2533	?detach@StreamDataSource@MOXIE@@UEAAXXZ	public: virtual void __cdecl MOXIE::StreamDataSource::detach(void) __ptr64
2534	?determinant@Matrix3@MOXIE@@QEBAMXZ	public: float __cdecl MOXIE::Matrix3::determinant(void)const __ptr64
2535	?determinant@Matrix4@MOXIE@@QEBAMXZ	public: float __cdecl MOXIE::Matrix4::determinant(void)const __ptr64
2536	?determineRequiredVertexAttributes@ShaderGL_ES2@MOXIE@@AEAAIAEBVShaderParamList@2@@Z	private: unsigned int __cdecl MOXIE::ShaderGL_ES2::determineRequiredVertexAttributes(class MOXIE::ShaderParamList const & __ptr64) __ptr64
2537	?disableOverlay@RenderManager@MOXIE@@QEAAXXZ	public: void __cdecl MOXIE::RenderManager::disableOverlay(void) __ptr64
2538	?disableSortOrderDebugging@RenderManager@MOXIE@@QEAAXXZ	public: void __cdecl MOXIE::RenderManager::disableSortOrderDebugging(void) __ptr64
2539	?disableSupersampling@RenderManager@MOXIE@@QEAAXXZ	public: void __cdecl MOXIE::RenderManager::disableSupersampling(void) __ptr64
2540	?dispatchCommand@RenderDispatcher@MOXIE@@AEBAXHPEAE@Z	private: void __cdecl MOXIE::RenderDispatcher::dispatchCommand(int,unsigned char * __ptr64)const __ptr64
2541	?display@RenderDebug@MOXIE@@QEAAXPEAVRenderView@2@_N@Z	public: void __cdecl MOXIE::RenderDebug::display(class MOXIE::RenderView * __ptr64,bool) __ptr64
2542	?display@RenderView@MOXIE@@QEAAXXZ	public: void __cdecl MOXIE::RenderView::display(void) __ptr64
2543	?displayMono@RenderView@MOXIE@@IEAAXXZ	protected: void __cdecl MOXIE::RenderView::displayMono(void) __ptr64
2544	?displayProfileStats@VideoCubeManager@MOXIE@@QEAAXII@Z	public: void __cdecl MOXIE::VideoCubeManager::displayProfileStats(unsigned int,unsigned int) __ptr64
2545	?displaySolids@RenderDebug@MOXIE@@QEAAXPEAVRenderView@2@@Z	public: void __cdecl MOXIE::RenderDebug::displaySolids(class MOXIE::RenderView * __ptr64) __ptr64
2546	?displayStereo@RenderView@MOXIE@@IEAAXXZ	protected: void __cdecl MOXIE::RenderView::displayStereo(void) __ptr64
2547	?distance@Plane@MOXIE@@QEBAMAEBVVector3@2@@Z	public: float __cdecl MOXIE::Plane::distance(class MOXIE::Vector3 const & __ptr64)const __ptr64
2548	?distance@Vector2@MOXIE@@QEBAMAEBV12@@Z	public: float __cdecl MOXIE::Vector2::distance(class MOXIE::Vector2 const & __ptr64)const __ptr64
2549	?distance@Vector3@MOXIE@@QEBAMAEBV12@@Z	public: float __cdecl MOXIE::Vector3::distance(class MOXIE::Vector3 const & __ptr64)const __ptr64
2550	?distance@Vector4@MOXIE@@QEBAMAEBV12@@Z	public: float __cdecl MOXIE::Vector4::distance(class MOXIE::Vector4 const & __ptr64)const __ptr64
2551	?distanceSq@Vector2@MOXIE@@QEBAMAEBV12@@Z	public: float __cdecl MOXIE::Vector2::distanceSq(class MOXIE::Vector2 const & __ptr64)const __ptr64
2552	?distanceSq@Vector3@MOXIE@@QEBAMAEBV12@@Z	public: float __cdecl MOXIE::Vector3::distanceSq(class MOXIE::Vector3 const & __ptr64)const __ptr64
2553	?distanceSq@Vector4@MOXIE@@QEBAMAEBV12@@Z	public: float __cdecl MOXIE::Vector4::distanceSq(class MOXIE::Vector4 const & __ptr64)const __ptr64
2554	?distanceXY@Vector3@MOXIE@@QEBAMAEBV12@@Z	public: float __cdecl MOXIE::Vector3::distanceXY(class MOXIE::Vector3 const & __ptr64)const __ptr64
2555	?distanceXY@Vector4@MOXIE@@QEBAMAEBV12@@Z	public: float __cdecl MOXIE::Vector4::distanceXY(class MOXIE::Vector4 const & __ptr64)const __ptr64
2556	?distanceXZ@Vector3@MOXIE@@QEBAMAEBV12@@Z	public: float __cdecl MOXIE::Vector3::distanceXZ(class MOXIE::Vector3 const & __ptr64)const __ptr64
2557	?distanceXZ@Vector4@MOXIE@@QEBAMAEBV12@@Z	public: float __cdecl MOXIE::Vector4::distanceXZ(class MOXIE::Vector4 const & __ptr64)const __ptr64
2558	?distanceYZ@Vector3@MOXIE@@QEBAMAEBV12@@Z	public: float __cdecl MOXIE::Vector3::distanceYZ(class MOXIE::Vector3 const & __ptr64)const __ptr64
2559	?distanceYZ@Vector4@MOXIE@@QEBAMAEBV12@@Z	public: float __cdecl MOXIE::Vector4::distanceYZ(class MOXIE::Vector4 const & __ptr64)const __ptr64
2560	?div@Vector2@MOXIE@@QEAAXM@Z	public: void __cdecl MOXIE::Vector2::div(float) __ptr64
2561	?div@Vector3@MOXIE@@QEAAXM@Z	public: void __cdecl MOXIE::Vector3::div(float) __ptr64
2562	?div@Vector4@MOXIE@@QEAAXM@Z	public: void __cdecl MOXIE::Vector4::div(float) __ptr64
2563	?dot@Quaternion@MOXIE@@QEBAMAEBV12@@Z	public: float __cdecl MOXIE::Quaternion::dot(class MOXIE::Quaternion const & __ptr64)const __ptr64
2564	?dot@Vector2@MOXIE@@QEBAMAEBV12@@Z	public: float __cdecl MOXIE::Vector2::dot(class MOXIE::Vector2 const & __ptr64)const __ptr64
2565	?dot@Vector3@MOXIE@@QEBAMAEBV12@@Z	public: float __cdecl MOXIE::Vector3::dot(class MOXIE::Vector3 const & __ptr64)const __ptr64
2566	?download@PackageFileSystem@MOXIE@@QEAA_NAEBV?$TArray@I@2@AEBV?$THashTable@I@2@PEBV?$THashTable@VString@MOXIE@@@2@@Z	public: bool __cdecl MOXIE::PackageFileSystem::download(class MOXIE::TArray<unsigned int> const & __ptr64,class MOXIE::THashTable<unsigned int> const & __ptr64,class MOXIE::THashTable<class MOXIE::String> const * __ptr64) __ptr64
2567	?download@PackageFileSystem@MOXIE@@QEAA_NI@Z	public: bool __cdecl MOXIE::PackageFileSystem::download(unsigned int) __ptr64
2568	?download@PackageFileSystem@MOXIE@@QEAA_NPEBD@Z	public: bool __cdecl MOXIE::PackageFileSystem::download(char const * __ptr64) __ptr64
2569	?download@StoryManager@MOXIE@@QEAAHI@Z	public: int __cdecl MOXIE::StoryManager::download(unsigned int) __ptr64
2570	?download@StoryManager@MOXIE@@QEAAXXZ	public: void __cdecl MOXIE::StoryManager::download(void) __ptr64
2571	?download@StoryManifest@MOXIE@@QEAA_NPEBD@Z	public: bool __cdecl MOXIE::StoryManifest::download(char const * __ptr64) __ptr64
2572	?downloadFn@PackageFileSystem@MOXIE@@CAXPEAVDownloadCache@2@_JW4Event@RangeDownloader@2@PEAX@Z	private: static void __cdecl MOXIE::PackageFileSystem::downloadFn(class MOXIE::DownloadCache * __ptr64,__int64,enum MOXIE::RangeDownloader::Event,void * __ptr64)
2573	?downloadLock@Resource@MOXIE@@QEAAXXZ	public: void __cdecl MOXIE::Resource::downloadLock(void) __ptr64
2574	?downloadState@StoryFSM@MOXIE@@QEAAXPEBD@Z	public: void __cdecl MOXIE::StoryFSM::downloadState(char const * __ptr64) __ptr64
2575	?downloadStory@StoryPlayer@MOXIE@@IEAA_NPEBD0_N@Z	protected: bool __cdecl MOXIE::StoryPlayer::downloadStory(char const * __ptr64,char const * __ptr64,bool) __ptr64
2576	?downloadSync@StoryManager@MOXIE@@QEAA_NI@Z	public: bool __cdecl MOXIE::StoryManager::downloadSync(unsigned int) __ptr64
2577	?downloadUnlock@Resource@MOXIE@@QEAAXXZ	public: void __cdecl MOXIE::Resource::downloadUnlock(void) __ptr64
2578	?downloadUrl@StoryManager@MOXIE@@SA_NPEBD0PEAVBuffer@2@@Z	public: static bool __cdecl MOXIE::StoryManager::downloadUrl(char const * __ptr64,char const * __ptr64,class MOXIE::Buffer * __ptr64)
2579	?draw@ModelResource@MOXIE@@QEAAXPEAVRenderView@2@AEBVMatrix4@2@AEBVAABBox@2@PEBV42@HPEA_NPEAPEAVMaterial@2@PEAPEAVGeomSurfaceInstance@2@PEAV?$TArray@I@2@_N8H@Z	public: void __cdecl MOXIE::ModelResource::draw(class MOXIE::RenderView * __ptr64,class MOXIE::Matrix4 const & __ptr64,class MOXIE::AABBox const & __ptr64,class MOXIE::Matrix4 const * __ptr64,int,bool * __ptr64,class MOXIE::Material * __ptr64 * __ptr64,class MOXIE::GeomSurfaceInstance * __ptr64 * __ptr64,class MOXIE::TArray<unsigned int> * __ptr64,bool,bool,int) __ptr64
2580	?draw@ParticleBuffer@MOXIE@@QEAAXPEBVCamera@2@PEAVSGParticleEmitter@2@@Z	public: void __cdecl MOXIE::ParticleBuffer::draw(class MOXIE::Camera const * __ptr64,class MOXIE::SGParticleEmitter * __ptr64) __ptr64
2581	?draw@RenderDispatcher@MOXIE@@QEAAXXZ	public: void __cdecl MOXIE::RenderDispatcher::draw(void) __ptr64
2582	?draw@RenderManager@MOXIE@@QEAAXXZ	public: void __cdecl MOXIE::RenderManager::draw(void) __ptr64
2583	?draw@SGParticleEmitter@MOXIE@@QEAAXPEBVCamera@2@@Z	public: void __cdecl MOXIE::SGParticleEmitter::draw(class MOXIE::Camera const * __ptr64) __ptr64
2584	?draw@SGVideoCubePlayer@MOXIE@@UEAAXPEAVRenderDevice@2@PEAVRenderView@2@@Z	public: virtual void __cdecl MOXIE::SGVideoCubePlayer::draw(class MOXIE::RenderDevice * __ptr64,class MOXIE::RenderView * __ptr64) __ptr64
2585	?draw@SGVideoCubeRectPlayer@MOXIE@@UEAAXPEAVRenderDevice@2@PEAVRenderView@2@@Z	public: virtual void __cdecl MOXIE::SGVideoCubeRectPlayer::draw(class MOXIE::RenderDevice * __ptr64,class MOXIE::RenderView * __ptr64) __ptr64
2586	?draw@SGVideoLatLongPlayer@MOXIE@@UEAAXPEAVRenderDevice@2@PEAVRenderView@2@@Z	public: virtual void __cdecl MOXIE::SGVideoLatLongPlayer::draw(class MOXIE::RenderDevice * __ptr64,class MOXIE::RenderView * __ptr64) __ptr64
2587	?drawAABBox@RenderDebug@MOXIE@@QEAAXAEBVAABBox@2@AEBVColor@2@@Z	public: void __cdecl MOXIE::RenderDebug::drawAABBox(class MOXIE::AABBox const & __ptr64,class MOXIE::Color const & __ptr64) __ptr64
2588	?drawBillboard@@YAXQEAM0MPEBD@Z	void __cdecl drawBillboard(float * __ptr64 const,float * __ptr64 const,float,char const * __ptr64)
2589	?drawBillboard@RenderDebug@MOXIE@@QEAAXVVector3@2@VVector4@2@MAEBVString@2@@Z	public: void __cdecl MOXIE::RenderDebug::drawBillboard(class MOXIE::Vector3,class MOXIE::Vector4,float,class MOXIE::String const & __ptr64) __ptr64
2590	?drawCircle@RenderDebug@MOXIE@@QEAAXAEBVVector3@2@M0AEBVColor@2@@Z	public: void __cdecl MOXIE::RenderDebug::drawCircle(class MOXIE::Vector3 const & __ptr64,float,class MOXIE::Vector3 const & __ptr64,class MOXIE::Color const & __ptr64) __ptr64
2591	?drawCoordinateFrame@RenderDebug@MOXIE@@QEAAXAEBVMatrix4@2@AEBVVector3@2@@Z	public: void __cdecl MOXIE::RenderDebug::drawCoordinateFrame(class MOXIE::Matrix4 const & __ptr64,class MOXIE::Vector3 const & __ptr64) __ptr64
2592	?drawCurve@RenderDebug@MOXIE@@QEAAXAEBVVector3@2@000AEBVColor@2@I@Z	public: void __cdecl MOXIE::RenderDebug::drawCurve(class MOXIE::Vector3 const & __ptr64,class MOXIE::Vector3 const & __ptr64,class MOXIE::Vector3 const & __ptr64,class MOXIE::Vector3 const & __ptr64,class MOXIE::Color const & __ptr64,unsigned int) __ptr64
2593	?drawDebug@SGModelInstance@MOXIE@@QEAAXXZ	public: void __cdecl MOXIE::SGModelInstance::drawDebug(void) __ptr64
2594	?drawDebug@SGVideoCubePlayer@MOXIE@@QEAAXXZ	public: void __cdecl MOXIE::SGVideoCubePlayer::drawDebug(void) __ptr64
2595	?drawDebug@VideoCubeManager@MOXIE@@QEAAXXZ	public: void __cdecl MOXIE::VideoCubeManager::drawDebug(void) __ptr64
2596	?drawDebugRectList@SGVideoCubePlayer@MOXIE@@AEAAXXZ	private: void __cdecl MOXIE::SGVideoCubePlayer::drawDebugRectList(void) __ptr64
2597	?drawDebugTimeline@SGVideoCubePlayer@MOXIE@@AEAAXAEBVVector3@2@0AEAVTimelineGraphData@2@_K2AEBVVector4@2@3333@Z	private: void __cdecl MOXIE::SGVideoCubePlayer::drawDebugTimeline(class MOXIE::Vector3 const & __ptr64,class MOXIE::Vector3 const & __ptr64,class MOXIE::TimelineGraphData & __ptr64,unsigned __int64,unsigned __int64,class MOXIE::Vector4 const & __ptr64,class MOXIE::Vector4 const & __ptr64,class MOXIE::Vector4 const & __ptr64,class MOXIE::Vector4 const & __ptr64,class MOXIE::Vector4 const & __ptr64) __ptr64
2598	?drawFrustum@@YAXPEAXPEAM@Z	void __cdecl drawFrustum(void * __ptr64,float * __ptr64)
2599	?drawFrustum@RenderDebug@MOXIE@@QEAAXAEBVFrustum@2@AEBVColor@2@@Z	public: void __cdecl MOXIE::RenderDebug::drawFrustum(class MOXIE::Frustum const & __ptr64,class MOXIE::Color const & __ptr64) __ptr64
2600	?drawGrid@@YAXPEBM0MM@Z	void __cdecl drawGrid(float const * __ptr64,float const * __ptr64,float,float)
2601	?drawLabel@RenderDebug@MOXIE@@QEAAXAEBVVector3@2@AEBUStyle@2@PEBDZZ	public: void __cdecl MOXIE::RenderDebug::drawLabel(class MOXIE::Vector3 const & __ptr64,struct MOXIE::Style const & __ptr64,char const * __ptr64,...) __ptr64
2602	?drawLimited@RenderDispatcher@MOXIE@@QEAAXI@Z	public: void __cdecl MOXIE::RenderDispatcher::drawLimited(unsigned int) __ptr64
2603	?drawLine@RenderDebug@MOXIE@@QEAAXAEBVVector3@2@0AEBVColor@2@@Z	public: void __cdecl MOXIE::RenderDebug::drawLine(class MOXIE::Vector3 const & __ptr64,class MOXIE::Vector3 const & __ptr64,class MOXIE::Color const & __ptr64) __ptr64
2604	?drawMesh@ModelResource@MOXIE@@QEAAXPEAVRenderView@2@AEAVMesh@12@AEBVMatrix4@2@AEBVAABBox@2@PEBV52@PEA_NPEAPEAVMaterial@2@PEAVGeomSurfaceInstance@2@PEAV?$TArray@I@2@_N9H@Z	public: void __cdecl MOXIE::ModelResource::drawMesh(class MOXIE::RenderView * __ptr64,class MOXIE::ModelResource::Mesh & __ptr64,class MOXIE::Matrix4 const & __ptr64,class MOXIE::AABBox const & __ptr64,class MOXIE::Matrix4 const * __ptr64,bool * __ptr64,class MOXIE::Material * __ptr64 * __ptr64,class MOXIE::GeomSurfaceInstance * __ptr64,class MOXIE::TArray<unsigned int> * __ptr64,bool,bool,int) __ptr64
2605	?drawPlane@RenderDebug@MOXIE@@QEAAXAEBVVector3@2@0MAEBVColor@2@MMM@Z	public: void __cdecl MOXIE::RenderDebug::drawPlane(class MOXIE::Vector3 const & __ptr64,class MOXIE::Vector3 const & __ptr64,float,class MOXIE::Color const & __ptr64,float,float,float) __ptr64
2606	?drawPoint@RenderDebug@MOXIE@@QEAAXAEBVVector3@2@MAEBVColor@2@@Z	public: void __cdecl MOXIE::RenderDebug::drawPoint(class MOXIE::Vector3 const & __ptr64,float,class MOXIE::Color const & __ptr64) __ptr64
2607	?drawPrimitive@RenderDeviceGL@MOXIE@@UEAAXW4EPrimitiveType@2@PEBVIndexBuffer@2@II@Z	public: virtual void __cdecl MOXIE::RenderDeviceGL::drawPrimitive(enum MOXIE::EPrimitiveType,class MOXIE::IndexBuffer const * __ptr64,unsigned int,unsigned int) __ptr64
2608	?drawRG@RenderManager@MOXIE@@QEAAXXZ	public: void __cdecl MOXIE::RenderManager::drawRG(void) __ptr64
2609	?drawRect@SGVideoCubePlayer@MOXIE@@AEAAXAEBVVector3@2@0AEBVVector4@2@@Z	private: void __cdecl MOXIE::SGVideoCubePlayer::drawRect(class MOXIE::Vector3 const & __ptr64,class MOXIE::Vector3 const & __ptr64,class MOXIE::Vector4 const & __ptr64) __ptr64
2610	?drawReticle@RenderDebug@MOXIE@@QEAAXMAEBVColor@2@@Z	public: void __cdecl MOXIE::RenderDebug::drawReticle(float,class MOXIE::Color const & __ptr64) __ptr64
2611	?drawScreenAlignedQuad@RenderDeviceGL@MOXIE@@UEAAXMMMMPEBVTexture@2@MM@Z	public: virtual void __cdecl MOXIE::RenderDeviceGL::drawScreenAlignedQuad(float,float,float,float,class MOXIE::Texture const * __ptr64,float,float) __ptr64
2612	?drawSolidCapsule@@YAXHQEAM000@Z	void __cdecl drawSolidCapsule(int,float * __ptr64 const,float * __ptr64 const,float * __ptr64 const,float * __ptr64 const)
2613	?drawSolidCapsule@RenderDebug@MOXIE@@QEAAXAEBVVector3@2@00IAEBVColor@2@@Z	public: void __cdecl MOXIE::RenderDebug::drawSolidCapsule(class MOXIE::Vector3 const & __ptr64,class MOXIE::Vector3 const & __ptr64,class MOXIE::Vector3 const & __ptr64,unsigned int,class MOXIE::Color const & __ptr64) __ptr64
2614	?drawSolidCone@@YAXQEAM000@Z	void __cdecl drawSolidCone(float * __ptr64 const,float * __ptr64 const,float * __ptr64 const,float * __ptr64 const)
2615	?drawSolidCone@RenderDebug@MOXIE@@QEAAXAEBVVector3@2@00IAEBVColor@2@@Z	public: void __cdecl MOXIE::RenderDebug::drawSolidCone(class MOXIE::Vector3 const & __ptr64,class MOXIE::Vector3 const & __ptr64,class MOXIE::Vector3 const & __ptr64,unsigned int,class MOXIE::Color const & __ptr64) __ptr64
2616	?drawSolidCube@@YAXQEAM000@Z	void __cdecl drawSolidCube(float * __ptr64 const,float * __ptr64 const,float * __ptr64 const,float * __ptr64 const)
2617	?drawSolidCube@RenderDebug@MOXIE@@QEAAXAEBVVector3@2@00AEBVColor@2@@Z	public: void __cdecl MOXIE::RenderDebug::drawSolidCube(class MOXIE::Vector3 const & __ptr64,class MOXIE::Vector3 const & __ptr64,class MOXIE::Vector3 const & __ptr64,class MOXIE::Color const & __ptr64) __ptr64
2618	?drawSolidCylinder@@YAXQEAM000@Z	void __cdecl drawSolidCylinder(float * __ptr64 const,float * __ptr64 const,float * __ptr64 const,float * __ptr64 const)
2619	?drawSolidCylinder@RenderDebug@MOXIE@@QEAAXAEBVVector3@2@00IAEBVColor@2@@Z	public: void __cdecl MOXIE::RenderDebug::drawSolidCylinder(class MOXIE::Vector3 const & __ptr64,class MOXIE::Vector3 const & __ptr64,class MOXIE::Vector3 const & __ptr64,unsigned int,class MOXIE::Color const & __ptr64) __ptr64
2620	?drawSolidFrustum@@YAXPEAXQEAM@Z	void __cdecl drawSolidFrustum(void * __ptr64,float * __ptr64 const)
2621	?drawSolidFrustum@RenderDebug@MOXIE@@QEAAXAEBVFrustum@2@AEBVColor@2@@Z	public: void __cdecl MOXIE::RenderDebug::drawSolidFrustum(class MOXIE::Frustum const & __ptr64,class MOXIE::Color const & __ptr64) __ptr64
2622	?drawSolidPlane@@YAXQEAM000@Z	void __cdecl drawSolidPlane(float * __ptr64 const,float * __ptr64 const,float * __ptr64 const,float * __ptr64 const)
2623	?drawSolidPlane@RenderDebug@MOXIE@@QEAAXAEAVVector3@2@00AEBVColor@2@@Z	public: void __cdecl MOXIE::RenderDebug::drawSolidPlane(class MOXIE::Vector3 & __ptr64,class MOXIE::Vector3 & __ptr64,class MOXIE::Vector3 & __ptr64,class MOXIE::Color const & __ptr64) __ptr64
2624	?drawSolidSphere@@YAXQEAM0MFF@Z	void __cdecl drawSolidSphere(float * __ptr64 const,float * __ptr64 const,float,short,short)
2625	?drawSolidSphere@RenderDebug@MOXIE@@QEAAXAEBVVector3@2@MFFAEBVColor@2@@Z	public: void __cdecl MOXIE::RenderDebug::drawSolidSphere(class MOXIE::Vector3 const & __ptr64,float,short,short,class MOXIE::Color const & __ptr64) __ptr64
2626	?drawSolidTorus@@YAXQEAM000@Z	void __cdecl drawSolidTorus(float * __ptr64 const,float * __ptr64 const,float * __ptr64 const,float * __ptr64 const)
2627	?drawSolidTorus@RenderDebug@MOXIE@@QEAAXAEBVVector3@2@00FFAEBVColor@2@@Z	public: void __cdecl MOXIE::RenderDebug::drawSolidTorus(class MOXIE::Vector3 const & __ptr64,class MOXIE::Vector3 const & __ptr64,class MOXIE::Vector3 const & __ptr64,short,short,class MOXIE::Color const & __ptr64) __ptr64
2628	?drawSphere@RenderDebug@MOXIE@@QEAAXAEBVVector3@2@MAEBVColor@2@@Z	public: void __cdecl MOXIE::RenderDebug::drawSphere(class MOXIE::Vector3 const & __ptr64,float,class MOXIE::Color const & __ptr64) __ptr64
2629	?drawText@RenderDebug@MOXIE@@QEAAXHHAEBUStyle@2@PEBDZZ	public: void __cdecl MOXIE::RenderDebug::drawText(int,int,struct MOXIE::Style const & __ptr64,char const * __ptr64,...) __ptr64
2630	?drawText@RenderDebug@MOXIE@@QEAAXHHPEBDZZ	public: void __cdecl MOXIE::RenderDebug::drawText(int,int,char const * __ptr64,...) __ptr64
2631	?drawText@RenderDeviceGL@MOXIE@@UEAAXAEBVViewport@2@HHPEBVFont@2@PEBDIIAEBVColor@2@MMHHII@Z	public: virtual void __cdecl MOXIE::RenderDeviceGL::drawText(class MOXIE::Viewport const & __ptr64,int,int,class MOXIE::Font const * __ptr64,char const * __ptr64,unsigned int,unsigned int,class MOXIE::Color const & __ptr64,float,float,int,int,unsigned int,unsigned int) __ptr64
2632	?drawText@ShowDebug@duet@@SAXVString@MOXIE@@HHMVColor@4@@Z	public: static void __cdecl duet::ShowDebug::drawText(class MOXIE::String,int,int,float,class MOXIE::Color)
2633	?drawTextureFullscreen@RenderDeviceGL@MOXIE@@UEAAXPEBVTexture@2@PEBVViewport@2@MM@Z	public: virtual void __cdecl MOXIE::RenderDeviceGL::drawTextureFullscreen(class MOXIE::Texture const * __ptr64,class MOXIE::Viewport const * __ptr64,float,float) __ptr64
2634	?dummy@LApiActorVignette@duet@@SAHPEAUlua_State@@@Z	public: static int __cdecl duet::LApiActorVignette::dummy(struct lua_State * __ptr64)
2635	?dumpInfo@Application@MOXIE@@QEAAXXZ	public: void __cdecl MOXIE::Application::dumpInfo(void) __ptr64
2636	?dumpInfo@ModelResource@MOXIE@@UEAAXPEBD@Z	public: virtual void __cdecl MOXIE::ModelResource::dumpInfo(char const * __ptr64) __ptr64
2637	?dumpInfo@Resource@MOXIE@@UEAAXPEBD@Z	public: virtual void __cdecl MOXIE::Resource::dumpInfo(char const * __ptr64) __ptr64
2638	?emitParticles@SGParticleEmitter@MOXIE@@IEAAXIAEBUParticleDefinition@2@@Z	protected: void __cdecl MOXIE::SGParticleEmitter::emitParticles(unsigned int,struct MOXIE::ParticleDefinition const & __ptr64) __ptr64
2639	?enableDepth@RenderDebug@MOXIE@@QEAAX_N@Z	public: void __cdecl MOXIE::RenderDebug::enableDepth(bool) __ptr64
2640	?enableHqRendering@RenderManager@MOXIE@@QEAAX_NIMM@Z	public: void __cdecl MOXIE::RenderManager::enableHqRendering(bool,unsigned int,float,float) __ptr64
2641	?enableInput@SGCameraController@MOXIE@@QEAAX_N@Z	public: void __cdecl MOXIE::SGCameraController::enableInput(bool) __ptr64
2642	?enableLuaProfiler@luaProfiler@MOXIE@@YAX_N@Z	void __cdecl MOXIE::luaProfiler::enableLuaProfiler(bool)
2643	?enableMaterialDefitionCaching@MaterialBaking@MOXIE@@YAX_N@Z	void __cdecl MOXIE::MaterialBaking::enableMaterialDefitionCaching(bool)
2644	?enableOverlay@RenderManager@MOXIE@@QEAAXVColor@2@@Z	public: void __cdecl MOXIE::RenderManager::enableOverlay(class MOXIE::Color) __ptr64
2645	?enableParticleSystems@@YAX_N@Z	void __cdecl enableParticleSystems(bool)
2646	?enablePerSampleShading@RenderDeviceGL@MOXIE@@UEAAX_N@Z	public: virtual void __cdecl MOXIE::RenderDeviceGL::enablePerSampleShading(bool) __ptr64
2647	?enablePointSprites@RenderDeviceGL@MOXIE@@UEAAX_N@Z	public: virtual void __cdecl MOXIE::RenderDeviceGL::enablePointSprites(bool) __ptr64
2648	?enableRenderDebug@@YAX_N@Z	void __cdecl enableRenderDebug(bool)
2649	?enableRenderDebugDepth@@YAX_N@Z	void __cdecl enableRenderDebugDepth(bool)
2650	?enableSortOrderDebugging@RenderManager@MOXIE@@QEAAXXZ	public: void __cdecl MOXIE::RenderManager::enableSortOrderDebugging(void) __ptr64
2651	?enableSupersampling@RenderManager@MOXIE@@QEAAXXZ	public: void __cdecl MOXIE::RenderManager::enableSupersampling(void) __ptr64
2652	?end@RenderView@MOXIE@@QEAAX_N@Z	public: void __cdecl MOXIE::RenderView::end(bool) __ptr64
2653	?endEye@RenderView@MOXIE@@QEAAXXZ	public: void __cdecl MOXIE::RenderView::endEye(void) __ptr64
2654	?endFrame@RenderView@MOXIE@@QEAAXXZ	public: void __cdecl MOXIE::RenderView::endFrame(void) __ptr64
2655	?endswith@String@MOXIE@@QEBA_NAEBV12@@Z	public: bool __cdecl MOXIE::String::endswith(class MOXIE::String const & __ptr64)const __ptr64
2656	?endswith@String@MOXIE@@QEBA_NPEBD@Z	public: bool __cdecl MOXIE::String::endswith(char const * __ptr64)const __ptr64
2657	?endswith@String@MOXIE@@SA_NPEBD0@Z	public: static bool __cdecl MOXIE::String::endswith(char const * __ptr64,char const * __ptr64)
2658	?enqueue@FlipbookInstance@MOXIE@@QEAAXI@Z	public: void __cdecl MOXIE::FlipbookInstance::enqueue(unsigned int) __ptr64
2659	?enqueue@JobQueue@MOXIE@@QEAAXPEAVIJob@2@PEAX_N2@Z	public: void __cdecl MOXIE::JobQueue::enqueue(class MOXIE::IJob * __ptr64,void * __ptr64,bool,bool) __ptr64
2660	?eof@FileStream@MOXIE@@QEBA_NXZ	public: bool __cdecl MOXIE::FileStream::eof(void)const __ptr64
2661	?eof@InternalFileSystem@MOXIE@@UEAA_N_K@Z	public: virtual bool __cdecl MOXIE::InternalFileSystem::eof(unsigned __int64) __ptr64
2662	?eof@LocalFileSystem@MOXIE@@UEAA_N_K@Z	public: virtual bool __cdecl MOXIE::LocalFileSystem::eof(unsigned __int64) __ptr64
2663	?eof@NestedFileSystem@MOXIE@@UEAA_N_K@Z	public: virtual bool __cdecl MOXIE::NestedFileSystem::eof(unsigned __int64) __ptr64
2664	?eof@NetworkFileSystem@MOXIE@@UEAA_N_K@Z	public: virtual bool __cdecl MOXIE::NetworkFileSystem::eof(unsigned __int64) __ptr64
2665	?eof@PackageFileSystem@MOXIE@@UEAA_N_K@Z	public: virtual bool __cdecl MOXIE::PackageFileSystem::eof(unsigned __int64) __ptr64
2666	?equals@Variant@CSV@@QEAA_NAEBU12@@Z	public: bool __cdecl CSV::Variant::equals(struct CSV::Variant const & __ptr64) __ptr64
2667	?error@LUtil@MOXIE@@SAPEBDPEAUlua_State@@PEBD@Z	public: static char const * __ptr64 __cdecl MOXIE::LUtil::error(struct lua_State * __ptr64,char const * __ptr64)
2668	?error@Log@MOXIE@@YAXPEBDZZ	void __cdecl MOXIE::Log::error(char const * __ptr64,...)
2669	?error@Stream@MOXIE@@QEAA_NXZ	public: bool __cdecl MOXIE::Stream::error(void) __ptr64
2670	?errorMessage@ShaderGL_ES2@MOXIE@@UEAA?AVString@2@XZ	public: virtual class MOXIE::String __cdecl MOXIE::ShaderGL_ES2::errorMessage(void) __ptr64
2671	?evaluate@StoryConfig@MOXIE@@IEAAXXZ	protected: void __cdecl MOXIE::StoryConfig::evaluate(void) __ptr64
2672	?exists@CSV@@QEAA_NPEBD@Z	public: bool __cdecl CSV::exists(char const * __ptr64) __ptr64
2673	?exists@InternalFileSystem@MOXIE@@UEAA?AW4EExist@FileSystem@2@PEBD@Z	public: virtual enum MOXIE::FileSystem::EExist __cdecl MOXIE::InternalFileSystem::exists(char const * __ptr64) __ptr64
2674	?exists@LocalFileSystem@MOXIE@@UEAA?AW4EExist@FileSystem@2@PEBD@Z	public: virtual enum MOXIE::FileSystem::EExist __cdecl MOXIE::LocalFileSystem::exists(char const * __ptr64) __ptr64
2675	?exists@NestedFileSystem@MOXIE@@UEAA?AW4EExist@FileSystem@2@PEBD@Z	public: virtual enum MOXIE::FileSystem::EExist __cdecl MOXIE::NestedFileSystem::exists(char const * __ptr64) __ptr64
2676	?exists@NetworkFileSystem@MOXIE@@UEAA?AW4EExist@FileSystem@2@PEBD@Z	public: virtual enum MOXIE::FileSystem::EExist __cdecl MOXIE::NetworkFileSystem::exists(char const * __ptr64) __ptr64
2677	?exists@PackageFileSystem@MOXIE@@UEAA?AW4EExist@FileSystem@2@PEBD@Z	public: virtual enum MOXIE::FileSystem::EExist __cdecl MOXIE::PackageFileSystem::exists(char const * __ptr64) __ptr64
2678	?exists@ResourceManager@MOXIE@@QEAA_NAEBVUri@2@@Z	public: bool __cdecl MOXIE::ResourceManager::exists(class MOXIE::Uri const & __ptr64) __ptr64
2679	?exit@Application@MOXIE@@QEAAXXZ	public: void __cdecl MOXIE::Application::exit(void) __ptr64
2680	?exitMovie@@YAXXZ	void __cdecl exitMovie(void)
2681	?expand@AABBox@MOXIE@@QEAAXAEBVVector3@2@@Z	public: void __cdecl MOXIE::AABBox::expand(class MOXIE::Vector3 const & __ptr64) __ptr64
2682	?expand@AABBox@MOXIE@@QEAAXAEBVVector3@2@M@Z	public: void __cdecl MOXIE::AABBox::expand(class MOXIE::Vector3 const & __ptr64,float) __ptr64
2683	?expand@String@MOXIE@@IEAAXI_N@Z	protected: void __cdecl MOXIE::String::expand(unsigned int,bool) __ptr64
2684	?expandLocalBounds@SGTransform@MOXIE@@QEAAXAEBVVector3@2@@Z	public: void __cdecl MOXIE::SGTransform::expandLocalBounds(class MOXIE::Vector3 const & __ptr64) __ptr64
2685	?expandLocalBounds@SGTransform@MOXIE@@QEAAXAEBVVector3@2@M@Z	public: void __cdecl MOXIE::SGTransform::expandLocalBounds(class MOXIE::Vector3 const & __ptr64,float) __ptr64
2686	?exposureToFrameIndex@FlipbookResource@MOXIE@@QEAAII_N@Z	public: unsigned int __cdecl MOXIE::FlipbookResource::exposureToFrameIndex(unsigned int,bool) __ptr64
2687	?ext@FilePath@MOXIE@@QEBAPEBDXZ	public: char const * __ptr64 __cdecl MOXIE::FilePath::ext(void)const __ptr64
2688	?extractOptionalParameters@ShaderParser@MOXIE@@SAXXZ	public: static void __cdecl MOXIE::ShaderParser::extractOptionalParameters(void)
2689	?extractPoints@AABBox@MOXIE@@QEBAXPEAVVector3@2@@Z	public: void __cdecl MOXIE::AABBox::extractPoints(class MOXIE::Vector3 * __ptr64)const __ptr64
2690	?fadeTime@LApiGlowFader@duet@@0NA	private: static double duet::LApiGlowFader::fadeTime
2691	?fadeTime@LApiMasterBlender@duet@@0NA	private: static double duet::LApiMasterBlender::fadeTime
2692	?failDownloads@StoryManager@MOXIE@@QEAAXXZ	public: void __cdecl MOXIE::StoryManager::failDownloads(void) __ptr64
2693	?fatal@Log@MOXIE@@YAX_NPEBDZZ	void __cdecl MOXIE::Log::fatal(bool,char const * __ptr64,...)
2694	?filesNeedsToDownload@Resource@MOXIE@@IEAA_NPEBD@Z	protected: bool __cdecl MOXIE::Resource::filesNeedsToDownload(char const * __ptr64) __ptr64
2695	?find@CSV@@QEAA_NUVariant@1@AEAI1@Z	public: bool __cdecl CSV::find(struct CSV::Variant,unsigned int & __ptr64,unsigned int & __ptr64) __ptr64
2696	?findBoneByName@LApiActorVignette@duet@@CAHPEAVSGModelInstance@MOXIE@@AEBVString@4@@Z	private: static int __cdecl duet::LApiActorVignette::findBoneByName(class MOXIE::SGModelInstance * __ptr64,class MOXIE::String const & __ptr64)
2697	?findBoneByPartialName@LApiActorVignette@duet@@CAHPEAVSGModelInstance@MOXIE@@AEBVString@4@@Z	private: static int __cdecl duet::LApiActorVignette::findBoneByPartialName(class MOXIE::SGModelInstance * __ptr64,class MOXIE::String const & __ptr64)
2698	?findColumn@CSV@@QEAAHUVariant@1@I@Z	public: int __cdecl CSV::findColumn(struct CSV::Variant,unsigned int) __ptr64
2699	?findFormat@RenderDeviceGL@MOXIE@@QEBAPEBUTextureFormatEntry@2@W4EPixelFormat@2@@Z	public: struct MOXIE::TextureFormatEntry const * __ptr64 __cdecl MOXIE::RenderDeviceGL::findFormat(enum MOXIE::EPixelFormat)const __ptr64
2700	?findLineInInclude@ShaderParser@MOXIE@@SAHHPEBDPEAD@Z	public: static int __cdecl MOXIE::ShaderParser::findLineInInclude(int,char const * __ptr64,char * __ptr64)
2701	?findLineInShaderText@ShaderParser@MOXIE@@SAHHPEBD@Z	public: static int __cdecl MOXIE::ShaderParser::findLineInShaderText(int,char const * __ptr64)
2702	?findMatchingFrame@gsaDecoder@MOXIE@@AEAAHH@Z	private: int __cdecl MOXIE::gsaDecoder::findMatchingFrame(int) __ptr64
2703	?findMaterialIndexByName@ModelResource@MOXIE@@QEBAHPEBD@Z	public: int __cdecl MOXIE::ModelResource::findMaterialIndexByName(char const * __ptr64)const __ptr64
2704	?findMaterialIndexByName@SGModelInstance@MOXIE@@QEAAHPEBD@Z	public: int __cdecl MOXIE::SGModelInstance::findMaterialIndexByName(char const * __ptr64) __ptr64
2705	?findMaterialIndexByNameHash@ModelResource@MOXIE@@QEBAHI@Z	public: int __cdecl MOXIE::ModelResource::findMaterialIndexByNameHash(unsigned int)const __ptr64
2706	?findMaterialIndexByNameHash@SGModelInstance@MOXIE@@QEAAHI@Z	public: int __cdecl MOXIE::SGModelInstance::findMaterialIndexByNameHash(unsigned int) __ptr64
2707	?findMesh@VertexAnimator@MOXIE@@CAHAEBVString@2@PEBV32@II_N@Z	private: static int __cdecl MOXIE::VertexAnimator::findMesh(class MOXIE::String const & __ptr64,class MOXIE::String const * __ptr64,unsigned int,unsigned int,bool)
2708	?findRow@CSV@@QEAAHUVariant@1@I@Z	public: int __cdecl CSV::findRow(struct CSV::Variant,unsigned int) __ptr64
2709	?findShader@RenderDebug@MOXIE@@AEAAPEAVShader@2@PEBD@Z	private: class MOXIE::Shader * __ptr64 __cdecl MOXIE::RenderDebug::findShader(char const * __ptr64) __ptr64
2710	?findSound@LAudioEmitter@MOXIE@@QEAAPEAVSound@2@PEBD@Z	public: class MOXIE::Sound * __ptr64 __cdecl MOXIE::LAudioEmitter::findSound(char const * __ptr64) __ptr64
2711	?findStat@StatTracker@@QEAAPEAVStat@@PEBD@Z	public: class Stat * __ptr64 __cdecl StatTracker::findStat(char const * __ptr64) __ptr64
2712	?findTrackIndexByName@AnimResource@MOXIE@@QEAAHPEBD@Z	public: int __cdecl MOXIE::AnimResource::findTrackIndexByName(char const * __ptr64) __ptr64
2713	?findTransformIndexByLeafName@SGModelInstance@MOXIE@@QEAAHPEBD@Z	public: int __cdecl MOXIE::SGModelInstance::findTransformIndexByLeafName(char const * __ptr64) __ptr64
2714	?findTransformIndexByName@ModelResource@MOXIE@@QEBAFPEBD@Z	public: short __cdecl MOXIE::ModelResource::findTransformIndexByName(char const * __ptr64)const __ptr64
2715	?findTransformIndexByName@SGModelInstance@MOXIE@@QEAAHPEBD@Z	public: int __cdecl MOXIE::SGModelInstance::findTransformIndexByName(char const * __ptr64) __ptr64
2716	?findUsedOptionalOutputs@ShaderParser@MOXIE@@SAXXZ	public: static void __cdecl MOXIE::ShaderParser::findUsedOptionalOutputs(void)
2717	?findUsedOptionalParametersAndOutputs@ShaderParser@MOXIE@@SAXXZ	public: static void __cdecl MOXIE::ShaderParser::findUsedOptionalParametersAndOutputs(void)
2718	?finishLoad@AudResource@MOXIE@@QEAA?AW4MauxStatus@2@XZ	public: enum MOXIE::MauxStatus __cdecl MOXIE::AudResource::finishLoad(void) __ptr64
2719	?fitToView@@YAXPEAXPEAM10@Z	void __cdecl fitToView(void * __ptr64,float * __ptr64,float * __ptr64,void * __ptr64)
2720	?fixupMeshInstances@ModelResource@MOXIE@@IEAAXPEAVMesh@12@@Z	protected: void __cdecl MOXIE::ModelResource::fixupMeshInstances(class MOXIE::ModelResource::Mesh * __ptr64) __ptr64
2721	?fixupTextureCode@ShaderParser@MOXIE@@SA_NAEAVShaderParamList@2@PEBEPEB_N@Z	public: static bool __cdecl MOXIE::ShaderParser::fixupTextureCode(class MOXIE::ShaderParamList & __ptr64,unsigned char const * __ptr64,bool const * __ptr64)
2722	?fixup_rotation@LApiCameraRig@duet@@CAXAEAUlQuaternion@2@@Z	private: static void __cdecl duet::LApiCameraRig::fixup_rotation(struct duet::lQuaternion & __ptr64)
2723	?floatFlip@RadixSortReal@MOXIE@@CAII@Z	private: static unsigned int __cdecl MOXIE::RadixSortReal::floatFlip(unsigned int)
2724	?flush@CSV@@QEAA_NPEBD@Z	public: bool __cdecl CSV::flush(char const * __ptr64) __ptr64
2725	?flush@CSVLog@@QEAAXXZ	public: void __cdecl CSVLog::flush(void) __ptr64
2726	?flush@FileStream@MOXIE@@QEAAXXZ	public: void __cdecl MOXIE::FileStream::flush(void) __ptr64
2727	?flush@InternalFileSystem@MOXIE@@UEAA_N_K@Z	public: virtual bool __cdecl MOXIE::InternalFileSystem::flush(unsigned __int64) __ptr64
2728	?flush@LocalFileSystem@MOXIE@@UEAA_N_K@Z	public: virtual bool __cdecl MOXIE::LocalFileSystem::flush(unsigned __int64) __ptr64
2729	?flush@NestedFileSystem@MOXIE@@UEAA_N_K@Z	public: virtual bool __cdecl MOXIE::NestedFileSystem::flush(unsigned __int64) __ptr64
2730	?flush@NetworkFileSystem@MOXIE@@UEAA_N_K@Z	public: virtual bool __cdecl MOXIE::NetworkFileSystem::flush(unsigned __int64) __ptr64
2731	?flush@PackageFileSystem@MOXIE@@UEAA_N_K@Z	public: virtual bool __cdecl MOXIE::PackageFileSystem::flush(unsigned __int64) __ptr64
2732	?flush@RenderDeviceGL@MOXIE@@UEAAXXZ	public: virtual void __cdecl MOXIE::RenderDeviceGL::flush(void) __ptr64
2733	?flushPendingResources@ResourceManager@MOXIE@@QEAAXXZ	public: void __cdecl MOXIE::ResourceManager::flushPendingResources(void) __ptr64
2734	?flushPersist@LApplication@MOXIE@@QEAAXXZ	public: void __cdecl MOXIE::LApplication::flushPersist(void) __ptr64
2735	?followMetric@LApiTrackingLayer@duet@@SAHPEAUlua_State@@@Z	public: static int __cdecl duet::LApiTrackingLayer::followMetric(struct lua_State * __ptr64)
2736	?force@Time@MOXIE@@QEAAX_K0@Z	public: void __cdecl MOXIE::Time::force(unsigned __int64,unsigned __int64) __ptr64
2737	?forceSkinning@MaterialBaking@MOXIE@@YAX_N@Z	void __cdecl MOXIE::MaterialBaking::forceSkinning(bool)
2738	?format@String@MOXIE@@QEAAXPEBDZZ	public: void __cdecl MOXIE::String::format(char const * __ptr64,...) __ptr64
2739	?frameBegin@duet@@YAXXZ	void __cdecl duet::frameBegin(void)
2740	?frameBegin@luaProfiler@MOXIE@@YAXXZ	void __cdecl MOXIE::luaProfiler::frameBegin(void)
2741	?free@AudServices@MOXIE@@QEAAXPEAX@Z	public: void __cdecl MOXIE::AudServices::free(void * __ptr64) __ptr64
2742	?free@StackAllocator@MOXIE@@QEAAXPEAX@Z	public: void __cdecl MOXIE::StackAllocator::free(void * __ptr64) __ptr64
2743	?freeAnimBinding@VertexAnimator@MOXIE@@SAXAEAV?$TArray@PEAUVertexAnimBinding@MOXIE@@@2@@Z	public: static void __cdecl MOXIE::VertexAnimator::freeAnimBinding(class MOXIE::TArray<struct MOXIE::VertexAnimBinding * __ptr64> & __ptr64)
2744	?freeData@VertexAnimationLoader@MOXIE@@YAXAEAV?$TArray@UVertexAnimatedMesh@MOXIE@@@2@_N@Z	void __cdecl MOXIE::VertexAnimationLoader::freeData(class MOXIE::TArray<struct MOXIE::VertexAnimatedMesh> & __ptr64,bool)
2745	?freePacket@VideoCubeTile@MOXIE@@IEAAXPEAUAVPacket@@@Z	protected: void __cdecl MOXIE::VideoCubeTile::freePacket(struct AVPacket * __ptr64) __ptr64
2746	?freeToStackPos@StackAllocator@MOXIE@@QEAAXI@Z	public: void __cdecl MOXIE::StackAllocator::freeToStackPos(unsigned int) __ptr64
2747	?freeVertexAnimData@VertexAnimator@MOXIE@@SAXPEAVPose@2@@Z	public: static void __cdecl MOXIE::VertexAnimator::freeVertexAnimData(class MOXIE::Pose * __ptr64)
2748	?freeWorkMemory@String@MOXIE@@IEAAXPEAD@Z	protected: void __cdecl MOXIE::String::freeWorkMemory(char * __ptr64) __ptr64
2749	?fullname@FilePath@MOXIE@@QEBAPEBDXZ	public: char const * __ptr64 __cdecl MOXIE::FilePath::fullname(void)const __ptr64
2750	?fullpath@FilePath@MOXIE@@QEBAPEBDXZ	public: char const * __ptr64 __cdecl MOXIE::FilePath::fullpath(void)const __ptr64
2751	?functionAddLine@ShaderParser@MOXIE@@CAXAEBVString@2@@Z	private: static void __cdecl MOXIE::ShaderParser::functionAddLine(class MOXIE::String const & __ptr64)
2752	?functionBegin@ShaderParser@MOXIE@@CAXAEBVString@2@H0@Z	private: static void __cdecl MOXIE::ShaderParser::functionBegin(class MOXIE::String const & __ptr64,int,class MOXIE::String const & __ptr64)
2753	?functionEnd@ShaderParser@MOXIE@@CAXXZ	private: static void __cdecl MOXIE::ShaderParser::functionEnd(void)
2754	?g_untrackedAllocations@MemoryTracker@@2IA	public: static unsigned int MemoryTracker::g_untrackedAllocations
2755	?garbageCollect@ResourceManager@MOXIE@@QEAAIM@Z	public: unsigned int __cdecl MOXIE::ResourceManager::garbageCollect(float) __ptr64
2756	?genBuffers@RenderDeviceGL@MOXIE@@QEAAXHPEAI@Z	public: void __cdecl MOXIE::RenderDeviceGL::genBuffers(int,unsigned int * __ptr64) __ptr64
2757	?genFramebuffers@RenderDeviceGL@MOXIE@@QEAAXHPEAI@Z	public: void __cdecl MOXIE::RenderDeviceGL::genFramebuffers(int,unsigned int * __ptr64) __ptr64
2758	?genInbetweenFrame@gsaDecoder@MOXIE@@AEAAXM@Z	private: void __cdecl MOXIE::gsaDecoder::genInbetweenFrame(float) __ptr64
2759	?genRenderbuffers@RenderDeviceGL@MOXIE@@QEAAXHPEAI@Z	public: void __cdecl MOXIE::RenderDeviceGL::genRenderbuffers(int,unsigned int * __ptr64) __ptr64
2760	?genSingleFrame@gsaDecoder@MOXIE@@AEAAXH@Z	private: void __cdecl MOXIE::gsaDecoder::genSingleFrame(int) __ptr64
2761	?genTextures@RenderDeviceGL@MOXIE@@QEAAXHPEAI@Z	public: void __cdecl MOXIE::RenderDeviceGL::genTextures(int,unsigned int * __ptr64) __ptr64
2762	?generate@FontMap@MOXIE@@SAPEAV12@PEBDHI@Z	public: static class MOXIE::FontMap * __ptr64 __cdecl MOXIE::FontMap::generate(char const * __ptr64,int,unsigned int)
2763	?generate@OggVorbisMetadata@MOXIE@@SA_NAEBVUri@2@@Z	public: static bool __cdecl MOXIE::OggVorbisMetadata::generate(class MOXIE::Uri const & __ptr64)
2764	?generate@OggVorbisMetadata@MOXIE@@SA_NPEBD@Z	public: static bool __cdecl MOXIE::OggVorbisMetadata::generate(char const * __ptr64)
2765	?generateHardwareShaders@ShaderParser@MOXIE@@SA_N_NPEAVShaderOptionTable@2@PEBD@Z	public: static bool __cdecl MOXIE::ShaderParser::generateHardwareShaders(bool,class MOXIE::ShaderOptionTable * __ptr64,char const * __ptr64)
2766	?generateOptionParamCode@ShaderParser@MOXIE@@CA_NIAEAVString@2@@Z	private: static bool __cdecl MOXIE::ShaderParser::generateOptionParamCode(unsigned int,class MOXIE::String & __ptr64)
2767	?generatePosition@ParticleMap@MOXIE@@QEAA?AVVector3@2@XZ	public: class MOXIE::Vector3 __cdecl MOXIE::ParticleMap::generatePosition(void) __ptr64
2768	?generateShaderCode@ShaderParser@MOXIE@@CAXXZ	private: static void __cdecl MOXIE::ShaderParser::generateShaderCode(void)
2769	?generateTextureCode@ShaderParser@MOXIE@@CAXAEAVString@2@PEBDAEAVShaderParamList@2@AEBV32@HHPEBE@Z	private: static void __cdecl MOXIE::ShaderParser::generateTextureCode(class MOXIE::String & __ptr64,char const * __ptr64,class MOXIE::ShaderParamList & __ptr64,class MOXIE::String const & __ptr64,int,int,unsigned char const * __ptr64)
2770	?get@CSV@@QEBAAEBUVariant@1@II@Z	public: struct CSV::Variant const & __ptr64 __cdecl CSV::get(unsigned int,unsigned int)const __ptr64
2771	?get@Matrix4@MOXIE@@QEAAPEAMXZ	public: float * __ptr64 __cdecl MOXIE::Matrix4::get(void) __ptr64
2772	?get@Matrix4@MOXIE@@QEBAPEBMXZ	public: float const * __ptr64 __cdecl MOXIE::Matrix4::get(void)const __ptr64
2773	?get@Stat@@QEAAAEBUVariant@CSV@@XZ	public: struct CSV::Variant const & __ptr64 __cdecl Stat::get(void) __ptr64
2774	?get@Vector2@MOXIE@@QEAAPEAMXZ	public: float * __ptr64 __cdecl MOXIE::Vector2::get(void) __ptr64
2775	?get@Vector2@MOXIE@@QEBAPEBMXZ	public: float const * __ptr64 __cdecl MOXIE::Vector2::get(void)const __ptr64
2776	?get@Vector3@MOXIE@@QEAAPEAMXZ	public: float * __ptr64 __cdecl MOXIE::Vector3::get(void) __ptr64
2777	?get@Vector3@MOXIE@@QEBAPEBMXZ	public: float const * __ptr64 __cdecl MOXIE::Vector3::get(void)const __ptr64
2778	?get@Vector4@MOXIE@@QEAAPEAMXZ	public: float * __ptr64 __cdecl MOXIE::Vector4::get(void) __ptr64
2779	?get@Vector4@MOXIE@@QEBAPEBMXZ	public: float const * __ptr64 __cdecl MOXIE::Vector4::get(void)const __ptr64
2780	?getAbsoluteFrameOffset@AnimResource@MOXIE@@QEBAIXZ	public: unsigned int __cdecl MOXIE::AnimResource::getAbsoluteFrameOffset(void)const __ptr64
2781	?getActiveAssets@StoryGSM@MOXIE@@QEAAAEAV?$THashTable@PEAUAssetInfo_t@MOXIE@@@2@XZ	public: class MOXIE::THashTable<struct MOXIE::AssetInfo_t * __ptr64> & __ptr64 __cdecl MOXIE::StoryGSM::getActiveAssets(void) __ptr64
2782	?getActivePlayerCount@AudEmitter@MOXIE@@QEAAIXZ	public: unsigned int __cdecl MOXIE::AudEmitter::getActivePlayerCount(void) __ptr64
2783	?getActiveRenderGraph@@YAXPEAPEAX@Z	void __cdecl getActiveRenderGraph(void * __ptr64 * __ptr64)
2784	?getActiveRenderGraph@RenderManager@MOXIE@@QEAAPEAVRenderGraph@2@XZ	public: class MOXIE::RenderGraph * __ptr64 __cdecl MOXIE::RenderManager::getActiveRenderGraph(void) __ptr64
2785	?getActiveTextureTransforms@Material@MOXIE@@QEBAIXZ	public: unsigned int __cdecl MOXIE::Material::getActiveTextureTransforms(void)const __ptr64
2786	?getActiveTouches@InputManager@MOXIE@@QEAAPEBIXZ	public: unsigned int const * __ptr64 __cdecl MOXIE::InputManager::getActiveTouches(void) __ptr64
2787	?getAdaptiveQuality@SGVideoCubePlayer@MOXIE@@QEAA_NXZ	public: bool __cdecl MOXIE::SGVideoCubePlayer::getAdaptiveQuality(void) __ptr64
2788	?getAge@SGParticleEmitter@MOXIE@@QEBAMXZ	public: float __cdecl MOXIE::SGParticleEmitter::getAge(void)const __ptr64
2789	?getAllMixVolume@AudioSystem@MOXIE@@QEBAMXZ	public: float __cdecl MOXIE::AudioSystem::getAllMixVolume(void)const __ptr64
2790	?getAllStats@StatTracker@@QEBA?BV?$TDynArray@PEAVStat@@@@XZ	public: class TDynArray<class Stat * __ptr64> const __cdecl StatTracker::getAllStats(void)const __ptr64
2791	?getAllStatus@AudioSystem@MOXIE@@QEBA?AW4MauxStatus@2@XZ	public: enum MOXIE::MauxStatus __cdecl MOXIE::AudioSystem::getAllStatus(void)const __ptr64
2792	?getAllocator@LEnvironment@MOXIE@@QEBAPEBVLAllocator@2@XZ	public: class MOXIE::LAllocator const * __ptr64 __cdecl MOXIE::LEnvironment::getAllocator(void)const __ptr64
2793	?getAlphaRange@RenderView@MOXIE@@QEAAXAEAM0@Z	public: void __cdecl MOXIE::RenderView::getAlphaRange(float & __ptr64,float & __ptr64) __ptr64
2794	?getAnimation@Animator@MOXIE@@QEAAPEAVAnimation@2@I@Z	public: class MOXIE::Animation * __ptr64 __cdecl MOXIE::Animator::getAnimation(unsigned int) __ptr64
2795	?getAnimation@Animator@MOXIE@@QEAAPEAVAnimation@2@PEBD@Z	public: class MOXIE::Animation * __ptr64 __cdecl MOXIE::Animator::getAnimation(char const * __ptr64) __ptr64
2796	?getAnimation@FlipbookAnimator@MOXIE@@QEAAPEAVAnimation@2@I@Z	public: class MOXIE::Animation * __ptr64 __cdecl MOXIE::FlipbookAnimator::getAnimation(unsigned int) __ptr64
2797	?getAnimation@FlipbookAnimator@MOXIE@@QEAAPEAVAnimation@2@PEBD@Z	public: class MOXIE::Animation * __ptr64 __cdecl MOXIE::FlipbookAnimator::getAnimation(char const * __ptr64) __ptr64
2798	?getAnimationData@gsaDecoder@MOXIE@@QEAAPEAUgsaAnimationData@2@XZ	public: struct MOXIE::gsaAnimationData * __ptr64 __cdecl MOXIE::gsaDecoder::getAnimationData(void) __ptr64
2799	?getAnimator@SGModelInstance@MOXIE@@QEAAPEAVSGAnimator@2@XZ	public: class MOXIE::SGAnimator * __ptr64 __cdecl MOXIE::SGModelInstance::getAnimator(void) __ptr64
2800	?getAnimator@SGRenderGraph@MOXIE@@QEAAPEAVSGRenderGraphAnimator@2@XZ	public: class MOXIE::SGRenderGraphAnimator * __ptr64 __cdecl MOXIE::SGRenderGraph::getAnimator(void) __ptr64
2801	?getArgument@CommandLine@MOXIE@@IEAAPEBUarg_t@12@PEBDHH@Z	protected: struct MOXIE::CommandLine::arg_t const * __ptr64 __cdecl MOXIE::CommandLine::getArgument(char const * __ptr64,int,int) __ptr64
2802	?getArray@Matrix3@MOXIE@@QEBAPEBMXZ	public: float const * __ptr64 __cdecl MOXIE::Matrix3::getArray(void)const __ptr64
2803	?getAspectRatio@Bitmap@MOXIE@@QEBAMXZ	public: float __cdecl MOXIE::Bitmap::getAspectRatio(void)const __ptr64
2804	?getAspectRatio@Camera@MOXIE@@QEBAMXZ	public: float __cdecl MOXIE::Camera::getAspectRatio(void)const __ptr64
2805	?getAspectRatio@FieldOfView@MOXIE@@QEBAMXZ	public: float __cdecl MOXIE::FieldOfView::getAspectRatio(void)const __ptr64
2806	?getAspectRatio@Surface@MOXIE@@QEBAMXZ	public: float __cdecl MOXIE::Surface::getAspectRatio(void)const __ptr64
2807	?getAspectRatio@Viewport@MOXIE@@QEBAMXZ	public: float __cdecl MOXIE::Viewport::getAspectRatio(void)const __ptr64
2808	?getAtmosphericsGroup@SGFog@MOXIE@@QEAAPEAVSGAtmospherics@2@XZ	public: class MOXIE::SGAtmospherics * __ptr64 __cdecl MOXIE::SGFog::getAtmosphericsGroup(void) __ptr64
2809	?getAttribute@AudEmitter@MOXIE@@QEAA?AW4MauxStatus@2@IIPEAM@Z	public: enum MOXIE::MauxStatus __cdecl MOXIE::AudEmitter::getAttribute(unsigned int,unsigned int,float * __ptr64) __ptr64
2810	?getAttributeFlags@VertexData@MOXIE@@QEBA?AW4EVertexAttributeFlags@2@XZ	public: enum MOXIE::EVertexAttributeFlags __cdecl MOXIE::VertexData::getAttributeFlags(void)const __ptr64
2811	?getAttributeIndex@VertexData@MOXIE@@SAHPEBD@Z	public: static int __cdecl MOXIE::VertexData::getAttributeIndex(char const * __ptr64)
2812	?getAttributeName@VertexData@MOXIE@@SAPEBDW4EVertexAttribute@2@@Z	public: static char const * __ptr64 __cdecl MOXIE::VertexData::getAttributeName(enum MOXIE::EVertexAttribute)
2813	?getAudioData@AudioResource@MOXIE@@QEAAPEAVAudioData@2@XZ	public: class MOXIE::AudioData * __ptr64 __cdecl MOXIE::AudioResource::getAudioData(void) __ptr64
2814	?getAudioData@AudioResource@MOXIE@@QEBAPEBVAudioData@2@XZ	public: class MOXIE::AudioData const * __ptr64 __cdecl MOXIE::AudioResource::getAudioData(void)const __ptr64
2815	?getAudioDevice@AudioManager@MOXIE@@QEAAPEAVAudioDevice@2@XZ	public: class MOXIE::AudioDevice * __ptr64 __cdecl MOXIE::AudioManager::getAudioDevice(void) __ptr64
2816	?getAudioEffectCount@@YAIPEAX@Z	unsigned int __cdecl getAudioEffectCount(void * __ptr64)
2817	?getAudioEffectName@@YAPEBDPEAXI@Z	char const * __ptr64 __cdecl getAudioEffectName(void * __ptr64,unsigned int)
2818	?getAudioEffectParameter@@YAMPEAXII@Z	float __cdecl getAudioEffectParameter(void * __ptr64,unsigned int,unsigned int)
2819	?getAudioEffectParameterCount@@YAIPEAXI@Z	unsigned int __cdecl getAudioEffectParameterCount(void * __ptr64,unsigned int)
2820	?getAudioEmitterEffectParameterInfo@@YA_NPEAXPEAUAudioEmitterParameterInfo@@@Z	bool __cdecl getAudioEmitterEffectParameterInfo(void * __ptr64,struct AudioEmitterParameterInfo * __ptr64)
2821	?getAudioEmitterEffectParameterInfoByName@@YA_NPEAXPEADPEAUAudioEmitterParameterInfo@@@Z	bool __cdecl getAudioEmitterEffectParameterInfoByName(void * __ptr64,char * __ptr64,struct AudioEmitterParameterInfo * __ptr64)
2822	?getAudioPlayer@Sound@MOXIE@@QEAAPEAVAudioPlayer@2@XZ	public: class MOXIE::AudioPlayer * __ptr64 __cdecl MOXIE::Sound::getAudioPlayer(void) __ptr64
2823	?getAudioResource@Sound@MOXIE@@QEAA?AVResourceHandle@2@XZ	public: class MOXIE::ResourceHandle __cdecl MOXIE::Sound::getAudioResource(void) __ptr64
2824	?getAudioWorldTime@AudioSystem@MOXIE@@QEAA_KXZ	public: unsigned __int64 __cdecl MOXIE::AudioSystem::getAudioWorldTime(void) __ptr64
2825	?getAveDecodeDt@gsaDecoder@MOXIE@@QEBAMXZ	public: float __cdecl MOXIE::gsaDecoder::getAveDecodeDt(void)const __ptr64
2826	?getAxisAngle@Quaternion@MOXIE@@QEBAXAEAVVector3@2@AEAM@Z	public: void __cdecl MOXIE::Quaternion::getAxisAngle(class MOXIE::Vector3 & __ptr64,float & __ptr64)const __ptr64
2827	?getAxisW@Vector4@MOXIE@@SAAEBV12@XZ	public: static class MOXIE::Vector4 const & __ptr64 __cdecl MOXIE::Vector4::getAxisW(void)
2828	?getAxisX@Vector2@MOXIE@@SAAEBV12@XZ	public: static class MOXIE::Vector2 const & __ptr64 __cdecl MOXIE::Vector2::getAxisX(void)
2829	?getAxisX@Vector3@MOXIE@@SAAEBV12@XZ	public: static class MOXIE::Vector3 const & __ptr64 __cdecl MOXIE::Vector3::getAxisX(void)
2830	?getAxisX@Vector4@MOXIE@@SAAEBV12@XZ	public: static class MOXIE::Vector4 const & __ptr64 __cdecl MOXIE::Vector4::getAxisX(void)
2831	?getAxisY@Vector2@MOXIE@@SAAEBV12@XZ	public: static class MOXIE::Vector2 const & __ptr64 __cdecl MOXIE::Vector2::getAxisY(void)
2832	?getAxisY@Vector3@MOXIE@@SAAEBV12@XZ	public: static class MOXIE::Vector3 const & __ptr64 __cdecl MOXIE::Vector3::getAxisY(void)
2833	?getAxisY@Vector4@MOXIE@@SAAEBV12@XZ	public: static class MOXIE::Vector4 const & __ptr64 __cdecl MOXIE::Vector4::getAxisY(void)
2834	?getAxisZ@Vector3@MOXIE@@SAAEBV12@XZ	public: static class MOXIE::Vector3 const & __ptr64 __cdecl MOXIE::Vector3::getAxisZ(void)
2835	?getAxisZ@Vector4@MOXIE@@SAAEBV12@XZ	public: static class MOXIE::Vector4 const & __ptr64 __cdecl MOXIE::Vector4::getAxisZ(void)
2836	?getBaseMaterial@Material@MOXIE@@QEAAPEAV12@XZ	public: class MOXIE::Material * __ptr64 __cdecl MOXIE::Material::getBaseMaterial(void) __ptr64
2837	?getBaseRTTI@RTTI@MOXIE@@QEBAPEBV12@XZ	public: class MOXIE::RTTI const * __ptr64 __cdecl MOXIE::RTTI::getBaseRTTI(void)const __ptr64
2838	?getBasisX@Matrix3@MOXIE@@QEBA?AVVector3@2@XZ	public: class MOXIE::Vector3 __cdecl MOXIE::Matrix3::getBasisX(void)const __ptr64
2839	?getBasisX@Matrix4@MOXIE@@QEBA?AVVector3@2@XZ	public: class MOXIE::Vector3 __cdecl MOXIE::Matrix4::getBasisX(void)const __ptr64
2840	?getBasisY@Matrix3@MOXIE@@QEBA?AVVector3@2@XZ	public: class MOXIE::Vector3 __cdecl MOXIE::Matrix3::getBasisY(void)const __ptr64
2841	?getBasisY@Matrix4@MOXIE@@QEBA?AVVector3@2@XZ	public: class MOXIE::Vector3 __cdecl MOXIE::Matrix4::getBasisY(void)const __ptr64
2842	?getBasisZ@Matrix3@MOXIE@@QEBA?AVVector3@2@XZ	public: class MOXIE::Vector3 __cdecl MOXIE::Matrix3::getBasisZ(void)const __ptr64
2843	?getBasisZ@Matrix4@MOXIE@@QEBA?AVVector3@2@XZ	public: class MOXIE::Vector3 __cdecl MOXIE::Matrix4::getBasisZ(void)const __ptr64
2844	?getBatchCommandCount@RenderDispatcher@MOXIE@@QEAAIXZ	public: unsigned int __cdecl MOXIE::RenderDispatcher::getBatchCommandCount(void) __ptr64
2845	?getBitmapDepth@FontMap@MOXIE@@QEBAIXZ	public: unsigned int __cdecl MOXIE::FontMap::getBitmapDepth(void)const __ptr64
2846	?getBitmapHeight@FontMap@MOXIE@@QEBAIXZ	public: unsigned int __cdecl MOXIE::FontMap::getBitmapHeight(void)const __ptr64
2847	?getBitmapPixels@FontMap@MOXIE@@QEBAPEAXXZ	public: void * __ptr64 __cdecl MOXIE::FontMap::getBitmapPixels(void)const __ptr64
2848	?getBitmapWidth@FontMap@MOXIE@@QEBAIXZ	public: unsigned int __cdecl MOXIE::FontMap::getBitmapWidth(void)const __ptr64
2849	?getBlendMode@gsaDecoder@MOXIE@@QEBA?AW4GSA_BLEND_MODE@2@XZ	public: enum MOXIE::GSA_BLEND_MODE __cdecl MOXIE::gsaDecoder::getBlendMode(void)const __ptr64
2850	?getBlendValue@gsaDecoder@MOXIE@@AEAAMM@Z	private: float __cdecl MOXIE::gsaDecoder::getBlendValue(float) __ptr64
2851	?getBoarderPaddingSize@Surface@MOXIE@@QEBAIXZ	public: unsigned int __cdecl MOXIE::Surface::getBoarderPaddingSize(void)const __ptr64
2852	?getBoneGroup@ModelResource@MOXIE@@QEBAAEBVBoneGroup@12@I@Z	public: class MOXIE::ModelResource::BoneGroup const & __ptr64 __cdecl MOXIE::ModelResource::getBoneGroup(unsigned int)const __ptr64
2853	?getBoneIndex@SGAttachmentProxy@MOXIE@@QEBAGXZ	public: unsigned short __cdecl MOXIE::SGAttachmentProxy::getBoneIndex(void)const __ptr64
2854	?getBoneRadius@SGModelInstance@MOXIE@@QEBAMXZ	public: float __cdecl MOXIE::SGModelInstance::getBoneRadius(void)const __ptr64
2855	?getBoneVisibility@SGModelInstance@MOXIE@@QEAA_NI@Z	public: bool __cdecl MOXIE::SGModelInstance::getBoneVisibility(unsigned int) __ptr64
2856	?getBool@CommandLine@MOXIE@@QEAA_NPEBDHH@Z	public: bool __cdecl MOXIE::CommandLine::getBool(char const * __ptr64,int,int) __ptr64
2857	?getBoolValue@LuaParameter@MOXIE@@QEBA_NH@Z	public: bool __cdecl MOXIE::LuaParameter::getBoolValue(int)const __ptr64
2858	?getBorderSize@VideoCube@MOXIE@@QEBAIXZ	public: unsigned int __cdecl MOXIE::VideoCube::getBorderSize(void)const __ptr64
2859	?getBottomFov@FieldOfView@MOXIE@@QEBA?AVRadian@2@XZ	public: class MOXIE::Radian __cdecl MOXIE::FieldOfView::getBottomFov(void)const __ptr64
2860	?getBoundTextureUnits@Shader@MOXIE@@QEBAIXZ	public: unsigned int __cdecl MOXIE::Shader::getBoundTextureUnits(void)const __ptr64
2861	?getBounds@VertexAnimator@MOXIE@@CAXAEBUVertexAnimData@2@HH_N1AEAVAABBox@2@@Z	private: static void __cdecl MOXIE::VertexAnimator::getBounds(struct MOXIE::VertexAnimData const & __ptr64,int,int,bool,bool,class MOXIE::AABBox & __ptr64)
2862	?getBounds@VideoCubeTile@MOXIE@@QEBAAEBVAABBox@2@XZ	public: class MOXIE::AABBox const & __ptr64 __cdecl MOXIE::VideoCubeTile::getBounds(void)const __ptr64
2863	?getBuffer@FlipbookTexturePool@MOXIE@@QEAAPEAEXZ	public: unsigned char * __ptr64 __cdecl MOXIE::FlipbookTexturePool::getBuffer(void) __ptr64
2864	?getBuffer@gsaDecoder@MOXIE@@AEAAPEAEIH@Z	private: unsigned char * __ptr64 __cdecl MOXIE::gsaDecoder::getBuffer(unsigned int,int) __ptr64
2865	?getBufferForChunk@gsaDecoder@MOXIE@@AEAAHI@Z	private: int __cdecl MOXIE::gsaDecoder::getBufferForChunk(unsigned int) __ptr64
2866	?getBufferSize@FlipbookTexturePool@MOXIE@@QEBAIXZ	public: unsigned int __cdecl MOXIE::FlipbookTexturePool::getBufferSize(void)const __ptr64
2867	?getCamForward@LApiCameraRig@duet@@SA?AVlVector3@2@XZ	public: static class duet::lVector3 __cdecl duet::LApiCameraRig::getCamForward(void)
2868	?getCamRight@LApiCameraRig@duet@@SA?AVlVector3@2@XZ	public: static class duet::lVector3 __cdecl duet::LApiCameraRig::getCamRight(void)
2869	?getCamUp@LApiCameraRig@duet@@SA?AVlVector3@2@XZ	public: static class duet::lVector3 __cdecl duet::LApiCameraRig::getCamUp(void)
2870	?getCamera@@YAXPEAXPEAPEAXPEAD@Z	void __cdecl getCamera(void * __ptr64,void * __ptr64 * __ptr64,char * __ptr64)
2871	?getCamera@LApiDuet@duet@@SAAEBVlSRT@2@XZ	public: static class duet::lSRT const & __ptr64 __cdecl duet::LApiDuet::getCamera(void)
2872	?getCamera@RenderView@MOXIE@@QEBAPEAVCamera@2@XZ	public: class MOXIE::Camera * __ptr64 __cdecl MOXIE::RenderView::getCamera(void)const __ptr64
2873	?getCamera@SGCamera@MOXIE@@QEAAAEAVCamera@2@XZ	public: class MOXIE::Camera & __ptr64 __cdecl MOXIE::SGCamera::getCamera(void) __ptr64
2874	?getCamera@SGCamera@MOXIE@@QEBAAEBVCamera@2@XZ	public: class MOXIE::Camera const & __ptr64 __cdecl MOXIE::SGCamera::getCamera(void)const __ptr64
2875	?getCamera@SGCameraController@MOXIE@@QEAAPEAVSGCamera@2@XZ	public: class MOXIE::SGCamera * __ptr64 __cdecl MOXIE::SGCameraController::getCamera(void) __ptr64
2876	?getCameraVR@RenderView@MOXIE@@QEBAPEAVCameraVR@2@XZ	public: class MOXIE::CameraVR * __ptr64 __cdecl MOXIE::RenderView::getCameraVR(void)const __ptr64
2877	?getCameraZMinMax@@YAXPEAXPEAM1@Z	void __cdecl getCameraZMinMax(void * __ptr64,float * __ptr64,float * __ptr64)
2878	?getCapacity@Buffer@@QEAAIXZ	public: unsigned int __cdecl Buffer::getCapacity(void) __ptr64
2879	?getCapacity@Buffer@MOXIE@@QEAAIXZ	public: unsigned int __cdecl MOXIE::Buffer::getCapacity(void) __ptr64
2880	?getCenter@AABBox@MOXIE@@QEBAAEBVVector3@2@XZ	public: class MOXIE::Vector3 const & __ptr64 __cdecl MOXIE::AABBox::getCenter(void)const __ptr64
2881	?getChannelCount@MaterialBaking@MOXIE@@YAIXZ	unsigned int __cdecl MOXIE::MaterialBaking::getChannelCount(void)
2882	?getChannelData@MaterialBaking@MOXIE@@YAXIAEAVString@2@AEAH@Z	void __cdecl MOXIE::MaterialBaking::getChannelData(unsigned int,class MOXIE::String & __ptr64,int & __ptr64)
2883	?getChar@Lexer@MOXIE@@QEAAD_N@Z	public: char __cdecl MOXIE::Lexer::getChar(bool) __ptr64
2884	?getCheckpoint@LApplication@MOXIE@@QEBA?AVString@2@XZ	public: class MOXIE::String __cdecl MOXIE::LApplication::getCheckpoint(void)const __ptr64
2885	?getChecksumFilename@LApplication@MOXIE@@IEBA?AVString@2@XZ	protected: class MOXIE::String __cdecl MOXIE::LApplication::getChecksumFilename(void)const __ptr64
2886	?getChild@@YAXPEAXHPEAPEAX@Z	void __cdecl getChild(void * __ptr64,int,void * __ptr64 * __ptr64)
2887	?getChild@SGGroup@MOXIE@@QEBAPEAVSGNode@2@I@Z	public: class MOXIE::SGNode * __ptr64 __cdecl MOXIE::SGGroup::getChild(unsigned int)const __ptr64
2888	?getChunkById@StoryManifest@MOXIE@@QEBAPEBUchunk_t@12@I@Z	public: struct MOXIE::StoryManifest::chunk_t const * __ptr64 __cdecl MOXIE::StoryManifest::getChunkById(unsigned int)const __ptr64
2889	?getChunkByIndex@StoryManifest@MOXIE@@QEBAPEBUchunk_t@12@I@Z	public: struct MOXIE::StoryManifest::chunk_t const * __ptr64 __cdecl MOXIE::StoryManifest::getChunkByIndex(unsigned int)const __ptr64
2890	?getChunkBytesAvailable@RiffDiver@MOXIE@@QEBAIXZ	public: unsigned int __cdecl MOXIE::RiffDiver::getChunkBytesAvailable(void)const __ptr64
2891	?getChunkCount@StoryManifest@MOXIE@@QEBAIXZ	public: unsigned int __cdecl MOXIE::StoryManifest::getChunkCount(void)const __ptr64
2892	?getChunkDataAddr@RiffDiver@MOXIE@@QEBAIXZ	public: unsigned int __cdecl MOXIE::RiffDiver::getChunkDataAddr(void)const __ptr64
2893	?getChunkInfo@gsaDecoder@MOXIE@@AEAAXIAEAUChunkToStream@2@@Z	private: void __cdecl MOXIE::gsaDecoder::getChunkInfo(unsigned int,struct MOXIE::ChunkToStream & __ptr64) __ptr64
2894	?getClassId@RTTI@MOXIE@@QEBAIXZ	public: unsigned int __cdecl MOXIE::RTTI::getClassId(void)const __ptr64
2895	?getClassName@RTTI@MOXIE@@QEBAPEBDXZ	public: char const * __ptr64 __cdecl MOXIE::RTTI::getClassName(void)const __ptr64
2896	?getClearBits@RenderView@MOXIE@@QEBAIXZ	public: unsigned int __cdecl MOXIE::RenderView::getClearBits(void)const __ptr64
2897	?getClearColor@@YAXPEAM@Z	void __cdecl getClearColor(float * __ptr64)
2898	?getClearColor@RenderDeviceGL@MOXIE@@UEAAAEBVVector4@2@XZ	public: virtual class MOXIE::Vector4 const & __ptr64 __cdecl MOXIE::RenderDeviceGL::getClearColor(void) __ptr64
2899	?getClearColor@RenderView@MOXIE@@QEAA?BVColor@2@XZ	public: class MOXIE::Color const __cdecl MOXIE::RenderView::getClearColor(void) __ptr64
2900	?getClip@AudResource@MOXIE@@QEAA?AW4MauxStatus@2@IMMAEAI@Z	public: enum MOXIE::MauxStatus __cdecl MOXIE::AudResource::getClip(unsigned int,float,float,unsigned int & __ptr64) __ptr64
2901	?getClipPlayer@AudioSystem@MOXIE@@QEAA?AW4MauxStatus@2@IIIIPEAI@Z	public: enum MOXIE::MauxStatus __cdecl MOXIE::AudioSystem::getClipPlayer(unsigned int,unsigned int,unsigned int,unsigned int,unsigned int * __ptr64) __ptr64
2902	?getClusterSet@gsaDecoder@MOXIE@@QEAAPEAUgsaClusterSet@2@XZ	public: struct MOXIE::gsaClusterSet * __ptr64 __cdecl MOXIE::gsaDecoder::getClusterSet(void) __ptr64
2903	?getCodecID@VideoCube@MOXIE@@QEBAIXZ	public: unsigned int __cdecl MOXIE::VideoCube::getCodecID(void)const __ptr64
2904	?getColor@SGFog@MOXIE@@QEBA?AVVector3@2@XZ	public: class MOXIE::Vector3 __cdecl MOXIE::SGFog::getColor(void)const __ptr64
2905	?getColor@SGParticleEmitter@MOXIE@@QEBAAEBVVector4@2@XZ	public: class MOXIE::Vector4 const & __ptr64 __cdecl MOXIE::SGParticleEmitter::getColor(void)const __ptr64
2906	?getColor@SGVideo360Player@MOXIE@@QEBAAEBVVector4@2@XZ	public: class MOXIE::Vector4 const & __ptr64 __cdecl MOXIE::SGVideo360Player::getColor(void)const __ptr64
2907	?getColorAsVector@SGFog@MOXIE@@QEBA?AVVector4@2@XZ	public: class MOXIE::Vector4 __cdecl MOXIE::SGFog::getColorAsVector(void)const __ptr64
2908	?getCommandBuffer@RenderDispatcher@MOXIE@@QEAA?AVCommandBuffer@12@XZ	public: class MOXIE::RenderDispatcher::CommandBuffer __cdecl MOXIE::RenderDispatcher::getCommandBuffer(void) __ptr64
2909	?getCommandLineArgument@Application@MOXIE@@QEBAPEBDPEBD@Z	public: char const * __ptr64 __cdecl MOXIE::Application::getCommandLineArgument(char const * __ptr64)const __ptr64
2910	?getCommonPath@MaterialBaking@MOXIE@@YAXAEAVString@2@@Z	void __cdecl MOXIE::MaterialBaking::getCommonPath(class MOXIE::String & __ptr64)
2911	?getCommonPathDist@Application@MOXIE@@QEBA?AVString@2@XZ	public: class MOXIE::String __cdecl MOXIE::Application::getCommonPathDist(void)const __ptr64
2912	?getCommonPathSdk@Application@MOXIE@@QEBA?AVString@2@XZ	public: class MOXIE::String __cdecl MOXIE::Application::getCommonPathSdk(void)const __ptr64
2913	?getCompatibleManifest@Player@MOXIE@@QEAAPEBDPEBD@Z	public: char const * __ptr64 __cdecl MOXIE::Player::getCompatibleManifest(char const * __ptr64) __ptr64
2914	?getCompatibleManifest@StoryPlayer@MOXIE@@QEAAPEBDPEBD@Z	public: char const * __ptr64 __cdecl MOXIE::StoryPlayer::getCompatibleManifest(char const * __ptr64) __ptr64
2915	?getCompatibleManifestCount@StoryConfig@MOXIE@@QEAAHXZ	public: int __cdecl MOXIE::StoryConfig::getCompatibleManifestCount(void) __ptr64
2916	?getCompatibleManifestURL@StoryConfig@MOXIE@@QEAA?AVString@2@H@Z	public: class MOXIE::String __cdecl MOXIE::StoryConfig::getCompatibleManifestURL(int) __ptr64
2917	?getComponent@SGNode@MOXIE@@QEAAPEAVSGComponent@2@I@Z	public: class MOXIE::SGComponent * __ptr64 __cdecl MOXIE::SGNode::getComponent(unsigned int) __ptr64
2918	?getCompressedSize@ZipArchive@MOXIE@@QEBA_KXZ	public: unsigned __int64 __cdecl MOXIE::ZipArchive::getCompressedSize(void)const __ptr64
2919	?getCompressedSize@ZipEntry@MOXIE@@QEBA_KXZ	public: unsigned __int64 __cdecl MOXIE::ZipEntry::getCompressedSize(void)const __ptr64
2920	?getConfig@LApplication@MOXIE@@QEBAAEBVString@2@XZ	public: class MOXIE::String const & __ptr64 __cdecl MOXIE::LApplication::getConfig(void)const __ptr64
2921	?getConfigValue@AudioEmitterMaux@MOXIE@@UEAAMHI@Z	public: virtual float __cdecl MOXIE::AudioEmitterMaux::getConfigValue(int,unsigned int) __ptr64
2922	?getCount@JobQueue@MOXIE@@QEAAIXZ	public: unsigned int __cdecl MOXIE::JobQueue::getCount(void) __ptr64
2923	?getCount@LuaParameter@MOXIE@@QEBAHXZ	public: int __cdecl MOXIE::LuaParameter::getCount(void)const __ptr64
2924	?getCount@ParameterData@MOXIE@@QEBAIXZ	public: unsigned int __cdecl MOXIE::ParameterData::getCount(void)const __ptr64
2925	?getCount@ShaderParameter@MOXIE@@QEBAGXZ	public: unsigned short __cdecl MOXIE::ShaderParameter::getCount(void)const __ptr64
2926	?getCount@ZipArchive@MOXIE@@QEBAIXZ	public: unsigned int __cdecl MOXIE::ZipArchive::getCount(void)const __ptr64
2927	?getCounter@Stat@@QEBAIXZ	public: unsigned int __cdecl Stat::getCounter(void)const __ptr64
2928	?getCullingEnable@EnableManager@MOXIE@@QEAA_NXZ	public: bool __cdecl MOXIE::EnableManager::getCullingEnable(void) __ptr64
2929	?getCurPtr@Lexer@MOXIE@@QEBAPEBDXZ	public: char const * __ptr64 __cdecl MOXIE::Lexer::getCurPtr(void)const __ptr64
2930	?getCurTokenSourcePtr@Lexer@MOXIE@@QEBAPEBDXZ	public: char const * __ptr64 __cdecl MOXIE::Lexer::getCurTokenSourcePtr(void)const __ptr64
2931	?getCurrentAnimation@Animator@MOXIE@@QEAAPEAVAnimation@2@XZ	public: class MOXIE::Animation * __ptr64 __cdecl MOXIE::Animator::getCurrentAnimation(void) __ptr64
2932	?getCurrentAnimation@FlipbookAnimator@MOXIE@@QEAAPEAVAnimation@2@XZ	public: class MOXIE::Animation * __ptr64 __cdecl MOXIE::FlipbookAnimator::getCurrentAnimation(void) __ptr64
2933	?getCurrentBlocksAllocated@LAllocator@MOXIE@@QEBAIXZ	public: unsigned int __cdecl MOXIE::LAllocator::getCurrentBlocksAllocated(void)const __ptr64
2934	?getCurrentBlocksAllocated@MemoryTracker@@QEBAIXZ	public: unsigned int __cdecl MemoryTracker::getCurrentBlocksAllocated(void)const __ptr64
2935	?getCurrentBytesAllocated@LAllocator@MOXIE@@QEBAIXZ	public: unsigned int __cdecl MOXIE::LAllocator::getCurrentBytesAllocated(void)const __ptr64
2936	?getCurrentBytesAllocated@MemoryTracker@@QEBAIXZ	public: unsigned int __cdecl MemoryTracker::getCurrentBytesAllocated(void)const __ptr64
2937	?getCurrentChunkSize@gsaDecoder@MOXIE@@QEBAIXZ	public: unsigned int __cdecl MOXIE::gsaDecoder::getCurrentChunkSize(void)const __ptr64
2938	?getCurrentDirectory@InternalFileSystem@MOXIE@@UEAA_NPEADI@Z	public: virtual bool __cdecl MOXIE::InternalFileSystem::getCurrentDirectory(char * __ptr64,unsigned int) __ptr64
2939	?getCurrentDirectory@LocalFileSystem@MOXIE@@UEAA_NPEADI@Z	public: virtual bool __cdecl MOXIE::LocalFileSystem::getCurrentDirectory(char * __ptr64,unsigned int) __ptr64
2940	?getCurrentDirectory@NestedFileSystem@MOXIE@@UEAA_NPEADI@Z	public: virtual bool __cdecl MOXIE::NestedFileSystem::getCurrentDirectory(char * __ptr64,unsigned int) __ptr64
2941	?getCurrentDirectory@NetworkFileSystem@MOXIE@@UEAA_NPEADI@Z	public: virtual bool __cdecl MOXIE::NetworkFileSystem::getCurrentDirectory(char * __ptr64,unsigned int) __ptr64
2942	?getCurrentDirectory@PackageFileSystem@MOXIE@@UEAA_NPEADI@Z	public: virtual bool __cdecl MOXIE::PackageFileSystem::getCurrentDirectory(char * __ptr64,unsigned int) __ptr64
2943	?getCurrentFrameData@VertexAnimDecoder@MOXIE@@QEBAPEBVVector3@2@XZ	public: class MOXIE::Vector3 const * __ptr64 __cdecl MOXIE::VertexAnimDecoder::getCurrentFrameData(void)const __ptr64
2944	?getCurrentOffset@Lexer@MOXIE@@QEBAIXZ	public: unsigned int __cdecl MOXIE::Lexer::getCurrentOffset(void)const __ptr64
2945	?getCurrentTime@Time@MOXIE@@QEAAMXZ	public: float __cdecl MOXIE::Time::getCurrentTime(void) __ptr64
2946	?getDSeconds@GlobalTime@MOXIE@@QEAANI@Z	public: double __cdecl MOXIE::GlobalTime::getDSeconds(unsigned int) __ptr64
2947	?getDSeconds@Time@MOXIE@@QEAANXZ	public: double __cdecl MOXIE::Time::getDSeconds(void) __ptr64
2948	?getData@AudResource@MOXIE@@QEBAPEAXXZ	public: void * __ptr64 __cdecl MOXIE::AudResource::getData(void)const __ptr64
2949	?getData@BitStream@MOXIE@@QEAAPEAEXZ	public: unsigned char * __ptr64 __cdecl MOXIE::BitStream::getData(void) __ptr64
2950	?getData@BitStream@MOXIE@@QEBAPEBEXZ	public: unsigned char const * __ptr64 __cdecl MOXIE::BitStream::getData(void)const __ptr64
2951	?getData@Bitmap@MOXIE@@QEBAPEBEXZ	public: unsigned char const * __ptr64 __cdecl MOXIE::Bitmap::getData(void)const __ptr64
2952	?getData@Buffer@@QEAAPEAEXZ	public: unsigned char * __ptr64 __cdecl Buffer::getData(void) __ptr64
2953	?getData@Buffer@MOXIE@@QEAAPEAEXZ	public: unsigned char * __ptr64 __cdecl MOXIE::Buffer::getData(void) __ptr64
2954	?getData@Buffer@MOXIE@@QEBAPEBEXZ	public: unsigned char const * __ptr64 __cdecl MOXIE::Buffer::getData(void)const __ptr64
2955	?getData@LApiLookAtDetector@duet@@SAPEAVLookAtDetectorData@2@PEAUlua_State@@AEBVString@MOXIE@@@Z	public: static class duet::LookAtDetectorData * __ptr64 __cdecl duet::LApiLookAtDetector::getData(struct lua_State * __ptr64,class MOXIE::String const & __ptr64)
2956	?getData@LApiSoftTrack@duet@@SAPEAVSoftTrackData@2@PEAUlua_State@@AEBVString@MOXIE@@@Z	public: static class duet::SoftTrackData * __ptr64 __cdecl duet::LApiSoftTrack::getData(struct lua_State * __ptr64,class MOXIE::String const & __ptr64)
2957	?getData@LApiTrackingTarget@duet@@SAPEAVTrackingTargetData@2@PEAUlua_State@@AEBVString@MOXIE@@@Z	public: static class duet::TrackingTargetData * __ptr64 __cdecl duet::LApiTrackingTarget::getData(struct lua_State * __ptr64,class MOXIE::String const & __ptr64)
2958	?getData@MaterialParameterConstant@MOXIE@@UEAAPEAXXZ	public: virtual void * __ptr64 __cdecl MOXIE::MaterialParameterConstant::getData(void) __ptr64
2959	?getData@MaterialParameterTexture@MOXIE@@UEAAPEAXXZ	public: virtual void * __ptr64 __cdecl MOXIE::MaterialParameterTexture::getData(void) __ptr64
2960	?getData@MemoryStream@MOXIE@@QEAAPEAEXZ	public: unsigned char * __ptr64 __cdecl MOXIE::MemoryStream::getData(void) __ptr64
2961	?getData@MemoryStream@MOXIE@@QEBAPEBEXZ	public: unsigned char const * __ptr64 __cdecl MOXIE::MemoryStream::getData(void)const __ptr64
2962	?getData@ParticleMap@MOXIE@@QEBAPEBEXZ	public: unsigned char const * __ptr64 __cdecl MOXIE::ParticleMap::getData(void)const __ptr64
2963	?getData@Surface@MOXIE@@QEAAPEAEI@Z	public: unsigned char * __ptr64 __cdecl MOXIE::Surface::getData(unsigned int) __ptr64
2964	?getData@Surface@MOXIE@@QEBAPEBEI@Z	public: unsigned char const * __ptr64 __cdecl MOXIE::Surface::getData(unsigned int)const __ptr64
2965	?getDataRaw@AudioDataSource@MOXIE@@QEAAPEAXAEAI@Z	public: void * __ptr64 __cdecl MOXIE::AudioDataSource::getDataRaw(unsigned int & __ptr64) __ptr64
2966	?getDataSize@MaterialParameterConstant@MOXIE@@UEAAIXZ	public: virtual unsigned int __cdecl MOXIE::MaterialParameterConstant::getDataSize(void) __ptr64
2967	?getDataSize@MaterialParameterTexture@MOXIE@@UEAAIXZ	public: virtual unsigned int __cdecl MOXIE::MaterialParameterTexture::getDataSize(void) __ptr64
2968	?getDataSizeRaw@AudioDataSource@MOXIE@@QEBAIXZ	public: unsigned int __cdecl MOXIE::AudioDataSource::getDataSizeRaw(void)const __ptr64
2969	?getDataUri@AudResource@MOXIE@@QEBA?AVUri@2@XZ	public: class MOXIE::Uri __cdecl MOXIE::AudResource::getDataUri(void)const __ptr64
2970	?getDebugMode@SGVideoCubePlayer@MOXIE@@QEAAIXZ	public: unsigned int __cdecl MOXIE::SGVideoCubePlayer::getDebugMode(void) __ptr64
2971	?getDebugRenderView@RenderManager@MOXIE@@QEAAPEBVRenderView@2@XZ	public: class MOXIE::RenderView const * __ptr64 __cdecl MOXIE::RenderManager::getDebugRenderView(void) __ptr64
2972	?getDecodeInternalDt@gsaDecoder@MOXIE@@QEBAMXZ	public: float __cdecl MOXIE::gsaDecoder::getDecodeInternalDt(void)const __ptr64
2973	?getDecoded@AudioDataSource@MOXIE@@QEAAPEAXIAEAI@Z	public: void * __ptr64 __cdecl MOXIE::AudioDataSource::getDecoded(unsigned int,unsigned int & __ptr64) __ptr64
2974	?getDecoded@StreamDataSource@MOXIE@@QEAAPEAXIAEAI@Z	public: void * __ptr64 __cdecl MOXIE::StreamDataSource::getDecoded(unsigned int,unsigned int & __ptr64) __ptr64
2975	?getDecoded_backend@OggVorbisDecoder@MOXIE@@UEAAPEAXIAEAI@Z	public: virtual void * __ptr64 __cdecl MOXIE::OggVorbisDecoder::getDecoded_backend(unsigned int,unsigned int & __ptr64) __ptr64
2976	?getDecoded_backend@PcmDecoder@MOXIE@@UEAAPEAXIAEAI@Z	public: virtual void * __ptr64 __cdecl MOXIE::PcmDecoder::getDecoded_backend(unsigned int,unsigned int & __ptr64) __ptr64
2977	?getDecoded_backend@StreamDataSource@MOXIE@@UEAAPEAXIAEAI@Z	public: virtual void * __ptr64 __cdecl MOXIE::StreamDataSource::getDecoded_backend(unsigned int,unsigned int & __ptr64) __ptr64
2978	?getDefault@FileSystemLocator@MOXIE@@YAPEAVFileSystem@2@XZ	class MOXIE::FileSystem * __ptr64 __cdecl MOXIE::FileSystemLocator::getDefault(void)
2979	?getDefaultHeight@Application@MOXIE@@QEBAIXZ	public: unsigned int __cdecl MOXIE::Application::getDefaultHeight(void)const __ptr64
2980	?getDefaultTexture@RenderDevice@MOXIE@@SAPEBVTexture@2@XZ	public: static class MOXIE::Texture const * __ptr64 __cdecl MOXIE::RenderDevice::getDefaultTexture(void)
2981	?getDefaultWidth@Application@MOXIE@@QEBAIXZ	public: unsigned int __cdecl MOXIE::Application::getDefaultWidth(void)const __ptr64
2982	?getDefinition@SGParticleEmitter@MOXIE@@QEBAAEBUParticleDefinition@2@XZ	public: struct MOXIE::ParticleDefinition const & __ptr64 __cdecl MOXIE::SGParticleEmitter::getDefinition(void)const __ptr64
2983	?getDepth@Surface@MOXIE@@QEBAIXZ	public: unsigned int __cdecl MOXIE::Surface::getDepth(void)const __ptr64
2984	?getDestPath@MaterialBaking@MOXIE@@YAXAEAVString@2@@Z	void __cdecl MOXIE::MaterialBaking::getDestPath(class MOXIE::String & __ptr64)
2985	?getDeviceRotation@InputManager@MOXIE@@QEAA?AW4EDeviceRotation@2@XZ	public: enum MOXIE::EDeviceRotation __cdecl MOXIE::InputManager::getDeviceRotation(void) __ptr64
2986	?getDirection@AudEmitter@MOXIE@@QEBA?AVQuaternion@2@XZ	public: class MOXIE::Quaternion __cdecl MOXIE::AudEmitter::getDirection(void)const __ptr64
2987	?getDisplayDevice@RenderManager@MOXIE@@QEAAPEAVDisplayDevice@2@W4EDisplayType@2@@Z	public: class MOXIE::DisplayDevice * __ptr64 __cdecl MOXIE::RenderManager::getDisplayDevice(enum MOXIE::EDisplayType) __ptr64
2988	?getDisplayDevice@RenderManager@MOXIE@@QEAAPEAVDisplayDevice@2@XZ	public: class MOXIE::DisplayDevice * __ptr64 __cdecl MOXIE::RenderManager::getDisplayDevice(void) __ptr64
2989	?getDisplayDevice@RenderManager@MOXIE@@QEBAPEBVDisplayDevice@2@XZ	public: class MOXIE::DisplayDevice const * __ptr64 __cdecl MOXIE::RenderManager::getDisplayDevice(void)const __ptr64
2990	?getDisplayFrameEnable@EnableManager@MOXIE@@QEAA_NXZ	public: bool __cdecl MOXIE::EnableManager::getDisplayFrameEnable(void) __ptr64
2991	?getDisplayName@Stat@@QEBAPEBDXZ	public: char const * __ptr64 __cdecl Stat::getDisplayName(void)const __ptr64
2992	?getDisplayOrientation@Application@MOXIE@@QEBA?AW4EDisplayOrientation@2@XZ	public: enum MOXIE::EDisplayOrientation __cdecl MOXIE::Application::getDisplayOrientation(void)const __ptr64
2993	?getDisplayType@RenderManager@MOXIE@@QEBA?AW4EDisplayType@2@XZ	public: enum MOXIE::EDisplayType __cdecl MOXIE::RenderManager::getDisplayType(void)const __ptr64
2994	?getDriverProperties@PlatformAudioDriver@MOXIE@@UEBA?AUAudioDrvProps@2@XZ	public: virtual struct MOXIE::AudioDrvProps __cdecl MOXIE::PlatformAudioDriver::getDriverProperties(void)const __ptr64
2995	?getDriverProperties@PlatformAudioDriverDirectSound@MOXIE@@UEBA?AUAudioDrvProps@2@XZ	public: virtual struct MOXIE::AudioDrvProps __cdecl MOXIE::PlatformAudioDriverDirectSound::getDriverProperties(void)const __ptr64
2996	?getDt@LApiCameraRig@duet@@SAMPEAUlua_State@@@Z	public: static float __cdecl duet::LApiCameraRig::getDt(struct lua_State * __ptr64)
2997	?getDuration@Animator@MOXIE@@AEAAMPEBVAnimation@2@PEBVAnimResource@2@@Z	private: float __cdecl MOXIE::Animator::getDuration(class MOXIE::Animation const * __ptr64,class MOXIE::AnimResource const * __ptr64) __ptr64
2998	?getDuration@AudioPlayerMaux@MOXIE@@UEAAIXZ	public: virtual unsigned int __cdecl MOXIE::AudioPlayerMaux::getDuration(void) __ptr64
2999	?getDuration@FlipbookAnimator@MOXIE@@AEAAMPEBVAnimation@2@@Z	private: float __cdecl MOXIE::FlipbookAnimator::getDuration(class MOXIE::Animation const * __ptr64) __ptr64
3000	?getDuration@SGVideoCubePlayer@MOXIE@@UEBAMXZ	public: virtual float __cdecl MOXIE::SGVideoCubePlayer::getDuration(void)const __ptr64
3001	?getDuration@SGVideoCubeRectPlayer@MOXIE@@UEBAMXZ	public: virtual float __cdecl MOXIE::SGVideoCubeRectPlayer::getDuration(void)const __ptr64
3002	?getDuration@SGVideoLatLongPlayer@MOXIE@@UEBAMXZ	public: virtual float __cdecl MOXIE::SGVideoLatLongPlayer::getDuration(void)const __ptr64
3003	?getDuration@Sound@MOXIE@@QEAAIXZ	public: unsigned int __cdecl MOXIE::Sound::getDuration(void) __ptr64
3004	?getEOriginForStdSeek@LocalFileSystem@MOXIE@@SA?AW4EOrigin@FileSystem@2@H@Z	public: static enum MOXIE::FileSystem::EOrigin __cdecl MOXIE::LocalFileSystem::getEOriginForStdSeek(int)
3005	?getEffect@AudioEmitterMaux@MOXIE@@UEAAPEAVIEmitterEffect@2@H@Z	public: virtual class MOXIE::IEmitterEffect * __ptr64 __cdecl MOXIE::AudioEmitterMaux::getEffect(int) __ptr64
3006	?getEffectAt@AudEmitter@MOXIE@@QEAAPEAVIEmitterEffect@2@I@Z	public: class MOXIE::IEmitterEffect * __ptr64 __cdecl MOXIE::AudEmitter::getEffectAt(unsigned int) __ptr64
3007	?getEffectCount@AudEmitter@MOXIE@@QEBAIXZ	public: unsigned int __cdecl MOXIE::AudEmitter::getEffectCount(void)const __ptr64
3008	?getEffectCount@AudioEmitterMaux@MOXIE@@UEAAIXZ	public: virtual unsigned int __cdecl MOXIE::AudioEmitterMaux::getEffectCount(void) __ptr64
3009	?getElapsedDSeconds@GlobalTime@MOXIE@@QEAANI@Z	public: double __cdecl MOXIE::GlobalTime::getElapsedDSeconds(unsigned int) __ptr64
3010	?getElapsedDSeconds@Time@MOXIE@@QEAANXZ	public: double __cdecl MOXIE::Time::getElapsedDSeconds(void) __ptr64
3011	?getElapsedMicroseconds@GlobalTime@MOXIE@@QEAA_KI@Z	public: unsigned __int64 __cdecl MOXIE::GlobalTime::getElapsedMicroseconds(unsigned int) __ptr64
3012	?getElapsedMicroseconds@Time@MOXIE@@QEAA_KXZ	public: unsigned __int64 __cdecl MOXIE::Time::getElapsedMicroseconds(void) __ptr64
3013	?getElapsedMilliseconds@GlobalTime@MOXIE@@QEAAMI@Z	public: float __cdecl MOXIE::GlobalTime::getElapsedMilliseconds(unsigned int) __ptr64
3014	?getElapsedMilliseconds@Time@MOXIE@@QEAAMXZ	public: float __cdecl MOXIE::Time::getElapsedMilliseconds(void) __ptr64
3015	?getElapsedSeconds@GlobalTime@MOXIE@@QEAAMI@Z	public: float __cdecl MOXIE::GlobalTime::getElapsedSeconds(unsigned int) __ptr64
3016	?getElapsedSeconds@Time@MOXIE@@QEAAMXZ	public: float __cdecl MOXIE::Time::getElapsedSeconds(void) __ptr64
3017	?getEmitRate@SGParticleEmitter@MOXIE@@QEBAMXZ	public: float __cdecl MOXIE::SGParticleEmitter::getEmitRate(void)const __ptr64
3018	?getEmitter3dPosition@AudioSystem@MOXIE@@QEBA?AW4MauxStatus@2@IPEAVVector3@2@PEAVQuaternion@2@@Z	public: enum MOXIE::MauxStatus __cdecl MOXIE::AudioSystem::getEmitter3dPosition(unsigned int,class MOXIE::Vector3 * __ptr64,class MOXIE::Quaternion * __ptr64)const __ptr64
3019	?getEmitter@AudioSystem@MOXIE@@QEAA?AW4MauxStatus@2@W4MEMITTERTYPE@2@PEAI@Z	public: enum MOXIE::MauxStatus __cdecl MOXIE::AudioSystem::getEmitter(enum MOXIE::MEMITTERTYPE,unsigned int * __ptr64) __ptr64
3020	?getEmitterEffect@AudioSystem@MOXIE@@QEAA?AW4MauxStatus@2@IIPEAPEAVIEmitterEffect@2@@Z	public: enum MOXIE::MauxStatus __cdecl MOXIE::AudioSystem::getEmitterEffect(unsigned int,unsigned int,class MOXIE::IEmitterEffect * __ptr64 * __ptr64) __ptr64
3021	?getEmitterEffectCount@AudioSystem@MOXIE@@QEAA?AW4MauxStatus@2@IPEAI@Z	public: enum MOXIE::MauxStatus __cdecl MOXIE::AudioSystem::getEmitterEffectCount(unsigned int,unsigned int * __ptr64) __ptr64
3022	?getEmitterId@AudPlayer@MOXIE@@QEBAIXZ	public: unsigned int __cdecl MOXIE::AudPlayer::getEmitterId(void)const __ptr64
3023	?getEmitterVolume@AudioSystem@MOXIE@@QEAA?AW4MauxStatus@2@IPEAM@Z	public: enum MOXIE::MauxStatus __cdecl MOXIE::AudioSystem::getEmitterVolume(unsigned int,float * __ptr64) __ptr64
3024	?getEnabled@SensorManager@MOXIE@@QEAA_NW4ESensorType@2@@Z	public: bool __cdecl MOXIE::SensorManager::getEnabled(enum MOXIE::ESensorType) __ptr64
3025	?getEncodedInfo@AudResource@MOXIE@@SA?AUAUDIORESOURCEINFO@2@AEBVUri@2@@Z	public: static struct MOXIE::AUDIORESOURCEINFO __cdecl MOXIE::AudResource::getEncodedInfo(class MOXIE::Uri const & __ptr64)
3026	?getEnd@SGFog@MOXIE@@QEBAMXZ	public: float __cdecl MOXIE::SGFog::getEnd(void)const __ptr64
3027	?getEngineThreadID@Engine@MOXIE@@QEAAKXZ	public: unsigned long __cdecl MOXIE::Engine::getEngineThreadID(void) __ptr64
3028	?getEntryByIndex@ZipArchive@MOXIE@@QEAAPEAVZipEntry@2@I@Z	public: class MOXIE::ZipEntry * __ptr64 __cdecl MOXIE::ZipArchive::getEntryByIndex(unsigned int) __ptr64
3029	?getEntryByName@ZipArchive@MOXIE@@QEAAPEAVZipEntry@2@PEBD@Z	public: class MOXIE::ZipEntry * __ptr64 __cdecl MOXIE::ZipArchive::getEntryByName(char const * __ptr64) __ptr64
3030	?getEnvironment@ScriptManager@MOXIE@@QEAAPEAVLEnvironment@2@XZ	public: class MOXIE::LEnvironment * __ptr64 __cdecl MOXIE::ScriptManager::getEnvironment(void) __ptr64
3031	?getError@StoryConfig@MOXIE@@QEAA?AW4PlayerError@2@XZ	public: enum MOXIE::PlayerError __cdecl MOXIE::StoryConfig::getError(void) __ptr64
3032	?getErrorCode@CommandLine@MOXIE@@QEAAHXZ	public: int __cdecl MOXIE::CommandLine::getErrorCode(void) __ptr64
3033	?getErrorCorrectParams@Time@MOXIE@@QEAAXAEA_NAEAM@Z	public: void __cdecl MOXIE::Time::getErrorCorrectParams(bool & __ptr64,float & __ptr64) __ptr64
3034	?getErrorString@CommandLine@MOXIE@@QEAAPEBDXZ	public: char const * __ptr64 __cdecl MOXIE::CommandLine::getErrorString(void) __ptr64
3035	?getErrorString@StoryConfig@MOXIE@@QEAAPEBDXZ	public: char const * __ptr64 __cdecl MOXIE::StoryConfig::getErrorString(void) __ptr64
3036	?getErrorTime@Time@MOXIE@@QEBA_JXZ	public: __int64 __cdecl MOXIE::Time::getErrorTime(void)const __ptr64
3037	?getEuler@Matrix4@MOXIE@@QEAAXAEAVVector3@2@@Z	public: void __cdecl MOXIE::Matrix4::getEuler(class MOXIE::Vector3 & __ptr64) __ptr64
3038	?getEuler@Quaternion@MOXIE@@QEBAXAEAVVector3@2@@Z	public: void __cdecl MOXIE::Quaternion::getEuler(class MOXIE::Vector3 & __ptr64)const __ptr64
3039	?getEventRate@SensorManager@MOXIE@@QEAAHXZ	public: int __cdecl MOXIE::SensorManager::getEventRate(void) __ptr64
3040	?getExitCode@Application@MOXIE@@QEBAHXZ	public: int __cdecl MOXIE::Application::getExitCode(void)const __ptr64
3041	?getExposureCount@FlipbookResource@MOXIE@@QEBAIXZ	public: unsigned int __cdecl MOXIE::FlipbookResource::getExposureCount(void)const __ptr64
3042	?getExposures@FlipbookResource@MOXIE@@QEBAPEBIXZ	public: unsigned int const * __ptr64 __cdecl MOXIE::FlipbookResource::getExposures(void)const __ptr64
3043	?getExtents@AABBox@MOXIE@@QEBAAEBVVector3@2@XZ	public: class MOXIE::Vector3 const & __ptr64 __cdecl MOXIE::AABBox::getExtents(void)const __ptr64
3044	?getEyeViewport@RenderView@MOXIE@@QEBA?AVViewport@2@W4ERenderEye@2@@Z	public: class MOXIE::Viewport __cdecl MOXIE::RenderView::getEyeViewport(enum MOXIE::ERenderEye)const __ptr64
3045	?getFBImageResource@FlipbookResource@MOXIE@@QEAAPEAVFBImageResource@2@XZ	public: class MOXIE::FBImageResource * __ptr64 __cdecl MOXIE::FlipbookResource::getFBImageResource(void) __ptr64
3046	?getFBImageResourceUri@FlipbookResource@MOXIE@@QEAAAEBVUri@2@XZ	public: class MOXIE::Uri const & __ptr64 __cdecl MOXIE::FlipbookResource::getFBImageResourceUri(void) __ptr64
3047	?getFPS@VideoCube@MOXIE@@QEBAMXZ	public: float __cdecl MOXIE::VideoCube::getFPS(void)const __ptr64
3048	?getFPS@gsaDecoder@MOXIE@@QEBAIXZ	public: unsigned int __cdecl MOXIE::gsaDecoder::getFPS(void)const __ptr64
3049	?getFSM@StoryManager@MOXIE@@QEAAPEAVStoryFSM@2@PEBD@Z	public: class MOXIE::StoryFSM * __ptr64 __cdecl MOXIE::StoryManager::getFSM(char const * __ptr64) __ptr64
3050	?getFSM@StoryManifest@MOXIE@@QEBAPEBUfsm_t@12@I@Z	public: struct MOXIE::StoryManifest::fsm_t const * __ptr64 __cdecl MOXIE::StoryManifest::getFSM(unsigned int)const __ptr64
3051	?getFSMCount@StoryManifest@MOXIE@@QEBAIXZ	public: unsigned int __cdecl MOXIE::StoryManifest::getFSMCount(void)const __ptr64
3052	?getFace@VideoCubeTile@MOXIE@@QEBAIXZ	public: unsigned int __cdecl MOXIE::VideoCubeTile::getFace(void)const __ptr64
3053	?getFileExtension@Uri@MOXIE@@QEBAPEBDXZ	public: char const * __ptr64 __cdecl MOXIE::Uri::getFileExtension(void)const __ptr64
3054	?getFileName@UriManager@MOXIE@@QEAAPEBDAEBVUri@2@@Z	public: char const * __ptr64 __cdecl MOXIE::UriManager::getFileName(class MOXIE::Uri const & __ptr64) __ptr64
3055	?getFileSize@OggVorbisMetadata@MOXIE@@QEAAIPEAUOggVorbis_File@@PEAVFileStream@2@@Z	public: unsigned int __cdecl MOXIE::OggVorbisMetadata::getFileSize(struct OggVorbis_File * __ptr64,class MOXIE::FileStream * __ptr64) __ptr64
3056	?getFileSystem@AudServices@MOXIE@@QEAAPEAVFileSystem@2@XZ	public: class MOXIE::FileSystem * __ptr64 __cdecl MOXIE::AudServices::getFileSystem(void) __ptr64
3057	?getFileToInspect@Application@MOXIE@@QEBAAEBVString@2@XZ	public: class MOXIE::String const & __ptr64 __cdecl MOXIE::Application::getFileToInspect(void)const __ptr64
3058	?getFilename@ShaderCache@MOXIE@@IEAA?AVString@2@I@Z	protected: class MOXIE::String __cdecl MOXIE::ShaderCache::getFilename(unsigned int) __ptr64
3059	?getFilename@ZipEntry@MOXIE@@QEBAPEBDXZ	public: char const * __ptr64 __cdecl MOXIE::ZipEntry::getFilename(void)const __ptr64
3060	?getFilesInDirectory@InternalFileSystem@MOXIE@@UEAAHAEAV?$TArray@VString@MOXIE@@@2@PEBD1_N@Z	public: virtual int __cdecl MOXIE::InternalFileSystem::getFilesInDirectory(class MOXIE::TArray<class MOXIE::String> & __ptr64,char const * __ptr64,char const * __ptr64,bool) __ptr64
3061	?getFilesInDirectory@LocalFileSystem@MOXIE@@UEAAHAEAV?$TArray@VString@MOXIE@@@2@PEBD1_N@Z	public: virtual int __cdecl MOXIE::LocalFileSystem::getFilesInDirectory(class MOXIE::TArray<class MOXIE::String> & __ptr64,char const * __ptr64,char const * __ptr64,bool) __ptr64
3062	?getFilesInDirectory@NestedFileSystem@MOXIE@@UEAAHAEAV?$TArray@VString@MOXIE@@@2@PEBD1_N@Z	public: virtual int __cdecl MOXIE::NestedFileSystem::getFilesInDirectory(class MOXIE::TArray<class MOXIE::String> & __ptr64,char const * __ptr64,char const * __ptr64,bool) __ptr64
3063	?getFilesInDirectory@NetworkFileSystem@MOXIE@@UEAAHAEAV?$TArray@VString@MOXIE@@@2@PEBD1_N@Z	public: virtual int __cdecl MOXIE::NetworkFileSystem::getFilesInDirectory(class MOXIE::TArray<class MOXIE::String> & __ptr64,char const * __ptr64,char const * __ptr64,bool) __ptr64
3064	?getFilesInDirectory@PackageFileSystem@MOXIE@@UEAAHAEAV?$TArray@VString@MOXIE@@@2@PEBD1_N@Z	public: virtual int __cdecl MOXIE::PackageFileSystem::getFilesInDirectory(class MOXIE::TArray<class MOXIE::String> & __ptr64,char const * __ptr64,char const * __ptr64,bool) __ptr64
3065	?getFixedTimeStep@Time@MOXIE@@QEBA_KXZ	public: unsigned __int64 __cdecl MOXIE::Time::getFixedTimeStep(void)const __ptr64
3066	?getFlags@RenderView@MOXIE@@QEBAIXZ	public: unsigned int __cdecl MOXIE::RenderView::getFlags(void)const __ptr64
3067	?getFlipBookUpdateEnable@EnableManager@MOXIE@@QEAA_NXZ	public: bool __cdecl MOXIE::EnableManager::getFlipBookUpdateEnable(void) __ptr64
3068	?getFlipbook@FlipbookSampler@MOXIE@@QEAAPEAVFlipbookInstance@2@XZ	public: class MOXIE::FlipbookInstance * __ptr64 __cdecl MOXIE::FlipbookSampler::getFlipbook(void) __ptr64
3069	?getFlipbook@FlipbookSampler@MOXIE@@QEBAPEBVFlipbookInstance@2@XZ	public: class MOXIE::FlipbookInstance const * __ptr64 __cdecl MOXIE::FlipbookSampler::getFlipbook(void)const __ptr64
3070	?getFlipbookHandle@FlipbookSampler@MOXIE@@QEBA?AVResourceHandle@2@XZ	public: class MOXIE::ResourceHandle __cdecl MOXIE::FlipbookSampler::getFlipbookHandle(void)const __ptr64
3071	?getFlipbookSampler@FlipbookResource@MOXIE@@QEAAPEAVAnimationFlipbookSampler@2@XZ	public: class MOXIE::AnimationFlipbookSampler * __ptr64 __cdecl MOXIE::FlipbookResource::getFlipbookSampler(void) __ptr64
3072	?getFlipbookSampler@FlipbookResource@MOXIE@@QEBAPEBVAnimationFlipbookSampler@2@XZ	public: class MOXIE::AnimationFlipbookSampler const * __ptr64 __cdecl MOXIE::FlipbookResource::getFlipbookSampler(void)const __ptr64
3073	?getFloat@CommandLine@MOXIE@@QEAAMPEBDHH@Z	public: float __cdecl MOXIE::CommandLine::getFloat(char const * __ptr64,int,int) __ptr64
3074	?getFlowStatus@AudioDataSource@MOXIE@@QEBA?AW4MauxStatus@2@XZ	public: enum MOXIE::MauxStatus __cdecl MOXIE::AudioDataSource::getFlowStatus(void)const __ptr64
3075	?getFogParameters@RenderManager@MOXIE@@QEAAAEAVFogParameters@2@XZ	public: class MOXIE::FogParameters & __ptr64 __cdecl MOXIE::RenderManager::getFogParameters(void) __ptr64
3076	?getFogParameters@RenderManager@MOXIE@@QEBAAEBVFogParameters@2@XZ	public: class MOXIE::FogParameters const & __ptr64 __cdecl MOXIE::RenderManager::getFogParameters(void)const __ptr64
3077	?getFogType@SGFog@MOXIE@@QEBA?AW4EFogType@2@XZ	public: enum MOXIE::EFogType __cdecl MOXIE::SGFog::getFogType(void)const __ptr64
3078	?getFont@FontResource@MOXIE@@QEAAPEAVFont@2@XZ	public: class MOXIE::Font * __ptr64 __cdecl MOXIE::FontResource::getFont(void) __ptr64
3079	?getFont@FontResource@MOXIE@@QEBAPEBVFont@2@XZ	public: class MOXIE::Font const * __ptr64 __cdecl MOXIE::FontResource::getFont(void)const __ptr64
3080	?getFont@RenderDebug@MOXIE@@QEAAPEAVFont@2@AEBVUri@2@@Z	public: class MOXIE::Font * __ptr64 __cdecl MOXIE::RenderDebug::getFont(class MOXIE::Uri const & __ptr64) __ptr64
3081	?getFontMap@Font@MOXIE@@QEBAPEBVFontMap@2@XZ	public: class MOXIE::FontMap const * __ptr64 __cdecl MOXIE::Font::getFontMap(void)const __ptr64
3082	?getFontMap@FontResource@MOXIE@@QEAAPEAVFontMap@2@XZ	public: class MOXIE::FontMap * __ptr64 __cdecl MOXIE::FontResource::getFontMap(void) __ptr64
3083	?getFontMap@FontResource@MOXIE@@QEBAPEBVFontMap@2@XZ	public: class MOXIE::FontMap const * __ptr64 __cdecl MOXIE::FontResource::getFontMap(void)const __ptr64
3084	?getForce@BobberField@MOXIE@@UEBA?AVVector3@2@AEBUParticle@2@M@Z	public: virtual class MOXIE::Vector3 __cdecl MOXIE::BobberField::getForce(struct MOXIE::Particle const & __ptr64,float)const __ptr64
3085	?getForce@ForceField@MOXIE@@UEBA?AVVector3@2@AEBUParticle@2@M@Z	public: virtual class MOXIE::Vector3 __cdecl MOXIE::ForceField::getForce(struct MOXIE::Particle const & __ptr64,float)const __ptr64
3086	?getForce@TornadoField@MOXIE@@UEBA?AVVector3@2@AEBUParticle@2@M@Z	public: virtual class MOXIE::Vector3 __cdecl MOXIE::TornadoField::getForce(struct MOXIE::Particle const & __ptr64,float)const __ptr64
3087	?getForce@TurbulenceField2D@MOXIE@@UEBA?AVVector3@2@AEBUParticle@2@M@Z	public: virtual class MOXIE::Vector3 __cdecl MOXIE::TurbulenceField2D::getForce(struct MOXIE::Particle const & __ptr64,float)const __ptr64
3088	?getForce@TurbulenceField3D@MOXIE@@UEBA?AVVector3@2@AEBUParticle@2@M@Z	public: virtual class MOXIE::Vector3 __cdecl MOXIE::TurbulenceField3D::getForce(struct MOXIE::Particle const & __ptr64,float)const __ptr64
3089	?getForce@VortexField@MOXIE@@UEBA?AVVector3@2@AEBUParticle@2@M@Z	public: virtual class MOXIE::Vector3 __cdecl MOXIE::VortexField::getForce(struct MOXIE::Particle const & __ptr64,float)const __ptr64
3090	?getFormat@AudioDataMaux@MOXIE@@UEAA?AW4EAudioFormat@2@XZ	public: virtual enum MOXIE::EAudioFormat __cdecl MOXIE::AudioDataMaux::getFormat(void) __ptr64
3091	?getFormat@FBImageResource@MOXIE@@QEBA?AW4DXGI_FORMAT_EX@@XZ	public: enum DXGI_FORMAT_EX __cdecl MOXIE::FBImageResource::getFormat(void)const __ptr64
3092	?getFormat@FlipbookInstance@MOXIE@@QEBA?AW4DXGI_FORMAT_EX@@XZ	public: enum DXGI_FORMAT_EX __cdecl MOXIE::FlipbookInstance::getFormat(void)const __ptr64
3093	?getFov@Camera@MOXIE@@QEBAAEBVFieldOfView@2@XZ	public: class MOXIE::FieldOfView const & __ptr64 __cdecl MOXIE::Camera::getFov(void)const __ptr64
3094	?getFps@LApplication@MOXIE@@QEBAAEBVFPS@2@XZ	public: class MOXIE::FPS const & __ptr64 __cdecl MOXIE::LApplication::getFps(void)const __ptr64
3095	?getFragment@Uri@MOXIE@@QEBAPEBDXZ	public: char const * __ptr64 __cdecl MOXIE::Uri::getFragment(void)const __ptr64
3096	?getFrame@FBImageResource@MOXIE@@QEBAPEBUFlipbookFrameSource@2@I@Z	public: struct MOXIE::FlipbookFrameSource const * __ptr64 __cdecl MOXIE::FBImageResource::getFrame(unsigned int)const __ptr64
3097	?getFrame@FlipbookInstance@MOXIE@@IEAAPEAVFlipbookFrame@2@I@Z	protected: class MOXIE::FlipbookFrame * __ptr64 __cdecl MOXIE::FlipbookInstance::getFrame(unsigned int) __ptr64
3098	?getFrame@SGVideo360Player@MOXIE@@QEBAHXZ	public: int __cdecl MOXIE::SGVideo360Player::getFrame(void)const __ptr64
3099	?getFrame@VideoCubeTile@MOXIE@@QEBAHXZ	public: int __cdecl MOXIE::VideoCubeTile::getFrame(void)const __ptr64
3100	?getFrameCount@AudPlayer@MOXIE@@QEBAIXZ	public: unsigned int __cdecl MOXIE::AudPlayer::getFrameCount(void)const __ptr64
3101	?getFrameCount@AudioDataSource@MOXIE@@QEBAIXZ	public: unsigned int __cdecl MOXIE::AudioDataSource::getFrameCount(void)const __ptr64
3102	?getFrameCount@FBImageResource@MOXIE@@QEBAIXZ	public: unsigned int __cdecl MOXIE::FBImageResource::getFrameCount(void)const __ptr64
3103	?getFrameCount@FlipbookInstance@MOXIE@@QEBAIXZ	public: unsigned int __cdecl MOXIE::FlipbookInstance::getFrameCount(void)const __ptr64
3104	?getFrameCount@StatTracker@@QEBAIXZ	public: unsigned int __cdecl StatTracker::getFrameCount(void)const __ptr64
3105	?getFrameCount@VideoCube@MOXIE@@QEBAIXZ	public: unsigned int __cdecl MOXIE::VideoCube::getFrameCount(void)const __ptr64
3106	?getFrameCount@gsaDecoder@MOXIE@@QEBAIXZ	public: unsigned int __cdecl MOXIE::gsaDecoder::getFrameCount(void)const __ptr64
3107	?getFrameRate@AudPlayer@MOXIE@@QEBAMXZ	public: float __cdecl MOXIE::AudPlayer::getFrameRate(void)const __ptr64
3108	?getFrameRate@AudioDataSource@MOXIE@@QEBAMXZ	public: float __cdecl MOXIE::AudioDataSource::getFrameRate(void)const __ptr64
3109	?getFrames@FBImageResource@MOXIE@@QEBAPEBQEAUFlipbookFrameSource@2@XZ	public: struct MOXIE::FlipbookFrameSource * __ptr64 const * __ptr64 __cdecl MOXIE::FBImageResource::getFrames(void)const __ptr64
3110	?getFramesPerSecond@AnimResource@MOXIE@@QEBAIXZ	public: unsigned int __cdecl MOXIE::AnimResource::getFramesPerSecond(void)const __ptr64
3111	?getFramesPerSecond@FlipbookResource@MOXIE@@QEBAMXZ	public: float __cdecl MOXIE::FlipbookResource::getFramesPerSecond(void)const __ptr64
3112	?getFramesSinceDecode@VideoCubeTile@MOXIE@@QEBAIXZ	public: unsigned int __cdecl MOXIE::VideoCubeTile::getFramesSinceDecode(void)const __ptr64
3113	?getFreeJob@SGVideoCubePlayer@MOXIE@@AEAAPEAUdecode_job_t@2@XZ	private: struct MOXIE::decode_job_t * __ptr64 __cdecl MOXIE::SGVideoCubePlayer::getFreeJob(void) __ptr64
3114	?getFrustum@Camera@MOXIE@@QEBAAEBVFrustum@2@XZ	public: class MOXIE::Frustum const & __ptr64 __cdecl MOXIE::Camera::getFrustum(void)const __ptr64
3115	?getFullMaterialFilePath@MaterialBaking@MOXIE@@YAXAEAVString@2@AEBV32@@Z	void __cdecl MOXIE::MaterialBaking::getFullMaterialFilePath(class MOXIE::String & __ptr64,class MOXIE::String const & __ptr64)
3116	?getFullShaderPathFromTable@MaterialBaking@MOXIE@@YA_NPEBVLuaTable@2@0AEBVString@2@AEAV42@2@Z	bool __cdecl MOXIE::MaterialBaking::getFullShaderPathFromTable(class MOXIE::LuaTable const * __ptr64,class MOXIE::LuaTable const * __ptr64,class MOXIE::String const & __ptr64,class MOXIE::String & __ptr64,class MOXIE::String & __ptr64)
3117	?getFullURI@Uri@MOXIE@@QEBAPEBDXZ	public: char const * __ptr64 __cdecl MOXIE::Uri::getFullURI(void)const __ptr64
3118	?getGLVersion@RenderDeviceGL@MOXIE@@SAPEBDAEAH0@Z	public: static char const * __ptr64 __cdecl MOXIE::RenderDeviceGL::getGLVersion(int & __ptr64,int & __ptr64)
3119	?getGlyph@FontMap@MOXIE@@QEBAAEBUGlyph@12@D@Z	public: struct MOXIE::FontMap::Glyph const & __ptr64 __cdecl MOXIE::FontMap::getGlyph(char)const __ptr64
3120	?getGlyphs@FontMap@MOXIE@@QEBAPEBUGlyph@12@XZ	public: struct MOXIE::FontMap::Glyph const * __ptr64 __cdecl MOXIE::FontMap::getGlyphs(void)const __ptr64
3121	?getHRTF@AudServices@MOXIE@@QEAA_NAEAPEAUBiquadHRTFNode@@AEAI1@Z	public: bool __cdecl MOXIE::AudServices::getHRTF(struct BiquadHRTFNode * __ptr64 & __ptr64,unsigned int & __ptr64,unsigned int & __ptr64) __ptr64
3122	?getHandlMauxStatus@AudioSystem@MOXIE@@QEBA?AW4MauxStatus@2@I@Z	public: enum MOXIE::MauxStatus __cdecl MOXIE::AudioSystem::getHandlMauxStatus(unsigned int)const __ptr64
3123	?getHash@ShaderOptionTable@MOXIE@@QEAAIXZ	public: unsigned int __cdecl MOXIE::ShaderOptionTable::getHash(void) __ptr64
3124	?getHash@Uri@MOXIE@@QEBAIXZ	public: unsigned int __cdecl MOXIE::Uri::getHash(void)const __ptr64
3125	?getHeight@Application@MOXIE@@QEBAIXZ	public: unsigned int __cdecl MOXIE::Application::getHeight(void)const __ptr64
3126	?getHeight@Bitmap@MOXIE@@QEBAIXZ	public: unsigned int __cdecl MOXIE::Bitmap::getHeight(void)const __ptr64
3127	?getHeight@FBImageResource@MOXIE@@QEBAIXZ	public: unsigned int __cdecl MOXIE::FBImageResource::getHeight(void)const __ptr64
3128	?getHeight@FlipbookInstance@MOXIE@@QEBAIXZ	public: unsigned int __cdecl MOXIE::FlipbookInstance::getHeight(void)const __ptr64
3129	?getHeight@Surface@MOXIE@@QEBAIXZ	public: unsigned int __cdecl MOXIE::Surface::getHeight(void)const __ptr64
3130	?getHeightAxis@ParticleMap@MOXIE@@QEAAAEBVString@2@XZ	public: class MOXIE::String const & __ptr64 __cdecl MOXIE::ParticleMap::getHeightAxis(void) __ptr64
3131	?getHighQualityRenderSettings@RenderManager@MOXIE@@QEBAAEBUHighQualityRenderSettings@2@XZ	public: struct MOXIE::HighQualityRenderSettings const & __ptr64 __cdecl MOXIE::RenderManager::getHighQualityRenderSettings(void)const __ptr64
3132	?getHorizontalFov@FieldOfView@MOXIE@@QEBA?AVRadian@2@XZ	public: class MOXIE::Radian __cdecl MOXIE::FieldOfView::getHorizontalFov(void)const __ptr64
3133	?getId@ResourceGroup@MOXIE@@QEBAIXZ	public: unsigned int __cdecl MOXIE::ResourceGroup::getId(void)const __ptr64
3134	?getId@ResourceHandle@MOXIE@@QEBAIXZ	public: unsigned int __cdecl MOXIE::ResourceHandle::getId(void)const __ptr64
3135	?getId@Thread@MOXIE@@QEBAKXZ	public: unsigned long __cdecl MOXIE::Thread::getId(void)const __ptr64
3136	?getIdentity@Matrix3@MOXIE@@SAAEBV12@XZ	public: static class MOXIE::Matrix3 const & __ptr64 __cdecl MOXIE::Matrix3::getIdentity(void)
3137	?getIdentity@Matrix4@MOXIE@@SAAEBV12@XZ	public: static class MOXIE::Matrix4 const & __ptr64 __cdecl MOXIE::Matrix4::getIdentity(void)
3138	?getIdentity@Quaternion@MOXIE@@SAAEBV12@XZ	public: static class MOXIE::Quaternion const & __ptr64 __cdecl MOXIE::Quaternion::getIdentity(void)
3139	?getIdentity@Transform@MOXIE@@SAAEBV12@XZ	public: static class MOXIE::Transform const & __ptr64 __cdecl MOXIE::Transform::getIdentity(void)
3140	?getImageDesc@Surface@MOXIE@@QEBAAEBUImageDesc@2@II@Z	public: struct MOXIE::ImageDesc const & __ptr64 __cdecl MOXIE::Surface::getImageDesc(unsigned int,unsigned int)const __ptr64
3141	?getImageDescList@Surface@MOXIE@@QEBAAEBV?$TArray@UImageDesc@MOXIE@@@2@I@Z	public: class MOXIE::TArray<struct MOXIE::ImageDesc> const & __ptr64 __cdecl MOXIE::Surface::getImageDescList(unsigned int)const __ptr64
3142	?getIndex@LuaParameter@MOXIE@@QEBAHXZ	public: int __cdecl MOXIE::LuaParameter::getIndex(void)const __ptr64
3143	?getIndex@ShaderParameter@MOXIE@@QEBAGXZ	public: unsigned short __cdecl MOXIE::ShaderParameter::getIndex(void)const __ptr64
3144	?getIndex@ZipEntry@MOXIE@@QEBAIXZ	public: unsigned int __cdecl MOXIE::ZipEntry::getIndex(void)const __ptr64
3145	?getIndexBuffer@VertexData@MOXIE@@QEAAPEAVIndexBuffer@2@XZ	public: class MOXIE::IndexBuffer * __ptr64 __cdecl MOXIE::VertexData::getIndexBuffer(void) __ptr64
3146	?getIndexBuffer@VertexData@MOXIE@@QEBAPEBVIndexBuffer@2@XZ	public: class MOXIE::IndexBuffer const * __ptr64 __cdecl MOXIE::VertexData::getIndexBuffer(void)const __ptr64
3147	?getIndexCount@VertexData@MOXIE@@QEBAIXZ	public: unsigned int __cdecl MOXIE::VertexData::getIndexCount(void)const __ptr64
3148	?getInfo@AudResource@MOXIE@@QEBA?AUAUDIORESOURCEINFO@2@XZ	public: struct MOXIE::AUDIORESOURCEINFO __cdecl MOXIE::AudResource::getInfo(void)const __ptr64
3149	?getInitOnGrid@ParticleMap@MOXIE@@QEAA_NXZ	public: bool __cdecl MOXIE::ParticleMap::getInitOnGrid(void) __ptr64
3150	?getInputAcceleration@SGDebugCameraController@MOXIE@@QEAAMH@Z	public: float __cdecl MOXIE::SGDebugCameraController::getInputAcceleration(int) __ptr64
3151	?getInputString@CommandLine@MOXIE@@QEAAPEBDXZ	public: char const * __ptr64 __cdecl MOXIE::CommandLine::getInputString(void) __ptr64
3152	?getInstance@Application@MOXIE@@SAPEAV12@XZ	public: static class MOXIE::Application * __ptr64 __cdecl MOXIE::Application::getInstance(void)
3153	?getInstance@DefaultAnimMixer@MOXIE@@SAPEAV12@XZ	public: static class MOXIE::DefaultAnimMixer * __ptr64 __cdecl MOXIE::DefaultAnimMixer::getInstance(void)
3154	?getInstance@Engine@MOXIE@@SAPEAV12@XZ	public: static class MOXIE::Engine * __ptr64 __cdecl MOXIE::Engine::getInstance(void)
3155	?getInstance@Player@MOXIE@@SAPEAV12@XZ	public: static class MOXIE::Player * __ptr64 __cdecl MOXIE::Player::getInstance(void)
3156	?getIntValue@LuaParameter@MOXIE@@QEBAHH@Z	public: int __cdecl MOXIE::LuaParameter::getIntValue(int)const __ptr64
3157	?getInteger@CommandLine@MOXIE@@QEAAHPEBDHH@Z	public: int __cdecl MOXIE::CommandLine::getInteger(char const * __ptr64,int,int) __ptr64
3158	?getInteralDecodePerc@gsaDecoder@MOXIE@@QEBAMXZ	public: float __cdecl MOXIE::gsaDecoder::getInteralDecodePerc(void)const __ptr64
3159	?getInterpolateDt@gsaDecoder@MOXIE@@QEBAMXZ	public: float __cdecl MOXIE::gsaDecoder::getInterpolateDt(void)const __ptr64
3160	?getInterpolatePerc@gsaDecoder@MOXIE@@QEBAMXZ	public: float __cdecl MOXIE::gsaDecoder::getInterpolatePerc(void)const __ptr64
3161	?getInverse@Matrix4@MOXIE@@QEBA_NAEAV12@@Z	public: bool __cdecl MOXIE::Matrix4::getInverse(class MOXIE::Matrix4 & __ptr64)const __ptr64
3162	?getJob@SGVideoCubePlayer@MOXIE@@AEAAPEAUdecode_job_t@2@PEAVDecodeThreadData@12@@Z	private: struct MOXIE::decode_job_t * __ptr64 __cdecl MOXIE::SGVideoCubePlayer::getJob(class MOXIE::SGVideoCubePlayer::DecodeThreadData * __ptr64) __ptr64
3163	?getKey@InputManager@MOXIE@@QEAA_NW4EKey@2@I@Z	public: bool __cdecl MOXIE::InputManager::getKey(enum MOXIE::EKey,unsigned int) __ptr64
3164	?getKeyDown@InputManager@MOXIE@@QEAA_NW4EKey@2@I@Z	public: bool __cdecl MOXIE::InputManager::getKeyDown(enum MOXIE::EKey,unsigned int) __ptr64
3165	?getKeyModifiers@InputManager@MOXIE@@QEAAIXZ	public: unsigned int __cdecl MOXIE::InputManager::getKeyModifiers(void) __ptr64
3166	?getKeyUp@InputManager@MOXIE@@QEAA_NW4EKey@2@I@Z	public: bool __cdecl MOXIE::InputManager::getKeyUp(enum MOXIE::EKey,unsigned int) __ptr64
3167	?getLanguage@StorySubtitles@MOXIE@@QEAA?AVString@2@XZ	public: class MOXIE::String __cdecl MOXIE::StorySubtitles::getLanguage(void) __ptr64
3168	?getLastCompiledShaderUri@MaterialBaking@MOXIE@@YAAEBVUri@2@XZ	class MOXIE::Uri const & __ptr64 __cdecl MOXIE::MaterialBaking::getLastCompiledShaderUri(void)
3169	?getLastDecodeDt@gsaDecoder@MOXIE@@QEBAMXZ	public: float __cdecl MOXIE::gsaDecoder::getLastDecodeDt(void)const __ptr64
3170	?getLastFrame@FlipbookSampler@MOXIE@@QEAAHXZ	public: int __cdecl MOXIE::FlipbookSampler::getLastFrame(void) __ptr64
3171	?getLastFrame@FlipbookSampler@MOXIE@@QEBAHXZ	public: int __cdecl MOXIE::FlipbookSampler::getLastFrame(void)const __ptr64
3172	?getLatency@AudioSystem@MOXIE@@QEAAMXZ	public: float __cdecl MOXIE::AudioSystem::getLatency(void) __ptr64
3173	?getLatency@PlatformAudioDriverDirectSound@MOXIE@@UEAAMXZ	public: virtual float __cdecl MOXIE::PlatformAudioDriverDirectSound::getLatency(void) __ptr64
3174	?getLaunchReason@LApplication@MOXIE@@QEBAAEBVString@2@XZ	public: class MOXIE::String const & __ptr64 __cdecl MOXIE::LApplication::getLaunchReason(void)const __ptr64
3175	?getLeftFov@FieldOfView@MOXIE@@QEBA?AVRadian@2@XZ	public: class MOXIE::Radian __cdecl MOXIE::FieldOfView::getLeftFov(void)const __ptr64
3176	?getLength@Vector2@MOXIE@@QEBAMXZ	public: float __cdecl MOXIE::Vector2::getLength(void)const __ptr64
3177	?getLength@Vector3@MOXIE@@QEBAMXZ	public: float __cdecl MOXIE::Vector3::getLength(void)const __ptr64
3178	?getLength@Vector4@MOXIE@@QEBAMXZ	public: float __cdecl MOXIE::Vector4::getLength(void)const __ptr64
3179	?getLengthSq@Vector2@MOXIE@@QEBAMXZ	public: float __cdecl MOXIE::Vector2::getLengthSq(void)const __ptr64
3180	?getLengthSq@Vector3@MOXIE@@QEBAMXZ	public: float __cdecl MOXIE::Vector3::getLengthSq(void)const __ptr64
3181	?getLengthSq@Vector4@MOXIE@@QEBAMXZ	public: float __cdecl MOXIE::Vector4::getLengthSq(void)const __ptr64
3182	?getLengthXY@Vector3@MOXIE@@QEBAMXZ	public: float __cdecl MOXIE::Vector3::getLengthXY(void)const __ptr64
3183	?getLengthXY@Vector4@MOXIE@@QEBAMXZ	public: float __cdecl MOXIE::Vector4::getLengthXY(void)const __ptr64
3184	?getLengthXZ@Vector3@MOXIE@@QEBAMXZ	public: float __cdecl MOXIE::Vector3::getLengthXZ(void)const __ptr64
3185	?getLengthXZ@Vector4@MOXIE@@QEBAMXZ	public: float __cdecl MOXIE::Vector4::getLengthXZ(void)const __ptr64
3186	?getLengthYZ@Vector3@MOXIE@@QEBAMXZ	public: float __cdecl MOXIE::Vector3::getLengthYZ(void)const __ptr64
3187	?getLengthYZ@Vector4@MOXIE@@QEBAMXZ	public: float __cdecl MOXIE::Vector4::getLengthYZ(void)const __ptr64
3188	?getLightParameters@RenderManager@MOXIE@@QEAAAEAVLightParameters@2@XZ	public: class MOXIE::LightParameters & __ptr64 __cdecl MOXIE::RenderManager::getLightParameters(void) __ptr64
3189	?getLightParameters@RenderManager@MOXIE@@QEBAAEBVLightParameters@2@XZ	public: class MOXIE::LightParameters const & __ptr64 __cdecl MOXIE::RenderManager::getLightParameters(void)const __ptr64
3190	?getLine@Lexer@MOXIE@@QEBAIXZ	public: unsigned int __cdecl MOXIE::Lexer::getLine(void)const __ptr64
3191	?getLine@ShaderParser@MOXIE@@CAXPEBDAEAVString@2@@Z	private: static void __cdecl MOXIE::ShaderParser::getLine(char const * __ptr64,class MOXIE::String & __ptr64)
3192	?getLineSegmentToTarget@LApiActorsLayer@duet@@SAHPEAUlua_State@@@Z	public: static int __cdecl duet::LApiActorsLayer::getLineSegmentToTarget(struct lua_State * __ptr64)
3193	?getListenerPosition@AudioSystem@MOXIE@@QEBA?AW4MauxStatus@2@PEAVVector3@2@@Z	public: enum MOXIE::MauxStatus __cdecl MOXIE::AudioSystem::getListenerPosition(class MOXIE::Vector3 * __ptr64)const __ptr64
3194	?getListnerDirection@AudioSystem@MOXIE@@QEBA?AW4MauxStatus@2@PEAVQuaternion@2@@Z	public: enum MOXIE::MauxStatus __cdecl MOXIE::AudioSystem::getListnerDirection(class MOXIE::Quaternion * __ptr64)const __ptr64
3195	?getLoadedResources@ResourceGroup@MOXIE@@QEAAIAEAV?$TArray@VResourceHandle@MOXIE@@@2@@Z	public: unsigned int __cdecl MOXIE::ResourceGroup::getLoadedResources(class MOXIE::TArray<class MOXIE::ResourceHandle> & __ptr64) __ptr64
3196	?getLoadedResources@ResourceManager@MOXIE@@QEAAIIAEAV?$TArray@VResourceHandle@MOXIE@@@2@@Z	public: unsigned int __cdecl MOXIE::ResourceManager::getLoadedResources(unsigned int,class MOXIE::TArray<class MOXIE::ResourceHandle> & __ptr64) __ptr64
3197	?getLocal@SGTransform@MOXIE@@QEBAAEBVTransform@2@XZ	public: class MOXIE::Transform const & __ptr64 __cdecl MOXIE::SGTransform::getLocal(void)const __ptr64
3198	?getLocalBounds@SGTransform@MOXIE@@QEBAAEBVAABBox@2@XZ	public: class MOXIE::AABBox const & __ptr64 __cdecl MOXIE::SGTransform::getLocalBounds(void)const __ptr64
3199	?getLocalMatrices@SGModelInstance@MOXIE@@QEBAPEBVMatrix4@2@XZ	public: class MOXIE::Matrix4 const * __ptr64 __cdecl MOXIE::SGModelInstance::getLocalMatrices(void)const __ptr64
3200	?getLocalMatrix@SGModelInstance@MOXIE@@QEAAAEAVMatrix4@2@I@Z	public: class MOXIE::Matrix4 & __ptr64 __cdecl MOXIE::SGModelInstance::getLocalMatrix(unsigned int) __ptr64
3201	?getLocalMatrix@SGModelInstance@MOXIE@@QEBAAEBVMatrix4@2@I@Z	public: class MOXIE::Matrix4 const & __ptr64 __cdecl MOXIE::SGModelInstance::getLocalMatrix(unsigned int)const __ptr64
3202	?getLocalMatrix@SGTransform@MOXIE@@QEBA?AVMatrix4@2@XZ	public: class MOXIE::Matrix4 __cdecl MOXIE::SGTransform::getLocalMatrix(void)const __ptr64
3203	?getLocalRotation@SGTransform@MOXIE@@QEBAAEBVQuaternion@2@XZ	public: class MOXIE::Quaternion const & __ptr64 __cdecl MOXIE::SGTransform::getLocalRotation(void)const __ptr64
3204	?getLocalScale@SGTransform@MOXIE@@QEBAAEBVVector3@2@XZ	public: class MOXIE::Vector3 const & __ptr64 __cdecl MOXIE::SGTransform::getLocalScale(void)const __ptr64
3205	?getLocalTransformNames@ModelResource@MOXIE@@QEBAPEBVString@2@XZ	public: class MOXIE::String const * __ptr64 __cdecl MOXIE::ModelResource::getLocalTransformNames(void)const __ptr64
3206	?getLocalTransformProperties@ModelResource@MOXIE@@QEBAPEBVString@2@XZ	public: class MOXIE::String const * __ptr64 __cdecl MOXIE::ModelResource::getLocalTransformProperties(void)const __ptr64
3207	?getLocalTransforms@ModelResource@MOXIE@@QEBAAEBV?$TArray@VMatrix4@MOXIE@@@2@XZ	public: class MOXIE::TArray<class MOXIE::Matrix4> const & __ptr64 __cdecl MOXIE::ModelResource::getLocalTransforms(void)const __ptr64
3208	?getLocalTranslation@SGTransform@MOXIE@@QEBAAEBVVector3@2@XZ	public: class MOXIE::Vector3 const & __ptr64 __cdecl MOXIE::SGTransform::getLocalTranslation(void)const __ptr64
3209	?getLocation@AudioDataMaux@MOXIE@@UEAA?AW4EAudioLocation@2@XZ	public: virtual enum MOXIE::EAudioLocation __cdecl MOXIE::AudioDataMaux::getLocation(void) __ptr64
3210	?getLockedResolution@Application@MOXIE@@UEBA_NXZ	public: virtual bool __cdecl MOXIE::Application::getLockedResolution(void)const __ptr64
3211	?getLookAtMatrix@@YAXPEAM000@Z	void __cdecl getLookAtMatrix(float * __ptr64,float * __ptr64,float * __ptr64,float * __ptr64)
3212	?getLoopBeginFrame@AudioDataSource@MOXIE@@QEBAIXZ	public: unsigned int __cdecl MOXIE::AudioDataSource::getLoopBeginFrame(void)const __ptr64
3213	?getLoopDuration@AudioDataSource@MOXIE@@QEBAIXZ	public: unsigned int __cdecl MOXIE::AudioDataSource::getLoopDuration(void)const __ptr64
3214	?getLoopEndpoints@AudPlayer@MOXIE@@QEBAXAEAI0@Z	public: void __cdecl MOXIE::AudPlayer::getLoopEndpoints(unsigned int & __ptr64,unsigned int & __ptr64)const __ptr64
3215	?getLoopMode@AudPlayer@MOXIE@@QEBA_NXZ	public: bool __cdecl MOXIE::AudPlayer::getLoopMode(void)const __ptr64
3216	?getLoopMode@AudioDataSource@MOXIE@@QEBA_NXZ	public: bool __cdecl MOXIE::AudioDataSource::getLoopMode(void)const __ptr64
3217	?getLooping@AudioPlayerMaux@MOXIE@@UEAA_NPEAI0@Z	public: virtual bool __cdecl MOXIE::AudioPlayerMaux::getLooping(unsigned int * __ptr64,unsigned int * __ptr64) __ptr64
3218	?getLooping@Sound@MOXIE@@QEAA_NXZ	public: bool __cdecl MOXIE::Sound::getLooping(void) __ptr64
3219	?getLuaProfilerEnable@LApiLuaProfiler@luaProfiler@MOXIE@@SAHPEAUlua_State@@@Z	public: static int __cdecl MOXIE::luaProfiler::LApiLuaProfiler::getLuaProfilerEnable(struct lua_State * __ptr64)
3220	?getLuaState@@YAPEAUlua_State@@XZ	struct lua_State * __ptr64 __cdecl getLuaState(void)
3221	?getLuaState@LEnvironment@MOXIE@@QEAAPEAUlua_State@@XZ	public: struct lua_State * __ptr64 __cdecl MOXIE::LEnvironment::getLuaState(void) __ptr64
3222	?getLuaState@LEnvironment@MOXIE@@QEBAPEBUlua_State@@XZ	public: struct lua_State const * __ptr64 __cdecl MOXIE::LEnvironment::getLuaState(void)const __ptr64
3223	?getMSAASampleCount@Application@MOXIE@@QEBAIXZ	public: unsigned int __cdecl MOXIE::Application::getMSAASampleCount(void)const __ptr64
3224	?getManifest@StoryGSM@MOXIE@@QEAAPEAUManifest_t@2@XZ	public: struct MOXIE::Manifest_t * __ptr64 __cdecl MOXIE::StoryGSM::getManifest(void) __ptr64
3225	?getManifestConfigUrl@Application@MOXIE@@QEBAAEBVString@2@XZ	public: class MOXIE::String const & __ptr64 __cdecl MOXIE::Application::getManifestConfigUrl(void)const __ptr64
3226	?getManifestType@StoryManager@MOXIE@@QEAA?AW4ManifestType@12@XZ	public: enum MOXIE::StoryManager::ManifestType __cdecl MOXIE::StoryManager::getManifestType(void) __ptr64
3227	?getManifestUrl@Application@MOXIE@@QEBAAEBVString@2@XZ	public: class MOXIE::String const & __ptr64 __cdecl MOXIE::Application::getManifestUrl(void)const __ptr64
3228	?getMap@SGParticleEmitter@MOXIE@@QEBAPEAVParticleMap@2@XZ	public: class MOXIE::ParticleMap * __ptr64 __cdecl MOXIE::SGParticleEmitter::getMap(void)const __ptr64
3229	?getMarker@SGReplay@MOXIE@@QEBAAEBVString@2@XZ	public: class MOXIE::String const & __ptr64 __cdecl MOXIE::SGReplay::getMarker(void)const __ptr64
3230	?getMasterVolume@AudioManager@MOXIE@@QEAAMXZ	public: float __cdecl MOXIE::AudioManager::getMasterVolume(void) __ptr64
3231	?getMaterial@ModelResource@MOXIE@@QEAAPEAVMaterial@2@I@Z	public: class MOXIE::Material * __ptr64 __cdecl MOXIE::ModelResource::getMaterial(unsigned int) __ptr64
3232	?getMaterial@ModelResource@MOXIE@@QEBAPEBVMaterial@2@I@Z	public: class MOXIE::Material const * __ptr64 __cdecl MOXIE::ModelResource::getMaterial(unsigned int)const __ptr64
3233	?getMaterial@PosteffectResource@MOXIE@@QEAAPEAVMaterial@2@AEBVString@2@@Z	public: class MOXIE::Material * __ptr64 __cdecl MOXIE::PosteffectResource::getMaterial(class MOXIE::String const & __ptr64) __ptr64
3234	?getMaterial@SGMaterial@MOXIE@@QEAAAEAVMaterial@2@XZ	public: class MOXIE::Material & __ptr64 __cdecl MOXIE::SGMaterial::getMaterial(void) __ptr64
3235	?getMaterial@SGMaterial@MOXIE@@QEBAAEBVMaterial@2@XZ	public: class MOXIE::Material const & __ptr64 __cdecl MOXIE::SGMaterial::getMaterial(void)const __ptr64
3236	?getMaterial@SGModelInstance@MOXIE@@QEAAPEAVMaterial@2@I@Z	public: class MOXIE::Material * __ptr64 __cdecl MOXIE::SGModelInstance::getMaterial(unsigned int) __ptr64
3237	?getMaterial@SGModelInstance@MOXIE@@QEAAPEAVMaterial@2@PEBD@Z	public: class MOXIE::Material * __ptr64 __cdecl MOXIE::SGModelInstance::getMaterial(char const * __ptr64) __ptr64
3238	?getMaterial@SGParticleEmitter@MOXIE@@QEAAPEAVMaterial@2@XZ	public: class MOXIE::Material * __ptr64 __cdecl MOXIE::SGParticleEmitter::getMaterial(void) __ptr64
3239	?getMaterialDefinitionFile@@YAXPEAXPEADH@Z	void __cdecl getMaterialDefinitionFile(void * __ptr64,char * __ptr64,int)
3240	?getMaterialDefinitionName@MaterialBaking@MOXIE@@YAAEBVString@2@XZ	class MOXIE::String const & __ptr64 __cdecl MOXIE::MaterialBaking::getMaterialDefinitionName(void)
3241	?getMaterialDefinitionUri@MaterialBaking@MOXIE@@YAAEBVString@2@XZ	class MOXIE::String const & __ptr64 __cdecl MOXIE::MaterialBaking::getMaterialDefinitionUri(void)
3242	?getMaterialIndex@SGModelInstance@MOXIE@@QEAAHI@Z	public: int __cdecl MOXIE::SGModelInstance::getMaterialIndex(unsigned int) __ptr64
3243	?getMaterialInstace@SGModelInstance@MOXIE@@QEAAPEAVMaterial@2@I@Z	public: class MOXIE::Material * __ptr64 __cdecl MOXIE::SGModelInstance::getMaterialInstace(unsigned int) __ptr64
3244	?getMaterialInstance@SGModelInstance@MOXIE@@QEAAPEAVMaterial@2@PEBD@Z	public: class MOXIE::Material * __ptr64 __cdecl MOXIE::SGModelInstance::getMaterialInstance(char const * __ptr64) __ptr64
3245	?getMaterialInstances@SGModelInstance@MOXIE@@QEAAPEAPEAVMaterial@2@XZ	public: class MOXIE::Material * __ptr64 * __ptr64 __cdecl MOXIE::SGModelInstance::getMaterialInstances(void) __ptr64
3246	?getMaterialInstancesCount@SGModelInstance@MOXIE@@QEAAIXZ	public: unsigned int __cdecl MOXIE::SGModelInstance::getMaterialInstancesCount(void) __ptr64
3247	?getMaterialOverrideCount@RenderView@MOXIE@@QEAAHXZ	public: int __cdecl MOXIE::RenderView::getMaterialOverrideCount(void) __ptr64
3248	?getMaterialOverrideSet@RenderView@MOXIE@@QEAAPEAPEAVMaterial@2@XZ	public: class MOXIE::Material * __ptr64 * __ptr64 __cdecl MOXIE::RenderView::getMaterialOverrideSet(void) __ptr64
3249	?getMaterialParameters@@YAHPEAXPEAUMaterialDefinition@@HPEAUMaterialData@@PEATMaterialParamData@@H_N4@Z	int __cdecl getMaterialParameters(void * __ptr64,struct MaterialDefinition * __ptr64,int,struct MaterialData * __ptr64,union MaterialParamData * __ptr64,int,bool,bool)
3250	?getMaterialParameters@ParticleBuffer@MOXIE@@AEAAXPEAVMaterial@2@@Z	private: void __cdecl MOXIE::ParticleBuffer::getMaterialParameters(class MOXIE::Material * __ptr64) __ptr64
3251	?getMaterials@@YAHPEAXPEADHPEAPEAXHPEAUMaterialDefinition@@@Z	int __cdecl getMaterials(void * __ptr64,char * __ptr64,int,void * __ptr64 * __ptr64,int,struct MaterialDefinition * __ptr64)
3252	?getMaterials@ModelResource@MOXIE@@QEBAPEBVMaterial@2@XZ	public: class MOXIE::Material const * __ptr64 __cdecl MOXIE::ModelResource::getMaterials(void)const __ptr64
3253	?getMaterials@ModelResource@MOXIE@@QEBAXAEAV?$TArray@VMaterial@MOXIE@@@2@@Z	public: void __cdecl MOXIE::ModelResource::getMaterials(class MOXIE::TArray<class MOXIE::Material> & __ptr64)const __ptr64
3254	?getMatrix@Quaternion@MOXIE@@QEBAXAEAVMatrix4@2@@Z	public: void __cdecl MOXIE::Quaternion::getMatrix(class MOXIE::Matrix4 & __ptr64)const __ptr64
3255	?getMatrix@Transform@MOXIE@@QEBA?AVMatrix4@2@XZ	public: class MOXIE::Matrix4 __cdecl MOXIE::Transform::getMatrix(void)const __ptr64
3256	?getMax@AABBox@MOXIE@@QEBA?AVVector3@2@XZ	public: class MOXIE::Vector3 __cdecl MOXIE::AABBox::getMax(void)const __ptr64
3257	?getMaxBlockSize@MemoryTracker@@QEBAIXZ	public: unsigned int __cdecl MemoryTracker::getMaxBlockSize(void)const __ptr64
3258	?getMaxCharHeight@FontMap@MOXIE@@QEBAIXZ	public: unsigned int __cdecl MOXIE::FontMap::getMaxCharHeight(void)const __ptr64
3259	?getMaxCharWidth@FontMap@MOXIE@@QEBAIXZ	public: unsigned int __cdecl MOXIE::FontMap::getMaxCharWidth(void)const __ptr64
3260	?getMaxHeight@ParticleMap@MOXIE@@QEAAMXZ	public: float __cdecl MOXIE::ParticleMap::getMaxHeight(void) __ptr64
3261	?getMesh@@YAHPEAXPEAPEAUMoxieEditorMesh@@H@Z	int __cdecl getMesh(void * __ptr64,struct MoxieEditorMesh * __ptr64 * __ptr64,int)
3262	?getMesh@DepthResource@MOXIE@@QEBAPEBVVertexData@2@XZ	public: class MOXIE::VertexData const * __ptr64 __cdecl MOXIE::DepthResource::getMesh(void)const __ptr64
3263	?getMesh@ModelResource@MOXIE@@QEBAAEBVMesh@12@I@Z	public: class MOXIE::ModelResource::Mesh const & __ptr64 __cdecl MOXIE::ModelResource::getMesh(unsigned int)const __ptr64
3264	?getMeshRenderEnable@EnableManager@MOXIE@@QEAA_NXZ	public: bool __cdecl MOXIE::EnableManager::getMeshRenderEnable(void) __ptr64
3265	?getMicroseconds@GlobalTime@MOXIE@@QEAA_KI@Z	public: unsigned __int64 __cdecl MOXIE::GlobalTime::getMicroseconds(unsigned int) __ptr64
3266	?getMicroseconds@Time@MOXIE@@QEAA_KXZ	public: unsigned __int64 __cdecl MOXIE::Time::getMicroseconds(void) __ptr64
3267	?getMilliseconds@GlobalTime@MOXIE@@QEAAMI@Z	public: float __cdecl MOXIE::GlobalTime::getMilliseconds(unsigned int) __ptr64
3268	?getMilliseconds@Time@MOXIE@@QEAAMXZ	public: float __cdecl MOXIE::Time::getMilliseconds(void) __ptr64
3269	?getMin@AABBox@MOXIE@@QEBA?AVVector3@2@XZ	public: class MOXIE::Vector3 __cdecl MOXIE::AABBox::getMin(void)const __ptr64
3270	?getMinOutputBufferSize@OggVorbisDecoder@MOXIE@@UEBAIXZ	public: virtual unsigned int __cdecl MOXIE::OggVorbisDecoder::getMinOutputBufferSize(void)const __ptr64
3271	?getMinOutputBufferSize@PcmDecoder@MOXIE@@UEBAIXZ	public: virtual unsigned int __cdecl MOXIE::PcmDecoder::getMinOutputBufferSize(void)const __ptr64
3272	?getMinOutputBufferSize@StreamDataSource@MOXIE@@UEBAIXZ	public: virtual unsigned int __cdecl MOXIE::StreamDataSource::getMinOutputBufferSize(void)const __ptr64
3273	?getMip@VideoCubeTile@MOXIE@@QEBAIXZ	public: unsigned int __cdecl MOXIE::VideoCubeTile::getMip(void)const __ptr64
3274	?getMipCount@Surface@MOXIE@@QEBAIXZ	public: unsigned int __cdecl MOXIE::Surface::getMipCount(void)const __ptr64
3275	?getMipCount@VideoCube@MOXIE@@QEBAIXZ	public: unsigned int __cdecl MOXIE::VideoCube::getMipCount(void)const __ptr64
3276	?getModel@SGModelInstance@MOXIE@@QEAAAEBVResourceHandle@2@XZ	public: class MOXIE::ResourceHandle const & __ptr64 __cdecl MOXIE::SGModelInstance::getModel(void) __ptr64
3277	?getModelMatrices@SGModelInstance@MOXIE@@QEBAPEBVMatrix4@2@XZ	public: class MOXIE::Matrix4 const * __ptr64 __cdecl MOXIE::SGModelInstance::getModelMatrices(void)const __ptr64
3278	?getModelMatrix@SGModelInstance@MOXIE@@QEAAAEAVMatrix4@2@I@Z	public: class MOXIE::Matrix4 & __ptr64 __cdecl MOXIE::SGModelInstance::getModelMatrix(unsigned int) __ptr64
3279	?getModelMatrix@SGModelInstance@MOXIE@@QEBAAEBVMatrix4@2@I@Z	public: class MOXIE::Matrix4 const & __ptr64 __cdecl MOXIE::SGModelInstance::getModelMatrix(unsigned int)const __ptr64
3280	?getModelTransform@@YAXPEAXPEAM@Z	void __cdecl getModelTransform(void * __ptr64,float * __ptr64)
3281	?getModifiedTime@InternalFileSystem@MOXIE@@UEAA_NPEBDAEA_J@Z	public: virtual bool __cdecl MOXIE::InternalFileSystem::getModifiedTime(char const * __ptr64,__int64 & __ptr64) __ptr64
3282	?getModifiedTime@LocalFileSystem@MOXIE@@UEAA_NPEBDAEA_J@Z	public: virtual bool __cdecl MOXIE::LocalFileSystem::getModifiedTime(char const * __ptr64,__int64 & __ptr64) __ptr64
3283	?getModifiedTime@NestedFileSystem@MOXIE@@UEAA_NPEBDAEA_J@Z	public: virtual bool __cdecl MOXIE::NestedFileSystem::getModifiedTime(char const * __ptr64,__int64 & __ptr64) __ptr64
3284	?getModifiedTime@NetworkFileSystem@MOXIE@@UEAA_NPEBDAEA_J@Z	public: virtual bool __cdecl MOXIE::NetworkFileSystem::getModifiedTime(char const * __ptr64,__int64 & __ptr64) __ptr64
3285	?getModifiedTime@PackageFileSystem@MOXIE@@UEAA_NPEBDAEA_J@Z	public: virtual bool __cdecl MOXIE::PackageFileSystem::getModifiedTime(char const * __ptr64,__int64 & __ptr64) __ptr64
3286	?getMouseButton@InputManager@MOXIE@@QEAA_NW4EMouseButton@2@@Z	public: bool __cdecl MOXIE::InputManager::getMouseButton(enum MOXIE::EMouseButton) __ptr64
3287	?getMouseButtonDoubleClick@InputManager@MOXIE@@QEAA_NW4EMouseButton@2@@Z	public: bool __cdecl MOXIE::InputManager::getMouseButtonDoubleClick(enum MOXIE::EMouseButton) __ptr64
3288	?getMouseButtonDown@InputManager@MOXIE@@QEAA_NW4EMouseButton@2@@Z	public: bool __cdecl MOXIE::InputManager::getMouseButtonDown(enum MOXIE::EMouseButton) __ptr64
3289	?getMouseButtonMask@InputManager@MOXIE@@QEAAIXZ	public: unsigned int __cdecl MOXIE::InputManager::getMouseButtonMask(void) __ptr64
3290	?getMouseButtonUp@InputManager@MOXIE@@QEAA_NW4EMouseButton@2@@Z	public: bool __cdecl MOXIE::InputManager::getMouseButtonUp(enum MOXIE::EMouseButton) __ptr64
3291	?getMouseDelta@InputManager@MOXIE@@QEAAAEBVVector2@2@XZ	public: class MOXIE::Vector2 const & __ptr64 __cdecl MOXIE::InputManager::getMouseDelta(void) __ptr64
3292	?getMouseMove@InputManager@MOXIE@@QEAA_NXZ	public: bool __cdecl MOXIE::InputManager::getMouseMove(void) __ptr64
3293	?getMousePosition@InputManager@MOXIE@@QEAAAEBVVector2@2@XZ	public: class MOXIE::Vector2 const & __ptr64 __cdecl MOXIE::InputManager::getMousePosition(void) __ptr64
3294	?getMouseWheelDelta@InputManager@MOXIE@@QEAAHXZ	public: int __cdecl MOXIE::InputManager::getMouseWheelDelta(void) __ptr64
3295	?getMultibyteValue@BitStream@MOXIE@@AEAAIPEBEI@Z	private: unsigned int __cdecl MOXIE::BitStream::getMultibyteValue(unsigned char const * __ptr64,unsigned int) __ptr64
3296	?getMute@AudioPlayerMaux@MOXIE@@UEAA_NXZ	public: virtual bool __cdecl MOXIE::AudioPlayerMaux::getMute(void) __ptr64
3297	?getMute@Sound@MOXIE@@QEAA_NXZ	public: bool __cdecl MOXIE::Sound::getMute(void) __ptr64
3298	?getMuted@AudPlayer@MOXIE@@QEBA_NXZ	public: bool __cdecl MOXIE::AudPlayer::getMuted(void)const __ptr64
3299	?getMutex@Condition@MOXIE@@QEAAPEAVMutex@2@XZ	public: class MOXIE::Mutex * __ptr64 __cdecl MOXIE::Condition::getMutex(void) __ptr64
3300	?getName@FBImageResource@MOXIE@@QEBAPEBDXZ	public: char const * __ptr64 __cdecl MOXIE::FBImageResource::getName(void)const __ptr64
3301	?getName@FlipbookInstance@MOXIE@@QEBAPEBDXZ	public: char const * __ptr64 __cdecl MOXIE::FlipbookInstance::getName(void)const __ptr64
3302	?getName@GUITheme@MOXIE@@QEAAPEBDXZ	public: char const * __ptr64 __cdecl MOXIE::GUITheme::getName(void) __ptr64
3303	?getName@LuaParameter@MOXIE@@QEBAAEBVString@2@XZ	public: class MOXIE::String const & __ptr64 __cdecl MOXIE::LuaParameter::getName(void)const __ptr64
3304	?getName@LuaTable@MOXIE@@QEBAAEBVString@2@XZ	public: class MOXIE::String const & __ptr64 __cdecl MOXIE::LuaTable::getName(void)const __ptr64
3305	?getName@Material@MOXIE@@QEBAAEBVString@2@XZ	public: class MOXIE::String const & __ptr64 __cdecl MOXIE::Material::getName(void)const __ptr64
3306	?getName@ParameterData@MOXIE@@QEBAAEBVString@2@XZ	public: class MOXIE::String const & __ptr64 __cdecl MOXIE::ParameterData::getName(void)const __ptr64
3307	?getName@RenderView@MOXIE@@QEBAAEBVString@2@XZ	public: class MOXIE::String const & __ptr64 __cdecl MOXIE::RenderView::getName(void)const __ptr64
3308	?getName@SGNode@MOXIE@@QEBAAEBVString@2@XZ	public: class MOXIE::String const & __ptr64 __cdecl MOXIE::SGNode::getName(void)const __ptr64
3309	?getName@ShaderParameter@MOXIE@@QEBAAEBVString@2@XZ	public: class MOXIE::String const & __ptr64 __cdecl MOXIE::ShaderParameter::getName(void)const __ptr64
3310	?getName@Sound@MOXIE@@QEAA?AVString@2@XZ	public: class MOXIE::String __cdecl MOXIE::Sound::getName(void) __ptr64
3311	?getName@Stat@@QEBAPEBDXZ	public: char const * __ptr64 __cdecl Stat::getName(void)const __ptr64
3312	?getName@StoryFSM@MOXIE@@QEBAAEBVString@2@XZ	public: class MOXIE::String const & __ptr64 __cdecl MOXIE::StoryFSM::getName(void)const __ptr64
3313	?getName@Surface@MOXIE@@QEBAAEBVString@2@XZ	public: class MOXIE::String const & __ptr64 __cdecl MOXIE::Surface::getName(void)const __ptr64
3314	?getName@Thread@MOXIE@@QEBAAEBVString@2@XZ	public: class MOXIE::String const & __ptr64 __cdecl MOXIE::Thread::getName(void)const __ptr64
3315	?getNameHash@ParameterData@MOXIE@@QEBAIXZ	public: unsigned int __cdecl MOXIE::ParameterData::getNameHash(void)const __ptr64
3316	?getNativeFilePtr@LocalFileSystem@MOXIE@@UEAAPEAU_iobuf@@_K@Z	public: virtual struct _iobuf * __ptr64 __cdecl MOXIE::LocalFileSystem::getNativeFilePtr(unsigned __int64) __ptr64
3317	?getNativeFilePtr@PackageFileSystem@MOXIE@@UEAAPEAU_iobuf@@_K@Z	public: virtual struct _iobuf * __ptr64 __cdecl MOXIE::PackageFileSystem::getNativeFilePtr(unsigned __int64) __ptr64
3318	?getNewPcmSource@AudResource@MOXIE@@QEAAPEAVAudioDataSource@2@I@Z	public: class MOXIE::AudioDataSource * __ptr64 __cdecl MOXIE::AudResource::getNewPcmSource(unsigned int) __ptr64
3319	?getNewPlayerGroup@AudioSystem@MOXIE@@QEAA?AW4MauxStatus@2@PEAI@Z	public: enum MOXIE::MauxStatus __cdecl MOXIE::AudioSystem::getNewPlayerGroup(unsigned int * __ptr64) __ptr64
3320	?getNextFrame@LApiFlipbookDriver@duet@@CAHPEAUlua_State@@@Z	private: static int __cdecl duet::LApiFlipbookDriver::getNextFrame(struct lua_State * __ptr64)
3321	?getNextQuantizationTriggerOffset@AudPlayer@MOXIE@@CAHPEBV12@M0@Z	private: static int __cdecl MOXIE::AudPlayer::getNextQuantizationTriggerOffset(class MOXIE::AudPlayer const * __ptr64,float,class MOXIE::AudPlayer const * __ptr64)
3322	?getNodeByName@@YAXPEADPEAPEAX@Z	void __cdecl getNodeByName(char * __ptr64,void * __ptr64 * __ptr64)
3323	?getNodeName@@YAXPEAXPEADH@Z	void __cdecl getNodeName(void * __ptr64,char * __ptr64,int)
3324	?getNodeType@@YAXPEAXPEADH@Z	void __cdecl getNodeType(void * __ptr64,char * __ptr64,int)
3325	?getNormalized@Vector3@MOXIE@@QEAA?AV12@XZ	public: class MOXIE::Vector3 __cdecl MOXIE::Vector3::getNormalized(void) __ptr64
3326	?getNumAnimations@Animator@MOXIE@@QEBAIXZ	public: unsigned int __cdecl MOXIE::Animator::getNumAnimations(void)const __ptr64
3327	?getNumAnimations@FlipbookAnimator@MOXIE@@QEBAIXZ	public: unsigned int __cdecl MOXIE::FlipbookAnimator::getNumAnimations(void)const __ptr64
3328	?getNumAnimationsPlaying@Animator@MOXIE@@QEBAIXZ	public: unsigned int __cdecl MOXIE::Animator::getNumAnimationsPlaying(void)const __ptr64
3329	?getNumAnimationsPlaying@FlipbookAnimator@MOXIE@@QEBAIXZ	public: unsigned int __cdecl MOXIE::FlipbookAnimator::getNumAnimationsPlaying(void)const __ptr64
3330	?getNumBindTransforms@ModelResource@MOXIE@@QEBAIXZ	public: unsigned int __cdecl MOXIE::ModelResource::getNumBindTransforms(void)const __ptr64
3331	?getNumBoneGroups@ModelResource@MOXIE@@QEBAGXZ	public: unsigned short __cdecl MOXIE::ModelResource::getNumBoneGroups(void)const __ptr64
3332	?getNumChannels@AudioPlayerMaux@MOXIE@@UEAAIXZ	public: virtual unsigned int __cdecl MOXIE::AudioPlayerMaux::getNumChannels(void) __ptr64
3333	?getNumChannels@Sound@MOXIE@@QEAAIXZ	public: unsigned int __cdecl MOXIE::Sound::getNumChannels(void) __ptr64
3334	?getNumChildren@@YAHPEAX@Z	int __cdecl getNumChildren(void * __ptr64)
3335	?getNumColumns@CSV@@QEAAIXZ	public: unsigned int __cdecl CSV::getNumColumns(void) __ptr64
3336	?getNumFrames@AnimResource@MOXIE@@QEBAIXZ	public: unsigned int __cdecl MOXIE::AnimResource::getNumFrames(void)const __ptr64
3337	?getNumGlyphs@FontMap@MOXIE@@QEBAIXZ	public: unsigned int __cdecl MOXIE::FontMap::getNumGlyphs(void)const __ptr64
3338	?getNumLocalMatrices@SGModelInstance@MOXIE@@QEBAIXZ	public: unsigned int __cdecl MOXIE::SGModelInstance::getNumLocalMatrices(void)const __ptr64
3339	?getNumLocalTransforms@ModelResource@MOXIE@@QEBAIXZ	public: unsigned int __cdecl MOXIE::ModelResource::getNumLocalTransforms(void)const __ptr64
3340	?getNumMaterials@ModelResource@MOXIE@@QEBAIXZ	public: unsigned int __cdecl MOXIE::ModelResource::getNumMaterials(void)const __ptr64
3341	?getNumMaterials@SGModelInstance@MOXIE@@QEBAIXZ	public: unsigned int __cdecl MOXIE::SGModelInstance::getNumMaterials(void)const __ptr64
3342	?getNumMeshes@ModelResource@MOXIE@@QEBAGXZ	public: unsigned short __cdecl MOXIE::ModelResource::getNumMeshes(void)const __ptr64
3343	?getNumModelMatrices@SGModelInstance@MOXIE@@QEBAIXZ	public: unsigned int __cdecl MOXIE::SGModelInstance::getNumModelMatrices(void)const __ptr64
3344	?getNumParentIndices@ModelResource@MOXIE@@QEBAIXZ	public: unsigned int __cdecl MOXIE::ModelResource::getNumParentIndices(void)const __ptr64
3345	?getNumResources@ResourceGroup@MOXIE@@QEAAIXZ	public: unsigned int __cdecl MOXIE::ResourceGroup::getNumResources(void) __ptr64
3346	?getNumRows@CSV@@QEAAII@Z	public: unsigned int __cdecl CSV::getNumRows(unsigned int) __ptr64
3347	?getNumStats@StatTracker@@QEBAIXZ	public: unsigned int __cdecl StatTracker::getNumStats(void)const __ptr64
3348	?getNumTracks@AnimResource@MOXIE@@QEBAIXZ	public: unsigned int __cdecl MOXIE::AnimResource::getNumTracks(void)const __ptr64
3349	?getNumericValue@ShaderParser@MOXIE@@CAHAEBVString@2@H@Z	private: static int __cdecl MOXIE::ShaderParser::getNumericValue(class MOXIE::String const & __ptr64,int)
3350	?getOffset@ZipEntry@MOXIE@@QEBA_KXZ	public: unsigned __int64 __cdecl MOXIE::ZipEntry::getOffset(void)const __ptr64
3351	?getOffsetX@VideoCubeTile@MOXIE@@QEBAIXZ	public: unsigned int __cdecl MOXIE::VideoCubeTile::getOffsetX(void)const __ptr64
3352	?getOffsetY@VideoCubeTile@MOXIE@@QEBAIXZ	public: unsigned int __cdecl MOXIE::VideoCubeTile::getOffsetY(void)const __ptr64
3353	?getOne@Vector2@MOXIE@@SAAEBV12@XZ	public: static class MOXIE::Vector2 const & __ptr64 __cdecl MOXIE::Vector2::getOne(void)
3354	?getOne@Vector3@MOXIE@@SAAEBV12@XZ	public: static class MOXIE::Vector3 const & __ptr64 __cdecl MOXIE::Vector3::getOne(void)
3355	?getOne@Vector4@MOXIE@@SAAEBV12@XZ	public: static class MOXIE::Vector4 const & __ptr64 __cdecl MOXIE::Vector4::getOne(void)
3356	?getOptimalOutputBufferSize@OggVorbisDecoder@MOXIE@@UEBAIXZ	public: virtual unsigned int __cdecl MOXIE::OggVorbisDecoder::getOptimalOutputBufferSize(void)const __ptr64
3357	?getOptimalOutputBufferSize@PcmDecoder@MOXIE@@UEBAIXZ	public: virtual unsigned int __cdecl MOXIE::PcmDecoder::getOptimalOutputBufferSize(void)const __ptr64
3358	?getOptimalOutputBufferSize@StreamDataSource@MOXIE@@UEBAIXZ	public: virtual unsigned int __cdecl MOXIE::StreamDataSource::getOptimalOutputBufferSize(void)const __ptr64
3359	?getOption@CommandLine@MOXIE@@IEAAPEBUoption_t@12@PEBDH@Z	protected: struct MOXIE::CommandLine::option_t const * __ptr64 __cdecl MOXIE::CommandLine::getOption(char const * __ptr64,int) __ptr64
3360	?getOption@ShaderOptionTable@MOXIE@@QEAAPEAVShaderOption@2@I@Z	public: class MOXIE::ShaderOption * __ptr64 __cdecl MOXIE::ShaderOptionTable::getOption(unsigned int) __ptr64
3361	?getOption@ShaderOptionTable@MOXIE@@QEAAPEAVShaderOption@2@PEBD@Z	public: class MOXIE::ShaderOption * __ptr64 __cdecl MOXIE::ShaderOptionTable::getOption(char const * __ptr64) __ptr64
3362	?getOptionCnt@CommandLine@MOXIE@@QEAAHPEBD@Z	public: int __cdecl MOXIE::CommandLine::getOptionCnt(char const * __ptr64) __ptr64
3363	?getOptionCount@MaterialBaking@MOXIE@@YAHAEBVString@2@0@Z	int __cdecl MOXIE::MaterialBaking::getOptionCount(class MOXIE::String const & __ptr64,class MOXIE::String const & __ptr64)
3364	?getOptionData@MaterialBaking@MOXIE@@YAXAEBVString@2@0HAEAV32@AEAH12@Z	void __cdecl MOXIE::MaterialBaking::getOptionData(class MOXIE::String const & __ptr64,class MOXIE::String const & __ptr64,int,class MOXIE::String & __ptr64,int & __ptr64,class MOXIE::String & __ptr64,int & __ptr64)
3365	?getOptionEnum@MaterialBaking@MOXIE@@YAHHPEAVString@2@@Z	int __cdecl MOXIE::MaterialBaking::getOptionEnum(int,class MOXIE::String * __ptr64)
3366	?getOutputHeight@Application@MOXIE@@QEBAIXZ	public: unsigned int __cdecl MOXIE::Application::getOutputHeight(void)const __ptr64
3367	?getOutputMeshData@gsaDecoder@MOXIE@@QEAA_NPEAUgsaMeshOutput@2@@Z	public: bool __cdecl MOXIE::gsaDecoder::getOutputMeshData(struct MOXIE::gsaMeshOutput * __ptr64) __ptr64
3368	?getOutputWidth@Application@MOXIE@@QEBAIXZ	public: unsigned int __cdecl MOXIE::Application::getOutputWidth(void)const __ptr64
3369	?getOverheadBytes@MemoryTracker@@QEBAIXZ	public: unsigned int __cdecl MemoryTracker::getOverheadBytes(void)const __ptr64
3370	?getOverrideFlag@Material@MOXIE@@QEBAIXZ	public: unsigned int __cdecl MOXIE::Material::getOverrideFlag(void)const __ptr64
3371	?getOverrideFlag@MaterialPass@MOXIE@@QEAAIXZ	public: unsigned int __cdecl MOXIE::MaterialPass::getOverrideFlag(void) __ptr64
3372	?getOwner@SGComponent@MOXIE@@QEAAPEAVSGNode@2@XZ	public: class MOXIE::SGNode * __ptr64 __cdecl MOXIE::SGComponent::getOwner(void) __ptr64
3373	?getPackage@LApplication@MOXIE@@QEBAAEBVString@2@XZ	public: class MOXIE::String const & __ptr64 __cdecl MOXIE::LApplication::getPackage(void)const __ptr64
3374	?getPackagesPath@MaterialBaking@MOXIE@@YAXAEAVString@2@@Z	void __cdecl MOXIE::MaterialBaking::getPackagesPath(class MOXIE::String & __ptr64)
3375	?getPaddedImageSize@Surface@MOXIE@@AEAAXAEBUImageDesc@2@AEAI1111@Z	private: void __cdecl MOXIE::Surface::getPaddedImageSize(struct MOXIE::ImageDesc const & __ptr64,unsigned int & __ptr64,unsigned int & __ptr64,unsigned int & __ptr64,unsigned int & __ptr64,unsigned int & __ptr64) __ptr64
3376	?getPanBalance@AudioPlayerMaux@MOXIE@@UEAAMXZ	public: virtual float __cdecl MOXIE::AudioPlayerMaux::getPanBalance(void) __ptr64
3377	?getPanBalance@Sound@MOXIE@@QEAAMXZ	public: float __cdecl MOXIE::Sound::getPanBalance(void) __ptr64
3378	?getPanDelta@AudPlayer@MOXIE@@QEBAMXZ	public: float __cdecl MOXIE::AudPlayer::getPanDelta(void)const __ptr64
3379	?getPanPosition@AudPlayer@MOXIE@@QEBAMXZ	public: float __cdecl MOXIE::AudPlayer::getPanPosition(void)const __ptr64
3380	?getParameter@LuaTable@MOXIE@@QEAAPEAVLuaParameter@2@AEBVString@2@@Z	public: class MOXIE::LuaParameter * __ptr64 __cdecl MOXIE::LuaTable::getParameter(class MOXIE::String const & __ptr64) __ptr64
3381	?getParameter@LuaTable@MOXIE@@QEAAPEAVLuaParameter@2@H@Z	public: class MOXIE::LuaParameter * __ptr64 __cdecl MOXIE::LuaTable::getParameter(int) __ptr64
3382	?getParameter@LuaTable@MOXIE@@QEBAPEBVLuaParameter@2@AEBVString@2@@Z	public: class MOXIE::LuaParameter const * __ptr64 __cdecl MOXIE::LuaTable::getParameter(class MOXIE::String const & __ptr64)const __ptr64
3383	?getParameter@LuaTable@MOXIE@@QEBAPEBVLuaParameter@2@H@Z	public: class MOXIE::LuaParameter const * __ptr64 __cdecl MOXIE::LuaTable::getParameter(int)const __ptr64
3384	?getParameter@Material@MOXIE@@QEAAPEAVMaterialParameter@2@I@Z	public: class MOXIE::MaterialParameter * __ptr64 __cdecl MOXIE::Material::getParameter(unsigned int) __ptr64
3385	?getParameter@MaterialPass@MOXIE@@QEAAPEAVMaterialParameter@2@I@Z	public: class MOXIE::MaterialParameter * __ptr64 __cdecl MOXIE::MaterialPass::getParameter(unsigned int) __ptr64
3386	?getParameter@MaterialPass@MOXIE@@QEAAPEAVMaterialParameter@2@PEBD@Z	public: class MOXIE::MaterialParameter * __ptr64 __cdecl MOXIE::MaterialPass::getParameter(char const * __ptr64) __ptr64
3387	?getParameter@ShaderParamList@MOXIE@@QEAAPEAVShaderParameter@2@I@Z	public: class MOXIE::ShaderParameter * __ptr64 __cdecl MOXIE::ShaderParamList::getParameter(unsigned int) __ptr64
3388	?getParameter@ShaderParamList@MOXIE@@QEBAHAEBVString@2@@Z	public: int __cdecl MOXIE::ShaderParamList::getParameter(class MOXIE::String const & __ptr64)const __ptr64
3389	?getParameter@ShaderParamList@MOXIE@@QEBAPEBVShaderParameter@2@I@Z	public: class MOXIE::ShaderParameter const * __ptr64 __cdecl MOXIE::ShaderParamList::getParameter(unsigned int)const __ptr64
3390	?getParameterArrayCount@LuaTable@MOXIE@@QEBAHAEBVString@2@@Z	public: int __cdecl MOXIE::LuaTable::getParameterArrayCount(class MOXIE::String const & __ptr64)const __ptr64
3391	?getParameterArrayCount@LuaTable@MOXIE@@QEBAHPEBVLuaParameter@2@@Z	public: int __cdecl MOXIE::LuaTable::getParameterArrayCount(class MOXIE::LuaParameter const * __ptr64)const __ptr64
3392	?getParameterArrayCount@ShaderGL_ES2@MOXIE@@UEAAII@Z	public: virtual unsigned int __cdecl MOXIE::ShaderGL_ES2::getParameterArrayCount(unsigned int) __ptr64
3393	?getParameterByIndex@MaterialPass@MOXIE@@QEAAPEAVMaterialParameter@2@I@Z	public: class MOXIE::MaterialParameter * __ptr64 __cdecl MOXIE::MaterialPass::getParameterByIndex(unsigned int) __ptr64
3394	?getParameterCount@LuaTable@MOXIE@@QEBAHXZ	public: int __cdecl MOXIE::LuaTable::getParameterCount(void)const __ptr64
3395	?getParameterCount@MaterialBaking@MOXIE@@YAIAEBVString@2@0PEAVMaterial@2@@Z	unsigned int __cdecl MOXIE::MaterialBaking::getParameterCount(class MOXIE::String const & __ptr64,class MOXIE::String const & __ptr64,class MOXIE::Material * __ptr64)
3396	?getParameterCount@MaterialPass@MOXIE@@QEBAIXZ	public: unsigned int __cdecl MOXIE::MaterialPass::getParameterCount(void)const __ptr64
3397	?getParameterCount@ShaderParamList@MOXIE@@QEBAHXZ	public: int __cdecl MOXIE::ShaderParamList::getParameterCount(void)const __ptr64
3398	?getParameterData@MaterialBaking@MOXIE@@YAXIAEAUUI_Parameter_Data@12@PEAVMaterial@2@@Z	void __cdecl MOXIE::MaterialBaking::getParameterData(unsigned int,struct MOXIE::MaterialBaking::UI_Parameter_Data & __ptr64,class MOXIE::Material * __ptr64)
3399	?getParameterData@ShaderGL_ES2@MOXIE@@QEAAPEAVParameterData@2@I@Z	public: class MOXIE::ParameterData * __ptr64 __cdecl MOXIE::ShaderGL_ES2::getParameterData(unsigned int) __ptr64
3400	?getParameterEnum@MaterialBaking@MOXIE@@YAHAEBVString@2@0HPEAV32@@Z	int __cdecl MOXIE::MaterialBaking::getParameterEnum(class MOXIE::String const & __ptr64,class MOXIE::String const & __ptr64,int,class MOXIE::String * __ptr64)
3401	?getParameterIndex@LuaTable@MOXIE@@QEBAHAEBVString@2@@Z	public: int __cdecl MOXIE::LuaTable::getParameterIndex(class MOXIE::String const & __ptr64)const __ptr64
3402	?getParameterIndex@MaterialPass@MOXIE@@QEBAHI@Z	public: int __cdecl MOXIE::MaterialPass::getParameterIndex(unsigned int)const __ptr64
3403	?getParameterIndex@MaterialPass@MOXIE@@QEBAHPEBD@Z	public: int __cdecl MOXIE::MaterialPass::getParameterIndex(char const * __ptr64)const __ptr64
3404	?getParameterSize@ShaderGL_ES2@MOXIE@@UEAAII@Z	public: virtual unsigned int __cdecl MOXIE::ShaderGL_ES2::getParameterSize(unsigned int) __ptr64
3405	?getParent@@YAXPEAXPEAPEAX@Z	void __cdecl getParent(void * __ptr64,void * __ptr64 * __ptr64)
3406	?getParent@SGNode@MOXIE@@QEAAPEAV12@XZ	public: class MOXIE::SGNode * __ptr64 __cdecl MOXIE::SGNode::getParent(void) __ptr64
3407	?getParent@SGNode@MOXIE@@QEBAPEBV12@XZ	public: class MOXIE::SGNode const * __ptr64 __cdecl MOXIE::SGNode::getParent(void)const __ptr64
3408	?getParentIndices@ModelResource@MOXIE@@QEBAPEBFXZ	public: short const * __ptr64 __cdecl MOXIE::ModelResource::getParentIndices(void)const __ptr64
3409	?getParentIndices@SGModelInstance@MOXIE@@QEAAPEBFXZ	public: short const * __ptr64 __cdecl MOXIE::SGModelInstance::getParentIndices(void) __ptr64
3410	?getParticleSystemMaterialDefinitionFile@@YAXPEAXPEADH@Z	void __cdecl getParticleSystemMaterialDefinitionFile(void * __ptr64,char * __ptr64,int)
3411	?getParticles@SGParticleEmitter@MOXIE@@QEBAAEBV?$TArray@UParticle@MOXIE@@@2@XZ	public: class MOXIE::TArray<struct MOXIE::Particle> const & __ptr64 __cdecl MOXIE::SGParticleEmitter::getParticles(void)const __ptr64
3412	?getParticlesEnable@EnableManager@MOXIE@@QEAA_NXZ	public: bool __cdecl MOXIE::EnableManager::getParticlesEnable(void) __ptr64
3413	?getPass@Material@MOXIE@@QEAAPEAVMaterialPass@2@I@Z	public: class MOXIE::MaterialPass * __ptr64 __cdecl MOXIE::Material::getPass(unsigned int) __ptr64
3414	?getPass@Material@MOXIE@@QEBAPEBVMaterialPass@2@I@Z	public: class MOXIE::MaterialPass const * __ptr64 __cdecl MOXIE::Material::getPass(unsigned int)const __ptr64
3415	?getPassCount@Material@MOXIE@@QEBAIXZ	public: unsigned int __cdecl MOXIE::Material::getPassCount(void)const __ptr64
3416	?getPassId@RenderView@MOXIE@@QEAAIXZ	public: unsigned int __cdecl MOXIE::RenderView::getPassId(void) __ptr64
3417	?getPath@Uri@MOXIE@@QEBAPEBDXZ	public: char const * __ptr64 __cdecl MOXIE::Uri::getPath(void)const __ptr64
3418	?getPeakBlocksAllocated@MemoryTracker@@QEBAIXZ	public: unsigned int __cdecl MemoryTracker::getPeakBlocksAllocated(void)const __ptr64
3419	?getPeakBytesAllocated@MemoryTracker@@QEBAIXZ	public: unsigned int __cdecl MemoryTracker::getPeakBytesAllocated(void)const __ptr64
3420	?getPendingResourceCount@ResourceManager@MOXIE@@QEBAIXZ	public: unsigned int __cdecl MOXIE::ResourceManager::getPendingResourceCount(void)const __ptr64
3421	?getPendingResources@ResourceGroup@MOXIE@@QEAAIAEAV?$TArray@VResourceHandle@MOXIE@@@2@@Z	public: unsigned int __cdecl MOXIE::ResourceGroup::getPendingResources(class MOXIE::TArray<class MOXIE::ResourceHandle> & __ptr64) __ptr64
3422	?getPendingResources@ResourceManager@MOXIE@@QEAAIIAEAV?$TArray@VResourceHandle@MOXIE@@@2@@Z	public: unsigned int __cdecl MOXIE::ResourceManager::getPendingResources(unsigned int,class MOXIE::TArray<class MOXIE::ResourceHandle> & __ptr64) __ptr64
3423	?getPersistFilename@LApplication@MOXIE@@IEBA?AVString@2@XZ	protected: class MOXIE::String __cdecl MOXIE::LApplication::getPersistFilename(void)const __ptr64
3424	?getPitchAngle@Quaternion@MOXIE@@QEBAMXZ	public: float __cdecl MOXIE::Quaternion::getPitchAngle(void)const __ptr64
3425	?getPixel@Bitmap@MOXIE@@QEBA?AVColor@2@II@Z	public: class MOXIE::Color __cdecl MOXIE::Bitmap::getPixel(unsigned int,unsigned int)const __ptr64
3426	?getPixelFormat@Surface@MOXIE@@QEBA?AW4EPixelFormat@2@XZ	public: enum MOXIE::EPixelFormat __cdecl MOXIE::Surface::getPixelFormat(void)const __ptr64
3427	?getPlatformInfo@Engine@MOXIE@@QEAAPEAUPlatformInfo@2@XZ	public: struct MOXIE::PlatformInfo * __ptr64 __cdecl MOXIE::Engine::getPlatformInfo(void) __ptr64
3428	?getPlatformInfo@Engine@MOXIE@@QEBAPEBUPlatformInfo@2@XZ	public: struct MOXIE::PlatformInfo const * __ptr64 __cdecl MOXIE::Engine::getPlatformInfo(void)const __ptr64
3429	?getPlayPosition@AudPlayer@MOXIE@@QEBAIXZ	public: unsigned int __cdecl MOXIE::AudPlayer::getPlayPosition(void)const __ptr64
3430	?getPlayState@AudPlayer@MOXIE@@QEBA?AW4MauxPlayState@2@XZ	public: enum MOXIE::MauxPlayState __cdecl MOXIE::AudPlayer::getPlayState(void)const __ptr64
3431	?getPlayState@AudioPlayerMaux@MOXIE@@UEAA?AW4EPlayState@2@XZ	public: virtual enum MOXIE::EPlayState __cdecl MOXIE::AudioPlayerMaux::getPlayState(void) __ptr64
3432	?getPlayState@Sound@MOXIE@@QEAA?AW4EPlayState@2@XZ	public: enum MOXIE::EPlayState __cdecl MOXIE::Sound::getPlayState(void) __ptr64
3433	?getPlaybackTime@AudioPlayerMaux@MOXIE@@UEAA_KXZ	public: virtual unsigned __int64 __cdecl MOXIE::AudioPlayerMaux::getPlaybackTime(void) __ptr64
3434	?getPlaybackTime@Sound@MOXIE@@QEAA_KXZ	public: unsigned __int64 __cdecl MOXIE::Sound::getPlaybackTime(void) __ptr64
3435	?getPlayer@AudioEmitterMaux@MOXIE@@UEAAPEAVAudioPlayer@2@PEBD@Z	public: virtual class MOXIE::AudioPlayer * __ptr64 __cdecl MOXIE::AudioEmitterMaux::getPlayer(char const * __ptr64) __ptr64
3436	?getPlayer@AudioSystem@MOXIE@@QEAA?AW4MauxStatus@2@IIIPEAI@Z	public: enum MOXIE::MauxStatus __cdecl MOXIE::AudioSystem::getPlayer(unsigned int,unsigned int,unsigned int,unsigned int * __ptr64) __ptr64
3437	?getPlayer@AudioSystem@MOXIE@@QEAA?AW4MauxStatus@2@VString@2@IW4MauxLoadFlags@2@PEAI@Z	public: enum MOXIE::MauxStatus __cdecl MOXIE::AudioSystem::getPlayer(class MOXIE::String,unsigned int,enum MOXIE::MauxLoadFlags,unsigned int * __ptr64) __ptr64
3438	?getPlayerFrameLoopPoints@AudioSystem@MOXIE@@QEBA?AW4MauxStatus@2@IPEAI0@Z	public: enum MOXIE::MauxStatus __cdecl MOXIE::AudioSystem::getPlayerFrameLoopPoints(unsigned int,unsigned int * __ptr64,unsigned int * __ptr64)const __ptr64
3439	?getPlayerLooping@AudioSystem@MOXIE@@QEBA?AW4MauxStatus@2@IPEA_N@Z	public: enum MOXIE::MauxStatus __cdecl MOXIE::AudioSystem::getPlayerLooping(unsigned int,bool * __ptr64)const __ptr64
3440	?getPlayerMuted@AudioSystem@MOXIE@@QEBA?AW4MauxStatus@2@IPEA_N@Z	public: enum MOXIE::MauxStatus __cdecl MOXIE::AudioSystem::getPlayerMuted(unsigned int,bool * __ptr64)const __ptr64
3441	?getPlayerPanPosition@AudioSystem@MOXIE@@QEBA?AW4MauxStatus@2@IPEAM@Z	public: enum MOXIE::MauxStatus __cdecl MOXIE::AudioSystem::getPlayerPanPosition(unsigned int,float * __ptr64)const __ptr64
3442	?getPlayerRate@AudioSystem@MOXIE@@QEAA?AW4MauxStatus@2@IPEAM@Z	public: enum MOXIE::MauxStatus __cdecl MOXIE::AudioSystem::getPlayerRate(unsigned int,float * __ptr64) __ptr64
3443	?getPlayerSamplePosition@AudioSystem@MOXIE@@QEBA?AW4MauxStatus@2@IPEAI@Z	public: enum MOXIE::MauxStatus __cdecl MOXIE::AudioSystem::getPlayerSamplePosition(unsigned int,unsigned int * __ptr64)const __ptr64
3444	?getPlayerState@AudioSystem@MOXIE@@QEBA?AW4MauxStatus@2@IPEAW4MauxPlayState@2@@Z	public: enum MOXIE::MauxStatus __cdecl MOXIE::AudioSystem::getPlayerState(unsigned int,enum MOXIE::MauxPlayState * __ptr64)const __ptr64
3445	?getPlayerTag@AudioSystem@MOXIE@@QEBA?AVString@2@I@Z	public: class MOXIE::String __cdecl MOXIE::AudioSystem::getPlayerTag(unsigned int)const __ptr64
3446	?getPlayerTimeDuration@AudioSystem@MOXIE@@QEBA?AW4MauxStatus@2@IPEAM@Z	public: enum MOXIE::MauxStatus __cdecl MOXIE::AudioSystem::getPlayerTimeDuration(unsigned int,float * __ptr64)const __ptr64
3447	?getPlayerTimeLoopPoints@AudioSystem@MOXIE@@QEBA?AW4MauxStatus@2@IPEAM0@Z	public: enum MOXIE::MauxStatus __cdecl MOXIE::AudioSystem::getPlayerTimeLoopPoints(unsigned int,float * __ptr64,float * __ptr64)const __ptr64
3448	?getPlayerTimePosition@AudioSystem@MOXIE@@QEBA?AW4MauxStatus@2@IPEAM@Z	public: enum MOXIE::MauxStatus __cdecl MOXIE::AudioSystem::getPlayerTimePosition(unsigned int,float * __ptr64)const __ptr64
3449	?getPlayerVolume@AudioSystem@MOXIE@@QEBA?AW4MauxStatus@2@IPEAM@Z	public: enum MOXIE::MauxStatus __cdecl MOXIE::AudioSystem::getPlayerVolume(unsigned int,float * __ptr64)const __ptr64
3450	?getPlayheadPosDecoded@AudioDataSource@MOXIE@@QEBAIXZ	public: unsigned int __cdecl MOXIE::AudioDataSource::getPlayheadPosDecoded(void)const __ptr64
3451	?getPlayheadPosResampled@AudioDataSource@MOXIE@@QEBAIXZ	public: unsigned int __cdecl MOXIE::AudioDataSource::getPlayheadPosResampled(void)const __ptr64
3452	?getPose@Animator@MOXIE@@QEAAPEAVPose@2@XZ	public: class MOXIE::Pose * __ptr64 __cdecl MOXIE::Animator::getPose(void) __ptr64
3453	?getPose@Animator@MOXIE@@QEBAPEBVPose@2@XZ	public: class MOXIE::Pose const * __ptr64 __cdecl MOXIE::Animator::getPose(void)const __ptr64
3454	?getPosition@AudEmitter@MOXIE@@QEBA?AVVector3@2@XZ	public: class MOXIE::Vector3 __cdecl MOXIE::AudEmitter::getPosition(void)const __ptr64
3455	?getPosition@MemoryStream@MOXIE@@QEBAIXZ	public: unsigned int __cdecl MOXIE::MemoryStream::getPosition(void)const __ptr64
3456	?getPostChain@RenderView@MOXIE@@QEAAAEAVPostEffectChain@2@XZ	public: class MOXIE::PostEffectChain & __ptr64 __cdecl MOXIE::RenderView::getPostChain(void) __ptr64
3457	?getPostChain@RenderView@MOXIE@@QEBAAEBVPostEffectChain@2@XZ	public: class MOXIE::PostEffectChain const & __ptr64 __cdecl MOXIE::RenderView::getPostChain(void)const __ptr64
3458	?getPostOutputTexture@RenderView@MOXIE@@QEBAPEBVTexture@2@XZ	public: class MOXIE::Texture const * __ptr64 __cdecl MOXIE::RenderView::getPostOutputTexture(void)const __ptr64
3459	?getPreBinauralBuffers@AudServices@MOXIE@@QEAAPEAPEAMXZ	public: float * __ptr64 * __ptr64 __cdecl MOXIE::AudServices::getPreBinauralBuffers(void) __ptr64
3460	?getPreBinauralCount@AudServices@MOXIE@@QEAAIXZ	public: unsigned int __cdecl MOXIE::AudServices::getPreBinauralCount(void) __ptr64
3461	?getPredicateDistance@StoryGSM@MOXIE@@IEAAMPEAUNode_t@2@@Z	protected: float __cdecl MOXIE::StoryGSM::getPredicateDistance(struct MOXIE::Node_t * __ptr64) __ptr64
3462	?getPrespatialBuffer@AudEmitter@MOXIE@@QEAAPEAXXZ	public: void * __ptr64 __cdecl MOXIE::AudEmitter::getPrespatialBuffer(void) __ptr64
3463	?getPrimaryFS@NestedFileSystem@MOXIE@@QEAAPEAVFileSystem@2@XZ	public: class MOXIE::FileSystem * __ptr64 __cdecl MOXIE::NestedFileSystem::getPrimaryFS(void) __ptr64
3464	?getPrimeTime@LApplication@MOXIE@@QEBA_NXZ	public: bool __cdecl MOXIE::LApplication::getPrimeTime(void)const __ptr64
3465	?getPriority@Thread@MOXIE@@QEBA?AW4Priority@12@XZ	public: enum MOXIE::Thread::Priority __cdecl MOXIE::Thread::getPriority(void)const __ptr64
3466	?getPrivateParameter@ShaderGL_ES2@MOXIE@@UEAA_NIAEAI@Z	public: virtual bool __cdecl MOXIE::ShaderGL_ES2::getPrivateParameter(unsigned int,unsigned int & __ptr64) __ptr64
3467	?getPrivateParameter@ShaderGL_ES2@MOXIE@@UEAA_NPEBDAEAI@Z	public: virtual bool __cdecl MOXIE::ShaderGL_ES2::getPrivateParameter(char const * __ptr64,unsigned int & __ptr64) __ptr64
3468	?getPrivateParameterType@ShaderGL_ES2@MOXIE@@UEAAHI@Z	public: virtual int __cdecl MOXIE::ShaderGL_ES2::getPrivateParameterType(unsigned int) __ptr64
3469	?getPrivateParameters@ShaderParser@MOXIE@@SAXAEAVShaderParamList@2@@Z	public: static void __cdecl MOXIE::ShaderParser::getPrivateParameters(class MOXIE::ShaderParamList & __ptr64)
3470	?getProfileStats@VideoCubeTile@MOXIE@@QEAAPEAUProfileStats@12@XZ	public: struct MOXIE::VideoCubeTile::ProfileStats * __ptr64 __cdecl MOXIE::VideoCubeTile::getProfileStats(void) __ptr64
3471	?getProfileValueNumDecodes@SGVideoCubePlayer@MOXIE@@QEBAAEBV?$ProfileValue@I@2@XZ	public: class MOXIE::ProfileValue<unsigned int> const & __ptr64 __cdecl MOXIE::SGVideoCubePlayer::getProfileValueNumDecodes(void)const __ptr64
3472	?getProfileValueNumUploads@SGVideoCubePlayer@MOXIE@@QEBAAEBV?$ProfileValue@I@2@XZ	public: class MOXIE::ProfileValue<unsigned int> const & __ptr64 __cdecl MOXIE::SGVideoCubePlayer::getProfileValueNumUploads(void)const __ptr64
3473	?getProfileValueTimeUpdate@SGVideoCubePlayer@MOXIE@@QEBAAEBV?$ProfileValue@I@2@XZ	public: class MOXIE::ProfileValue<unsigned int> const & __ptr64 __cdecl MOXIE::SGVideoCubePlayer::getProfileValueTimeUpdate(void)const __ptr64
3474	?getProfileValueTimeUpload@SGVideoCubePlayer@MOXIE@@QEBAAEBV?$ProfileValue@I@2@XZ	public: class MOXIE::ProfileValue<unsigned int> const & __ptr64 __cdecl MOXIE::SGVideoCubePlayer::getProfileValueTimeUpload(void)const __ptr64
3475	?getProjMatrix@Camera@MOXIE@@QEBAAEBVMatrix4@2@XZ	public: class MOXIE::Matrix4 const & __ptr64 __cdecl MOXIE::Camera::getProjMatrix(void)const __ptr64
3476	?getPublicParameter@ShaderGL_ES2@MOXIE@@UEAA_NIAEAI@Z	public: virtual bool __cdecl MOXIE::ShaderGL_ES2::getPublicParameter(unsigned int,unsigned int & __ptr64) __ptr64
3477	?getPublicParameter@ShaderGL_ES2@MOXIE@@UEAA_NPEBDAEAI@Z	public: virtual bool __cdecl MOXIE::ShaderGL_ES2::getPublicParameter(char const * __ptr64,unsigned int & __ptr64) __ptr64
3478	?getPublicParameterSize@ShaderGL_ES2@MOXIE@@UEAAII@Z	public: virtual unsigned int __cdecl MOXIE::ShaderGL_ES2::getPublicParameterSize(unsigned int) __ptr64
3479	?getPublicParameterType@ShaderGL_ES2@MOXIE@@UEAAHI@Z	public: virtual int __cdecl MOXIE::ShaderGL_ES2::getPublicParameterType(unsigned int) __ptr64
3480	?getPublicParameters@ShaderParser@MOXIE@@SAXAEAVShaderParamList@2@@Z	public: static void __cdecl MOXIE::ShaderParser::getPublicParameters(class MOXIE::ShaderParamList & __ptr64)
3481	?getQualityLevel@SGVideoCubePlayer@MOXIE@@QEAAIXZ	public: unsigned int __cdecl MOXIE::SGVideoCubePlayer::getQualityLevel(void) __ptr64
3482	?getRTTI@AnalyticsManager@MOXIE@@UEBAPEBVRTTI@2@XZ	public: virtual class MOXIE::RTTI const * __ptr64 __cdecl MOXIE::AnalyticsManager::getRTTI(void)const __ptr64
3483	?getRTTI@AnimResource@MOXIE@@UEBAPEBVRTTI@2@XZ	public: virtual class MOXIE::RTTI const * __ptr64 __cdecl MOXIE::AnimResource::getRTTI(void)const __ptr64
3484	?getRTTI@AnimationFlipbookSampler@MOXIE@@UEBAPEBVRTTI@2@XZ	public: virtual class MOXIE::RTTI const * __ptr64 __cdecl MOXIE::AnimationFlipbookSampler::getRTTI(void)const __ptr64
3485	?getRTTI@AudioManager@MOXIE@@UEBAPEBVRTTI@2@XZ	public: virtual class MOXIE::RTTI const * __ptr64 __cdecl MOXIE::AudioManager::getRTTI(void)const __ptr64
3486	?getRTTI@AudioResource@MOXIE@@UEBAPEBVRTTI@2@XZ	public: virtual class MOXIE::RTTI const * __ptr64 __cdecl MOXIE::AudioResource::getRTTI(void)const __ptr64
3487	?getRTTI@BorderPaddedTextureResource@MOXIE@@UEBAPEBVRTTI@2@XZ	public: virtual class MOXIE::RTTI const * __ptr64 __cdecl MOXIE::BorderPaddedTextureResource::getRTTI(void)const __ptr64
3488	?getRTTI@BufferObject@MOXIE@@UEBAPEBVRTTI@2@XZ	public: virtual class MOXIE::RTTI const * __ptr64 __cdecl MOXIE::BufferObject::getRTTI(void)const __ptr64
3489	?getRTTI@DepthResource@MOXIE@@UEBAPEBVRTTI@2@XZ	public: virtual class MOXIE::RTTI const * __ptr64 __cdecl MOXIE::DepthResource::getRTTI(void)const __ptr64
3490	?getRTTI@EnableManager@MOXIE@@UEBAPEBVRTTI@2@XZ	public: virtual class MOXIE::RTTI const * __ptr64 __cdecl MOXIE::EnableManager::getRTTI(void)const __ptr64
3491	?getRTTI@FBImageResource@MOXIE@@UEBAPEBVRTTI@2@XZ	public: virtual class MOXIE::RTTI const * __ptr64 __cdecl MOXIE::FBImageResource::getRTTI(void)const __ptr64
3492	?getRTTI@FileSystem@MOXIE@@UEBAPEBVRTTI@2@XZ	public: virtual class MOXIE::RTTI const * __ptr64 __cdecl MOXIE::FileSystem::getRTTI(void)const __ptr64
3493	?getRTTI@FlipbookResource@MOXIE@@UEBAPEBVRTTI@2@XZ	public: virtual class MOXIE::RTTI const * __ptr64 __cdecl MOXIE::FlipbookResource::getRTTI(void)const __ptr64
3494	?getRTTI@FlipbookSampler@MOXIE@@UEBAPEBVRTTI@2@XZ	public: virtual class MOXIE::RTTI const * __ptr64 __cdecl MOXIE::FlipbookSampler::getRTTI(void)const __ptr64
3495	?getRTTI@Font@MOXIE@@UEBAPEBVRTTI@2@XZ	public: virtual class MOXIE::RTTI const * __ptr64 __cdecl MOXIE::Font::getRTTI(void)const __ptr64
3496	?getRTTI@FontResource@MOXIE@@UEBAPEBVRTTI@2@XZ	public: virtual class MOXIE::RTTI const * __ptr64 __cdecl MOXIE::FontResource::getRTTI(void)const __ptr64
3497	?getRTTI@GlobalTime@MOXIE@@UEBAPEBVRTTI@2@XZ	public: virtual class MOXIE::RTTI const * __ptr64 __cdecl MOXIE::GlobalTime::getRTTI(void)const __ptr64
3498	?getRTTI@IService@MOXIE@@UEBAPEBVRTTI@2@XZ	public: virtual class MOXIE::RTTI const * __ptr64 __cdecl MOXIE::IService::getRTTI(void)const __ptr64
3499	?getRTTI@IndexBuffer@MOXIE@@UEBAPEBVRTTI@2@XZ	public: virtual class MOXIE::RTTI const * __ptr64 __cdecl MOXIE::IndexBuffer::getRTTI(void)const __ptr64
3500	?getRTTI@InputManager@MOXIE@@UEBAPEBVRTTI@2@XZ	public: virtual class MOXIE::RTTI const * __ptr64 __cdecl MOXIE::InputManager::getRTTI(void)const __ptr64
3501	?getRTTI@InternalFileSystem@MOXIE@@UEBAPEBVRTTI@2@XZ	public: virtual class MOXIE::RTTI const * __ptr64 __cdecl MOXIE::InternalFileSystem::getRTTI(void)const __ptr64
3502	?getRTTI@LAllocator@MOXIE@@UEBAPEBVRTTI@2@XZ	public: virtual class MOXIE::RTTI const * __ptr64 __cdecl MOXIE::LAllocator::getRTTI(void)const __ptr64
3503	?getRTTI@LApi@MOXIE@@UEBAPEBVRTTI@2@XZ	public: virtual class MOXIE::RTTI const * __ptr64 __cdecl MOXIE::LApi::getRTTI(void)const __ptr64
3504	?getRTTI@LApiActorClampLayer@duet@@UEBAPEBVRTTI@MOXIE@@XZ	public: virtual class MOXIE::RTTI const * __ptr64 __cdecl duet::LApiActorClampLayer::getRTTI(void)const __ptr64
3505	?getRTTI@LApiActorMover@duet@@UEBAPEBVRTTI@MOXIE@@XZ	public: virtual class MOXIE::RTTI const * __ptr64 __cdecl duet::LApiActorMover::getRTTI(void)const __ptr64
3506	?getRTTI@LApiActorMoverLayer@duet@@UEBAPEBVRTTI@MOXIE@@XZ	public: virtual class MOXIE::RTTI const * __ptr64 __cdecl duet::LApiActorMoverLayer::getRTTI(void)const __ptr64
3507	?getRTTI@LApiActorVignette@duet@@UEBAPEBVRTTI@MOXIE@@XZ	public: virtual class MOXIE::RTTI const * __ptr64 __cdecl duet::LApiActorVignette::getRTTI(void)const __ptr64
3508	?getRTTI@LApiActorsLayer@duet@@UEBAPEBVRTTI@MOXIE@@XZ	public: virtual class MOXIE::RTTI const * __ptr64 __cdecl duet::LApiActorsLayer::getRTTI(void)const __ptr64
3509	?getRTTI@LApiBoomLayer@duet@@UEBAPEBVRTTI@MOXIE@@XZ	public: virtual class MOXIE::RTTI const * __ptr64 __cdecl duet::LApiBoomLayer::getRTTI(void)const __ptr64
3510	?getRTTI@LApiBoundsLayer@duet@@UEBAPEBVRTTI@MOXIE@@XZ	public: virtual class MOXIE::RTTI const * __ptr64 __cdecl duet::LApiBoundsLayer::getRTTI(void)const __ptr64
3511	?getRTTI@LApiCameraRig@duet@@UEBAPEBVRTTI@MOXIE@@XZ	public: virtual class MOXIE::RTTI const * __ptr64 __cdecl duet::LApiCameraRig::getRTTI(void)const __ptr64
3512	?getRTTI@LApiDuet@duet@@UEBAPEBVRTTI@MOXIE@@XZ	public: virtual class MOXIE::RTTI const * __ptr64 __cdecl duet::LApiDuet::getRTTI(void)const __ptr64
3513	?getRTTI@LApiDuetScene@duet@@UEBAPEBVRTTI@MOXIE@@XZ	public: virtual class MOXIE::RTTI const * __ptr64 __cdecl duet::LApiDuetScene::getRTTI(void)const __ptr64
3514	?getRTTI@LApiFlipbookDriver@duet@@UEBAPEBVRTTI@MOXIE@@XZ	public: virtual class MOXIE::RTTI const * __ptr64 __cdecl duet::LApiFlipbookDriver::getRTTI(void)const __ptr64
3515	?getRTTI@LApiGlowAlpha@duet@@UEBAPEBVRTTI@MOXIE@@XZ	public: virtual class MOXIE::RTTI const * __ptr64 __cdecl duet::LApiGlowAlpha::getRTTI(void)const __ptr64
3516	?getRTTI@LApiGlowFader@duet@@UEBAPEBVRTTI@MOXIE@@XZ	public: virtual class MOXIE::RTTI const * __ptr64 __cdecl duet::LApiGlowFader::getRTTI(void)const __ptr64
3517	?getRTTI@LApiInputLayer@duet@@UEBAPEBVRTTI@MOXIE@@XZ	public: virtual class MOXIE::RTTI const * __ptr64 __cdecl duet::LApiInputLayer::getRTTI(void)const __ptr64
3518	?getRTTI@LApiIntroEnvControl@duet@@UEBAPEBVRTTI@MOXIE@@XZ	public: virtual class MOXIE::RTTI const * __ptr64 __cdecl duet::LApiIntroEnvControl::getRTTI(void)const __ptr64
3519	?getRTTI@LApiLookAtDetector@duet@@UEBAPEBVRTTI@MOXIE@@XZ	public: virtual class MOXIE::RTTI const * __ptr64 __cdecl duet::LApiLookAtDetector::getRTTI(void)const __ptr64
3520	?getRTTI@LApiLookAtLayer@duet@@UEBAPEBVRTTI@MOXIE@@XZ	public: virtual class MOXIE::RTTI const * __ptr64 __cdecl duet::LApiLookAtLayer::getRTTI(void)const __ptr64
3521	?getRTTI@LApiLuaProfiler@luaProfiler@MOXIE@@UEBAPEBVRTTI@3@XZ	public: virtual class MOXIE::RTTI const * __ptr64 __cdecl MOXIE::luaProfiler::LApiLuaProfiler::getRTTI(void)const __ptr64
3522	?getRTTI@LApiMasterBlender@duet@@UEBAPEBVRTTI@MOXIE@@XZ	public: virtual class MOXIE::RTTI const * __ptr64 __cdecl duet::LApiMasterBlender::getRTTI(void)const __ptr64
3523	?getRTTI@LApiParticlesController@duet@@UEBAPEBVRTTI@MOXIE@@XZ	public: virtual class MOXIE::RTTI const * __ptr64 __cdecl duet::LApiParticlesController::getRTTI(void)const __ptr64
3524	?getRTTI@LApiProxyLayer@duet@@UEBAPEBVRTTI@MOXIE@@XZ	public: virtual class MOXIE::RTTI const * __ptr64 __cdecl duet::LApiProxyLayer::getRTTI(void)const __ptr64
3525	?getRTTI@LApiSegmentManager@duet@@UEBAPEBVRTTI@MOXIE@@XZ	public: virtual class MOXIE::RTTI const * __ptr64 __cdecl duet::LApiSegmentManager::getRTTI(void)const __ptr64
3526	?getRTTI@LApiSoftTrack@duet@@UEBAPEBVRTTI@MOXIE@@XZ	public: virtual class MOXIE::RTTI const * __ptr64 __cdecl duet::LApiSoftTrack::getRTTI(void)const __ptr64
3527	?getRTTI@LApiStarBlendLayer@duet@@UEBAPEBVRTTI@MOXIE@@XZ	public: virtual class MOXIE::RTTI const * __ptr64 __cdecl duet::LApiStarBlendLayer::getRTTI(void)const __ptr64
3528	?getRTTI@LApiTrackingLayer@duet@@UEBAPEBVRTTI@MOXIE@@XZ	public: virtual class MOXIE::RTTI const * __ptr64 __cdecl duet::LApiTrackingLayer::getRTTI(void)const __ptr64
3529	?getRTTI@LApiTrackingManager@duet@@UEBAPEBVRTTI@MOXIE@@XZ	public: virtual class MOXIE::RTTI const * __ptr64 __cdecl duet::LApiTrackingManager::getRTTI(void)const __ptr64
3530	?getRTTI@LApiTrackingTarget@duet@@UEBAPEBVRTTI@MOXIE@@XZ	public: virtual class MOXIE::RTTI const * __ptr64 __cdecl duet::LApiTrackingTarget::getRTTI(void)const __ptr64
3531	?getRTTI@LApiUtil@duet@@UEBAPEBVRTTI@MOXIE@@XZ	public: virtual class MOXIE::RTTI const * __ptr64 __cdecl duet::LApiUtil::getRTTI(void)const __ptr64
3532	?getRTTI@LAudioEmitter@MOXIE@@UEBAPEBVRTTI@2@XZ	public: virtual class MOXIE::RTTI const * __ptr64 __cdecl MOXIE::LAudioEmitter::getRTTI(void)const __ptr64
3533	?getRTTI@LBlockAllocator@MOXIE@@UEBAPEBVRTTI@2@XZ	public: virtual class MOXIE::RTTI const * __ptr64 __cdecl MOXIE::LBlockAllocator::getRTTI(void)const __ptr64
3534	?getRTTI@LComponent@MOXIE@@UEBAPEBVRTTI@2@XZ	public: virtual class MOXIE::RTTI const * __ptr64 __cdecl MOXIE::LComponent::getRTTI(void)const __ptr64
3535	?getRTTI@LocalFileSystem@MOXIE@@UEBAPEBVRTTI@2@XZ	public: virtual class MOXIE::RTTI const * __ptr64 __cdecl MOXIE::LocalFileSystem::getRTTI(void)const __ptr64
3536	?getRTTI@ModelResource@MOXIE@@UEBAPEBVRTTI@2@XZ	public: virtual class MOXIE::RTTI const * __ptr64 __cdecl MOXIE::ModelResource::getRTTI(void)const __ptr64
3537	?getRTTI@NestedFileSystem@MOXIE@@UEBAPEBVRTTI@2@XZ	public: virtual class MOXIE::RTTI const * __ptr64 __cdecl MOXIE::NestedFileSystem::getRTTI(void)const __ptr64
3538	?getRTTI@NetworkFileSystem@MOXIE@@UEBAPEBVRTTI@2@XZ	public: virtual class MOXIE::RTTI const * __ptr64 __cdecl MOXIE::NetworkFileSystem::getRTTI(void)const __ptr64
3539	?getRTTI@PackageFileSystem@MOXIE@@UEBAPEBVRTTI@2@XZ	public: virtual class MOXIE::RTTI const * __ptr64 __cdecl MOXIE::PackageFileSystem::getRTTI(void)const __ptr64
3540	?getRTTI@ParticleSystemResource@MOXIE@@UEBAPEBVRTTI@2@XZ	public: virtual class MOXIE::RTTI const * __ptr64 __cdecl MOXIE::ParticleSystemResource::getRTTI(void)const __ptr64
3541	?getRTTI@PhysicsManager@MOXIE@@UEBAPEBVRTTI@2@XZ	public: virtual class MOXIE::RTTI const * __ptr64 __cdecl MOXIE::PhysicsManager::getRTTI(void)const __ptr64
3542	?getRTTI@PipelineStateResource@MOXIE@@UEBAPEBVRTTI@2@XZ	public: virtual class MOXIE::RTTI const * __ptr64 __cdecl MOXIE::PipelineStateResource::getRTTI(void)const __ptr64
3543	?getRTTI@PosteffectResource@MOXIE@@UEBAPEBVRTTI@2@XZ	public: virtual class MOXIE::RTTI const * __ptr64 __cdecl MOXIE::PosteffectResource::getRTTI(void)const __ptr64
3544	?getRTTI@RenderDebug@MOXIE@@UEBAPEBVRTTI@2@XZ	public: virtual class MOXIE::RTTI const * __ptr64 __cdecl MOXIE::RenderDebug::getRTTI(void)const __ptr64
3545	?getRTTI@RenderDevice@MOXIE@@UEBAPEBVRTTI@2@XZ	public: virtual class MOXIE::RTTI const * __ptr64 __cdecl MOXIE::RenderDevice::getRTTI(void)const __ptr64
3546	?getRTTI@RenderManager@MOXIE@@UEBAPEBVRTTI@2@XZ	public: virtual class MOXIE::RTTI const * __ptr64 __cdecl MOXIE::RenderManager::getRTTI(void)const __ptr64
3547	?getRTTI@RenderTarget@MOXIE@@UEBAPEBVRTTI@2@XZ	public: virtual class MOXIE::RTTI const * __ptr64 __cdecl MOXIE::RenderTarget::getRTTI(void)const __ptr64
3548	?getRTTI@Resource@MOXIE@@UEBAPEBVRTTI@2@XZ	public: virtual class MOXIE::RTTI const * __ptr64 __cdecl MOXIE::Resource::getRTTI(void)const __ptr64
3549	?getRTTI@ResourceManager@MOXIE@@UEBAPEBVRTTI@2@XZ	public: virtual class MOXIE::RTTI const * __ptr64 __cdecl MOXIE::ResourceManager::getRTTI(void)const __ptr64
3550	?getRTTI@SGAnimator@MOXIE@@UEBAPEBVRTTI@2@XZ	public: virtual class MOXIE::RTTI const * __ptr64 __cdecl MOXIE::SGAnimator::getRTTI(void)const __ptr64
3551	?getRTTI@SGAtmospherics@MOXIE@@UEBAPEBVRTTI@2@XZ	public: virtual class MOXIE::RTTI const * __ptr64 __cdecl MOXIE::SGAtmospherics::getRTTI(void)const __ptr64
3552	?getRTTI@SGAttachmentProxy@MOXIE@@UEBAPEBVRTTI@2@XZ	public: virtual class MOXIE::RTTI const * __ptr64 __cdecl MOXIE::SGAttachmentProxy::getRTTI(void)const __ptr64
3553	?getRTTI@SGCamera@MOXIE@@UEBAPEBVRTTI@2@XZ	public: virtual class MOXIE::RTTI const * __ptr64 __cdecl MOXIE::SGCamera::getRTTI(void)const __ptr64
3554	?getRTTI@SGCameraController@MOXIE@@UEBAPEBVRTTI@2@XZ	public: virtual class MOXIE::RTTI const * __ptr64 __cdecl MOXIE::SGCameraController::getRTTI(void)const __ptr64
3555	?getRTTI@SGComponent@MOXIE@@UEBAPEBVRTTI@2@XZ	public: virtual class MOXIE::RTTI const * __ptr64 __cdecl MOXIE::SGComponent::getRTTI(void)const __ptr64
3556	?getRTTI@SGCustomAnimator@MOXIE@@UEBAPEBVRTTI@2@XZ	public: virtual class MOXIE::RTTI const * __ptr64 __cdecl MOXIE::SGCustomAnimator::getRTTI(void)const __ptr64
3557	?getRTTI@SGDebugCameraController@MOXIE@@UEBAPEBVRTTI@2@XZ	public: virtual class MOXIE::RTTI const * __ptr64 __cdecl MOXIE::SGDebugCameraController::getRTTI(void)const __ptr64
3558	?getRTTI@SGDepth@MOXIE@@UEBAPEBVRTTI@2@XZ	public: virtual class MOXIE::RTTI const * __ptr64 __cdecl MOXIE::SGDepth::getRTTI(void)const __ptr64
3559	?getRTTI@SGFog@MOXIE@@UEBAPEBVRTTI@2@XZ	public: virtual class MOXIE::RTTI const * __ptr64 __cdecl MOXIE::SGFog::getRTTI(void)const __ptr64
3560	?getRTTI@SGFogAnimator@MOXIE@@UEBAPEBVRTTI@2@XZ	public: virtual class MOXIE::RTTI const * __ptr64 __cdecl MOXIE::SGFogAnimator::getRTTI(void)const __ptr64
3561	?getRTTI@SGGroup@MOXIE@@UEBAPEBVRTTI@2@XZ	public: virtual class MOXIE::RTTI const * __ptr64 __cdecl MOXIE::SGGroup::getRTTI(void)const __ptr64
3562	?getRTTI@SGLight@MOXIE@@UEBAPEBVRTTI@2@XZ	public: virtual class MOXIE::RTTI const * __ptr64 __cdecl MOXIE::SGLight::getRTTI(void)const __ptr64
3563	?getRTTI@SGLightAnimator@MOXIE@@UEBAPEBVRTTI@2@XZ	public: virtual class MOXIE::RTTI const * __ptr64 __cdecl MOXIE::SGLightAnimator::getRTTI(void)const __ptr64
3564	?getRTTI@SGMaterial@MOXIE@@UEBAPEBVRTTI@2@XZ	public: virtual class MOXIE::RTTI const * __ptr64 __cdecl MOXIE::SGMaterial::getRTTI(void)const __ptr64
3565	?getRTTI@SGModelInstance@MOXIE@@UEBAPEBVRTTI@2@XZ	public: virtual class MOXIE::RTTI const * __ptr64 __cdecl MOXIE::SGModelInstance::getRTTI(void)const __ptr64
3566	?getRTTI@SGNode@MOXIE@@UEBAPEBVRTTI@2@XZ	public: virtual class MOXIE::RTTI const * __ptr64 __cdecl MOXIE::SGNode::getRTTI(void)const __ptr64
3567	?getRTTI@SGParticleAnimator@MOXIE@@UEBAPEBVRTTI@2@XZ	public: virtual class MOXIE::RTTI const * __ptr64 __cdecl MOXIE::SGParticleAnimator::getRTTI(void)const __ptr64
3568	?getRTTI@SGParticleEmitter@MOXIE@@UEBAPEBVRTTI@2@XZ	public: virtual class MOXIE::RTTI const * __ptr64 __cdecl MOXIE::SGParticleEmitter::getRTTI(void)const __ptr64
3569	?getRTTI@SGProjector@MOXIE@@UEBAPEBVRTTI@2@XZ	public: virtual class MOXIE::RTTI const * __ptr64 __cdecl MOXIE::SGProjector::getRTTI(void)const __ptr64
3570	?getRTTI@SGProjectorAnimator@MOXIE@@UEBAPEBVRTTI@2@XZ	public: virtual class MOXIE::RTTI const * __ptr64 __cdecl MOXIE::SGProjectorAnimator::getRTTI(void)const __ptr64
3571	?getRTTI@SGRenderGraph@MOXIE@@UEBAPEBVRTTI@2@XZ	public: virtual class MOXIE::RTTI const * __ptr64 __cdecl MOXIE::SGRenderGraph::getRTTI(void)const __ptr64
3572	?getRTTI@SGRenderGraphAnimator@MOXIE@@UEBAPEBVRTTI@2@XZ	public: virtual class MOXIE::RTTI const * __ptr64 __cdecl MOXIE::SGRenderGraphAnimator::getRTTI(void)const __ptr64
3573	?getRTTI@SGReplay@MOXIE@@UEBAPEBVRTTI@2@XZ	public: virtual class MOXIE::RTTI const * __ptr64 __cdecl MOXIE::SGReplay::getRTTI(void)const __ptr64
3574	?getRTTI@SGTransform@MOXIE@@UEBAPEBVRTTI@2@XZ	public: virtual class MOXIE::RTTI const * __ptr64 __cdecl MOXIE::SGTransform::getRTTI(void)const __ptr64
3575	?getRTTI@SGVideo360Player@MOXIE@@UEBAPEBVRTTI@2@XZ	public: virtual class MOXIE::RTTI const * __ptr64 __cdecl MOXIE::SGVideo360Player::getRTTI(void)const __ptr64
3576	?getRTTI@SGVideoCubePlayer@MOXIE@@UEBAPEBVRTTI@2@XZ	public: virtual class MOXIE::RTTI const * __ptr64 __cdecl MOXIE::SGVideoCubePlayer::getRTTI(void)const __ptr64
3577	?getRTTI@SGVideoCubeRectPlayer@MOXIE@@UEBAPEBVRTTI@2@XZ	public: virtual class MOXIE::RTTI const * __ptr64 __cdecl MOXIE::SGVideoCubeRectPlayer::getRTTI(void)const __ptr64
3578	?getRTTI@SGVideoLatLongPlayer@MOXIE@@UEBAPEBVRTTI@2@XZ	public: virtual class MOXIE::RTTI const * __ptr64 __cdecl MOXIE::SGVideoLatLongPlayer::getRTTI(void)const __ptr64
3579	?getRTTI@SceneGraphResource@MOXIE@@UEBAPEBVRTTI@2@XZ	public: virtual class MOXIE::RTTI const * __ptr64 __cdecl MOXIE::SceneGraphResource::getRTTI(void)const __ptr64
3580	?getRTTI@SceneManager@MOXIE@@UEBAPEBVRTTI@2@XZ	public: virtual class MOXIE::RTTI const * __ptr64 __cdecl MOXIE::SceneManager::getRTTI(void)const __ptr64
3581	?getRTTI@ScriptManager@MOXIE@@UEBAPEBVRTTI@2@XZ	public: virtual class MOXIE::RTTI const * __ptr64 __cdecl MOXIE::ScriptManager::getRTTI(void)const __ptr64
3582	?getRTTI@SensorManager@MOXIE@@UEBAPEBVRTTI@2@XZ	public: virtual class MOXIE::RTTI const * __ptr64 __cdecl MOXIE::SensorManager::getRTTI(void)const __ptr64
3583	?getRTTI@Shader@MOXIE@@UEBAPEBVRTTI@2@XZ	public: virtual class MOXIE::RTTI const * __ptr64 __cdecl MOXIE::Shader::getRTTI(void)const __ptr64
3584	?getRTTI@ShaderGL_ES2@MOXIE@@UEBAPEBVRTTI@2@XZ	public: virtual class MOXIE::RTTI const * __ptr64 __cdecl MOXIE::ShaderGL_ES2::getRTTI(void)const __ptr64
3585	?getRTTI@ShaderResource@MOXIE@@UEBAPEBVRTTI@2@XZ	public: virtual class MOXIE::RTTI const * __ptr64 __cdecl MOXIE::ShaderResource::getRTTI(void)const __ptr64
3586	?getRTTI@StatManager@MOXIE@@UEBAPEBVRTTI@2@XZ	public: virtual class MOXIE::RTTI const * __ptr64 __cdecl MOXIE::StatManager::getRTTI(void)const __ptr64
3587	?getRTTI@TextureResource@MOXIE@@UEBAPEBVRTTI@2@XZ	public: virtual class MOXIE::RTTI const * __ptr64 __cdecl MOXIE::TextureResource::getRTTI(void)const __ptr64
3588	?getRTTI@UriManager@MOXIE@@UEBAPEBVRTTI@2@XZ	public: virtual class MOXIE::RTTI const * __ptr64 __cdecl MOXIE::UriManager::getRTTI(void)const __ptr64
3589	?getRTTI@VertexBuffer@MOXIE@@UEBAPEBVRTTI@2@XZ	public: virtual class MOXIE::RTTI const * __ptr64 __cdecl MOXIE::VertexBuffer::getRTTI(void)const __ptr64
3590	?getRTTI@VideoCubeResource@MOXIE@@UEBAPEBVRTTI@2@XZ	public: virtual class MOXIE::RTTI const * __ptr64 __cdecl MOXIE::VideoCubeResource::getRTTI(void)const __ptr64
3591	?getRadius@AABBox@MOXIE@@QEBAMXZ	public: float __cdecl MOXIE::AABBox::getRadius(void)const __ptr64
3592	?getRadiusSquared@AABBox@MOXIE@@QEBAMXZ	public: float __cdecl MOXIE::AABBox::getRadiusSquared(void)const __ptr64
3593	?getRate@AudioPlayerMaux@MOXIE@@UEAAMXZ	public: virtual float __cdecl MOXIE::AudioPlayerMaux::getRate(void) __ptr64
3594	?getRate@Sound@MOXIE@@QEAAMXZ	public: float __cdecl MOXIE::Sound::getRate(void) __ptr64
3595	?getRawPath@Application@MOXIE@@QEBA?AVString@2@XZ	public: class MOXIE::String __cdecl MOXIE::Application::getRawPath(void)const __ptr64
3596	?getRawVertexOutput@gsaDecoder@MOXIE@@QEBAPEBMI@Z	public: float const * __ptr64 __cdecl MOXIE::gsaDecoder::getRawVertexOutput(unsigned int)const __ptr64
3597	?getRawVertexOutputSize@gsaDecoder@MOXIE@@QEBAXIAEAI0@Z	public: void __cdecl MOXIE::gsaDecoder::getRawVertexOutputSize(unsigned int,unsigned int & __ptr64,unsigned int & __ptr64)const __ptr64
3598	?getRealValue@LuaParameter@MOXIE@@QEBAMH@Z	public: float __cdecl MOXIE::LuaParameter::getRealValue(int)const __ptr64
3599	?getRecordFile@LApplication@MOXIE@@QEBAAEBVString@2@XZ	public: class MOXIE::String const & __ptr64 __cdecl MOXIE::LApplication::getRecordFile(void)const __ptr64
3600	?getReferenceCount@ResourceHandle@MOXIE@@QEBAIXZ	public: unsigned int __cdecl MOXIE::ResourceHandle::getReferenceCount(void)const __ptr64
3601	?getRenderCallback@RenderManager@MOXIE@@QEAAP6AXXZXZ	public: void (__cdecl*__cdecl MOXIE::RenderManager::getRenderCallback(void) __ptr64)(void)
3602	?getRenderDevice@RenderManager@MOXIE@@QEAAPEAVRenderDevice@2@XZ	public: class MOXIE::RenderDevice * __ptr64 __cdecl MOXIE::RenderManager::getRenderDevice(void) __ptr64
3603	?getRenderDevice@RenderManager@MOXIE@@QEBAPEBVRenderDevice@2@XZ	public: class MOXIE::RenderDevice const * __ptr64 __cdecl MOXIE::RenderManager::getRenderDevice(void)const __ptr64
3604	?getRenderDevice@RenderView@MOXIE@@QEAAPEAVRenderDevice@2@XZ	public: class MOXIE::RenderDevice * __ptr64 __cdecl MOXIE::RenderView::getRenderDevice(void) __ptr64
3605	?getRenderDispatcher@RenderManager@MOXIE@@QEAAPEAVRenderDispatcher@2@XZ	public: class MOXIE::RenderDispatcher * __ptr64 __cdecl MOXIE::RenderManager::getRenderDispatcher(void) __ptr64
3606	?getRenderDispatcher@RenderManager@MOXIE@@QEBAPEBVRenderDispatcher@2@XZ	public: class MOXIE::RenderDispatcher const * __ptr64 __cdecl MOXIE::RenderManager::getRenderDispatcher(void)const __ptr64
3607	?getRenderFlags@SGNode@MOXIE@@QEAAIXZ	public: unsigned int __cdecl MOXIE::SGNode::getRenderFlags(void) __ptr64
3608	?getRenderGraph@RenderManager@MOXIE@@QEAAPEAVRenderGraph@2@H@Z	public: class MOXIE::RenderGraph * __ptr64 __cdecl MOXIE::RenderManager::getRenderGraph(int) __ptr64
3609	?getRenderGraph@SGRenderGraph@MOXIE@@QEAAPEAVRenderGraph@2@XZ	public: class MOXIE::RenderGraph * __ptr64 __cdecl MOXIE::SGRenderGraph::getRenderGraph(void) __ptr64
3610	?getRenderGraphByName@RenderManager@MOXIE@@QEAAPEAVRenderGraph@2@AEBVString@2@@Z	public: class MOXIE::RenderGraph * __ptr64 __cdecl MOXIE::RenderManager::getRenderGraphByName(class MOXIE::String const & __ptr64) __ptr64
3611	?getRenderGraphCount@RenderManager@MOXIE@@QEAAHXZ	public: int __cdecl MOXIE::RenderManager::getRenderGraphCount(void) __ptr64
3612	?getRenderGroup@MaterialPass@MOXIE@@QEAAIXZ	public: unsigned int __cdecl MOXIE::MaterialPass::getRenderGroup(void) __ptr64
3613	?getRenderStat@SGModelInstance@MOXIE@@QEAAPEAVStat@@XZ	public: class Stat * __ptr64 __cdecl MOXIE::SGModelInstance::getRenderStat(void) __ptr64
3614	?getRenderState@MaterialPass@MOXIE@@QEAAAEBURenderState@2@XZ	public: struct MOXIE::RenderState const & __ptr64 __cdecl MOXIE::MaterialPass::getRenderState(void) __ptr64
3615	?getRenderState@RenderDeviceGL@MOXIE@@UEBAAEBURenderState@2@XZ	public: virtual struct MOXIE::RenderState const & __ptr64 __cdecl MOXIE::RenderDeviceGL::getRenderState(void)const __ptr64
3616	?getRenderTarget@RenderView@MOXIE@@QEBAPEAVRenderTarget@2@W4ERenderEye@2@@Z	public: class MOXIE::RenderTarget * __ptr64 __cdecl MOXIE::RenderView::getRenderTarget(enum MOXIE::ERenderEye)const __ptr64
3617	?getRenderTarget@RenderView@MOXIE@@QEBAPEAVRenderTarget@2@XZ	public: class MOXIE::RenderTarget * __ptr64 __cdecl MOXIE::RenderView::getRenderTarget(void)const __ptr64
3618	?getRenderTargetScale@RenderView@MOXIE@@QEBAMXZ	public: float __cdecl MOXIE::RenderView::getRenderTargetScale(void)const __ptr64
3619	?getRenderView@RenderManager@MOXIE@@QEAAPEAVRenderView@2@H@Z	public: class MOXIE::RenderView * __ptr64 __cdecl MOXIE::RenderManager::getRenderView(int) __ptr64
3620	?getRenderViewCount@RenderManager@MOXIE@@QEAAHXZ	public: int __cdecl MOXIE::RenderManager::getRenderViewCount(void) __ptr64
3621	?getReplayFile@LApplication@MOXIE@@QEBAAEBVString@2@XZ	public: class MOXIE::String const & __ptr64 __cdecl MOXIE::LApplication::getReplayFile(void)const __ptr64
3622	?getRequiredVertexAttributes@ShaderGL_ES2@MOXIE@@UEAAIXZ	public: virtual unsigned int __cdecl MOXIE::ShaderGL_ES2::getRequiredVertexAttributes(void) __ptr64
3623	?getReset@Stat@@QEBA_NXZ	public: bool __cdecl Stat::getReset(void)const __ptr64
3624	?getResolution@VideoCube@MOXIE@@QEBAIXZ	public: unsigned int __cdecl MOXIE::VideoCube::getResolution(void)const __ptr64
3625	?getResource@ResourceHandle@MOXIE@@AEAAPEAVResource@2@_N@Z	private: class MOXIE::Resource * __ptr64 __cdecl MOXIE::ResourceHandle::getResource(bool) __ptr64
3626	?getResource@SGParticleEmitter@MOXIE@@QEBAAEBVResourceHandle@2@XZ	public: class MOXIE::ResourceHandle const & __ptr64 __cdecl MOXIE::SGParticleEmitter::getResource(void)const __ptr64
3627	?getResourceByIndex@StoryManifest@MOXIE@@QEBAPEBUresource_t@12@I@Z	public: struct MOXIE::StoryManifest::resource_t const * __ptr64 __cdecl MOXIE::StoryManifest::getResourceByIndex(unsigned int)const __ptr64
3628	?getResourceByName@StoryManifest@MOXIE@@QEBAPEBUresource_t@12@PEBD@Z	public: struct MOXIE::StoryManifest::resource_t const * __ptr64 __cdecl MOXIE::StoryManifest::getResourceByName(char const * __ptr64)const __ptr64
3629	?getResourceCount@StoryManifest@MOXIE@@QEBAIXZ	public: unsigned int __cdecl MOXIE::StoryManifest::getResourceCount(void)const __ptr64
3630	?getResourceGroup@ResourceManager@MOXIE@@QEAAPEAVResourceGroup@2@I@Z	public: class MOXIE::ResourceGroup * __ptr64 __cdecl MOXIE::ResourceManager::getResourceGroup(unsigned int) __ptr64
3631	?getResourceHandle@SGRenderGraph@MOXIE@@QEAA?AVResourceHandle@2@XZ	public: class MOXIE::ResourceHandle __cdecl MOXIE::SGRenderGraph::getResourceHandle(void) __ptr64
3632	?getResourceId@AudPlayer@MOXIE@@QEBAIXZ	public: unsigned int __cdecl MOXIE::AudPlayer::getResourceId(void)const __ptr64
3633	?getResourceInfo@AudioDataSource@MOXIE@@QEBA?AUAUDIORESOURCEINFO@2@XZ	public: struct MOXIE::AUDIORESOURCEINFO __cdecl MOXIE::AudioDataSource::getResourceInfo(void)const __ptr64
3634	?getResourceInfo@AudioSystem@MOXIE@@QEAA?AW4MauxStatus@2@IPEAUAUDIORESOURCEINFO@2@@Z	public: enum MOXIE::MauxStatus __cdecl MOXIE::AudioSystem::getResourceInfo(unsigned int,struct MOXIE::AUDIORESOURCEINFO * __ptr64) __ptr64
3635	?getResourceMauxStatus@AudioSystem@MOXIE@@QEAA?AW4MauxStatus@2@IPEAW432@PEAM@Z	public: enum MOXIE::MauxStatus __cdecl MOXIE::AudioSystem::getResourceMauxStatus(unsigned int,enum MOXIE::MauxStatus * __ptr64,float * __ptr64) __ptr64
3636	?getRightFov@FieldOfView@MOXIE@@QEBA?AVRadian@2@XZ	public: class MOXIE::Radian __cdecl MOXIE::FieldOfView::getRightFov(void)const __ptr64
3637	?getRollAngle@LApiDuet@duet@@SAMXZ	public: static float __cdecl duet::LApiDuet::getRollAngle(void)
3638	?getRollAngle@Quaternion@MOXIE@@QEBAMXZ	public: float __cdecl MOXIE::Quaternion::getRollAngle(void)const __ptr64
3639	?getRollQuat@LApiDuet@duet@@SAAEBUlQuaternion@2@XZ	public: static struct duet::lQuaternion const & __ptr64 __cdecl duet::LApiDuet::getRollQuat(void)
3640	?getRoot@@YAXPEAXPEAPEAX@Z	void __cdecl getRoot(void * __ptr64,void * __ptr64 * __ptr64)
3641	?getRoot@SceneGraph@MOXIE@@QEAAPEAVSGGroup@2@XZ	public: class MOXIE::SGGroup * __ptr64 __cdecl MOXIE::SceneGraph::getRoot(void) __ptr64
3642	?getRoot@SceneGraph@MOXIE@@QEBAPEBVSGGroup@2@XZ	public: class MOXIE::SGGroup const * __ptr64 __cdecl MOXIE::SceneGraph::getRoot(void)const __ptr64
3643	?getRootDir@LApplication@MOXIE@@QEBAAEBVString@2@XZ	public: class MOXIE::String const & __ptr64 __cdecl MOXIE::LApplication::getRootDir(void)const __ptr64
3644	?getRootTable@LuaDataTable@MOXIE@@QEBAPEBVLuaTable@2@XZ	public: class MOXIE::LuaTable const * __ptr64 __cdecl MOXIE::LuaDataTable::getRootTable(void)const __ptr64
3645	?getRotation@Matrix4@MOXIE@@QEBAXAEAVMatrix3@2@@Z	public: void __cdecl MOXIE::Matrix4::getRotation(class MOXIE::Matrix3 & __ptr64)const __ptr64
3646	?getRotation@Transform@MOXIE@@QEBAAEBVQuaternion@2@XZ	public: class MOXIE::Quaternion const & __ptr64 __cdecl MOXIE::Transform::getRotation(void)const __ptr64
3647	?getSSAAFactor@Application@MOXIE@@QEBAMXZ	public: float __cdecl MOXIE::Application::getSSAAFactor(void)const __ptr64
3648	?getSampleCount@Surface@MOXIE@@QEBAIXZ	public: unsigned int __cdecl MOXIE::Surface::getSampleCount(void)const __ptr64
3649	?getSampleIndex@gsaDecoder@MOXIE@@AEAAHH@Z	private: int __cdecl MOXIE::gsaDecoder::getSampleIndex(int) __ptr64
3650	?getSampleMode@gsaDecoder@MOXIE@@QEBA?AW4GSA_SAMPLE_MODE@2@XZ	public: enum MOXIE::GSA_SAMPLE_MODE __cdecl MOXIE::gsaDecoder::getSampleMode(void)const __ptr64
3651	?getScale@Transform@MOXIE@@QEBAAEBVVector3@2@XZ	public: class MOXIE::Vector3 const & __ptr64 __cdecl MOXIE::Transform::getScale(void)const __ptr64
3652	?getScaleBias@FlipbookInstance@MOXIE@@QEAAAEBVVector4@2@I@Z	public: class MOXIE::Vector4 const & __ptr64 __cdecl MOXIE::FlipbookInstance::getScaleBias(unsigned int) __ptr64
3653	?getScene@LApplication@MOXIE@@QEBAAEBVString@2@XZ	public: class MOXIE::String const & __ptr64 __cdecl MOXIE::LApplication::getScene(void)const __ptr64
3654	?getScene@SceneManager@MOXIE@@QEBAPEAVSceneGraph@2@I@Z	public: class MOXIE::SceneGraph * __ptr64 __cdecl MOXIE::SceneManager::getScene(unsigned int)const __ptr64
3655	?getSceneBounds@@YAXPEAX_NPEAM@Z	void __cdecl getSceneBounds(void * __ptr64,bool,float * __ptr64)
3656	?getSceneCount@SceneManager@MOXIE@@QEBAIXZ	public: unsigned int __cdecl MOXIE::SceneManager::getSceneCount(void)const __ptr64
3657	?getSceneGraph@@YAXPEAPEAX@Z	void __cdecl getSceneGraph(void * __ptr64 * __ptr64)
3658	?getSceneGraph@LApiDuet@duet@@SAPEAVSceneGraph@MOXIE@@XZ	public: static class MOXIE::SceneGraph * __ptr64 __cdecl duet::LApiDuet::getSceneGraph(void)
3659	?getSceneGraph@SGNode@MOXIE@@QEAAPEAVSceneGraph@2@XZ	public: class MOXIE::SceneGraph * __ptr64 __cdecl MOXIE::SGNode::getSceneGraph(void) __ptr64
3660	?getSceneGraph@SGNode@MOXIE@@QEBAPEBVSceneGraph@2@XZ	public: class MOXIE::SceneGraph const * __ptr64 __cdecl MOXIE::SGNode::getSceneGraph(void)const __ptr64
3661	?getSchedule@StoryGSM@MOXIE@@QEAAAEAV?$TArray@PEAUAssetInfo_t@MOXIE@@@2@XZ	public: class MOXIE::TArray<struct MOXIE::AssetInfo_t * __ptr64> & __ptr64 __cdecl MOXIE::StoryGSM::getSchedule(void) __ptr64
3662	?getScheme@Uri@MOXIE@@QEBAPEBDXZ	public: char const * __ptr64 __cdecl MOXIE::Uri::getScheme(void)const __ptr64
3663	?getSchemeType@Uri@MOXIE@@QEBA?AW4EScheme@12@XZ	public: enum MOXIE::Uri::EScheme __cdecl MOXIE::Uri::getSchemeType(void)const __ptr64
3664	?getSearchPackages@ResourceManager@MOXIE@@QEAAXAEAV?$TArray@VString@MOXIE@@@2@@Z	public: void __cdecl MOXIE::ResourceManager::getSearchPackages(class MOXIE::TArray<class MOXIE::String> & __ptr64) __ptr64
3665	?getSecondaryFS@NestedFileSystem@MOXIE@@QEAAPEAVFileSystem@2@XZ	public: class MOXIE::FileSystem * __ptr64 __cdecl MOXIE::NestedFileSystem::getSecondaryFS(void) __ptr64
3666	?getSeconds@GlobalTime@MOXIE@@QEAAMI@Z	public: float __cdecl MOXIE::GlobalTime::getSeconds(unsigned int) __ptr64
3667	?getSeconds@Time@MOXIE@@QEAAMXZ	public: float __cdecl MOXIE::Time::getSeconds(void) __ptr64
3668	?getSeekDecodeCost@VideoCubeTile@MOXIE@@QEBAHHH@Z	public: int __cdecl MOXIE::VideoCubeTile::getSeekDecodeCost(int,int)const __ptr64
3669	?getSeekPosition@AudioPlayerMaux@MOXIE@@UEAAIXZ	public: virtual unsigned int __cdecl MOXIE::AudioPlayerMaux::getSeekPosition(void) __ptr64
3670	?getSeekPosition@Sound@MOXIE@@QEAAIXZ	public: unsigned int __cdecl MOXIE::Sound::getSeekPosition(void) __ptr64
3671	?getSeekable@AudResource@MOXIE@@QEBA_NXZ	public: bool __cdecl MOXIE::AudResource::getSeekable(void)const __ptr64
3672	?getSeekable@AudioDataSource@MOXIE@@QEBA_NXZ	public: bool __cdecl MOXIE::AudioDataSource::getSeekable(void)const __ptr64
3673	?getSegment@LApplication@MOXIE@@QEBAAEBVString@2@XZ	public: class MOXIE::String const & __ptr64 __cdecl MOXIE::LApplication::getSegment(void)const __ptr64
3674	?getSensorFusionEnabled@SensorManager@MOXIE@@QEAA_NXZ	public: bool __cdecl MOXIE::SensorManager::getSensorFusionEnabled(void) __ptr64
3675	?getSensorFusionOrientation@SensorManager@MOXIE@@QEAA?AVQuaternion@2@XZ	public: class MOXIE::Quaternion __cdecl MOXIE::SensorManager::getSensorFusionOrientation(void) __ptr64
3676	?getSensorRotation@SGCameraController@MOXIE@@QEAA?AVQuaternion@2@XZ	public: class MOXIE::Quaternion __cdecl MOXIE::SGCameraController::getSensorRotation(void) __ptr64
3677	?getServerConnectionCount@SGCameraController@MOXIE@@SAHXZ	public: static int __cdecl MOXIE::SGCameraController::getServerConnectionCount(void)
3678	?getShader@MaterialPass@MOXIE@@QEAAPEAVShader@2@XZ	public: class MOXIE::Shader * __ptr64 __cdecl MOXIE::MaterialPass::getShader(void) __ptr64
3679	?getShader@ShaderResource@MOXIE@@QEAAPEAVShader@2@XZ	public: class MOXIE::Shader * __ptr64 __cdecl MOXIE::ShaderResource::getShader(void) __ptr64
3680	?getShader@ShaderResource@MOXIE@@QEBAPEBVShader@2@XZ	public: class MOXIE::Shader const * __ptr64 __cdecl MOXIE::ShaderResource::getShader(void)const __ptr64
3681	?getShaderCache@RenderDeviceGL@MOXIE@@QEAAAEAVShaderCache@2@XZ	public: class MOXIE::ShaderCache & __ptr64 __cdecl MOXIE::RenderDeviceGL::getShaderCache(void) __ptr64
3682	?getShaderCode@ShaderParser@MOXIE@@SA_NIAEAVString@2@@Z	public: static bool __cdecl MOXIE::ShaderParser::getShaderCode(unsigned int,class MOXIE::String & __ptr64)
3683	?getShaderErrors@@YAXPEAXPEAPEAD@Z	void __cdecl getShaderErrors(void * __ptr64,char * __ptr64 * __ptr64)
3684	?getShaderURI@MaterialPass@MOXIE@@QEAAAEBVUri@2@XZ	public: class MOXIE::Uri const & __ptr64 __cdecl MOXIE::MaterialPass::getShaderURI(void) __ptr64
3685	?getSharedDir@LApplication@MOXIE@@QEBAAEBVString@2@XZ	public: class MOXIE::String const & __ptr64 __cdecl MOXIE::LApplication::getSharedDir(void)const __ptr64
3686	?getSingleMaterialParameter@@YA_NPEAUMaterialDefinition@@HPEAUMaterialParam@@PEAPEATMaterialParamData@@@Z	bool __cdecl getSingleMaterialParameter(struct MaterialDefinition * __ptr64,int,struct MaterialParam * __ptr64,union MaterialParamData * __ptr64 * __ptr64)
3687	?getSize@AudResource@MOXIE@@QEBA_KXZ	public: unsigned __int64 __cdecl MOXIE::AudResource::getSize(void)const __ptr64
3688	?getSize@MemoryStream@MOXIE@@QEBAIXZ	public: unsigned int __cdecl MOXIE::MemoryStream::getSize(void)const __ptr64
3689	?getSize@ParameterData@MOXIE@@QEBAIXZ	public: unsigned int __cdecl MOXIE::ParameterData::getSize(void)const __ptr64
3690	?getSize@Surface@MOXIE@@QEBAIXZ	public: unsigned int __cdecl MOXIE::Surface::getSize(void)const __ptr64
3691	?getSize@ZipArchive@MOXIE@@QEBA_KXZ	public: unsigned __int64 __cdecl MOXIE::ZipArchive::getSize(void)const __ptr64
3692	?getSize@ZipEntry@MOXIE@@QEBA_KXZ	public: unsigned __int64 __cdecl MOXIE::ZipEntry::getSize(void)const __ptr64
3693	?getSizeInBits@BitStream@MOXIE@@QEBA_KXZ	public: unsigned __int64 __cdecl MOXIE::BitStream::getSizeInBits(void)const __ptr64
3694	?getSizeInBytes@BitStream@MOXIE@@QEBAIXZ	public: unsigned int __cdecl MOXIE::BitStream::getSizeInBytes(void)const __ptr64
3695	?getSkeleton@ModelResource@MOXIE@@QEAAPEAVSkeleton@2@XZ	public: class MOXIE::Skeleton * __ptr64 __cdecl MOXIE::ModelResource::getSkeleton(void) __ptr64
3696	?getSortKeyGroup@RenderDispatcher@MOXIE@@AEAAI_K@Z	private: unsigned int __cdecl MOXIE::RenderDispatcher::getSortKeyGroup(unsigned __int64) __ptr64
3697	?getSoundIsPlaying@AudioManager@MOXIE@@QEAA_NPEAX@Z	public: bool __cdecl MOXIE::AudioManager::getSoundIsPlaying(void * __ptr64) __ptr64
3698	?getSoundPanPosition@AudioManager@MOXIE@@QEAAMPEAX@Z	public: float __cdecl MOXIE::AudioManager::getSoundPanPosition(void * __ptr64) __ptr64
3699	?getSoundTag@AudioManager@MOXIE@@QEAA?AVString@2@PEAX@Z	public: class MOXIE::String __cdecl MOXIE::AudioManager::getSoundTag(void * __ptr64) __ptr64
3700	?getSoundTimePosition@AudioManager@MOXIE@@QEAAIPEAX@Z	public: unsigned int __cdecl MOXIE::AudioManager::getSoundTimePosition(void * __ptr64) __ptr64
3701	?getSoundVolume@AudioManager@MOXIE@@QEAAMPEAX@Z	public: float __cdecl MOXIE::AudioManager::getSoundVolume(void * __ptr64) __ptr64
3702	?getSpecific@FileSystemLocator@MOXIE@@YAPEAVFileSystem@2@PEBVRTTI@2@@Z	class MOXIE::FileSystem * __ptr64 __cdecl MOXIE::FileSystemLocator::getSpecific(class MOXIE::RTTI const * __ptr64)
3703	?getStackPos@StackAllocator@MOXIE@@QEBAIXZ	public: unsigned int __cdecl MOXIE::StackAllocator::getStackPos(void)const __ptr64
3704	?getStart@SGFog@MOXIE@@QEBAMXZ	public: float __cdecl MOXIE::SGFog::getStart(void)const __ptr64
3705	?getStat@StatTracker@@QEBAPEBVStat@@I@Z	public: class Stat const * __ptr64 __cdecl StatTracker::getStat(unsigned int)const __ptr64
3706	?getStatLogger@Engine@MOXIE@@QEBA_NXZ	public: bool __cdecl MOXIE::Engine::getStatLogger(void)const __ptr64
3707	?getState@Player@MOXIE@@QEAA?AW4moxiePlayerState_t@@XZ	public: enum moxiePlayerState_t __cdecl MOXIE::Player::getState(void) __ptr64
3708	?getState@StoryFSM@MOXIE@@QEBAAEBVString@2@XZ	public: class MOXIE::String const & __ptr64 __cdecl MOXIE::StoryFSM::getState(void)const __ptr64
3709	?getStats@@YA_NPEADH@Z	bool __cdecl getStats(char * __ptr64,int)
3710	?getStatus@AudEmitter@MOXIE@@QEBA?AW4MauxStatus@2@XZ	public: enum MOXIE::MauxStatus __cdecl MOXIE::AudEmitter::getStatus(void)const __ptr64
3711	?getStatus@AudPlayer@MOXIE@@QEBA?AW4MauxStatus@2@XZ	public: enum MOXIE::MauxStatus __cdecl MOXIE::AudPlayer::getStatus(void)const __ptr64
3712	?getStatus@AudResource@MOXIE@@QEBA?AW4MauxStatus@2@XZ	public: enum MOXIE::MauxStatus __cdecl MOXIE::AudResource::getStatus(void)const __ptr64
3713	?getStatus@Engine@MOXIE@@QEAA?AW4Status@12@XZ	public: enum MOXIE::Engine::Status __cdecl MOXIE::Engine::getStatus(void) __ptr64
3714	?getStatus@IJob@MOXIE@@QEBA?AW4EStatus@12@XZ	public: enum MOXIE::IJob::EStatus __cdecl MOXIE::IJob::getStatus(void)const __ptr64
3715	?getStatus@Resource@MOXIE@@QEBA?AW4EStatus@12@XZ	public: enum MOXIE::Resource::EStatus __cdecl MOXIE::Resource::getStatus(void)const __ptr64
3716	?getStatus@SensorManager@MOXIE@@QEAAPEBUSensorStatus@2@W4ESensorType@2@@Z	public: struct MOXIE::SensorStatus const * __ptr64 __cdecl MOXIE::SensorManager::getStatus(enum MOXIE::ESensorType) __ptr64
3717	?getStdSeekForEOrigin@LocalFileSystem@MOXIE@@SAHW4EOrigin@FileSystem@2@@Z	public: static int __cdecl MOXIE::LocalFileSystem::getStdSeekForEOrigin(enum MOXIE::FileSystem::EOrigin)
3718	?getStopped@PlatformAudioDriverDirectSound@MOXIE@@UEAA_NXZ	public: virtual bool __cdecl MOXIE::PlatformAudioDriverDirectSound::getStopped(void) __ptr64
3719	?getStoryManager@StoryPlayer@MOXIE@@QEAAPEAVStoryManager@2@XZ	public: class MOXIE::StoryManager * __ptr64 __cdecl MOXIE::StoryPlayer::getStoryManager(void) __ptr64
3720	?getStoryPathDist@Application@MOXIE@@QEBA?AVString@2@XZ	public: class MOXIE::String __cdecl MOXIE::Application::getStoryPathDist(void)const __ptr64
3721	?getStreamingFile@gsaDecoder@MOXIE@@AEAAPEAVFileStream@2@XZ	private: class MOXIE::FileStream * __ptr64 __cdecl MOXIE::gsaDecoder::getStreamingFile(void) __ptr64
3722	?getStrength@LApiTrackingLayer@duet@@SAMPEAUlua_State@@@Z	public: static float __cdecl duet::LApiTrackingLayer::getStrength(struct lua_State * __ptr64)
3723	?getStride@VertexData@MOXIE@@QEBAIXZ	public: unsigned int __cdecl MOXIE::VertexData::getStride(void)const __ptr64
3724	?getString@CommandLine@MOXIE@@QEAAPEBDPEBDHH@Z	public: char const * __ptr64 __cdecl MOXIE::CommandLine::getString(char const * __ptr64,int,int) __ptr64
3725	?getStringValue@LuaParameter@MOXIE@@QEBAAEBVString@2@H@Z	public: class MOXIE::String const & __ptr64 __cdecl MOXIE::LuaParameter::getStringValue(int)const __ptr64
3726	?getStringWidth@FontMap@MOXIE@@QEBAIPEBDII@Z	public: unsigned int __cdecl MOXIE::FontMap::getStringWidth(char const * __ptr64,unsigned int,unsigned int)const __ptr64
3727	?getStyle@GUITheme@MOXIE@@QEBAPEBVGUIStyle@2@I@Z	public: class MOXIE::GUIStyle const * __ptr64 __cdecl MOXIE::GUITheme::getStyle(unsigned int)const __ptr64
3728	?getSubtitles@StoryPlayer@MOXIE@@QEAAPEAVStorySubtitles@2@XZ	public: class MOXIE::StorySubtitles * __ptr64 __cdecl MOXIE::StoryPlayer::getSubtitles(void) __ptr64
3729	?getSupportedSensors@SensorManager@MOXIE@@QEAAIXZ	public: unsigned int __cdecl MOXIE::SensorManager::getSupportedSensors(void) __ptr64
3730	?getSurfaceInstrances@ModelResource@MOXIE@@QEAAAEAV?$TArray@PEAVGeomSurfaceInstance@MOXIE@@@2@XZ	public: class MOXIE::TArray<class MOXIE::GeomSurfaceInstance * __ptr64> & __ptr64 __cdecl MOXIE::ModelResource::getSurfaceInstrances(void) __ptr64
3731	?getSurfacesInstances@SGModelInstance@MOXIE@@QEAAPEAPEAVGeomSurfaceInstance@2@XZ	public: class MOXIE::GeomSurfaceInstance * __ptr64 * __ptr64 __cdecl MOXIE::SGModelInstance::getSurfacesInstances(void) __ptr64
3732	?getSymbolID@SymbolTable@MOXIE@@SAIAEBVString@2@_N@Z	public: static unsigned int __cdecl MOXIE::SymbolTable::getSymbolID(class MOXIE::String const & __ptr64,bool)
3733	?getSymbolName@SymbolTable@MOXIE@@SAPEBDI@Z	public: static char const * __ptr64 __cdecl MOXIE::SymbolTable::getSymbolName(unsigned int)
3734	?getSymbolString@SymbolTable@MOXIE@@SAAEBVString@2@I@Z	public: static class MOXIE::String const & __ptr64 __cdecl MOXIE::SymbolTable::getSymbolString(unsigned int)
3735	?getSystemId@AudPlayer@MOXIE@@QEBAIXZ	public: unsigned int __cdecl MOXIE::AudPlayer::getSystemId(void)const __ptr64
3736	?getSystemId@AudResource@MOXIE@@QEBAIXZ	public: unsigned int __cdecl MOXIE::AudResource::getSystemId(void)const __ptr64
3737	?getTCLDebug@SGCameraController@MOXIE@@QEAAMXZ	public: float __cdecl MOXIE::SGCameraController::getTCLDebug(void) __ptr64
3738	?getTable@LuaDataTable@MOXIE@@QEBAPEBVLuaTable@2@AEBVString@2@@Z	public: class MOXIE::LuaTable const * __ptr64 __cdecl MOXIE::LuaDataTable::getTable(class MOXIE::String const & __ptr64)const __ptr64
3739	?getTableValue@LuaParameter@MOXIE@@QEBAPEBVLuaTable@2@H@Z	public: class MOXIE::LuaTable const * __ptr64 __cdecl MOXIE::LuaParameter::getTableValue(int)const __ptr64
3740	?getTag@AudEmitter@MOXIE@@QEBA?AVString@2@XZ	public: class MOXIE::String __cdecl MOXIE::AudEmitter::getTag(void)const __ptr64
3741	?getTag@AudPlayer@MOXIE@@QEBA?AVString@2@XZ	public: class MOXIE::String __cdecl MOXIE::AudPlayer::getTag(void)const __ptr64
3742	?getTag@AudioPlayerMaux@MOXIE@@UEAA?AVString@2@XZ	public: virtual class MOXIE::String __cdecl MOXIE::AudioPlayerMaux::getTag(void) __ptr64
3743	?getTag@ShaderParser@MOXIE@@CAHPEBD@Z	private: static int __cdecl MOXIE::ShaderParser::getTag(char const * __ptr64)
3744	?getTexture@FlipbookInstance@MOXIE@@QEAAPEAVTexture2D@2@I@Z	public: class MOXIE::Texture2D * __ptr64 __cdecl MOXIE::FlipbookInstance::getTexture(unsigned int) __ptr64
3745	?getTexture@FlipbookInstance@MOXIE@@QEBAPEBVTexture2D@2@I@Z	public: class MOXIE::Texture2D const * __ptr64 __cdecl MOXIE::FlipbookInstance::getTexture(unsigned int)const __ptr64
3746	?getTexture@FlipbookResource@MOXIE@@QEBAPEBVTexture@2@XZ	public: class MOXIE::Texture const * __ptr64 __cdecl MOXIE::FlipbookResource::getTexture(void)const __ptr64
3747	?getTexture@FlipbookTexturePool@MOXIE@@QEAAXAEAPEAVFlipbookTexture@2@I@Z	public: void __cdecl MOXIE::FlipbookTexturePool::getTexture(class MOXIE::FlipbookTexture * __ptr64 & __ptr64,unsigned int) __ptr64
3748	?getTexture@Font@MOXIE@@QEAAPEAVTexture@2@XZ	public: class MOXIE::Texture * __ptr64 __cdecl MOXIE::Font::getTexture(void) __ptr64
3749	?getTexture@Font@MOXIE@@QEBAPEBVTexture@2@XZ	public: class MOXIE::Texture const * __ptr64 __cdecl MOXIE::Font::getTexture(void)const __ptr64
3750	?getTexture@TextureResource@MOXIE@@QEBAPEBVTexture@2@XZ	public: class MOXIE::Texture const * __ptr64 __cdecl MOXIE::TextureResource::getTexture(void)const __ptr64
3751	?getTextureStats@@YAHPEAXPEAUTextureStats@@HH@Z	int __cdecl getTextureStats(void * __ptr64,struct TextureStats * __ptr64,int,int)
3752	?getTextureTransform@Material@MOXIE@@QEBAAEBUTextureTransform@2@H@Z	public: struct MOXIE::TextureTransform const & __ptr64 __cdecl MOXIE::Material::getTextureTransform(int)const __ptr64
3753	?getTextureType@Surface@MOXIE@@QEBA?AW4ETextureType@2@XZ	public: enum MOXIE::ETextureType __cdecl MOXIE::Surface::getTextureType(void)const __ptr64
3754	?getThreadProfileStats@SGVideoCubePlayer@MOXIE@@QEBAAEBUProfileStats@VideoCubeTile@2@I@Z	public: struct MOXIE::VideoCubeTile::ProfileStats const & __ptr64 __cdecl MOXIE::SGVideoCubePlayer::getThreadProfileStats(unsigned int)const __ptr64
3755	?getTileCount@VideoCube@MOXIE@@QEBAIXZ	public: unsigned int __cdecl MOXIE::VideoCube::getTileCount(void)const __ptr64
3756	?getTileSize@VideoCube@MOXIE@@QEBAIXZ	public: unsigned int __cdecl MOXIE::VideoCube::getTileSize(void)const __ptr64
3757	?getTiles@VideoCube@MOXIE@@QEAAPEAVVideoCubeTile@2@I@Z	public: class MOXIE::VideoCubeTile * __ptr64 __cdecl MOXIE::VideoCube::getTiles(unsigned int) __ptr64
3758	?getTimeInterval@VertexAnimator@MOXIE@@CAMPEBVAnimation@2@AEAH1@Z	private: static float __cdecl MOXIE::VertexAnimator::getTimeInterval(class MOXIE::Animation const * __ptr64,int & __ptr64,int & __ptr64)
3759	?getTimeOffsets@OggVorbisMetadata@MOXIE@@SA_NAEBVUri@2@IAEAV?$TArray@_K@2@@Z	public: static bool __cdecl MOXIE::OggVorbisMetadata::getTimeOffsets(class MOXIE::Uri const & __ptr64,unsigned int,class MOXIE::TArray<unsigned __int64> & __ptr64)
3760	?getTimeOffsets@OggVorbisMetadata@MOXIE@@SA_NPEBDIAEAV?$TArray@_K@2@@Z	public: static bool __cdecl MOXIE::OggVorbisMetadata::getTimeOffsets(char const * __ptr64,unsigned int,class MOXIE::TArray<unsigned __int64> & __ptr64)
3761	?getTimeScale@SGParticleEmitter@MOXIE@@QEBAMXZ	public: float __cdecl MOXIE::SGParticleEmitter::getTimeScale(void)const __ptr64
3762	?getTimeScale@Time@MOXIE@@QEAAMXZ	public: float __cdecl MOXIE::Time::getTimeScale(void) __ptr64
3763	?getTimeStampFileName@FileSystem@MOXIE@@SAPEBDPEBD@Z	public: static char const * __ptr64 __cdecl MOXIE::FileSystem::getTimeStampFileName(char const * __ptr64)
3764	?getTimeString@GlobalTime@MOXIE@@QEAAPEBDI@Z	public: char const * __ptr64 __cdecl MOXIE::GlobalTime::getTimeString(unsigned int) __ptr64
3765	?getTimeString@Time@MOXIE@@QEAAPEBDXZ	public: char const * __ptr64 __cdecl MOXIE::Time::getTimeString(void) __ptr64
3766	?getTimer@GlobalTime@MOXIE@@QEAAAEAVTime@2@I@Z	public: class MOXIE::Time & __ptr64 __cdecl MOXIE::GlobalTime::getTimer(unsigned int) __ptr64
3767	?getTimer@GlobalTime@MOXIE@@QEBAAEBVTime@2@I@Z	public: class MOXIE::Time const & __ptr64 __cdecl MOXIE::GlobalTime::getTimer(unsigned int)const __ptr64
3768	?getToken@Lexer@MOXIE@@QEBAPEBDXZ	public: char const * __ptr64 __cdecl MOXIE::Lexer::getToken(void)const __ptr64
3769	?getTopFov@FieldOfView@MOXIE@@QEBA?AVRadian@2@XZ	public: class MOXIE::Radian __cdecl MOXIE::FieldOfView::getTopFov(void)const __ptr64
3770	?getTotalBlocksAllocated@LAllocator@MOXIE@@QEBAIXZ	public: unsigned int __cdecl MOXIE::LAllocator::getTotalBlocksAllocated(void)const __ptr64
3771	?getTotalBlocksAllocated@MemoryTracker@@QEBAIXZ	public: unsigned int __cdecl MemoryTracker::getTotalBlocksAllocated(void)const __ptr64
3772	?getTotalBytesAllocated@LAllocator@MOXIE@@QEBAIXZ	public: unsigned int __cdecl MOXIE::LAllocator::getTotalBytesAllocated(void)const __ptr64
3773	?getTotalBytesAllocated@MemoryTracker@@QEBAIXZ	public: unsigned int __cdecl MemoryTracker::getTotalBytesAllocated(void)const __ptr64
3774	?getTotalOptionCnt@CommandLine@MOXIE@@QEAAHXZ	public: int __cdecl MOXIE::CommandLine::getTotalOptionCnt(void) __ptr64
3775	?getTotalOverheadBytes@MemoryTracker@@QEBAIXZ	public: unsigned int __cdecl MemoryTracker::getTotalOverheadBytes(void)const __ptr64
3776	?getTouchCount@InputManager@MOXIE@@QEAAIXZ	public: unsigned int __cdecl MOXIE::InputManager::getTouchCount(void) __ptr64
3777	?getTouchInfo@InputManager@MOXIE@@QEAAPEBUTouchInfo@2@I@Z	public: struct MOXIE::TouchInfo const * __ptr64 __cdecl MOXIE::InputManager::getTouchInfo(unsigned int) __ptr64
3778	?getTrackedActor@SGCameraController@MOXIE@@QEAAPEAVSGModelInstance@2@XZ	public: class MOXIE::SGModelInstance * __ptr64 __cdecl MOXIE::SGCameraController::getTrackedActor(void) __ptr64
3779	?getTracker@StatManager@MOXIE@@QEAAPEAVStatTracker@@XZ	public: class StatTracker * __ptr64 __cdecl MOXIE::StatManager::getTracker(void) __ptr64
3780	?getTracks@AnimResource@MOXIE@@QEBAPEBUTrack@12@XZ	public: struct MOXIE::AnimResource::Track const * __ptr64 __cdecl MOXIE::AnimResource::getTracks(void)const __ptr64
3781	?getTransformInfluences@ModelResource@MOXIE@@QEBAPEB_NXZ	public: bool const * __ptr64 __cdecl MOXIE::ModelResource::getTransformInfluences(void)const __ptr64
3782	?getTransformNames@SGModelInstance@MOXIE@@QEBAPEBVString@2@XZ	public: class MOXIE::String const * __ptr64 __cdecl MOXIE::SGModelInstance::getTransformNames(void)const __ptr64
3783	?getTransformProperties@SGModelInstance@MOXIE@@QEBAPEBVString@2@XZ	public: class MOXIE::String const * __ptr64 __cdecl MOXIE::SGModelInstance::getTransformProperties(void)const __ptr64
3784	?getTranslation@Matrix4@MOXIE@@QEBA?AVVector3@2@XZ	public: class MOXIE::Vector3 __cdecl MOXIE::Matrix4::getTranslation(void)const __ptr64
3785	?getTranslation@Transform@MOXIE@@QEBAAEBVVector3@2@XZ	public: class MOXIE::Vector3 const & __ptr64 __cdecl MOXIE::Transform::getTranslation(void)const __ptr64
3786	?getType@AudEmitter@MOXIE@@QEBA?AW4MEMITTERTYPE@2@XZ	public: enum MOXIE::MEMITTERTYPE __cdecl MOXIE::AudEmitter::getType(void)const __ptr64
3787	?getType@Camera@MOXIE@@QEBA?AW4EType@12@XZ	public: enum MOXIE::Camera::EType __cdecl MOXIE::Camera::getType(void)const __ptr64
3788	?getType@Lexer@MOXIE@@QEBA?AW4ELexType@2@XZ	public: enum MOXIE::ELexType __cdecl MOXIE::Lexer::getType(void)const __ptr64
3789	?getType@LuaParameter@MOXIE@@QEBAHXZ	public: int __cdecl MOXIE::LuaParameter::getType(void)const __ptr64
3790	?getType@ParameterData@MOXIE@@QEBAIXZ	public: unsigned int __cdecl MOXIE::ParameterData::getType(void)const __ptr64
3791	?getType@ParticleField@MOXIE@@QEAAIXZ	public: unsigned int __cdecl MOXIE::ParticleField::getType(void) __ptr64
3792	?getType@ResourceHandle@MOXIE@@QEBAIXZ	public: unsigned int __cdecl MOXIE::ResourceHandle::getType(void)const __ptr64
3793	?getType@SGVideoCubePlayer@MOXIE@@UEBA?AW4FormatType@SGVideo360Player@2@XZ	public: virtual enum MOXIE::SGVideo360Player::FormatType __cdecl MOXIE::SGVideoCubePlayer::getType(void)const __ptr64
3794	?getType@SGVideoCubeRectPlayer@MOXIE@@UEBA?AW4FormatType@SGVideo360Player@2@XZ	public: virtual enum MOXIE::SGVideo360Player::FormatType __cdecl MOXIE::SGVideoCubeRectPlayer::getType(void)const __ptr64
3795	?getType@SGVideoLatLongPlayer@MOXIE@@UEBA?AW4FormatType@SGVideo360Player@2@XZ	public: virtual enum MOXIE::SGVideo360Player::FormatType __cdecl MOXIE::SGVideoLatLongPlayer::getType(void)const __ptr64
3796	?getType@Texture2D@MOXIE@@UEBA?AW4ETextureType@2@XZ	public: virtual enum MOXIE::ETextureType __cdecl MOXIE::Texture2D::getType(void)const __ptr64
3797	?getType@Texture2DArray@MOXIE@@UEBA?AW4ETextureType@2@XZ	public: virtual enum MOXIE::ETextureType __cdecl MOXIE::Texture2DArray::getType(void)const __ptr64
3798	?getType@TextureCubeMap@MOXIE@@UEBA?AW4ETextureType@2@XZ	public: virtual enum MOXIE::ETextureType __cdecl MOXIE::TextureCubeMap::getType(void)const __ptr64
3799	?getType@TextureVideo@MOXIE@@UEBA?AW4ETextureType@2@XZ	public: virtual enum MOXIE::ETextureType __cdecl MOXIE::TextureVideo::getType(void)const __ptr64
3800	?getTypeName@LuaParameter@MOXIE@@QEBAAEBVString@2@XZ	public: class MOXIE::String const & __ptr64 __cdecl MOXIE::LuaParameter::getTypeName(void)const __ptr64
3801	?getTypeName@ShaderParameter@MOXIE@@QEBAAEBVString@2@XZ	public: class MOXIE::String const & __ptr64 __cdecl MOXIE::ShaderParameter::getTypeName(void)const __ptr64
3802	?getTypeStride@ShaderParameter@MOXIE@@QEBAIXZ	public: unsigned int __cdecl MOXIE::ShaderParameter::getTypeStride(void)const __ptr64
3803	?getUIntValue@LuaParameter@MOXIE@@QEBAIH@Z	public: unsigned int __cdecl MOXIE::LuaParameter::getUIntValue(int)const __ptr64
3804	?getUniqueID@ShaderGL_ES2@MOXIE@@UEBAIXZ	public: virtual unsigned int __cdecl MOXIE::ShaderGL_ES2::getUniqueID(void)const __ptr64
3805	?getUpdateFlags@SGNode@MOXIE@@QEAAIXZ	public: unsigned int __cdecl MOXIE::SGNode::getUpdateFlags(void) __ptr64
3806	?getUri@ResourceHandle@MOXIE@@QEBA?AVUri@2@XZ	public: class MOXIE::Uri __cdecl MOXIE::ResourceHandle::getUri(void)const __ptr64
3807	?getUsageString@CommandLine@MOXIE@@QEAAPEBDXZ	public: char const * __ptr64 __cdecl MOXIE::CommandLine::getUsageString(void) __ptr64
3808	?getUsed@Buffer@@QEAAIXZ	public: unsigned int __cdecl Buffer::getUsed(void) __ptr64
3809	?getUsed@Buffer@MOXIE@@QEAAIXZ	public: unsigned int __cdecl MOXIE::Buffer::getUsed(void) __ptr64
3810	?getUsed@Buffer@MOXIE@@QEBAIXZ	public: unsigned int __cdecl MOXIE::Buffer::getUsed(void)const __ptr64
3811	?getValid@RiffDiver@MOXIE@@QEBA_NXZ	public: bool __cdecl MOXIE::RiffDiver::getValid(void)const __ptr64
3812	?getValue@LuaParameter@MOXIE@@QEBAXAEAHH@Z	public: void __cdecl MOXIE::LuaParameter::getValue(int & __ptr64,int)const __ptr64
3813	?getValue@LuaParameter@MOXIE@@QEBAXAEAIH@Z	public: void __cdecl MOXIE::LuaParameter::getValue(unsigned int & __ptr64,int)const __ptr64
3814	?getValue@LuaParameter@MOXIE@@QEBAXAEAMH@Z	public: void __cdecl MOXIE::LuaParameter::getValue(float & __ptr64,int)const __ptr64
3815	?getValue@LuaParameter@MOXIE@@QEBAXAEAPEAVLuaTable@2@H@Z	public: void __cdecl MOXIE::LuaParameter::getValue(class MOXIE::LuaTable * __ptr64 & __ptr64,int)const __ptr64
3816	?getValue@LuaParameter@MOXIE@@QEBAXAEAVString@2@H@Z	public: void __cdecl MOXIE::LuaParameter::getValue(class MOXIE::String & __ptr64,int)const __ptr64
3817	?getValue@LuaParameter@MOXIE@@QEBAXAEA_NH@Z	public: void __cdecl MOXIE::LuaParameter::getValue(bool & __ptr64,int)const __ptr64
3818	?getValue@Stat@@QEBAAEBUVariant@CSV@@XZ	public: struct CSV::Variant const & __ptr64 __cdecl Stat::getValue(void)const __ptr64
3819	?getValueAsString@ShaderOption@MOXIE@@QEBAAEBVString@2@H@Z	public: class MOXIE::String const & __ptr64 __cdecl MOXIE::ShaderOption::getValueAsString(int)const __ptr64
3820	?getValueFromString@ShaderOption@MOXIE@@QEBA_NAEBVString@2@AEAH@Z	public: bool __cdecl MOXIE::ShaderOption::getValueFromString(class MOXIE::String const & __ptr64,int & __ptr64)const __ptr64
3821	?getVaoAttributes@VertexData@MOXIE@@IEBAII@Z	protected: unsigned int __cdecl MOXIE::VertexData::getVaoAttributes(unsigned int)const __ptr64
3822	?getVaoPermutation@VertexData@MOXIE@@IEBAHI@Z	protected: int __cdecl MOXIE::VertexData::getVaoPermutation(unsigned int)const __ptr64
3823	?getVertexAnimBounds@Animator@MOXIE@@QEBA_NAEAVAABBox@2@@Z	public: bool __cdecl MOXIE::Animator::getVertexAnimBounds(class MOXIE::AABBox & __ptr64)const __ptr64
3824	?getVertexAnimData@AnimResource@MOXIE@@QEBAAEBV?$TArray@UVertexAnimatedMesh@MOXIE@@@2@XZ	public: class MOXIE::TArray<struct MOXIE::VertexAnimatedMesh> const & __ptr64 __cdecl MOXIE::AnimResource::getVertexAnimData(void)const __ptr64
3825	?getVertexAttributeOffset@VertexData@MOXIE@@QEBA_KW4EVertexAttribute@2@@Z	public: unsigned __int64 __cdecl MOXIE::VertexData::getVertexAttributeOffset(enum MOXIE::EVertexAttribute)const __ptr64
3826	?getVertexAttributeSize@VertexData@MOXIE@@QEBA_KW4EVertexAttribute@2@@Z	public: unsigned __int64 __cdecl MOXIE::VertexData::getVertexAttributeSize(enum MOXIE::EVertexAttribute)const __ptr64
3827	?getVertexAttributes@ShaderParser@MOXIE@@SAXAEAVShaderParamList@2@@Z	public: static void __cdecl MOXIE::ShaderParser::getVertexAttributes(class MOXIE::ShaderParamList & __ptr64)
3828	?getVertexBuffer@VertexData@MOXIE@@QEAAPEAVVertexBuffer@2@XZ	public: class MOXIE::VertexBuffer * __ptr64 __cdecl MOXIE::VertexData::getVertexBuffer(void) __ptr64
3829	?getVertexBuffer@VertexData@MOXIE@@QEBAPEBVVertexBuffer@2@XZ	public: class MOXIE::VertexBuffer const * __ptr64 __cdecl MOXIE::VertexData::getVertexBuffer(void)const __ptr64
3830	?getVertexCount@VertexData@MOXIE@@QEBAIXZ	public: unsigned int __cdecl MOXIE::VertexData::getVertexCount(void)const __ptr64
3831	?getVerticalFov@FieldOfView@MOXIE@@QEBA?AVRadian@2@XZ	public: class MOXIE::Radian __cdecl MOXIE::FieldOfView::getVerticalFov(void)const __ptr64
3832	?getVideoCube@VideoCubeResource@MOXIE@@QEAAPEAVVideoCube@2@XZ	public: class MOXIE::VideoCube * __ptr64 __cdecl MOXIE::VideoCubeResource::getVideoCube(void) __ptr64
3833	?getViewFlags@SGNode@MOXIE@@QEBAIXZ	public: unsigned int __cdecl MOXIE::SGNode::getViewFlags(void)const __ptr64
3834	?getViewIndex@RenderView@MOXIE@@QEAAHXZ	public: int __cdecl MOXIE::RenderView::getViewIndex(void) __ptr64
3835	?getViewKey@Camera@MOXIE@@QEBAIXZ	public: unsigned int __cdecl MOXIE::Camera::getViewKey(void)const __ptr64
3836	?getViewMatrix@@YAXPEAXPEAM@Z	void __cdecl getViewMatrix(void * __ptr64,float * __ptr64)
3837	?getViewMatrix@Camera@MOXIE@@QEBAAEBVMatrix4@2@XZ	public: class MOXIE::Matrix4 const & __ptr64 __cdecl MOXIE::Camera::getViewMatrix(void)const __ptr64
3838	?getViewport@GUIRenderer@MOXIE@@QEBAAEBVViewport@2@XZ	public: class MOXIE::Viewport const & __ptr64 __cdecl MOXIE::GUIRenderer::getViewport(void)const __ptr64
3839	?getViewport@RenderView@MOXIE@@QEBA?AVViewport@2@XZ	public: class MOXIE::Viewport __cdecl MOXIE::RenderView::getViewport(void)const __ptr64
3840	?getVisibility@VertexAnimator@MOXIE@@CAXAEBUVertexAnimData@2@HAEA_N1@Z	private: static void __cdecl MOXIE::VertexAnimator::getVisibility(struct MOXIE::VertexAnimData const & __ptr64,int,bool & __ptr64,bool & __ptr64)
3841	?getVisible@RenderDebug@MOXIE@@QEBA_NXZ	public: bool __cdecl MOXIE::RenderDebug::getVisible(void)const __ptr64
3842	?getVisibleLocationCount@ParticleMap@MOXIE@@QEAAIXZ	public: unsigned int __cdecl MOXIE::ParticleMap::getVisibleLocationCount(void) __ptr64
3843	?getVolume@AudPlayer@MOXIE@@QEBAMXZ	public: float __cdecl MOXIE::AudPlayer::getVolume(void)const __ptr64
3844	?getVolume@AudioPlayerMaux@MOXIE@@UEAAMXZ	public: virtual float __cdecl MOXIE::AudioPlayerMaux::getVolume(void) __ptr64
3845	?getVolume@NetworkFileSystem@MOXIE@@IEAA_NAEBUVolumedFile@12@_KPEAUFile@12@PEA_K@Z	protected: bool __cdecl MOXIE::NetworkFileSystem::getVolume(struct MOXIE::NetworkFileSystem::VolumedFile const & __ptr64,unsigned __int64,struct MOXIE::NetworkFileSystem::File * __ptr64,unsigned __int64 * __ptr64) __ptr64
3846	?getVolume@NetworkFileSystem@MOXIE@@IEAA_NI_KPEAUFile@12@PEA_KPEAPEAUVolumedFile@12@@Z	protected: bool __cdecl MOXIE::NetworkFileSystem::getVolume(unsigned int,unsigned __int64,struct MOXIE::NetworkFileSystem::File * __ptr64,unsigned __int64 * __ptr64,struct MOXIE::NetworkFileSystem::VolumedFile * __ptr64 * __ptr64) __ptr64
3847	?getVolume@NetworkFileSystem@MOXIE@@IEAA_NPEBD_KPEAUFile@12@PEA_KPEAPEAUVolumedFile@12@@Z	protected: bool __cdecl MOXIE::NetworkFileSystem::getVolume(char const * __ptr64,unsigned __int64,struct MOXIE::NetworkFileSystem::File * __ptr64,unsigned __int64 * __ptr64,struct MOXIE::NetworkFileSystem::VolumedFile * __ptr64 * __ptr64) __ptr64
3848	?getVolume@Sound@MOXIE@@QEAAMXZ	public: float __cdecl MOXIE::Sound::getVolume(void) __ptr64
3849	?getVolumeDelta@AudPlayer@MOXIE@@QEBAMXZ	public: float __cdecl MOXIE::AudPlayer::getVolumeDelta(void)const __ptr64
3850	?getW@Vector4@MOXIE@@QEBAMXZ	public: float __cdecl MOXIE::Vector4::getW(void)const __ptr64
3851	?getWarmup@SGParticleEmitter@MOXIE@@QEBA_NXZ	public: bool __cdecl MOXIE::SGParticleEmitter::getWarmup(void)const __ptr64
3852	?getWebEditorPath@Application@MOXIE@@QEBA?AVString@2@XZ	public: class MOXIE::String __cdecl MOXIE::Application::getWebEditorPath(void)const __ptr64
3853	?getWidth@Application@MOXIE@@QEBAIXZ	public: unsigned int __cdecl MOXIE::Application::getWidth(void)const __ptr64
3854	?getWidth@Bitmap@MOXIE@@QEBAIXZ	public: unsigned int __cdecl MOXIE::Bitmap::getWidth(void)const __ptr64
3855	?getWidth@FBImageResource@MOXIE@@QEBAIXZ	public: unsigned int __cdecl MOXIE::FBImageResource::getWidth(void)const __ptr64
3856	?getWidth@FlipbookInstance@MOXIE@@QEBAIXZ	public: unsigned int __cdecl MOXIE::FlipbookInstance::getWidth(void)const __ptr64
3857	?getWidth@Surface@MOXIE@@QEBAIXZ	public: unsigned int __cdecl MOXIE::Surface::getWidth(void)const __ptr64
3858	?getWindAtSingleTornado@TornadoField@MOXIE@@IEBAXPEAM00MMMMH@Z	protected: void __cdecl MOXIE::TornadoField::getWindAtSingleTornado(float * __ptr64,float * __ptr64,float * __ptr64,float,float,float,float,int)const __ptr64
3859	?getWindowsButtons@Win32Utils@@SAIXZ	public: static unsigned int __cdecl Win32Utils::getWindowsButtons(void)
3860	?getWireframeOverlayEnable@EnableManager@MOXIE@@QEAA_NXZ	public: bool __cdecl MOXIE::EnableManager::getWireframeOverlayEnable(void) __ptr64
3861	?getWorld@SGTransform@MOXIE@@QEAAAEBVTransform@2@XZ	public: class MOXIE::Transform const & __ptr64 __cdecl MOXIE::SGTransform::getWorld(void) __ptr64
3862	?getWorldBounds@SGTransform@MOXIE@@QEAAAEBVAABBox@2@XZ	public: class MOXIE::AABBox const & __ptr64 __cdecl MOXIE::SGTransform::getWorldBounds(void) __ptr64
3863	?getWorldMatrix@SGTransform@MOXIE@@QEBA?AVMatrix4@2@XZ	public: class MOXIE::Matrix4 __cdecl MOXIE::SGTransform::getWorldMatrix(void)const __ptr64
3864	?getWorldRotation@SGTransform@MOXIE@@QEAAAEBVQuaternion@2@XZ	public: class MOXIE::Quaternion const & __ptr64 __cdecl MOXIE::SGTransform::getWorldRotation(void) __ptr64
3865	?getWorldScale@SGTransform@MOXIE@@QEAAAEBVVector3@2@XZ	public: class MOXIE::Vector3 const & __ptr64 __cdecl MOXIE::SGTransform::getWorldScale(void) __ptr64
3866	?getWorldT@LApiCameraRig@duet@@SA?AVlSRT@2@XZ	public: static class duet::lSRT __cdecl duet::LApiCameraRig::getWorldT(void)
3867	?getWorldTranslation@SGTransform@MOXIE@@QEAAAEBVVector3@2@XZ	public: class MOXIE::Vector3 const & __ptr64 __cdecl MOXIE::SGTransform::getWorldTranslation(void) __ptr64
3868	?getWritePointerOffset@BitStream@MOXIE@@QEBA_KXZ	public: unsigned __int64 __cdecl MOXIE::BitStream::getWritePointerOffset(void)const __ptr64
3869	?getX@Vector2@MOXIE@@QEBAMXZ	public: float __cdecl MOXIE::Vector2::getX(void)const __ptr64
3870	?getX@Vector3@MOXIE@@QEBAMXZ	public: float __cdecl MOXIE::Vector3::getX(void)const __ptr64
3871	?getX@Vector4@MOXIE@@QEBAMXZ	public: float __cdecl MOXIE::Vector4::getX(void)const __ptr64
3872	?getXGridCount@ParticleMap@MOXIE@@QEAAIXZ	public: unsigned int __cdecl MOXIE::ParticleMap::getXGridCount(void) __ptr64
3873	?getXGridSize@ParticleMap@MOXIE@@QEAAMXZ	public: float __cdecl MOXIE::ParticleMap::getXGridSize(void) __ptr64
3874	?getY@Vector2@MOXIE@@QEBAMXZ	public: float __cdecl MOXIE::Vector2::getY(void)const __ptr64
3875	?getY@Vector3@MOXIE@@QEBAMXZ	public: float __cdecl MOXIE::Vector3::getY(void)const __ptr64
3876	?getY@Vector4@MOXIE@@QEBAMXZ	public: float __cdecl MOXIE::Vector4::getY(void)const __ptr64
3877	?getYGridCount@ParticleMap@MOXIE@@QEAAIXZ	public: unsigned int __cdecl MOXIE::ParticleMap::getYGridCount(void) __ptr64
3878	?getYGridSize@ParticleMap@MOXIE@@QEAAMXZ	public: float __cdecl MOXIE::ParticleMap::getYGridSize(void) __ptr64
3879	?getYawAngle@Quaternion@MOXIE@@QEBAMXZ	public: float __cdecl MOXIE::Quaternion::getYawAngle(void)const __ptr64
3880	?getZ@Vector3@MOXIE@@QEBAMXZ	public: float __cdecl MOXIE::Vector3::getZ(void)const __ptr64
3881	?getZ@Vector4@MOXIE@@QEBAMXZ	public: float __cdecl MOXIE::Vector4::getZ(void)const __ptr64
3882	?getZFar@Camera@MOXIE@@QEBAMXZ	public: float __cdecl MOXIE::Camera::getZFar(void)const __ptr64
3883	?getZNear@Camera@MOXIE@@QEBAMXZ	public: float __cdecl MOXIE::Camera::getZNear(void)const __ptr64
3884	?getZero@Matrix3@MOXIE@@SAAEBV12@XZ	public: static class MOXIE::Matrix3 const & __ptr64 __cdecl MOXIE::Matrix3::getZero(void)
3885	?getZero@Matrix4@MOXIE@@SAAEBV12@XZ	public: static class MOXIE::Matrix4 const & __ptr64 __cdecl MOXIE::Matrix4::getZero(void)
3886	?getZero@Vector2@MOXIE@@SAAEBV12@XZ	public: static class MOXIE::Vector2 const & __ptr64 __cdecl MOXIE::Vector2::getZero(void)
3887	?getZero@Vector3@MOXIE@@SAAEBV12@XZ	public: static class MOXIE::Vector3 const & __ptr64 __cdecl MOXIE::Vector3::getZero(void)
3888	?getZero@Vector4@MOXIE@@SAAEBV12@XZ	public: static class MOXIE::Vector4 const & __ptr64 __cdecl MOXIE::Vector4::getZero(void)
3889	?getZeroPaddedSize@AudResource@MOXIE@@QEBA_KXZ	public: unsigned __int64 __cdecl MOXIE::AudResource::getZeroPaddedSize(void)const __ptr64
3890	?getZipEntry@NetworkFileSystem@MOXIE@@IEAAPEAVZipEntry@2@PEBDPEAPEAUArchive@12@@Z	protected: class MOXIE::ZipEntry * __ptr64 __cdecl MOXIE::NetworkFileSystem::getZipEntry(char const * __ptr64,struct MOXIE::NetworkFileSystem::Archive * __ptr64 * __ptr64) __ptr64
3891	?gettime_string@MOXIE@@YAPEBDI@Z	char const * __ptr64 __cdecl MOXIE::gettime_string(unsigned int)
3892	?global@MemoryTracker@@SAPEAV1@XZ	public: static class MemoryTracker * __ptr64 __cdecl MemoryTracker::global(void)
3893	?global@StatTracker@@SAPEAV1@XZ	public: static class StatTracker * __ptr64 __cdecl StatTracker::global(void)
3894	?glowOpacity@LApiActorVignette@duet@@2MA	public: static float duet::LApiActorVignette::glowOpacity
3895	?grad@SimplexNoise@MOXIE@@AEAAMHM@Z	private: float __cdecl MOXIE::SimplexNoise::grad(int,float) __ptr64
3896	?grad@SimplexNoise@MOXIE@@AEAAMHMM@Z	private: float __cdecl MOXIE::SimplexNoise::grad(int,float,float) __ptr64
3897	?grad@SimplexNoise@MOXIE@@AEAAMHMMM@Z	private: float __cdecl MOXIE::SimplexNoise::grad(int,float,float,float) __ptr64
3898	?grad@SimplexNoise@MOXIE@@AEAAMHMMMM@Z	private: float __cdecl MOXIE::SimplexNoise::grad(int,float,float,float,float) __ptr64
3899	?graddotp2@SimplexNoise@MOXIE@@AEAAMMMMM@Z	private: float __cdecl MOXIE::SimplexNoise::graddotp2(float,float,float,float) __ptr64
3900	?graddotp3@SimplexNoise@MOXIE@@AEAAMMMMMMM@Z	private: float __cdecl MOXIE::SimplexNoise::graddotp3(float,float,float,float,float,float) __ptr64
3901	?gradrot2@SimplexNoise@MOXIE@@AEAAXHMMPEAM0@Z	private: void __cdecl MOXIE::SimplexNoise::gradrot2(int,float,float,float * __ptr64,float * __ptr64) __ptr64
3902	?gradrot3@SimplexNoise@MOXIE@@AEAAXHMMPEAM00@Z	private: void __cdecl MOXIE::SimplexNoise::gradrot3(int,float,float,float * __ptr64,float * __ptr64,float * __ptr64) __ptr64
3903	?handleJobRequest@AudioDataSource@MOXIE@@QEAAHW4AUDJOBTYPE@2@@Z	public: int __cdecl MOXIE::AudioDataSource::handleJobRequest(enum MOXIE::AUDJOBTYPE) __ptr64
3904	?hasAlpha@PixelFormat@MOXIE@@SA_NW4EPixelFormat@2@@Z	public: static bool __cdecl MOXIE::PixelFormat::hasAlpha(enum MOXIE::EPixelFormat)
3905	?hasDepth@PixelFormat@MOXIE@@SA_NW4EPixelFormat@2@@Z	public: static bool __cdecl MOXIE::PixelFormat::hasDepth(enum MOXIE::EPixelFormat)
3906	?hasFunctionBeenParsed@ShaderParser@MOXIE@@CA_NAEBVString@2@0@Z	private: static bool __cdecl MOXIE::ShaderParser::hasFunctionBeenParsed(class MOXIE::String const & __ptr64,class MOXIE::String const & __ptr64)
3907	?hasGeomSurface@ModelResource@MOXIE@@QEBA_NXZ	public: bool __cdecl MOXIE::ModelResource::hasGeomSurface(void)const __ptr64
3908	?hasGlyph@FontMap@MOXIE@@QEBA_NE@Z	public: bool __cdecl MOXIE::FontMap::hasGlyph(unsigned char)const __ptr64
3909	?hasImage@GUIStyle@MOXIE@@QEBA_NXZ	public: bool __cdecl MOXIE::GUIStyle::hasImage(void)const __ptr64
3910	?hasParameter@ShaderParamList@MOXIE@@QEBA_NAEBVString@2@@Z	public: bool __cdecl MOXIE::ShaderParamList::hasParameter(class MOXIE::String const & __ptr64)const __ptr64
3911	?hasRenderFlags@SGNode@MOXIE@@QEAA_NI@Z	public: bool __cdecl MOXIE::SGNode::hasRenderFlags(unsigned int) __ptr64
3912	?hasStencil@PixelFormat@MOXIE@@SA_NW4EPixelFormat@2@@Z	public: static bool __cdecl MOXIE::PixelFormat::hasStencil(enum MOXIE::EPixelFormat)
3913	?hasUpdateFlags@SGNode@MOXIE@@QEAA_NI@Z	public: bool __cdecl MOXIE::SGNode::hasUpdateFlags(unsigned int) __ptr64
3914	?hasVertexAnim@Animator@MOXIE@@QEBA_NXZ	public: bool __cdecl MOXIE::Animator::hasVertexAnim(void)const __ptr64
3915	?hasVertexAttribute@VertexData@MOXIE@@QEBA_NW4EVertexAttribute@2@@Z	public: bool __cdecl MOXIE::VertexData::hasVertexAttribute(enum MOXIE::EVertexAttribute)const __ptr64
3916	?hash@HString@MOXIE@@QEBAIXZ	public: unsigned int __cdecl MOXIE::HString::hash(void)const __ptr64
3917	?hash@String@MOXIE@@QEBAIXZ	public: unsigned int __cdecl MOXIE::String::hash(void)const __ptr64
3918	?hashstr@MOXIE@@YAIPEBD@Z	unsigned int __cdecl MOXIE::hashstr(char const * __ptr64)
3919	?hide@LApiActorVignette@duet@@SAHPEAUlua_State@@@Z	public: static int __cdecl duet::LApiActorVignette::hide(struct lua_State * __ptr64)
3920	?hideOverlay@StoryPlayer@MOXIE@@IEAAXXZ	protected: void __cdecl MOXIE::StoryPlayer::hideOverlay(void) __ptr64
3921	?hiresTimerGet@LApiDuet@duet@@SAHPEAUlua_State@@@Z	public: static int __cdecl duet::LApiDuet::hiresTimerGet(struct lua_State * __ptr64)
3922	?hiresTimerGet@LApiLuaProfiler@luaProfiler@MOXIE@@SAHPEAUlua_State@@@Z	public: static int __cdecl MOXIE::luaProfiler::LApiLuaProfiler::hiresTimerGet(struct lua_State * __ptr64)
3923	?hwIndex@Shader@MOXIE@@QEAAHI@Z	public: int __cdecl MOXIE::Shader::hwIndex(unsigned int) __ptr64
3924	?id@BufferObject@MOXIE@@QEBAIXZ	public: unsigned int __cdecl MOXIE::BufferObject::id(void)const __ptr64
3925	?includeFile@ShaderParser@MOXIE@@CA_NPEBD_N@Z	private: static bool __cdecl MOXIE::ShaderParser::includeFile(char const * __ptr64,bool)
3926	?incrementCounter@Stat@@QEAAXI@Z	public: void __cdecl Stat::incrementCounter(unsigned int) __ptr64
3927	?init@Animator@MOXIE@@QEAAXIPEBVString@2@PEBFPEBVMatrix4@2@@Z	public: void __cdecl MOXIE::Animator::init(unsigned int,class MOXIE::String const * __ptr64,short const * __ptr64,class MOXIE::Matrix4 const * __ptr64) __ptr64
3928	?init@AudioEmitterMaux@MOXIE@@UEAA_NW4EMITTERTYPE@2@@Z	public: virtual bool __cdecl MOXIE::AudioEmitterMaux::init(enum MOXIE::EMITTERTYPE) __ptr64
3929	?init@CSVLog@@QEAA_NPEBDAEBVTemplate@CSV@@I@Z	public: bool __cdecl CSVLog::init(char const * __ptr64,class CSV::Template const & __ptr64,unsigned int) __ptr64
3930	?init@CSVLog@@QEAA_NPEBDPEAPEBDII@Z	public: bool __cdecl CSVLog::init(char const * __ptr64,char const * __ptr64 * __ptr64,unsigned int,unsigned int) __ptr64
3931	?init@FontMap@MOXIE@@QEAAXXZ	public: void __cdecl MOXIE::FontMap::init(void) __ptr64
3932	?init@LApiActorClampLayer@duet@@SAXPEAUlua_State@@@Z	public: static void __cdecl duet::LApiActorClampLayer::init(struct lua_State * __ptr64)
3933	?init@LApiActorMoverLayer@duet@@SAXPEAUlua_State@@@Z	public: static void __cdecl duet::LApiActorMoverLayer::init(struct lua_State * __ptr64)
3934	?init@LApiActorVignette@duet@@SAXPEAUlua_State@@@Z	public: static void __cdecl duet::LApiActorVignette::init(struct lua_State * __ptr64)
3935	?init@LApiActorsLayer@duet@@SAXPEAUlua_State@@@Z	public: static void __cdecl duet::LApiActorsLayer::init(struct lua_State * __ptr64)
3936	?init@LApiBoomLayer@duet@@SAXPEAUlua_State@@@Z	public: static void __cdecl duet::LApiBoomLayer::init(struct lua_State * __ptr64)
3937	?init@LApiBoundsLayer@duet@@SAXPEAUlua_State@@@Z	public: static void __cdecl duet::LApiBoundsLayer::init(struct lua_State * __ptr64)
3938	?init@LApiCameraRig@duet@@SAXPEAUlua_State@@@Z	public: static void __cdecl duet::LApiCameraRig::init(struct lua_State * __ptr64)
3939	?init@LApiDuet@duet@@SAHPEAUlua_State@@@Z	public: static int __cdecl duet::LApiDuet::init(struct lua_State * __ptr64)
3940	?init@LApiDuetScene@duet@@SAXPEAUlua_State@@@Z	public: static void __cdecl duet::LApiDuetScene::init(struct lua_State * __ptr64)
3941	?init@LApiInputLayer@duet@@SAXPEAUlua_State@@@Z	public: static void __cdecl duet::LApiInputLayer::init(struct lua_State * __ptr64)
3942	?init@LApiIntroEnvControl@duet@@SAXXZ	public: static void __cdecl duet::LApiIntroEnvControl::init(void)
3943	?init@LApiLookAtDetector@duet@@SAXPEAUlua_State@@@Z	public: static void __cdecl duet::LApiLookAtDetector::init(struct lua_State * __ptr64)
3944	?init@LApiLookAtLayer@duet@@SAXPEAUlua_State@@@Z	public: static void __cdecl duet::LApiLookAtLayer::init(struct lua_State * __ptr64)
3945	?init@LApiLuaProfiler@luaProfiler@MOXIE@@SAHPEAUlua_State@@@Z	public: static int __cdecl MOXIE::luaProfiler::LApiLuaProfiler::init(struct lua_State * __ptr64)
3946	?init@LApiProxyLayer@duet@@SAXPEAUlua_State@@@Z	public: static void __cdecl duet::LApiProxyLayer::init(struct lua_State * __ptr64)
3947	?init@LApiSegmentManager@duet@@SAXXZ	public: static void __cdecl duet::LApiSegmentManager::init(void)
3948	?init@LApiSoftTrack@duet@@SAXPEAUlua_State@@@Z	public: static void __cdecl duet::LApiSoftTrack::init(struct lua_State * __ptr64)
3949	?init@LApiStarBlendLayer@duet@@SAXPEAUlua_State@@@Z	public: static void __cdecl duet::LApiStarBlendLayer::init(struct lua_State * __ptr64)
3950	?init@LApiTrackingLayer@duet@@SAXPEAUlua_State@@@Z	public: static void __cdecl duet::LApiTrackingLayer::init(struct lua_State * __ptr64)
3951	?init@LApiTrackingManager@duet@@SAXXZ	public: static void __cdecl duet::LApiTrackingManager::init(void)
3952	?init@Lexer@MOXIE@@QEAAXPEBDI@Z	public: void __cdecl MOXIE::Lexer::init(char const * __ptr64,unsigned int) __ptr64
3953	?init@RenderDebug@MOXIE@@IEAAXI@Z	protected: void __cdecl MOXIE::RenderDebug::init(unsigned int) __ptr64
3954	?init@SGAnimator@MOXIE@@QEAAXPEAVModelResource@2@@Z	public: void __cdecl MOXIE::SGAnimator::init(class MOXIE::ModelResource * __ptr64) __ptr64
3955	?init@SGModelInstance@MOXIE@@QEAA_NXZ	public: bool __cdecl MOXIE::SGModelInstance::init(void) __ptr64
3956	?init@SGRenderGraph@MOXIE@@QEAAXPEAVRenderGraph@2@VString@2@@Z	public: void __cdecl MOXIE::SGRenderGraph::init(class MOXIE::RenderGraph * __ptr64,class MOXIE::String) __ptr64
3957	?init@ShaderParser@MOXIE@@SAXAEAUShaderResourceLimits@12@@Z	public: static void __cdecl MOXIE::ShaderParser::init(struct MOXIE::ShaderParser::ShaderResourceLimits & __ptr64)
3958	?init@Sound@MOXIE@@QEAAXAEBVResourceHandle@2@HH_N1@Z	public: void __cdecl MOXIE::Sound::init(class MOXIE::ResourceHandle const & __ptr64,int,int,bool,bool) __ptr64
3959	?init@StatLogger@@QEAAXPEBDAEBVTemplate@CSV@@II@Z	public: void __cdecl StatLogger::init(char const * __ptr64,class CSV::Template const & __ptr64,unsigned int,unsigned int) __ptr64
3960	?init@SymbolTable@MOXIE@@SA_NPEBD@Z	public: static bool __cdecl MOXIE::SymbolTable::init(char const * __ptr64)
3961	?init@gsaDecoder@MOXIE@@SA_NXZ	public: static bool __cdecl MOXIE::gsaDecoder::init(void)
3962	?initExtDecoder@OggVorbisDecoder@MOXIE@@AEAA?AW4MauxStatus@2@XZ	private: enum MOXIE::MauxStatus __cdecl MOXIE::OggVorbisDecoder::initExtDecoder(void) __ptr64
3963	?initPlatformSensor@SensorManager@MOXIE@@QEAAXPEAVPlatformSensorManager@2@@Z	public: void __cdecl MOXIE::SensorManager::initPlatformSensor(class MOXIE::PlatformSensorManager * __ptr64) __ptr64
3964	?initShader@@YAIPEBD0@Z	unsigned int __cdecl initShader(char const * __ptr64,char const * __ptr64)
3965	?initialFillComplete@ParticleMap@MOXIE@@QEAA_NXZ	public: bool __cdecl MOXIE::ParticleMap::initialFillComplete(void) __ptr64
3966	?initialize@AudEmitter@MOXIE@@QEAA?AW4MauxStatus@2@W4MEMITTERTYPE@2@PEAVAudServices@2@@Z	public: enum MOXIE::MauxStatus __cdecl MOXIE::AudEmitter::initialize(enum MOXIE::MEMITTERTYPE,class MOXIE::AudServices * __ptr64) __ptr64
3967	?initialize@AudPlayer@MOXIE@@QEAA?AW4MauxStatus@2@PEAVAudServices@2@@Z	public: enum MOXIE::MauxStatus __cdecl MOXIE::AudPlayer::initialize(class MOXIE::AudServices * __ptr64) __ptr64
3968	?initialize@AudResource@MOXIE@@QEAAXPEAVAudServices@2@@Z	public: void __cdecl MOXIE::AudResource::initialize(class MOXIE::AudServices * __ptr64) __ptr64
3969	?initialize@Engine@MOXIE@@QEAA_NPEBUPlatformInfo@2@@Z	public: bool __cdecl MOXIE::Engine::initialize(struct MOXIE::PlatformInfo const * __ptr64) __ptr64
3970	?initialize@EngineLocator@MOXIE@@SA_NXZ	public: static bool __cdecl MOXIE::EngineLocator::initialize(void)
3971	?initialize@FlipbookTexturePool@MOXIE@@QEAAXPEAVFlipbookInstance@2@I@Z	public: void __cdecl MOXIE::FlipbookTexturePool::initialize(class MOXIE::FlipbookInstance * __ptr64,unsigned int) __ptr64
3972	?initialize@Locator@MOXIE@@SA_NXZ	public: static bool __cdecl MOXIE::Locator::initialize(void)
3973	?initialize@Log@MOXIE@@YA_NXZ	bool __cdecl MOXIE::Log::initialize(void)
3974	?initialize@PackageFileSystem@MOXIE@@QEAAXXZ	public: void __cdecl MOXIE::PackageFileSystem::initialize(void) __ptr64
3975	?initialize@PlatformAudioDriver@MOXIE@@UEAA?AW4EAudioDrvStatus@2@UAudioDrvProps@2@@Z	public: virtual enum MOXIE::EAudioDrvStatus __cdecl MOXIE::PlatformAudioDriver::initialize(struct MOXIE::AudioDrvProps) __ptr64
3976	?initialize@PlatformAudioDriverDirectSound@MOXIE@@UEAA?AW4EAudioDrvStatus@2@UAudioDrvProps@2@@Z	public: virtual enum MOXIE::EAudioDrvStatus __cdecl MOXIE::PlatformAudioDriverDirectSound::initialize(struct MOXIE::AudioDrvProps) __ptr64
3977	?initialize@RenderDeviceGL@MOXIE@@MEAA_NXZ	protected: virtual bool __cdecl MOXIE::RenderDeviceGL::initialize(void) __ptr64
3978	?initialize@StoryFSM@MOXIE@@QEAAXPEBUNode_t@2@@Z	public: void __cdecl MOXIE::StoryFSM::initialize(struct MOXIE::Node_t const * __ptr64) __ptr64
3979	?initialize@StoryFSM@MOXIE@@QEAAXPEBUfsm_t@StoryManifest@2@@Z	public: void __cdecl MOXIE::StoryFSM::initialize(struct MOXIE::StoryManifest::fsm_t const * __ptr64) __ptr64
3980	?initialize@VideoCubeTile@MOXIE@@QEAA_NPEAUheader_t@VideoCube@2@PEAVMemoryMappedFile@2@_K2IIII@Z	public: bool __cdecl MOXIE::VideoCubeTile::initialize(struct MOXIE::VideoCube::header_t * __ptr64,class MOXIE::MemoryMappedFile * __ptr64,unsigned __int64,unsigned __int64,unsigned int,unsigned int,unsigned int,unsigned int) __ptr64
3981	?initializeLoadThread@RenderDeviceGL@MOXIE@@UEAA_NXZ	public: virtual bool __cdecl MOXIE::RenderDeviceGL::initializeLoadThread(void) __ptr64
3982	?initializeStateCachingThread@RenderDeviceGL@MOXIE@@UEAA_NXZ	public: virtual bool __cdecl MOXIE::RenderDeviceGL::initializeStateCachingThread(void) __ptr64
3983	?initializeUpdateThread@RenderDeviceGL@MOXIE@@UEAA_NXZ	public: virtual bool __cdecl MOXIE::RenderDeviceGL::initializeUpdateThread(void) __ptr64
3984	?instantiate@AnalyticsManager@MOXIE@@CAPEAVIService@2@XZ	private: static class MOXIE::IService * __ptr64 __cdecl MOXIE::AnalyticsManager::instantiate(void)
3985	?instantiate@AudioManager@MOXIE@@SAPEAVIService@2@XZ	public: static class MOXIE::IService * __ptr64 __cdecl MOXIE::AudioManager::instantiate(void)
3986	?instantiate@EnableManager@MOXIE@@KAPEAVIService@2@XZ	protected: static class MOXIE::IService * __ptr64 __cdecl MOXIE::EnableManager::instantiate(void)
3987	?instantiate@GlobalTime@MOXIE@@KAPEAVIService@2@XZ	protected: static class MOXIE::IService * __ptr64 __cdecl MOXIE::GlobalTime::instantiate(void)
3988	?instantiate@InputManager@MOXIE@@CAPEAVIService@2@XZ	private: static class MOXIE::IService * __ptr64 __cdecl MOXIE::InputManager::instantiate(void)
3989	?instantiate@PhysicsManager@MOXIE@@CAPEAVIService@2@XZ	private: static class MOXIE::IService * __ptr64 __cdecl MOXIE::PhysicsManager::instantiate(void)
3990	?instantiate@RenderDebug@MOXIE@@SAPEAVIService@2@XZ	public: static class MOXIE::IService * __ptr64 __cdecl MOXIE::RenderDebug::instantiate(void)
3991	?instantiate@RenderDevice@MOXIE@@SAPEAVIService@2@XZ	public: static class MOXIE::IService * __ptr64 __cdecl MOXIE::RenderDevice::instantiate(void)
3992	?instantiate@RenderManager@MOXIE@@CAPEAVIService@2@XZ	private: static class MOXIE::IService * __ptr64 __cdecl MOXIE::RenderManager::instantiate(void)
3993	?instantiate@ResourceManager@MOXIE@@CAPEAVIService@2@XZ	private: static class MOXIE::IService * __ptr64 __cdecl MOXIE::ResourceManager::instantiate(void)
3994	?instantiate@SceneManager@MOXIE@@CAPEAVIService@2@XZ	private: static class MOXIE::IService * __ptr64 __cdecl MOXIE::SceneManager::instantiate(void)
3995	?instantiate@ScriptManager@MOXIE@@CAPEAVIService@2@XZ	private: static class MOXIE::IService * __ptr64 __cdecl MOXIE::ScriptManager::instantiate(void)
3996	?instantiate@SensorManager@MOXIE@@CAPEAVIService@2@XZ	private: static class MOXIE::IService * __ptr64 __cdecl MOXIE::SensorManager::instantiate(void)
3997	?instantiate@StatManager@MOXIE@@CAPEAVIService@2@XZ	private: static class MOXIE::IService * __ptr64 __cdecl MOXIE::StatManager::instantiate(void)
3998	?instantiate@UriManager@MOXIE@@CAPEAVIService@2@XZ	private: static class MOXIE::IService * __ptr64 __cdecl MOXIE::UriManager::instantiate(void)
3999	?instantiate@VideoCubeManager@MOXIE@@SAPEAVIService@2@XZ	public: static class MOXIE::IService * __ptr64 __cdecl MOXIE::VideoCubeManager::instantiate(void)
4000	?integrateParticles@SGParticleEmitter@MOXIE@@IEAAXM@Z	protected: void __cdecl MOXIE::SGParticleEmitter::integrateParticles(float) __ptr64
4001	?internalLateUpdate@SGNode@MOXIE@@MEAAXXZ	protected: virtual void __cdecl MOXIE::SGNode::internalLateUpdate(void) __ptr64
4002	?internalRender@SGAtmospherics@MOXIE@@MEAAXPEAVRenderView@2@I@Z	protected: virtual void __cdecl MOXIE::SGAtmospherics::internalRender(class MOXIE::RenderView * __ptr64,unsigned int) __ptr64
4003	?internalRender@SGCamera@MOXIE@@MEAAXPEAVRenderView@2@I@Z	protected: virtual void __cdecl MOXIE::SGCamera::internalRender(class MOXIE::RenderView * __ptr64,unsigned int) __ptr64
4004	?internalRender@SGDepth@MOXIE@@EEAAXPEAVRenderView@2@I@Z	private: virtual void __cdecl MOXIE::SGDepth::internalRender(class MOXIE::RenderView * __ptr64,unsigned int) __ptr64
4005	?internalRender@SGFog@MOXIE@@MEAAXPEAVRenderView@2@I@Z	protected: virtual void __cdecl MOXIE::SGFog::internalRender(class MOXIE::RenderView * __ptr64,unsigned int) __ptr64
4006	?internalRender@SGGroup@MOXIE@@MEAAXPEAVRenderView@2@I@Z	protected: virtual void __cdecl MOXIE::SGGroup::internalRender(class MOXIE::RenderView * __ptr64,unsigned int) __ptr64
4007	?internalRender@SGLight@MOXIE@@MEAAXPEAVRenderView@2@I@Z	protected: virtual void __cdecl MOXIE::SGLight::internalRender(class MOXIE::RenderView * __ptr64,unsigned int) __ptr64
4008	?internalRender@SGModelInstance@MOXIE@@MEAAXPEAVRenderView@2@I@Z	protected: virtual void __cdecl MOXIE::SGModelInstance::internalRender(class MOXIE::RenderView * __ptr64,unsigned int) __ptr64
4009	?internalRender@SGNode@MOXIE@@MEAAXPEAVRenderView@2@I@Z	protected: virtual void __cdecl MOXIE::SGNode::internalRender(class MOXIE::RenderView * __ptr64,unsigned int) __ptr64
4010	?internalRender@SGParticleEmitter@MOXIE@@MEAAXPEAVRenderView@2@I@Z	protected: virtual void __cdecl MOXIE::SGParticleEmitter::internalRender(class MOXIE::RenderView * __ptr64,unsigned int) __ptr64
4011	?internalRender@SGProjector@MOXIE@@MEAAXPEAVRenderView@2@I@Z	protected: virtual void __cdecl MOXIE::SGProjector::internalRender(class MOXIE::RenderView * __ptr64,unsigned int) __ptr64
4012	?internalRender@SGRenderGraph@MOXIE@@MEAAXPEAVRenderView@2@I@Z	protected: virtual void __cdecl MOXIE::SGRenderGraph::internalRender(class MOXIE::RenderView * __ptr64,unsigned int) __ptr64
4013	?internalRender@SGTransform@MOXIE@@MEAAXPEAVRenderView@2@I@Z	protected: virtual void __cdecl MOXIE::SGTransform::internalRender(class MOXIE::RenderView * __ptr64,unsigned int) __ptr64
4014	?internalRender@SGVideo360Player@MOXIE@@MEAAXPEAVRenderView@2@I@Z	protected: virtual void __cdecl MOXIE::SGVideo360Player::internalRender(class MOXIE::RenderView * __ptr64,unsigned int) __ptr64
4015	?internalUpdate@SGAtmospherics@MOXIE@@MEAAXI@Z	protected: virtual void __cdecl MOXIE::SGAtmospherics::internalUpdate(unsigned int) __ptr64
4016	?internalUpdate@SGAttachmentProxy@MOXIE@@MEAAXI@Z	protected: virtual void __cdecl MOXIE::SGAttachmentProxy::internalUpdate(unsigned int) __ptr64
4017	?internalUpdate@SGCamera@MOXIE@@MEAAXI@Z	protected: virtual void __cdecl MOXIE::SGCamera::internalUpdate(unsigned int) __ptr64
4018	?internalUpdate@SGDepth@MOXIE@@EEAAXI@Z	private: virtual void __cdecl MOXIE::SGDepth::internalUpdate(unsigned int) __ptr64
4019	?internalUpdate@SGFog@MOXIE@@MEAAXI@Z	protected: virtual void __cdecl MOXIE::SGFog::internalUpdate(unsigned int) __ptr64
4020	?internalUpdate@SGGroup@MOXIE@@MEAAXI@Z	protected: virtual void __cdecl MOXIE::SGGroup::internalUpdate(unsigned int) __ptr64
4021	?internalUpdate@SGLight@MOXIE@@MEAAXI@Z	protected: virtual void __cdecl MOXIE::SGLight::internalUpdate(unsigned int) __ptr64
4022	?internalUpdate@SGModelInstance@MOXIE@@MEAAXI@Z	protected: virtual void __cdecl MOXIE::SGModelInstance::internalUpdate(unsigned int) __ptr64
4023	?internalUpdate@SGParticleEmitter@MOXIE@@MEAAXI@Z	protected: virtual void __cdecl MOXIE::SGParticleEmitter::internalUpdate(unsigned int) __ptr64
4024	?internalUpdate@SGParticleEmitter@MOXIE@@MEAAXIM@Z	protected: virtual void __cdecl MOXIE::SGParticleEmitter::internalUpdate(unsigned int,float) __ptr64
4025	?internalUpdate@SGProjector@MOXIE@@MEAAXI@Z	protected: virtual void __cdecl MOXIE::SGProjector::internalUpdate(unsigned int) __ptr64
4026	?internalUpdate@SGRenderGraph@MOXIE@@MEAAXI@Z	protected: virtual void __cdecl MOXIE::SGRenderGraph::internalUpdate(unsigned int) __ptr64
4027	?internalUpdate@SGTransform@MOXIE@@MEAAXI@Z	protected: virtual void __cdecl MOXIE::SGTransform::internalUpdate(unsigned int) __ptr64
4028	?internalUpdate@SGVideoCubePlayer@MOXIE@@EEAAXI@Z	private: virtual void __cdecl MOXIE::SGVideoCubePlayer::internalUpdate(unsigned int) __ptr64
4029	?internalUpdate@SGVideoCubeRectPlayer@MOXIE@@EEAAXI@Z	private: virtual void __cdecl MOXIE::SGVideoCubeRectPlayer::internalUpdate(unsigned int) __ptr64
4030	?internalUpdate@SGVideoLatLongPlayer@MOXIE@@EEAAXI@Z	private: virtual void __cdecl MOXIE::SGVideoLatLongPlayer::internalUpdate(unsigned int) __ptr64
4031	?intersects@AABBox@MOXIE@@QEBA_NAEBVRay@2@PEAVVector3@2@@Z	public: bool __cdecl MOXIE::AABBox::intersects(class MOXIE::Ray const & __ptr64,class MOXIE::Vector3 * __ptr64)const __ptr64
4032	?intoChunk@RiffDiver@MOXIE@@QEAA_NI@Z	public: bool __cdecl MOXIE::RiffDiver::intoChunk(unsigned int) __ptr64
4033	?invalid@Sound@MOXIE@@SAAEAV12@XZ	public: static class MOXIE::Sound & __ptr64 __cdecl MOXIE::Sound::invalid(void)
4034	?invalidate@AABBox@MOXIE@@QEAAXXZ	public: void __cdecl MOXIE::AABBox::invalidate(void) __ptr64
4035	?invalidateLocalBounds@SGTransform@MOXIE@@QEAAXXZ	public: void __cdecl MOXIE::SGTransform::invalidateLocalBounds(void) __ptr64
4036	?invalidateRenderTarget@RenderView@MOXIE@@QEAAXXZ	public: void __cdecl MOXIE::RenderView::invalidateRenderTarget(void) __ptr64
4037	?inverse@Quaternion@MOXIE@@QEBA?AV12@XZ	public: class MOXIE::Quaternion __cdecl MOXIE::Quaternion::inverse(void)const __ptr64
4038	?inverse@Transform@MOXIE@@QEBA?AV12@XZ	public: class MOXIE::Transform __cdecl MOXIE::Transform::inverse(void)const __ptr64
4039	?inverseProjection@Matrix4@MOXIE@@QEAAXAEAM000MM@Z	public: void __cdecl MOXIE::Matrix4::inverseProjection(float & __ptr64,float & __ptr64,float & __ptr64,float & __ptr64,float,float) __ptr64
4040	?invert@Matrix3@MOXIE@@QEAA_NXZ	public: bool __cdecl MOXIE::Matrix3::invert(void) __ptr64
4041	?invert@Matrix4@MOXIE@@QEAA_NXZ	public: bool __cdecl MOXIE::Matrix4::invert(void) __ptr64
4042	?invertMatrix@@YAXPEAM0@Z	void __cdecl invertMatrix(float * __ptr64,float * __ptr64)
4043	?is360RenderingEnabled@Application@MOXIE@@QEBA_NXZ	public: bool __cdecl MOXIE::Application::is360RenderingEnabled(void)const __ptr64
4044	?isActive@SGComponent@MOXIE@@QEBA_NXZ	public: bool __cdecl MOXIE::SGComponent::isActive(void)const __ptr64
4045	?isActive@SGNode@MOXIE@@QEAA_NXZ	public: bool __cdecl MOXIE::SGNode::isActive(void) __ptr64
4046	?isActive@SGReplay@MOXIE@@QEBA_NXZ	public: bool __cdecl MOXIE::SGReplay::isActive(void)const __ptr64
4047	?isActive@ShaderParameter@MOXIE@@QEBA_NXZ	public: bool __cdecl MOXIE::ShaderParameter::isActive(void)const __ptr64
4048	?isActiveTextureTransform@Material@MOXIE@@QEBA_NH@Z	public: bool __cdecl MOXIE::Material::isActiveTextureTransform(int)const __ptr64
4049	?isAlpha@Lexer@MOXIE@@QEAA_ND@Z	public: bool __cdecl MOXIE::Lexer::isAlpha(char) __ptr64
4050	?isAlphaNumeric@Lexer@MOXIE@@QEAA_ND@Z	public: bool __cdecl MOXIE::Lexer::isAlphaNumeric(char) __ptr64
4051	?isAnimating@Animator@MOXIE@@QEBA_NXZ	public: bool __cdecl MOXIE::Animator::isAnimating(void)const __ptr64
4052	?isAnimating@FlipbookAnimator@MOXIE@@QEBA_NXZ	public: bool __cdecl MOXIE::FlipbookAnimator::isAnimating(void)const __ptr64
4053	?isAsciiCharacter@SymbolTable@MOXIE@@CA_ND@Z	private: static bool __cdecl MOXIE::SymbolTable::isAsciiCharacter(char)
4054	?isAssetCached@StoryGSM@MOXIE@@IEAA_NPEBDPEAVPackageFileSystem@2@I@Z	protected: bool __cdecl MOXIE::StoryGSM::isAssetCached(char const * __ptr64,class MOXIE::PackageFileSystem * __ptr64,unsigned int) __ptr64
4055	?isBusy@FlipbookInstance@MOXIE@@QEAA_NXZ	public: bool __cdecl MOXIE::FlipbookInstance::isBusy(void) __ptr64
4056	?isCached@PackageFileSystem@MOXIE@@QEAA_NI@Z	public: bool __cdecl MOXIE::PackageFileSystem::isCached(unsigned int) __ptr64
4057	?isCanceled@IJob@MOXIE@@IEAA_NXZ	protected: bool __cdecl MOXIE::IJob::isCanceled(void) __ptr64
4058	?isCanceled@JobQueue@MOXIE@@QEAA_NXZ	public: bool __cdecl MOXIE::JobQueue::isCanceled(void) __ptr64
4059	?isCenteredFov@FieldOfView@MOXIE@@QEBA_NXZ	public: bool __cdecl MOXIE::FieldOfView::isCenteredFov(void)const __ptr64
4060	?isChildOf@SGNode@MOXIE@@QEBA_NPEAV12@@Z	public: bool __cdecl MOXIE::SGNode::isChildOf(class MOXIE::SGNode * __ptr64)const __ptr64
4061	?isCompiled@ShaderGL_ES2@MOXIE@@UEBA_NXZ	public: virtual bool __cdecl MOXIE::ShaderGL_ES2::isCompiled(void)const __ptr64
4062	?isCompressed@PixelFormat@MOXIE@@SA_NW4EPixelFormat@2@@Z	public: static bool __cdecl MOXIE::PixelFormat::isCompressed(enum MOXIE::EPixelFormat)
4063	?isCompressed@Surface@MOXIE@@QEBA_NXZ	public: bool __cdecl MOXIE::Surface::isCompressed(void)const __ptr64
4064	?isConditionTrue@ShaderParser@MOXIE@@CA_NHHH@Z	private: static bool __cdecl MOXIE::ShaderParser::isConditionTrue(int,int,int)
4065	?isConnected@TcpSocket@MOXIE@@QEBA_NXZ	public: bool __cdecl MOXIE::TcpSocket::isConnected(void)const __ptr64
4066	?isCubeMap@Surface@MOXIE@@QEBA_NXZ	public: bool __cdecl MOXIE::Surface::isCubeMap(void)const __ptr64
4067	?isDebugLogEnabled@Application@MOXIE@@QEBA_NXZ	public: bool __cdecl MOXIE::Application::isDebugLogEnabled(void)const __ptr64
4068	?isDigit@Lexer@MOXIE@@QEAA_ND@Z	public: bool __cdecl MOXIE::Lexer::isDigit(char) __ptr64
4069	?isDone@Animator@MOXIE@@QEBA_NPEBD@Z	public: bool __cdecl MOXIE::Animator::isDone(char const * __ptr64)const __ptr64
4070	?isDone@Application@MOXIE@@QEBA_NXZ	public: bool __cdecl MOXIE::Application::isDone(void)const __ptr64
4071	?isDone@FlipbookAnimator@MOXIE@@QEBA_NPEBD@Z	public: bool __cdecl MOXIE::FlipbookAnimator::isDone(char const * __ptr64)const __ptr64
4072	?isEmitterCompatible@AudPlayer@MOXIE@@QEBA_NW4MEMITTERTYPE@2@@Z	public: bool __cdecl MOXIE::AudPlayer::isEmitterCompatible(enum MOXIE::MEMITTERTYPE)const __ptr64
4073	?isEmpty@String@MOXIE@@QEBA_NXZ	public: bool __cdecl MOXIE::String::isEmpty(void)const __ptr64
4074	?isEnabled@ShaderParameter@MOXIE@@QEBA_NG@Z	public: bool __cdecl MOXIE::ShaderParameter::isEnabled(unsigned short)const __ptr64
4075	?isEnabled@StorySubtitles@MOXIE@@QEAA_NXZ	public: bool __cdecl MOXIE::StorySubtitles::isEnabled(void) __ptr64
4076	?isEqual@Vector2@MOXIE@@QEAA_NAEBV12@M@Z	public: bool __cdecl MOXIE::Vector2::isEqual(class MOXIE::Vector2 const & __ptr64,float) __ptr64
4077	?isEqual@Vector3@MOXIE@@QEAA_NAEBV12@M@Z	public: bool __cdecl MOXIE::Vector3::isEqual(class MOXIE::Vector3 const & __ptr64,float) __ptr64
4078	?isEqual@Vector4@MOXIE@@QEAA_NAEBV12@M@Z	public: bool __cdecl MOXIE::Vector4::isEqual(class MOXIE::Vector4 const & __ptr64,float) __ptr64
4079	?isExtensionSupported@RenderDeviceGL@MOXIE@@KA_NPEBD@Z	protected: static bool __cdecl MOXIE::RenderDeviceGL::isExtensionSupported(char const * __ptr64)
4080	?isFileMounted@NetworkFileSystem@MOXIE@@QEAA_NPEBD@Z	public: bool __cdecl MOXIE::NetworkFileSystem::isFileMounted(char const * __ptr64) __ptr64
4081	?isFunction@LUtil@MOXIE@@SA_NPEAUlua_State@@PEBD@Z	public: static bool __cdecl MOXIE::LUtil::isFunction(struct lua_State * __ptr64,char const * __ptr64)
4082	?isInitialized@LApiCameraRig@duet@@SA_NPEAUlua_State@@@Z	public: static bool __cdecl duet::LApiCameraRig::isInitialized(struct lua_State * __ptr64)
4083	?isInstance@Material@MOXIE@@QEAA_NXZ	public: bool __cdecl MOXIE::Material::isInstance(void) __ptr64
4084	?isLatLongRenderingEnabled@Application@MOXIE@@QEBA_NXZ	public: bool __cdecl MOXIE::Application::isLatLongRenderingEnabled(void)const __ptr64
4085	?isLocal@PackageFileSystem@MOXIE@@QEAA_NXZ	public: bool __cdecl MOXIE::PackageFileSystem::isLocal(void) __ptr64
4086	?isLocked@SceneGraph@MOXIE@@QEBA_NXZ	public: bool __cdecl MOXIE::SceneGraph::isLocked(void)const __ptr64
4087	?isModified@CommandLine@MOXIE@@QEAA_NPEBD@Z	public: bool __cdecl MOXIE::CommandLine::isModified(char const * __ptr64) __ptr64
4088	?isOpSymbol@Lexer@MOXIE@@QEAA_ND@Z	public: bool __cdecl MOXIE::Lexer::isOpSymbol(char) __ptr64
4089	?isOpen@FileStream@MOXIE@@QEAA_NXZ	public: bool __cdecl MOXIE::FileStream::isOpen(void) __ptr64
4090	?isOperator@Lexer@MOXIE@@QEAA_NPEAD@Z	public: bool __cdecl MOXIE::Lexer::isOperator(char * __ptr64) __ptr64
4091	?isOsd@Application@MOXIE@@QEBA_NXZ	public: bool __cdecl MOXIE::Application::isOsd(void)const __ptr64
4092	?isPatch@ModelResource@MOXIE@@QEBA_NXZ	public: bool __cdecl MOXIE::ModelResource::isPatch(void)const __ptr64
4093	?isPaused@SGVideoCubePlayer@MOXIE@@UEBA_NXZ	public: virtual bool __cdecl MOXIE::SGVideoCubePlayer::isPaused(void)const __ptr64
4094	?isPaused@SGVideoCubeRectPlayer@MOXIE@@UEBA_NXZ	public: virtual bool __cdecl MOXIE::SGVideoCubeRectPlayer::isPaused(void)const __ptr64
4095	?isPaused@SGVideoLatLongPlayer@MOXIE@@UEBA_NXZ	public: virtual bool __cdecl MOXIE::SGVideoLatLongPlayer::isPaused(void)const __ptr64
4096	?isPaused@Time@MOXIE@@QEBA_NXZ	public: bool __cdecl MOXIE::Time::isPaused(void)const __ptr64
4097	?isPerfEnabled@Application@MOXIE@@QEBA_NXZ	public: bool __cdecl MOXIE::Application::isPerfEnabled(void)const __ptr64
4098	?isPlaying@Animator@MOXIE@@QEBA_NPEBD@Z	public: bool __cdecl MOXIE::Animator::isPlaying(char const * __ptr64)const __ptr64
4099	?isPlaying@FlipbookAnimator@MOXIE@@QEBA_NPEBD@Z	public: bool __cdecl MOXIE::FlipbookAnimator::isPlaying(char const * __ptr64)const __ptr64
4100	?isPlaying@SGVideoCubePlayer@MOXIE@@UEBA_NXZ	public: virtual bool __cdecl MOXIE::SGVideoCubePlayer::isPlaying(void)const __ptr64
4101	?isPlaying@SGVideoCubeRectPlayer@MOXIE@@UEBA_NXZ	public: virtual bool __cdecl MOXIE::SGVideoCubeRectPlayer::isPlaying(void)const __ptr64
4102	?isPlaying@SGVideoLatLongPlayer@MOXIE@@UEBA_NXZ	public: virtual bool __cdecl MOXIE::SGVideoLatLongPlayer::isPlaying(void)const __ptr64
4103	?isPresent@CommandLine@MOXIE@@QEAA_NPEBD@Z	public: bool __cdecl MOXIE::CommandLine::isPresent(char const * __ptr64) __ptr64
4104	?isPublic@ShaderParameter@MOXIE@@QEBA_NXZ	public: bool __cdecl MOXIE::ShaderParameter::isPublic(void)const __ptr64
4105	?isQueued@FlipbookInstance@MOXIE@@QEAA_NI@Z	public: bool __cdecl MOXIE::FlipbookInstance::isQueued(unsigned int) __ptr64
4106	?isReady@FlipbookInstance@MOXIE@@QEAA_NI@Z	public: bool __cdecl MOXIE::FlipbookInstance::isReady(unsigned int) __ptr64
4107	?isReady@StoryManager@MOXIE@@QEAA_NI@Z	public: bool __cdecl MOXIE::StoryManager::isReady(unsigned int) __ptr64
4108	?isRecording@SGReplay@MOXIE@@QEBA_NXZ	public: bool __cdecl MOXIE::SGReplay::isRecording(void)const __ptr64
4109	?isRenderBuffer@Surface@MOXIE@@QEBA_NXZ	public: bool __cdecl MOXIE::Surface::isRenderBuffer(void)const __ptr64
4110	?isRenderThread@RenderDeviceGL@MOXIE@@AEBA_NXZ	private: bool __cdecl MOXIE::RenderDeviceGL::isRenderThread(void)const __ptr64
4111	?isReplaying@SGReplay@MOXIE@@QEBA_NXZ	public: bool __cdecl MOXIE::SGReplay::isReplaying(void)const __ptr64
4112	?isResident@FBImageResource@MOXIE@@QEBA_NXZ	public: bool __cdecl MOXIE::FBImageResource::isResident(void)const __ptr64
4113	?isResident@FlipbookInstance@MOXIE@@QEBA_NXZ	public: bool __cdecl MOXIE::FlipbookInstance::isResident(void)const __ptr64
4114	?isRoot@SGNode@MOXIE@@QEBA_NXZ	public: bool __cdecl MOXIE::SGNode::isRoot(void)const __ptr64
4115	?isRunning@Time@MOXIE@@QEBA_NXZ	public: bool __cdecl MOXIE::Time::isRunning(void)const __ptr64
4116	?isSceneOpaque@LApplication@MOXIE@@QEBA_NXZ	public: bool __cdecl MOXIE::LApplication::isSceneOpaque(void)const __ptr64
4117	?isSkinningEnabled@ModelResource@MOXIE@@QEBA_NI@Z	public: bool __cdecl MOXIE::ModelResource::isSkinningEnabled(unsigned int)const __ptr64
4118	?isStarted@Engine@MOXIE@@QEAA_NXZ	public: bool __cdecl MOXIE::Engine::isStarted(void) __ptr64
4119	?isStateCached@StoryGSM@MOXIE@@QEAA_NPEBD@Z	public: bool __cdecl MOXIE::StoryGSM::isStateCached(char const * __ptr64) __ptr64
4120	?isStepping@Time@MOXIE@@QEBA_NXZ	public: bool __cdecl MOXIE::Time::isStepping(void)const __ptr64
4121	?isStereoscopicEnabled@Application@MOXIE@@QEBA_NXZ	public: bool __cdecl MOXIE::Application::isStereoscopicEnabled(void)const __ptr64
4122	?isStopped@Time@MOXIE@@QEBA_NXZ	public: bool __cdecl MOXIE::Time::isStopped(void)const __ptr64
4123	?isStreaming@ResourceManager@MOXIE@@QEBA_NXZ	public: bool __cdecl MOXIE::ResourceManager::isStreaming(void)const __ptr64
4124	?isSupported@ResourceMonitor@MOXIE@@QEBA_NI@Z	public: bool __cdecl MOXIE::ResourceMonitor::isSupported(unsigned int)const __ptr64
4125	?isTextureCode@ShaderParser@MOXIE@@CA_NPEBDPEADAEAIAEAH3@Z	private: static bool __cdecl MOXIE::ShaderParser::isTextureCode(char const * __ptr64,char * __ptr64,unsigned int & __ptr64,int & __ptr64,int & __ptr64)
4126	?isType@RTTI@MOXIE@@QEBA_NPEBV12@@Z	public: bool __cdecl MOXIE::RTTI::isType(class MOXIE::RTTI const * __ptr64)const __ptr64
4127	?isTypeOf@RTTI@MOXIE@@QEBA_NPEBV12@@Z	public: bool __cdecl MOXIE::RTTI::isTypeOf(class MOXIE::RTTI const * __ptr64)const __ptr64
4128	?isValid@AABBox@MOXIE@@QEBA_NXZ	public: bool __cdecl MOXIE::AABBox::isValid(void)const __ptr64
4129	?isValid@StoryConfig@MOXIE@@QEAA_NXZ	public: bool __cdecl MOXIE::StoryConfig::isValid(void) __ptr64
4130	?isValid@StoryGSM@MOXIE@@QEAA_NXZ	public: bool __cdecl MOXIE::StoryGSM::isValid(void) __ptr64
4131	?isValid@Uri@MOXIE@@QEBA_NXZ	public: bool __cdecl MOXIE::Uri::isValid(void)const __ptr64
4132	?isValid@VertexAnimDecoder@MOXIE@@QEBA_NH@Z	public: bool __cdecl MOXIE::VertexAnimDecoder::isValid(int)const __ptr64
4133	?isValidSeperator@String@MOXIE@@IEBA_ND@Z	protected: bool __cdecl MOXIE::String::isValidSeperator(char)const __ptr64
4134	?isVisible@@YA_NPEAX@Z	bool __cdecl isVisible(void * __ptr64)
4135	?isVisible@Camera@MOXIE@@QEBA_NAEBVAABBox@2@@Z	public: bool __cdecl MOXIE::Camera::isVisible(class MOXIE::AABBox const & __ptr64)const __ptr64
4136	?isVisible@SGCamera@MOXIE@@QEBA_NAEBVAABBox@2@@Z	public: bool __cdecl MOXIE::SGCamera::isVisible(class MOXIE::AABBox const & __ptr64)const __ptr64
4137	?isVisible@SGNode@MOXIE@@QEAA_NXZ	public: bool __cdecl MOXIE::SGNode::isVisible(void) __ptr64
4138	?isVolume@Surface@MOXIE@@QEBA_NXZ	public: bool __cdecl MOXIE::Surface::isVolume(void)const __ptr64
4139	?isVsyncEnabled@Application@MOXIE@@QEBA_NXZ	public: bool __cdecl MOXIE::Application::isVsyncEnabled(void)const __ptr64
4140	?isWhitespace@Lexer@MOXIE@@QEAA_ND@Z	public: bool __cdecl MOXIE::Lexer::isWhitespace(char) __ptr64
4141	?isWholeWordMatch@String@MOXIE@@IEBA_NPEBD0@Z	protected: bool __cdecl MOXIE::String::isWholeWordMatch(char const * __ptr64,char const * __ptr64)const __ptr64
4142	?isWireframe@@YA_NPEAX@Z	bool __cdecl isWireframe(void * __ptr64)
4143	?join@Thread@MOXIE@@QEAA_NI@Z	public: bool __cdecl MOXIE::Thread::join(unsigned int) __ptr64
4144	?join@Thread@MOXIE@@QEAA_NXZ	public: bool __cdecl MOXIE::Thread::join(void) __ptr64
4145	?joinThread@StoryPlayer@MOXIE@@AEAAXXZ	private: void __cdecl MOXIE::StoryPlayer::joinThread(void) __ptr64
4146	?kFirstHFile@PackageFileSystem@MOXIE@@2IB	public: static unsigned int const MOXIE::PackageFileSystem::kFirstHFile
4147	?kHeaderSignature@PackageFileSystem@MOXIE@@2IB	public: static unsigned int const MOXIE::PackageFileSystem::kHeaderSignature
4148	?kHeaderVersion@PackageFileSystem@MOXIE@@2IB	public: static unsigned int const MOXIE::PackageFileSystem::kHeaderVersion
4149	?kInitialDiskCapacity@PackageFileSystem@MOXIE@@2IB	public: static unsigned int const MOXIE::PackageFileSystem::kInitialDiskCapacity
4150	?kInitialRamCapacity@PackageFileSystem@MOXIE@@2IB	public: static unsigned int const MOXIE::PackageFileSystem::kInitialRamCapacity
4151	?lateUpdateComponents@SGNode@MOXIE@@QEAAXXZ	public: void __cdecl MOXIE::SGNode::lateUpdateComponents(void) __ptr64
4152	?length@String@MOXIE@@QEBAIXZ	public: unsigned int __cdecl MOXIE::String::length(void)const __ptr64
4153	?lex_@Lexer@MOXIE@@AEAA?AW4ELexType@2@XZ	private: enum MOXIE::ELexType __cdecl MOXIE::Lexer::lex_(void) __ptr64
4154	?listen@TcpSocket@MOXIE@@QEAA_NG_N@Z	public: bool __cdecl MOXIE::TcpSocket::listen(unsigned short,bool) __ptr64
4155	?load@Bitmap@MOXIE@@QEAA_NPEBD@Z	public: bool __cdecl MOXIE::Bitmap::load(char const * __ptr64) __ptr64
4156	?load@CSV@@QEAA_NPEBD@Z	public: bool __cdecl CSV::load(char const * __ptr64) __ptr64
4157	?load@FontMap@MOXIE@@QEAA_NPEBD@Z	public: bool __cdecl MOXIE::FontMap::load(char const * __ptr64) __ptr64
4158	?load@MemoryStream@MOXIE@@QEAA_NPEAVFileSystem@2@PEBD@Z	public: bool __cdecl MOXIE::MemoryStream::load(class MOXIE::FileSystem * __ptr64,char const * __ptr64) __ptr64
4159	?load@ParticleMap@MOXIE@@QEAA_NAEBVString@2@@Z	public: bool __cdecl MOXIE::ParticleMap::load(class MOXIE::String const & __ptr64) __ptr64
4160	?load@Resource@MOXIE@@QEAAXAEBVUri@2@I@Z	public: void __cdecl MOXIE::Resource::load(class MOXIE::Uri const & __ptr64,unsigned int) __ptr64
4161	?load@Surface@MOXIE@@QEAA_NPEAVFileSystem@2@PEBD@Z	public: bool __cdecl MOXIE::Surface::load(class MOXIE::FileSystem * __ptr64,char const * __ptr64) __ptr64
4162	?load@gsaDecoder@MOXIE@@QEAA_NPEBD@Z	public: bool __cdecl MOXIE::gsaDecoder::load(char const * __ptr64) __ptr64
4163	?load@gsaDecoder@MOXIE@@QEAA_NPEBVgsaDecoderResource@2@_N@Z	public: bool __cdecl MOXIE::gsaDecoder::load(class MOXIE::gsaDecoderResource const * __ptr64,bool) __ptr64
4164	?load@gsaDecoderResource@MOXIE@@QEAA_NI@Z	public: bool __cdecl MOXIE::gsaDecoderResource::load(unsigned int) __ptr64
4165	?load@gsaDecoderResource@MOXIE@@QEAA_NPEBD@Z	public: bool __cdecl MOXIE::gsaDecoderResource::load(char const * __ptr64) __ptr64
4166	?loadBasicCompoundType@LuaTable@MOXIE@@QEBAXAEAVMatrix4@2@@Z	public: void __cdecl MOXIE::LuaTable::loadBasicCompoundType(class MOXIE::Matrix4 & __ptr64)const __ptr64
4167	?loadBasicCompoundType@LuaTable@MOXIE@@QEBAXAEAVVector2@2@@Z	public: void __cdecl MOXIE::LuaTable::loadBasicCompoundType(class MOXIE::Vector2 & __ptr64)const __ptr64
4168	?loadBasicCompoundType@LuaTable@MOXIE@@QEBAXAEAVVector3@2@@Z	public: void __cdecl MOXIE::LuaTable::loadBasicCompoundType(class MOXIE::Vector3 & __ptr64)const __ptr64
4169	?loadBasicCompoundType@LuaTable@MOXIE@@QEBAXAEAVVector4@2@@Z	public: void __cdecl MOXIE::LuaTable::loadBasicCompoundType(class MOXIE::Vector4 & __ptr64)const __ptr64
4170	?loadBegin@RenderDeviceGL@MOXIE@@UEAAXXZ	public: virtual void __cdecl MOXIE::RenderDeviceGL::loadBegin(void) __ptr64
4171	?loadDDS@Surface@MOXIE@@AEAA_NPEBDPEAEI@Z	private: bool __cdecl MOXIE::Surface::loadDDS(char const * __ptr64,unsigned char * __ptr64,unsigned int) __ptr64
4172	?loadData@BitStream@MOXIE@@QEAAXPEAEI_K@Z	public: void __cdecl MOXIE::BitStream::loadData(unsigned char * __ptr64,unsigned int,unsigned __int64) __ptr64
4173	?loadDevice@SGModelInstance@MOXIE@@QEAAXXZ	public: void __cdecl MOXIE::SGModelInstance::loadDevice(void) __ptr64
4174	?loadEnd@RenderDeviceGL@MOXIE@@UEAAXXZ	public: virtual void __cdecl MOXIE::RenderDeviceGL::loadEnd(void) __ptr64
4175	?loadLocalPackage@PackageFileSystem@MOXIE@@QEAA_NPEBD@Z	public: bool __cdecl MOXIE::PackageFileSystem::loadLocalPackage(char const * __ptr64) __ptr64
4176	?loadMovie@@YAHPEAUHWND__@@PEAD@Z	int __cdecl loadMovie(struct HWND__ * __ptr64,char * __ptr64)
4177	?loadPipelineState@LApplication@MOXIE@@QEAAXAEBVString@2@@Z	public: void __cdecl MOXIE::LApplication::loadPipelineState(class MOXIE::String const & __ptr64) __ptr64
4178	?loadRemotePackage@PackageFileSystem@MOXIE@@QEAA_NPEBD@Z	public: bool __cdecl MOXIE::PackageFileSystem::loadRemotePackage(char const * __ptr64) __ptr64
4179	?loadResource@AudioSystem@MOXIE@@QEAA?AW4MauxStatus@2@I@Z	public: enum MOXIE::MauxStatus __cdecl MOXIE::AudioSystem::loadResource(unsigned int) __ptr64
4180	?loadShader@ShaderParser@MOXIE@@SA_NPEBD@Z	public: static bool __cdecl MOXIE::ShaderParser::loadShader(char const * __ptr64)
4181	?loadTable@LDataTableLoader@MOXIE@@SAPEBVLuaDataTable@2@PEBDAEBVString@2@PEAVLEnvironment@2@_N@Z	public: static class MOXIE::LuaDataTable const * __ptr64 __cdecl MOXIE::LDataTableLoader::loadTable(char const * __ptr64,class MOXIE::String const & __ptr64,class MOXIE::LEnvironment * __ptr64,bool)
4182	?loadTexture@@YAXPEADPEAUTextureData@@@Z	void __cdecl loadTexture(char * __ptr64,struct TextureData * __ptr64)
4183	?loadUsingInternalFormats@Surface@MOXIE@@AEAA_NPEBDPEAEI@Z	private: bool __cdecl MOXIE::Surface::loadUsingInternalFormats(char const * __ptr64,unsigned char * __ptr64,unsigned int) __ptr64
4184	?loadWindowLayout@Win32Utils@@SA_NAEAUtagWINDOWPLACEMENT@@@Z	public: static bool __cdecl Win32Utils::loadWindowLayout(struct tagWINDOWPLACEMENT & __ptr64)
4185	?locate@?$EngineService@VAnalyticsManager@MOXIE@@@MOXIE@@SAPEAVAnalyticsManager@2@XZ	public: static class MOXIE::AnalyticsManager * __ptr64 __cdecl MOXIE::EngineService<class MOXIE::AnalyticsManager>::locate(void)
4186	?locate@?$EngineService@VAudioManager@MOXIE@@@MOXIE@@SAPEAVAudioManager@2@XZ	public: static class MOXIE::AudioManager * __ptr64 __cdecl MOXIE::EngineService<class MOXIE::AudioManager>::locate(void)
4187	?locate@?$EngineService@VEnableManager@MOXIE@@@MOXIE@@SAPEAVEnableManager@2@XZ	public: static class MOXIE::EnableManager * __ptr64 __cdecl MOXIE::EngineService<class MOXIE::EnableManager>::locate(void)
4188	?locate@?$EngineService@VInputManager@MOXIE@@@MOXIE@@SAPEAVInputManager@2@XZ	public: static class MOXIE::InputManager * __ptr64 __cdecl MOXIE::EngineService<class MOXIE::InputManager>::locate(void)
4189	?locate@?$EngineService@VPhysicsManager@MOXIE@@@MOXIE@@SAPEAVPhysicsManager@2@XZ	public: static class MOXIE::PhysicsManager * __ptr64 __cdecl MOXIE::EngineService<class MOXIE::PhysicsManager>::locate(void)
4190	?locate@?$EngineService@VRenderDebug@MOXIE@@@MOXIE@@SAPEAVRenderDebug@2@XZ	public: static class MOXIE::RenderDebug * __ptr64 __cdecl MOXIE::EngineService<class MOXIE::RenderDebug>::locate(void)
4191	?locate@?$EngineService@VRenderDevice@MOXIE@@@MOXIE@@SAPEAVRenderDevice@2@XZ	public: static class MOXIE::RenderDevice * __ptr64 __cdecl MOXIE::EngineService<class MOXIE::RenderDevice>::locate(void)
4192	?locate@?$EngineService@VRenderManager@MOXIE@@@MOXIE@@SAPEAVRenderManager@2@XZ	public: static class MOXIE::RenderManager * __ptr64 __cdecl MOXIE::EngineService<class MOXIE::RenderManager>::locate(void)
4193	?locate@?$EngineService@VResourceManager@MOXIE@@@MOXIE@@SAPEAVResourceManager@2@XZ	public: static class MOXIE::ResourceManager * __ptr64 __cdecl MOXIE::EngineService<class MOXIE::ResourceManager>::locate(void)
4194	?locate@?$EngineService@VSceneManager@MOXIE@@@MOXIE@@SAPEAVSceneManager@2@XZ	public: static class MOXIE::SceneManager * __ptr64 __cdecl MOXIE::EngineService<class MOXIE::SceneManager>::locate(void)
4195	?locate@?$EngineService@VScriptManager@MOXIE@@@MOXIE@@SAPEAVScriptManager@2@XZ	public: static class MOXIE::ScriptManager * __ptr64 __cdecl MOXIE::EngineService<class MOXIE::ScriptManager>::locate(void)
4196	?locate@?$EngineService@VSensorManager@MOXIE@@@MOXIE@@SAPEAVSensorManager@2@XZ	public: static class MOXIE::SensorManager * __ptr64 __cdecl MOXIE::EngineService<class MOXIE::SensorManager>::locate(void)
4197	?locate@?$EngineService@VStatManager@MOXIE@@@MOXIE@@SAPEAVStatManager@2@XZ	public: static class MOXIE::StatManager * __ptr64 __cdecl MOXIE::EngineService<class MOXIE::StatManager>::locate(void)
4198	?locate@?$EngineService@VUriManager@MOXIE@@@MOXIE@@SAPEAVUriManager@2@XZ	public: static class MOXIE::UriManager * __ptr64 __cdecl MOXIE::EngineService<class MOXIE::UriManager>::locate(void)
4199	?locate@?$EngineService@VVideoCubeManager@MOXIE@@@MOXIE@@SAPEAVVideoCubeManager@2@XZ	public: static class MOXIE::VideoCubeManager * __ptr64 __cdecl MOXIE::EngineService<class MOXIE::VideoCubeManager>::locate(void)
4200	?locate@?$Service@VAnalyticsManager@MOXIE@@@MOXIE@@SAPEAVAnalyticsManager@2@XZ	public: static class MOXIE::AnalyticsManager * __ptr64 __cdecl MOXIE::Service<class MOXIE::AnalyticsManager>::locate(void)
4201	?locate@?$Service@VAudioManager@MOXIE@@@MOXIE@@SAPEAVAudioManager@2@XZ	public: static class MOXIE::AudioManager * __ptr64 __cdecl MOXIE::Service<class MOXIE::AudioManager>::locate(void)
4202	?locate@?$Service@VEnableManager@MOXIE@@@MOXIE@@SAPEAVEnableManager@2@XZ	public: static class MOXIE::EnableManager * __ptr64 __cdecl MOXIE::Service<class MOXIE::EnableManager>::locate(void)
4203	?locate@?$Service@VGlobalTime@MOXIE@@@MOXIE@@SAPEAVGlobalTime@2@XZ	public: static class MOXIE::GlobalTime * __ptr64 __cdecl MOXIE::Service<class MOXIE::GlobalTime>::locate(void)
4204	?locate@?$Service@VInputManager@MOXIE@@@MOXIE@@SAPEAVInputManager@2@XZ	public: static class MOXIE::InputManager * __ptr64 __cdecl MOXIE::Service<class MOXIE::InputManager>::locate(void)
4205	?locate@?$Service@VPhysicsManager@MOXIE@@@MOXIE@@SAPEAVPhysicsManager@2@XZ	public: static class MOXIE::PhysicsManager * __ptr64 __cdecl MOXIE::Service<class MOXIE::PhysicsManager>::locate(void)
4206	?locate@?$Service@VRenderDebug@MOXIE@@@MOXIE@@SAPEAVRenderDebug@2@XZ	public: static class MOXIE::RenderDebug * __ptr64 __cdecl MOXIE::Service<class MOXIE::RenderDebug>::locate(void)
4207	?locate@?$Service@VRenderDevice@MOXIE@@@MOXIE@@SAPEAVRenderDevice@2@XZ	public: static class MOXIE::RenderDevice * __ptr64 __cdecl MOXIE::Service<class MOXIE::RenderDevice>::locate(void)
4208	?locate@?$Service@VRenderManager@MOXIE@@@MOXIE@@SAPEAVRenderManager@2@XZ	public: static class MOXIE::RenderManager * __ptr64 __cdecl MOXIE::Service<class MOXIE::RenderManager>::locate(void)
4209	?locate@?$Service@VResourceManager@MOXIE@@@MOXIE@@SAPEAVResourceManager@2@XZ	public: static class MOXIE::ResourceManager * __ptr64 __cdecl MOXIE::Service<class MOXIE::ResourceManager>::locate(void)
4210	?locate@?$Service@VSceneManager@MOXIE@@@MOXIE@@SAPEAVSceneManager@2@XZ	public: static class MOXIE::SceneManager * __ptr64 __cdecl MOXIE::Service<class MOXIE::SceneManager>::locate(void)
4211	?locate@?$Service@VScriptManager@MOXIE@@@MOXIE@@SAPEAVScriptManager@2@XZ	public: static class MOXIE::ScriptManager * __ptr64 __cdecl MOXIE::Service<class MOXIE::ScriptManager>::locate(void)
4212	?locate@?$Service@VSensorManager@MOXIE@@@MOXIE@@SAPEAVSensorManager@2@XZ	public: static class MOXIE::SensorManager * __ptr64 __cdecl MOXIE::Service<class MOXIE::SensorManager>::locate(void)
4213	?locate@?$Service@VStatManager@MOXIE@@@MOXIE@@SAPEAVStatManager@2@XZ	public: static class MOXIE::StatManager * __ptr64 __cdecl MOXIE::Service<class MOXIE::StatManager>::locate(void)
4214	?locate@?$Service@VUriManager@MOXIE@@@MOXIE@@SAPEAVUriManager@2@XZ	public: static class MOXIE::UriManager * __ptr64 __cdecl MOXIE::Service<class MOXIE::UriManager>::locate(void)
4215	?locate@?$Service@VVideoCubeManager@MOXIE@@@MOXIE@@SAPEAVVideoCubeManager@2@XZ	public: static class MOXIE::VideoCubeManager * __ptr64 __cdecl MOXIE::Service<class MOXIE::VideoCubeManager>::locate(void)
4216	?lock@AudServices@MOXIE@@QEAAXXZ	public: void __cdecl MOXIE::AudServices::lock(void) __ptr64
4217	?lock@Mutex@MOXIE@@QEAAXXZ	public: void __cdecl MOXIE::Mutex::lock(void) __ptr64
4218	?lockMixBuffer@gsaDecoder@MOXIE@@CAXXZ	private: static void __cdecl MOXIE::gsaDecoder::lockMixBuffer(void)
4219	?log@FlipbookTexturePool@MOXIE@@QEAAXI@Z	public: void __cdecl MOXIE::FlipbookTexturePool::log(unsigned int) __ptr64
4220	?logTree@SGGroup@MOXIE@@UEAAXI@Z	public: virtual void __cdecl MOXIE::SGGroup::logTree(unsigned int) __ptr64
4221	?logTree@SGNode@MOXIE@@UEAAXI@Z	public: virtual void __cdecl MOXIE::SGNode::logTree(unsigned int) __ptr64
4222	?logTree@SceneGraph@MOXIE@@QEAAXXZ	public: void __cdecl MOXIE::SceneGraph::logTree(void) __ptr64
4223	?lookAtHeading@SGCameraController@MOXIE@@QEAAXM@Z	public: void __cdecl MOXIE::SGCameraController::lookAtHeading(float) __ptr64
4224	?lookAtHeadingHelper@SGCameraController@MOXIE@@QEAA?AVQuaternion@2@MAEBVTransform@2@@Z	public: class MOXIE::Quaternion __cdecl MOXIE::SGCameraController::lookAtHeadingHelper(float,class MOXIE::Transform const & __ptr64) __ptr64
4225	?loop@StorySubtitles@MOXIE@@QEAAXVString@2@_N@Z	public: void __cdecl MOXIE::StorySubtitles::loop(class MOXIE::String,bool) __ptr64
4226	?lowercase@String@MOXIE@@QEAAXXZ	public: void __cdecl MOXIE::String::lowercase(void) __ptr64
4227	?m_allFiles@PackageFileSystem@MOXIE@@0V?$THashTable@VString@MOXIE@@@2@A	private: static class MOXIE::THashTable<class MOXIE::String> MOXIE::PackageFileSystem::m_allFiles
4228	?m_cachedAudioManager@EngineLocator@MOXIE@@0PEAVAudioManager@2@EA	private: static class MOXIE::AudioManager * __ptr64 __ptr64 MOXIE::EngineLocator::m_cachedAudioManager
4229	?m_cachedGlobalTime@Locator@MOXIE@@0PEAVGlobalTime@2@EA	private: static class MOXIE::GlobalTime * __ptr64 __ptr64 MOXIE::Locator::m_cachedGlobalTime
4230	?m_cachedRenderDebug@EngineLocator@MOXIE@@0PEAVRenderDebug@2@EA	private: static class MOXIE::RenderDebug * __ptr64 __ptr64 MOXIE::EngineLocator::m_cachedRenderDebug
4231	?m_cachedRenderDevice@EngineLocator@MOXIE@@0PEAVRenderDevice@2@EA	private: static class MOXIE::RenderDevice * __ptr64 __ptr64 MOXIE::EngineLocator::m_cachedRenderDevice
4232	?m_cachedResourceMgr@EngineLocator@MOXIE@@0PEAVResourceManager@2@EA	private: static class MOXIE::ResourceManager * __ptr64 __ptr64 MOXIE::EngineLocator::m_cachedResourceMgr
4233	?m_cachedSceneManager@EngineLocator@MOXIE@@0PEAVSceneManager@2@EA	private: static class MOXIE::SceneManager * __ptr64 __ptr64 MOXIE::EngineLocator::m_cachedSceneManager
4234	?m_cachedStatMgr@EngineLocator@MOXIE@@0PEAVStatManager@2@EA	private: static class MOXIE::StatManager * __ptr64 __ptr64 MOXIE::EngineLocator::m_cachedStatMgr
4235	?m_cachedTextureAnimationManager@EngineLocator@MOXIE@@0PEAVTextureAnimationManager@2@EA	private: static class MOXIE::TextureAnimationManager * __ptr64 __ptr64 MOXIE::EngineLocator::m_cachedTextureAnimationManager
4236	?m_cachedUriMgr@EngineLocator@MOXIE@@0PEAVUriManager@2@EA	private: static class MOXIE::UriManager * __ptr64 __ptr64 MOXIE::EngineLocator::m_cachedUriMgr
4237	?m_clientConnectionCount@SGCameraController@MOXIE@@2HC	public: static int volatile MOXIE::SGCameraController::m_clientConnectionCount
4238	?m_glFunc@ParameterDataFloat2@MOXIE@@2P6AXHHPEBM@ZEA	public: static void (__cdecl* __ptr64 MOXIE::ParameterDataFloat2::m_glFunc)(int,int,float const * __ptr64)
4239	?m_glFunc@ParameterDataFloat3@MOXIE@@2P6AXHHPEBM@ZEA	public: static void (__cdecl* __ptr64 MOXIE::ParameterDataFloat3::m_glFunc)(int,int,float const * __ptr64)
4240	?m_glFunc@ParameterDataFloat4@MOXIE@@2P6AXHHPEBM@ZEA	public: static void (__cdecl* __ptr64 MOXIE::ParameterDataFloat4::m_glFunc)(int,int,float const * __ptr64)
4241	?m_glFunc@ParameterDataFloat@MOXIE@@2P6AXHHPEBM@ZEA	public: static void (__cdecl* __ptr64 MOXIE::ParameterDataFloat::m_glFunc)(int,int,float const * __ptr64)
4242	?m_glFunc@ParameterDataInt@MOXIE@@2P6AXHHPEBH@ZEA	public: static void (__cdecl* __ptr64 MOXIE::ParameterDataInt::m_glFunc)(int,int,int const * __ptr64)
4243	?m_glFunc@ParameterDataMatrix@MOXIE@@2P6AXHHEPEBM@ZEA	public: static void (__cdecl* __ptr64 MOXIE::ParameterDataMatrix::m_glFunc)(int,int,unsigned char,float const * __ptr64)
4244	?m_glFunc@ParameterTexture2D@MOXIE@@2P6AXHHPEBH@ZEA	public: static void (__cdecl* __ptr64 MOXIE::ParameterTexture2D::m_glFunc)(int,int,int const * __ptr64)
4245	?m_glFunc@ParameterTexture2DMS@MOXIE@@2P6AXHHPEBH@ZEA	public: static void (__cdecl* __ptr64 MOXIE::ParameterTexture2DMS::m_glFunc)(int,int,int const * __ptr64)
4246	?m_glFunc@ParameterTextureCubemap@MOXIE@@2P6AXHHPEBH@ZEA	public: static void (__cdecl* __ptr64 MOXIE::ParameterTextureCubemap::m_glFunc)(int,int,int const * __ptr64)
4247	?m_initialized@EngineLocator@MOXIE@@0_NA	private: static bool MOXIE::EngineLocator::m_initialized
4248	?m_initialized@Locator@MOXIE@@0_NA	private: static bool MOXIE::Locator::m_initialized
4249	?m_instances@Locator@MOXIE@@0V?$TArray@PEAVIService@MOXIE@@@2@A	private: static class MOXIE::TArray<class MOXIE::IService * __ptr64> MOXIE::Locator::m_instances
4250	?m_instancesHashTable@Locator@MOXIE@@0V?$THashTable@I@2@A	private: static class MOXIE::THashTable<unsigned int> MOXIE::Locator::m_instancesHashTable
4251	?m_paused@Locator@MOXIE@@0_NA	private: static bool MOXIE::Locator::m_paused
4252	?m_shaderLimits@ShaderParser@MOXIE@@0UShaderResourceLimits@12@A	private: static struct MOXIE::ShaderParser::ShaderResourceLimits MOXIE::ShaderParser::m_shaderLimits
4253	?make@ResourceManager@MOXIE@@QEAA?AVResourceHandle@2@AEBVUri@2@I@Z	public: class MOXIE::ResourceHandle __cdecl MOXIE::ResourceManager::make(class MOXIE::Uri const & __ptr64,unsigned int) __ptr64
4254	?makeAddress@MOXIE@@YAIEEEE@Z	unsigned int __cdecl MOXIE::makeAddress(unsigned char,unsigned char,unsigned char,unsigned char)
4255	?makeAddress@MOXIE@@YAIPEBD@Z	unsigned int __cdecl MOXIE::makeAddress(char const * __ptr64)
4256	?makeCRC32@ShaderGL_ES2@MOXIE@@AEAAIXZ	private: unsigned int __cdecl MOXIE::ShaderGL_ES2::makeCRC32(void) __ptr64
4257	?makeFrustum2@Matrix4@MOXIE@@QEAAXAEBVVector3@2@000MM@Z	public: void __cdecl MOXIE::Matrix4::makeFrustum2(class MOXIE::Vector3 const & __ptr64,class MOXIE::Vector3 const & __ptr64,class MOXIE::Vector3 const & __ptr64,class MOXIE::Vector3 const & __ptr64,float,float) __ptr64
4258	?makeFrustum@Matrix4@MOXIE@@QEAAXMMMMMM@Z	public: void __cdecl MOXIE::Matrix4::makeFrustum(float,float,float,float,float,float) __ptr64
4259	?makeSortKey@RenderDispatcher@MOXIE@@QEAA_KI_NMIE@Z	public: unsigned __int64 __cdecl MOXIE::RenderDispatcher::makeSortKey(unsigned int,bool,float,unsigned int,unsigned char) __ptr64
4260	?makeSortKey@RenderDispatcher@MOXIE@@QEAA_KPEAVMaterialPass@2@M@Z	public: unsigned __int64 __cdecl MOXIE::RenderDispatcher::makeSortKey(class MOXIE::MaterialPass * __ptr64,float) __ptr64
4261	?malloc@AudServices@MOXIE@@QEAAPEAXII@Z	public: void * __ptr64 __cdecl MOXIE::AudServices::malloc(unsigned int,unsigned int) __ptr64
4262	?materialIsAnimated@@YA_NPEAX@Z	bool __cdecl materialIsAnimated(void * __ptr64)
4263	?maximize@Vector2@MOXIE@@QEAAXAEBV12@@Z	public: void __cdecl MOXIE::Vector2::maximize(class MOXIE::Vector2 const & __ptr64) __ptr64
4264	?maximize@Vector3@MOXIE@@QEAAXAEBV12@@Z	public: void __cdecl MOXIE::Vector3::maximize(class MOXIE::Vector3 const & __ptr64) __ptr64
4265	?maximize@Vector4@MOXIE@@QEAAXAEBV12@@Z	public: void __cdecl MOXIE::Vector4::maximize(class MOXIE::Vector4 const & __ptr64) __ptr64
4266	?memory@StackAllocator@MOXIE@@QEBAPEBXXZ	public: void const * __ptr64 __cdecl MOXIE::StackAllocator::memory(void)const __ptr64
4267	?merge@String@MOXIE@@QEAAXPEBV12@IPEBD@Z	public: void __cdecl MOXIE::String::merge(class MOXIE::String const * __ptr64,unsigned int,char const * __ptr64) __ptr64
4268	?merged@AABBox@MOXIE@@QEAA?AV12@AEBV12@@Z	public: class MOXIE::AABBox __cdecl MOXIE::AABBox::merged(class MOXIE::AABBox const & __ptr64) __ptr64
4269	?message@Log@MOXIE@@YAXPEBDZZ	void __cdecl MOXIE::Log::message(char const * __ptr64,...)
4270	?minCapacity@Buffer@@2IB	public: static unsigned int const Buffer::minCapacity
4271	?minCapacity@Buffer@MOXIE@@2IB	public: static unsigned int const MOXIE::Buffer::minCapacity
4272	?minimize@Vector2@MOXIE@@QEAAXAEBV12@@Z	public: void __cdecl MOXIE::Vector2::minimize(class MOXIE::Vector2 const & __ptr64) __ptr64
4273	?minimize@Vector3@MOXIE@@QEAAXAEBV12@@Z	public: void __cdecl MOXIE::Vector3::minimize(class MOXIE::Vector3 const & __ptr64) __ptr64
4274	?minimize@Vector4@MOXIE@@QEAAXAEBV12@@Z	public: void __cdecl MOXIE::Vector4::minimize(class MOXIE::Vector4 const & __ptr64) __ptr64
4275	?mixToOutput@AudioSystem@MOXIE@@IEAAXPEAXI@Z	protected: void __cdecl MOXIE::AudioSystem::mixToOutput(void * __ptr64,unsigned int) __ptr64
4276	?mixdown@AudEmitter@MOXIE@@QEAAXPEAX@Z	public: void __cdecl MOXIE::AudEmitter::mixdown(void * __ptr64) __ptr64
4277	?mixdown@AudPlayer@MOXIE@@QEAAXIPEAX@Z	public: void __cdecl MOXIE::AudPlayer::mixdown(unsigned int,void * __ptr64) __ptr64
4278	?mkdir@InternalFileSystem@MOXIE@@UEAA_NPEBDH@Z	public: virtual bool __cdecl MOXIE::InternalFileSystem::mkdir(char const * __ptr64,int) __ptr64
4279	?mkdir@LocalFileSystem@MOXIE@@UEAA_NPEBDH@Z	public: virtual bool __cdecl MOXIE::LocalFileSystem::mkdir(char const * __ptr64,int) __ptr64
4280	?mkdir@NestedFileSystem@MOXIE@@UEAA_NPEBDH@Z	public: virtual bool __cdecl MOXIE::NestedFileSystem::mkdir(char const * __ptr64,int) __ptr64
4281	?mkdir@NetworkFileSystem@MOXIE@@UEAA_NPEBDH@Z	public: virtual bool __cdecl MOXIE::NetworkFileSystem::mkdir(char const * __ptr64,int) __ptr64
4282	?mkdir@PackageFileSystem@MOXIE@@UEAA_NPEBDH@Z	public: virtual bool __cdecl MOXIE::PackageFileSystem::mkdir(char const * __ptr64,int) __ptr64
4283	?modifyCode_changeParameterSourcesToTextures@ShaderParser@MOXIE@@SAXIAEAVShaderParamList@2@PEBVString@2@PEBE@Z	public: static void __cdecl MOXIE::ShaderParser::modifyCode_changeParameterSourcesToTextures(unsigned int,class MOXIE::ShaderParamList & __ptr64,class MOXIE::String const * __ptr64,unsigned char const * __ptr64)
4284	?mountArchive@NetworkFileSystem@MOXIE@@QEAA_NPEBDI@Z	public: bool __cdecl MOXIE::NetworkFileSystem::mountArchive(char const * __ptr64,unsigned int) __ptr64
4285	?mread@Surface@MOXIE@@CAXPEAXIAEAPEAE@Z	private: static void __cdecl MOXIE::Surface::mread(void * __ptr64,unsigned int,unsigned char * __ptr64 & __ptr64)
4286	?mul@Matrix3@MOXIE@@QEAAXAEBV12@@Z	public: void __cdecl MOXIE::Matrix3::mul(class MOXIE::Matrix3 const & __ptr64) __ptr64
4287	?mul@Matrix3@MOXIE@@QEAAXM@Z	public: void __cdecl MOXIE::Matrix3::mul(float) __ptr64
4288	?mul@Matrix4@MOXIE@@QEAAXAEBV12@@Z	public: void __cdecl MOXIE::Matrix4::mul(class MOXIE::Matrix4 const & __ptr64) __ptr64
4289	?mul@Matrix4@MOXIE@@QEAAXM@Z	public: void __cdecl MOXIE::Matrix4::mul(float) __ptr64
4290	?mul@Quaternion@MOXIE@@QEAAXAEBV12@@Z	public: void __cdecl MOXIE::Quaternion::mul(class MOXIE::Quaternion const & __ptr64) __ptr64
4291	?mul@Quaternion@MOXIE@@QEAAXM@Z	public: void __cdecl MOXIE::Quaternion::mul(float) __ptr64
4292	?mul@Vector2@MOXIE@@QEAAXAEBV12@@Z	public: void __cdecl MOXIE::Vector2::mul(class MOXIE::Vector2 const & __ptr64) __ptr64
4293	?mul@Vector2@MOXIE@@QEAAXM@Z	public: void __cdecl MOXIE::Vector2::mul(float) __ptr64
4294	?mul@Vector3@MOXIE@@QEAAXAEBV12@@Z	public: void __cdecl MOXIE::Vector3::mul(class MOXIE::Vector3 const & __ptr64) __ptr64
4295	?mul@Vector3@MOXIE@@QEAAXM@Z	public: void __cdecl MOXIE::Vector3::mul(float) __ptr64
4296	?mul@Vector4@MOXIE@@QEAAXAEBV12@@Z	public: void __cdecl MOXIE::Vector4::mul(class MOXIE::Vector4 const & __ptr64) __ptr64
4297	?mul@Vector4@MOXIE@@QEAAXM@Z	public: void __cdecl MOXIE::Vector4::mul(float) __ptr64
4298	?mute@@YAX_N@Z	void __cdecl mute(bool)
4299	?name@FilePath@MOXIE@@QEBAPEBDXZ	public: char const * __ptr64 __cdecl MOXIE::FilePath::name(void)const __ptr64
4300	?negate@Vector2@MOXIE@@QEAAXXZ	public: void __cdecl MOXIE::Vector2::negate(void) __ptr64
4301	?negate@Vector3@MOXIE@@QEAAXXZ	public: void __cdecl MOXIE::Vector3::negate(void) __ptr64
4302	?negate@Vector4@MOXIE@@QEAAXXZ	public: void __cdecl MOXIE::Vector4::negate(void) __ptr64
4303	?newTable@LUtil@MOXIE@@SAXPEAUlua_State@@@Z	public: static void __cdecl MOXIE::LUtil::newTable(struct lua_State * __ptr64)
4304	?newline@Lexer@MOXIE@@QEAAIXZ	public: unsigned int __cdecl MOXIE::Lexer::newline(void) __ptr64
4305	?nextMip@Surface@MOXIE@@AEAAII@Z	private: unsigned int __cdecl MOXIE::Surface::nextMip(unsigned int) __ptr64
4306	?nextNonWhitespaceChar@Lexer@MOXIE@@QEAADXZ	public: char __cdecl MOXIE::Lexer::nextNonWhitespaceChar(void) __ptr64
4307	?nextPow2@Buffer@@AEAAII@Z	private: unsigned int __cdecl Buffer::nextPow2(unsigned int) __ptr64
4308	?nextPow2@Buffer@MOXIE@@AEAAII@Z	private: unsigned int __cdecl MOXIE::Buffer::nextPow2(unsigned int) __ptr64
4309	?nextToken@Lexer@MOXIE@@QEAA_NXZ	public: bool __cdecl MOXIE::Lexer::nextToken(void) __ptr64
4310	?nextTokenIs@Lexer@MOXIE@@QEAA_NW4ELexType@2@PEBD_N@Z	public: bool __cdecl MOXIE::Lexer::nextTokenIs(enum MOXIE::ELexType,char const * __ptr64,bool) __ptr64
4311	?noargs@CommandLine@MOXIE@@SA?AUarglist_t@12@XZ	public: static struct MOXIE::CommandLine::arglist_t __cdecl MOXIE::CommandLine::noargs(void)
4312	?noise@FastNoise@MOXIE@@QEBAMMMM@Z	public: float __cdecl MOXIE::FastNoise::noise(float,float,float)const __ptr64
4313	?noise@SimplexNoise@MOXIE@@QEAAMM@Z	public: float __cdecl MOXIE::SimplexNoise::noise(float) __ptr64
4314	?noise@SimplexNoise@MOXIE@@QEAAMMM@Z	public: float __cdecl MOXIE::SimplexNoise::noise(float,float) __ptr64
4315	?noise@SimplexNoise@MOXIE@@QEAAMMMM@Z	public: float __cdecl MOXIE::SimplexNoise::noise(float,float,float) __ptr64
4316	?noise@SimplexNoise@MOXIE@@QEAAMMMMM@Z	public: float __cdecl MOXIE::SimplexNoise::noise(float,float,float,float) __ptr64
4317	?normalize@Plane@MOXIE@@QEAAXXZ	public: void __cdecl MOXIE::Plane::normalize(void) __ptr64
4318	?normalize@Vector2@MOXIE@@QEAAMXZ	public: float __cdecl MOXIE::Vector2::normalize(void) __ptr64
4319	?normalize@Vector3@MOXIE@@QEAAXXZ	public: void __cdecl MOXIE::Vector3::normalize(void) __ptr64
4320	?normalize@Vector4@MOXIE@@QEAAXXZ	public: void __cdecl MOXIE::Vector4::normalize(void) __ptr64
4321	?normalizeLength@Vector3@MOXIE@@QEAAM_N@Z	public: float __cdecl MOXIE::Vector3::normalizeLength(bool) __ptr64
4322	?normalizeLength@Vector4@MOXIE@@QEAAMXZ	public: float __cdecl MOXIE::Vector4::normalizeLength(void) __ptr64
4323	?null@CommandLine@MOXIE@@SA?AUoption_t@12@XZ	public: static struct MOXIE::CommandLine::option_t __cdecl MOXIE::CommandLine::null(void)
4324	?numChildren@SGGroup@MOXIE@@QEBAIXZ	public: unsigned int __cdecl MOXIE::SGGroup::numChildren(void)const __ptr64
4325	?numComponents@SGNode@MOXIE@@QEBAIXZ	public: unsigned int __cdecl MOXIE::SGNode::numComponents(void)const __ptr64
4326	?numEyes@RenderView@MOXIE@@QEAAIXZ	public: unsigned int __cdecl MOXIE::RenderView::numEyes(void) __ptr64
4327	?numReferences@RefCount@MOXIE@@QEBAIXZ	public: unsigned int __cdecl MOXIE::RefCount::numReferences(void)const __ptr64
4328	?occurences@String@MOXIE@@QEBAID@Z	public: unsigned int __cdecl MOXIE::String::occurences(char)const __ptr64
4329	?occurences@String@MOXIE@@SAIAEBV12@D@Z	public: static unsigned int __cdecl MOXIE::String::occurences(class MOXIE::String const & __ptr64,char)
4330	?onAttached@SGNode@MOXIE@@UEAAXXZ	public: virtual void __cdecl MOXIE::SGNode::onAttached(void) __ptr64
4331	?onCommand@LApplication@MOXIE@@UEAAXAEBVString@2@@Z	public: virtual void __cdecl MOXIE::LApplication::onCommand(class MOXIE::String const & __ptr64) __ptr64
4332	?onDLCallback@StoryManager@MOXIE@@CAXPEAX@Z	private: static void __cdecl MOXIE::StoryManager::onDLCallback(void * __ptr64)
4333	?onDestroy@LApiActorMover@duet@@SAHPEAUlua_State@@@Z	public: static int __cdecl duet::LApiActorMover::onDestroy(struct lua_State * __ptr64)
4334	?onDestroy@LApiSoftTrack@duet@@SAHPEAUlua_State@@@Z	public: static int __cdecl duet::LApiSoftTrack::onDestroy(struct lua_State * __ptr64)
4335	?onDestroy@LComponent@MOXIE@@UEAAXXZ	public: virtual void __cdecl MOXIE::LComponent::onDestroy(void) __ptr64
4336	?onDestroy@RefCount@MOXIE@@MEAAXXZ	protected: virtual void __cdecl MOXIE::RefCount::onDestroy(void) __ptr64
4337	?onDestroy@SGComponent@MOXIE@@UEAAXXZ	public: virtual void __cdecl MOXIE::SGComponent::onDestroy(void) __ptr64
4338	?onDestroyNative@LApiLookAtDetector@duet@@SAHPEAUlua_State@@@Z	public: static int __cdecl duet::LApiLookAtDetector::onDestroyNative(struct lua_State * __ptr64)
4339	?onDestroyNative@LApiTrackingTarget@duet@@SAHPEAUlua_State@@@Z	public: static int __cdecl duet::LApiTrackingTarget::onDestroyNative(struct lua_State * __ptr64)
4340	?onDetached@SGNode@MOXIE@@UEAAXXZ	public: virtual void __cdecl MOXIE::SGNode::onDetached(void) __ptr64
4341	?onDispatch@RenderView@MOXIE@@QEAAXXZ	public: void __cdecl MOXIE::RenderView::onDispatch(void) __ptr64
4342	?onDownloadComplete@StoryManager@MOXIE@@QEAAXXZ	public: void __cdecl MOXIE::StoryManager::onDownloadComplete(void) __ptr64
4343	?onDraw@StoryPlayer@MOXIE@@QEAA_NXZ	public: bool __cdecl MOXIE::StoryPlayer::onDraw(void) __ptr64
4344	?onEvent@StoryPlayer@MOXIE@@QEAA_NPEAUmoxieStoryEvent_t@@@Z	public: bool __cdecl MOXIE::StoryPlayer::onEvent(struct moxieStoryEvent_t * __ptr64) __ptr64
4345	?onGlobalShutdown@LApiLookAtDetector@duet@@SAHPEAUlua_State@@@Z	public: static int __cdecl duet::LApiLookAtDetector::onGlobalShutdown(struct lua_State * __ptr64)
4346	?onGlobalShutdown@LApiSoftTrack@duet@@SAHPEAUlua_State@@@Z	public: static int __cdecl duet::LApiSoftTrack::onGlobalShutdown(struct lua_State * __ptr64)
4347	?onGlobalShutdown@LApiTrackingTarget@duet@@SAHPEAUlua_State@@@Z	public: static int __cdecl duet::LApiTrackingTarget::onGlobalShutdown(struct lua_State * __ptr64)
4348	?onInitialize@LApplication@MOXIE@@UEAA_NXZ	public: virtual bool __cdecl MOXIE::LApplication::onInitialize(void) __ptr64
4349	?onLateUpdate@LComponent@MOXIE@@UEAAXXZ	public: virtual void __cdecl MOXIE::LComponent::onLateUpdate(void) __ptr64
4350	?onLateUpdate@SGComponent@MOXIE@@UEAAXXZ	public: virtual void __cdecl MOXIE::SGComponent::onLateUpdate(void) __ptr64
4351	?onLoad@AnimResource@MOXIE@@UEAA_NPEBDI@Z	public: virtual bool __cdecl MOXIE::AnimResource::onLoad(char const * __ptr64,unsigned int) __ptr64
4352	?onLoad@AudioResource@MOXIE@@UEAA_NPEBDI@Z	public: virtual bool __cdecl MOXIE::AudioResource::onLoad(char const * __ptr64,unsigned int) __ptr64
4353	?onLoad@BorderPaddedTextureResource@MOXIE@@UEAA_NPEBDI@Z	public: virtual bool __cdecl MOXIE::BorderPaddedTextureResource::onLoad(char const * __ptr64,unsigned int) __ptr64
4354	?onLoad@DepthResource@MOXIE@@UEAA_NPEBDI@Z	public: virtual bool __cdecl MOXIE::DepthResource::onLoad(char const * __ptr64,unsigned int) __ptr64
4355	?onLoad@FBImageResource@MOXIE@@UEAA_NPEBDI@Z	public: virtual bool __cdecl MOXIE::FBImageResource::onLoad(char const * __ptr64,unsigned int) __ptr64
4356	?onLoad@FlipbookResource@MOXIE@@UEAA_NPEBDI@Z	public: virtual bool __cdecl MOXIE::FlipbookResource::onLoad(char const * __ptr64,unsigned int) __ptr64
4357	?onLoad@FontResource@MOXIE@@UEAA_NPEBDI@Z	public: virtual bool __cdecl MOXIE::FontResource::onLoad(char const * __ptr64,unsigned int) __ptr64
4358	?onLoad@ModelResource@MOXIE@@UEAA_NPEBDI@Z	public: virtual bool __cdecl MOXIE::ModelResource::onLoad(char const * __ptr64,unsigned int) __ptr64
4359	?onLoad@ParticleSystemResource@MOXIE@@UEAA_NPEBDI@Z	public: virtual bool __cdecl MOXIE::ParticleSystemResource::onLoad(char const * __ptr64,unsigned int) __ptr64
4360	?onLoad@PipelineStateResource@MOXIE@@UEAA_NPEBDI@Z	public: virtual bool __cdecl MOXIE::PipelineStateResource::onLoad(char const * __ptr64,unsigned int) __ptr64
4361	?onLoad@PosteffectResource@MOXIE@@UEAA_NPEBDI@Z	public: virtual bool __cdecl MOXIE::PosteffectResource::onLoad(char const * __ptr64,unsigned int) __ptr64
4362	?onLoad@SceneGraphResource@MOXIE@@UEAA_NPEBDI@Z	public: virtual bool __cdecl MOXIE::SceneGraphResource::onLoad(char const * __ptr64,unsigned int) __ptr64
4363	?onLoad@ShaderResource@MOXIE@@UEAA_NPEBDI@Z	public: virtual bool __cdecl MOXIE::ShaderResource::onLoad(char const * __ptr64,unsigned int) __ptr64
4364	?onLoad@TextureResource@MOXIE@@UEAA_NPEBDI@Z	public: virtual bool __cdecl MOXIE::TextureResource::onLoad(char const * __ptr64,unsigned int) __ptr64
4365	?onLoad@VideoCubeResource@MOXIE@@UEAA_NPEBDI@Z	public: virtual bool __cdecl MOXIE::VideoCubeResource::onLoad(char const * __ptr64,unsigned int) __ptr64
4366	?onLoadDevice@ModelResource@MOXIE@@QEAA_NXZ	public: bool __cdecl MOXIE::ModelResource::onLoadDevice(void) __ptr64
4367	?onParse@StoryGSM@MOXIE@@IEAA_NMI@Z	protected: bool __cdecl MOXIE::StoryGSM::onParse(float,unsigned int) __ptr64
4368	?onParseCommandLine@Application@MOXIE@@UEAA_NPEBVString@2@I@Z	public: virtual bool __cdecl MOXIE::Application::onParseCommandLine(class MOXIE::String const * __ptr64,unsigned int) __ptr64
4369	?onParseCommandLine@LApplication@MOXIE@@UEAA_NPEBVString@2@I@Z	public: virtual bool __cdecl MOXIE::LApplication::onParseCommandLine(class MOXIE::String const * __ptr64,unsigned int) __ptr64
4370	?onPause@?$Service@VAnalyticsManager@MOXIE@@@MOXIE@@UEAA_NXZ	public: virtual bool __cdecl MOXIE::Service<class MOXIE::AnalyticsManager>::onPause(void) __ptr64
4371	?onPause@?$Service@VAudioManager@MOXIE@@@MOXIE@@UEAA_NXZ	public: virtual bool __cdecl MOXIE::Service<class MOXIE::AudioManager>::onPause(void) __ptr64
4372	?onPause@?$Service@VEnableManager@MOXIE@@@MOXIE@@UEAA_NXZ	public: virtual bool __cdecl MOXIE::Service<class MOXIE::EnableManager>::onPause(void) __ptr64
4373	?onPause@?$Service@VGlobalTime@MOXIE@@@MOXIE@@UEAA_NXZ	public: virtual bool __cdecl MOXIE::Service<class MOXIE::GlobalTime>::onPause(void) __ptr64
4374	?onPause@?$Service@VInputManager@MOXIE@@@MOXIE@@UEAA_NXZ	public: virtual bool __cdecl MOXIE::Service<class MOXIE::InputManager>::onPause(void) __ptr64
4375	?onPause@?$Service@VPhysicsManager@MOXIE@@@MOXIE@@UEAA_NXZ	public: virtual bool __cdecl MOXIE::Service<class MOXIE::PhysicsManager>::onPause(void) __ptr64
4376	?onPause@?$Service@VRenderDebug@MOXIE@@@MOXIE@@UEAA_NXZ	public: virtual bool __cdecl MOXIE::Service<class MOXIE::RenderDebug>::onPause(void) __ptr64
4377	?onPause@?$Service@VRenderDevice@MOXIE@@@MOXIE@@UEAA_NXZ	public: virtual bool __cdecl MOXIE::Service<class MOXIE::RenderDevice>::onPause(void) __ptr64
4378	?onPause@?$Service@VRenderManager@MOXIE@@@MOXIE@@UEAA_NXZ	public: virtual bool __cdecl MOXIE::Service<class MOXIE::RenderManager>::onPause(void) __ptr64
4379	?onPause@?$Service@VResourceManager@MOXIE@@@MOXIE@@UEAA_NXZ	public: virtual bool __cdecl MOXIE::Service<class MOXIE::ResourceManager>::onPause(void) __ptr64
4380	?onPause@?$Service@VSceneManager@MOXIE@@@MOXIE@@UEAA_NXZ	public: virtual bool __cdecl MOXIE::Service<class MOXIE::SceneManager>::onPause(void) __ptr64
4381	?onPause@?$Service@VScriptManager@MOXIE@@@MOXIE@@UEAA_NXZ	public: virtual bool __cdecl MOXIE::Service<class MOXIE::ScriptManager>::onPause(void) __ptr64
4382	?onPause@?$Service@VSensorManager@MOXIE@@@MOXIE@@UEAA_NXZ	public: virtual bool __cdecl MOXIE::Service<class MOXIE::SensorManager>::onPause(void) __ptr64
4383	?onPause@?$Service@VStatManager@MOXIE@@@MOXIE@@UEAA_NXZ	public: virtual bool __cdecl MOXIE::Service<class MOXIE::StatManager>::onPause(void) __ptr64
4384	?onPause@?$Service@VUriManager@MOXIE@@@MOXIE@@UEAA_NXZ	public: virtual bool __cdecl MOXIE::Service<class MOXIE::UriManager>::onPause(void) __ptr64
4385	?onPause@?$Service@VVideoCubeManager@MOXIE@@@MOXIE@@UEAA_NXZ	public: virtual bool __cdecl MOXIE::Service<class MOXIE::VideoCubeManager>::onPause(void) __ptr64
4386	?onPause@GlobalTime@MOXIE@@MEAA_NXZ	protected: virtual bool __cdecl MOXIE::GlobalTime::onPause(void) __ptr64
4387	?onPause@LApplication@MOXIE@@UEAAXXZ	public: virtual void __cdecl MOXIE::LApplication::onPause(void) __ptr64
4388	?onPause@RenderDevice@MOXIE@@UEAA_NXZ	public: virtual bool __cdecl MOXIE::RenderDevice::onPause(void) __ptr64
4389	?onRegisterLuaEnv@LApplication@MOXIE@@MEAAXPEAVLEnvironment@2@@Z	protected: virtual void __cdecl MOXIE::LApplication::onRegisterLuaEnv(class MOXIE::LEnvironment * __ptr64) __ptr64
4390	?onRender@LApplication@MOXIE@@UEAAXXZ	public: virtual void __cdecl MOXIE::LApplication::onRender(void) __ptr64
4391	?onReport@StatLogger@@UEAAXXZ	public: virtual void __cdecl StatLogger::onReport(void) __ptr64
4392	?onReshape@Application@MOXIE@@UEAAXII@Z	public: virtual void __cdecl MOXIE::Application::onReshape(unsigned int,unsigned int) __ptr64
4393	?onReshape@LApplication@MOXIE@@UEAAXII@Z	public: virtual void __cdecl MOXIE::LApplication::onReshape(unsigned int,unsigned int) __ptr64
4394	?onResourceModified@ResourceMonitor@MOXIE@@QEAAXAEBVUri@2@@Z	public: void __cdecl MOXIE::ResourceMonitor::onResourceModified(class MOXIE::Uri const & __ptr64) __ptr64
4395	?onResume@?$Service@VAnalyticsManager@MOXIE@@@MOXIE@@UEAA_NXZ	public: virtual bool __cdecl MOXIE::Service<class MOXIE::AnalyticsManager>::onResume(void) __ptr64
4396	?onResume@?$Service@VAudioManager@MOXIE@@@MOXIE@@UEAA_NXZ	public: virtual bool __cdecl MOXIE::Service<class MOXIE::AudioManager>::onResume(void) __ptr64
4397	?onResume@?$Service@VEnableManager@MOXIE@@@MOXIE@@UEAA_NXZ	public: virtual bool __cdecl MOXIE::Service<class MOXIE::EnableManager>::onResume(void) __ptr64
4398	?onResume@?$Service@VGlobalTime@MOXIE@@@MOXIE@@UEAA_NXZ	public: virtual bool __cdecl MOXIE::Service<class MOXIE::GlobalTime>::onResume(void) __ptr64
4399	?onResume@?$Service@VInputManager@MOXIE@@@MOXIE@@UEAA_NXZ	public: virtual bool __cdecl MOXIE::Service<class MOXIE::InputManager>::onResume(void) __ptr64
4400	?onResume@?$Service@VPhysicsManager@MOXIE@@@MOXIE@@UEAA_NXZ	public: virtual bool __cdecl MOXIE::Service<class MOXIE::PhysicsManager>::onResume(void) __ptr64
4401	?onResume@?$Service@VRenderDebug@MOXIE@@@MOXIE@@UEAA_NXZ	public: virtual bool __cdecl MOXIE::Service<class MOXIE::RenderDebug>::onResume(void) __ptr64
4402	?onResume@?$Service@VRenderDevice@MOXIE@@@MOXIE@@UEAA_NXZ	public: virtual bool __cdecl MOXIE::Service<class MOXIE::RenderDevice>::onResume(void) __ptr64
4403	?onResume@?$Service@VRenderManager@MOXIE@@@MOXIE@@UEAA_NXZ	public: virtual bool __cdecl MOXIE::Service<class MOXIE::RenderManager>::onResume(void) __ptr64
4404	?onResume@?$Service@VResourceManager@MOXIE@@@MOXIE@@UEAA_NXZ	public: virtual bool __cdecl MOXIE::Service<class MOXIE::ResourceManager>::onResume(void) __ptr64
4405	?onResume@?$Service@VSceneManager@MOXIE@@@MOXIE@@UEAA_NXZ	public: virtual bool __cdecl MOXIE::Service<class MOXIE::SceneManager>::onResume(void) __ptr64
4406	?onResume@?$Service@VScriptManager@MOXIE@@@MOXIE@@UEAA_NXZ	public: virtual bool __cdecl MOXIE::Service<class MOXIE::ScriptManager>::onResume(void) __ptr64
4407	?onResume@?$Service@VSensorManager@MOXIE@@@MOXIE@@UEAA_NXZ	public: virtual bool __cdecl MOXIE::Service<class MOXIE::SensorManager>::onResume(void) __ptr64
4408	?onResume@?$Service@VStatManager@MOXIE@@@MOXIE@@UEAA_NXZ	public: virtual bool __cdecl MOXIE::Service<class MOXIE::StatManager>::onResume(void) __ptr64
4409	?onResume@?$Service@VUriManager@MOXIE@@@MOXIE@@UEAA_NXZ	public: virtual bool __cdecl MOXIE::Service<class MOXIE::UriManager>::onResume(void) __ptr64
4410	?onResume@?$Service@VVideoCubeManager@MOXIE@@@MOXIE@@UEAA_NXZ	public: virtual bool __cdecl MOXIE::Service<class MOXIE::VideoCubeManager>::onResume(void) __ptr64
4411	?onResume@GlobalTime@MOXIE@@MEAA_NXZ	protected: virtual bool __cdecl MOXIE::GlobalTime::onResume(void) __ptr64
4412	?onResume@LApplication@MOXIE@@UEAAXXZ	public: virtual void __cdecl MOXIE::LApplication::onResume(void) __ptr64
4413	?onResume@RenderDevice@MOXIE@@UEAA_NXZ	public: virtual bool __cdecl MOXIE::RenderDevice::onResume(void) __ptr64
4414	?onRotation@LApplication@MOXIE@@UEAAXW4EDeviceRotation@2@@Z	public: virtual void __cdecl MOXIE::LApplication::onRotation(enum MOXIE::EDeviceRotation) __ptr64
4415	?onScreenMetric@LApiTrackingLayer@duet@@SAHPEAUlua_State@@@Z	public: static int __cdecl duet::LApiTrackingLayer::onScreenMetric(struct lua_State * __ptr64)
4416	?onShutdown@?$Service@VAnalyticsManager@MOXIE@@@MOXIE@@UEAA_NXZ	public: virtual bool __cdecl MOXIE::Service<class MOXIE::AnalyticsManager>::onShutdown(void) __ptr64
4417	?onShutdown@?$Service@VAudioManager@MOXIE@@@MOXIE@@UEAA_NXZ	public: virtual bool __cdecl MOXIE::Service<class MOXIE::AudioManager>::onShutdown(void) __ptr64
4418	?onShutdown@?$Service@VEnableManager@MOXIE@@@MOXIE@@UEAA_NXZ	public: virtual bool __cdecl MOXIE::Service<class MOXIE::EnableManager>::onShutdown(void) __ptr64
4419	?onShutdown@?$Service@VGlobalTime@MOXIE@@@MOXIE@@UEAA_NXZ	public: virtual bool __cdecl MOXIE::Service<class MOXIE::GlobalTime>::onShutdown(void) __ptr64
4420	?onShutdown@?$Service@VInputManager@MOXIE@@@MOXIE@@UEAA_NXZ	public: virtual bool __cdecl MOXIE::Service<class MOXIE::InputManager>::onShutdown(void) __ptr64
4421	?onShutdown@?$Service@VPhysicsManager@MOXIE@@@MOXIE@@UEAA_NXZ	public: virtual bool __cdecl MOXIE::Service<class MOXIE::PhysicsManager>::onShutdown(void) __ptr64
4422	?onShutdown@?$Service@VRenderDebug@MOXIE@@@MOXIE@@UEAA_NXZ	public: virtual bool __cdecl MOXIE::Service<class MOXIE::RenderDebug>::onShutdown(void) __ptr64
4423	?onShutdown@?$Service@VRenderDevice@MOXIE@@@MOXIE@@UEAA_NXZ	public: virtual bool __cdecl MOXIE::Service<class MOXIE::RenderDevice>::onShutdown(void) __ptr64
4424	?onShutdown@?$Service@VRenderManager@MOXIE@@@MOXIE@@UEAA_NXZ	public: virtual bool __cdecl MOXIE::Service<class MOXIE::RenderManager>::onShutdown(void) __ptr64
4425	?onShutdown@?$Service@VResourceManager@MOXIE@@@MOXIE@@UEAA_NXZ	public: virtual bool __cdecl MOXIE::Service<class MOXIE::ResourceManager>::onShutdown(void) __ptr64
4426	?onShutdown@?$Service@VSceneManager@MOXIE@@@MOXIE@@UEAA_NXZ	public: virtual bool __cdecl MOXIE::Service<class MOXIE::SceneManager>::onShutdown(void) __ptr64
4427	?onShutdown@?$Service@VScriptManager@MOXIE@@@MOXIE@@UEAA_NXZ	public: virtual bool __cdecl MOXIE::Service<class MOXIE::ScriptManager>::onShutdown(void) __ptr64
4428	?onShutdown@?$Service@VSensorManager@MOXIE@@@MOXIE@@UEAA_NXZ	public: virtual bool __cdecl MOXIE::Service<class MOXIE::SensorManager>::onShutdown(void) __ptr64
4429	?onShutdown@?$Service@VStatManager@MOXIE@@@MOXIE@@UEAA_NXZ	public: virtual bool __cdecl MOXIE::Service<class MOXIE::StatManager>::onShutdown(void) __ptr64
4430	?onShutdown@?$Service@VUriManager@MOXIE@@@MOXIE@@UEAA_NXZ	public: virtual bool __cdecl MOXIE::Service<class MOXIE::UriManager>::onShutdown(void) __ptr64
4431	?onShutdown@?$Service@VVideoCubeManager@MOXIE@@@MOXIE@@UEAA_NXZ	public: virtual bool __cdecl MOXIE::Service<class MOXIE::VideoCubeManager>::onShutdown(void) __ptr64
4432	?onShutdown@AudioManager@MOXIE@@UEAA_NXZ	public: virtual bool __cdecl MOXIE::AudioManager::onShutdown(void) __ptr64
4433	?onShutdown@EnableManager@MOXIE@@UEAA_NXZ	public: virtual bool __cdecl MOXIE::EnableManager::onShutdown(void) __ptr64
4434	?onShutdown@RenderDebug@MOXIE@@UEAA_NXZ	public: virtual bool __cdecl MOXIE::RenderDebug::onShutdown(void) __ptr64
4435	?onShutdown@RenderDeviceGL@MOXIE@@UEAA_NXZ	public: virtual bool __cdecl MOXIE::RenderDeviceGL::onShutdown(void) __ptr64
4436	?onShutdown@RenderManager@MOXIE@@UEAA_NXZ	public: virtual bool __cdecl MOXIE::RenderManager::onShutdown(void) __ptr64
4437	?onShutdown@ResourceManager@MOXIE@@UEAA_NXZ	public: virtual bool __cdecl MOXIE::ResourceManager::onShutdown(void) __ptr64
4438	?onShutdown@SceneManager@MOXIE@@UEAA_NXZ	public: virtual bool __cdecl MOXIE::SceneManager::onShutdown(void) __ptr64
4439	?onShutdown@ScriptManager@MOXIE@@UEAA_NXZ	public: virtual bool __cdecl MOXIE::ScriptManager::onShutdown(void) __ptr64
4440	?onShutdown@StatManager@MOXIE@@UEAA_NXZ	public: virtual bool __cdecl MOXIE::StatManager::onShutdown(void) __ptr64
4441	?onShutdown@StoryManager@MOXIE@@QEAA_NXZ	public: bool __cdecl MOXIE::StoryManager::onShutdown(void) __ptr64
4442	?onStart@LApiActorMover@duet@@SAHPEAUlua_State@@@Z	public: static int __cdecl duet::LApiActorMover::onStart(struct lua_State * __ptr64)
4443	?onStart@LApiSoftTrack@duet@@SAHPEAUlua_State@@@Z	public: static int __cdecl duet::LApiSoftTrack::onStart(struct lua_State * __ptr64)
4444	?onStartNative@LApiActorsLayer@duet@@SAHPEAUlua_State@@@Z	public: static int __cdecl duet::LApiActorsLayer::onStartNative(struct lua_State * __ptr64)
4445	?onStartNative@LApiLookAtDetector@duet@@SAHPEAUlua_State@@@Z	public: static int __cdecl duet::LApiLookAtDetector::onStartNative(struct lua_State * __ptr64)
4446	?onStartNative@LApiTrackingTarget@duet@@SAHPEAUlua_State@@@Z	public: static int __cdecl duet::LApiTrackingTarget::onStartNative(struct lua_State * __ptr64)
4447	?onStartup@?$Service@VAnalyticsManager@MOXIE@@@MOXIE@@UEAA_NXZ	public: virtual bool __cdecl MOXIE::Service<class MOXIE::AnalyticsManager>::onStartup(void) __ptr64
4448	?onStartup@?$Service@VAudioManager@MOXIE@@@MOXIE@@UEAA_NXZ	public: virtual bool __cdecl MOXIE::Service<class MOXIE::AudioManager>::onStartup(void) __ptr64
4449	?onStartup@?$Service@VEnableManager@MOXIE@@@MOXIE@@UEAA_NXZ	public: virtual bool __cdecl MOXIE::Service<class MOXIE::EnableManager>::onStartup(void) __ptr64
4450	?onStartup@?$Service@VGlobalTime@MOXIE@@@MOXIE@@UEAA_NXZ	public: virtual bool __cdecl MOXIE::Service<class MOXIE::GlobalTime>::onStartup(void) __ptr64
4451	?onStartup@?$Service@VInputManager@MOXIE@@@MOXIE@@UEAA_NXZ	public: virtual bool __cdecl MOXIE::Service<class MOXIE::InputManager>::onStartup(void) __ptr64
4452	?onStartup@?$Service@VPhysicsManager@MOXIE@@@MOXIE@@UEAA_NXZ	public: virtual bool __cdecl MOXIE::Service<class MOXIE::PhysicsManager>::onStartup(void) __ptr64
4453	?onStartup@?$Service@VRenderDebug@MOXIE@@@MOXIE@@UEAA_NXZ	public: virtual bool __cdecl MOXIE::Service<class MOXIE::RenderDebug>::onStartup(void) __ptr64
4454	?onStartup@?$Service@VRenderDevice@MOXIE@@@MOXIE@@UEAA_NXZ	public: virtual bool __cdecl MOXIE::Service<class MOXIE::RenderDevice>::onStartup(void) __ptr64
4455	?onStartup@?$Service@VRenderManager@MOXIE@@@MOXIE@@UEAA_NXZ	public: virtual bool __cdecl MOXIE::Service<class MOXIE::RenderManager>::onStartup(void) __ptr64
4456	?onStartup@?$Service@VResourceManager@MOXIE@@@MOXIE@@UEAA_NXZ	public: virtual bool __cdecl MOXIE::Service<class MOXIE::ResourceManager>::onStartup(void) __ptr64
4457	?onStartup@?$Service@VSceneManager@MOXIE@@@MOXIE@@UEAA_NXZ	public: virtual bool __cdecl MOXIE::Service<class MOXIE::SceneManager>::onStartup(void) __ptr64
4458	?onStartup@?$Service@VScriptManager@MOXIE@@@MOXIE@@UEAA_NXZ	public: virtual bool __cdecl MOXIE::Service<class MOXIE::ScriptManager>::onStartup(void) __ptr64
4459	?onStartup@?$Service@VSensorManager@MOXIE@@@MOXIE@@UEAA_NXZ	public: virtual bool __cdecl MOXIE::Service<class MOXIE::SensorManager>::onStartup(void) __ptr64
4460	?onStartup@?$Service@VStatManager@MOXIE@@@MOXIE@@UEAA_NXZ	public: virtual bool __cdecl MOXIE::Service<class MOXIE::StatManager>::onStartup(void) __ptr64
4461	?onStartup@?$Service@VUriManager@MOXIE@@@MOXIE@@UEAA_NXZ	public: virtual bool __cdecl MOXIE::Service<class MOXIE::UriManager>::onStartup(void) __ptr64
4462	?onStartup@?$Service@VVideoCubeManager@MOXIE@@@MOXIE@@UEAA_NXZ	public: virtual bool __cdecl MOXIE::Service<class MOXIE::VideoCubeManager>::onStartup(void) __ptr64
4463	?onStartup@AudioManager@MOXIE@@UEAA_NXZ	public: virtual bool __cdecl MOXIE::AudioManager::onStartup(void) __ptr64
4464	?onStartup@EnableManager@MOXIE@@UEAA_NXZ	public: virtual bool __cdecl MOXIE::EnableManager::onStartup(void) __ptr64
4465	?onStartup@RenderManager@MOXIE@@UEAA_NXZ	public: virtual bool __cdecl MOXIE::RenderManager::onStartup(void) __ptr64
4466	?onStartup@ResourceManager@MOXIE@@UEAA_NXZ	public: virtual bool __cdecl MOXIE::ResourceManager::onStartup(void) __ptr64
4467	?onStartup@StatManager@MOXIE@@UEAA_NXZ	public: virtual bool __cdecl MOXIE::StatManager::onStartup(void) __ptr64
4468	?onStartup@StoryManager@MOXIE@@QEAA_NXZ	public: bool __cdecl MOXIE::StoryManager::onStartup(void) __ptr64
4469	?onTerminate@LApplication@MOXIE@@UEAAXXZ	public: virtual void __cdecl MOXIE::LApplication::onTerminate(void) __ptr64
4470	?onTextInput@Application@MOXIE@@UEAA_NI@Z	public: virtual bool __cdecl MOXIE::Application::onTextInput(unsigned int) __ptr64
4471	?onTextInput@LApplication@MOXIE@@UEAA_NI@Z	public: virtual bool __cdecl MOXIE::LApplication::onTextInput(unsigned int) __ptr64
4472	?onTouchDown@Application@MOXIE@@UEAA_NIMMJH@Z	public: virtual bool __cdecl MOXIE::Application::onTouchDown(unsigned int,float,float,long,int) __ptr64
4473	?onTouchDown@LApplication@MOXIE@@UEAA_NIMMJH@Z	public: virtual bool __cdecl MOXIE::LApplication::onTouchDown(unsigned int,float,float,long,int) __ptr64
4474	?onTouchMove@Application@MOXIE@@UEAA_NIMMJH@Z	public: virtual bool __cdecl MOXIE::Application::onTouchMove(unsigned int,float,float,long,int) __ptr64
4475	?onTouchMove@LApplication@MOXIE@@UEAA_NIMMJH@Z	public: virtual bool __cdecl MOXIE::LApplication::onTouchMove(unsigned int,float,float,long,int) __ptr64
4476	?onTouchUp@Application@MOXIE@@UEAA_NIMMJH@Z	public: virtual bool __cdecl MOXIE::Application::onTouchUp(unsigned int,float,float,long,int) __ptr64
4477	?onTouchUp@LApplication@MOXIE@@UEAA_NIMMJH@Z	public: virtual bool __cdecl MOXIE::LApplication::onTouchUp(unsigned int,float,float,long,int) __ptr64
4478	?onUnload@AnimResource@MOXIE@@UEAAXXZ	public: virtual void __cdecl MOXIE::AnimResource::onUnload(void) __ptr64
4479	?onUnload@AudioResource@MOXIE@@UEAAXXZ	public: virtual void __cdecl MOXIE::AudioResource::onUnload(void) __ptr64
4480	?onUnload@DepthResource@MOXIE@@UEAAXXZ	public: virtual void __cdecl MOXIE::DepthResource::onUnload(void) __ptr64
4481	?onUnload@FBImageResource@MOXIE@@UEAAXXZ	public: virtual void __cdecl MOXIE::FBImageResource::onUnload(void) __ptr64
4482	?onUnload@FlipbookResource@MOXIE@@UEAAXXZ	public: virtual void __cdecl MOXIE::FlipbookResource::onUnload(void) __ptr64
4483	?onUnload@FontResource@MOXIE@@UEAAXXZ	public: virtual void __cdecl MOXIE::FontResource::onUnload(void) __ptr64
4484	?onUnload@ModelResource@MOXIE@@UEAAXXZ	public: virtual void __cdecl MOXIE::ModelResource::onUnload(void) __ptr64
4485	?onUnload@ParticleSystemResource@MOXIE@@UEAAXXZ	public: virtual void __cdecl MOXIE::ParticleSystemResource::onUnload(void) __ptr64
4486	?onUnload@PipelineStateResource@MOXIE@@UEAAXXZ	public: virtual void __cdecl MOXIE::PipelineStateResource::onUnload(void) __ptr64
4487	?onUnload@PosteffectResource@MOXIE@@UEAAXXZ	public: virtual void __cdecl MOXIE::PosteffectResource::onUnload(void) __ptr64
4488	?onUnload@SceneGraphResource@MOXIE@@UEAAXXZ	public: virtual void __cdecl MOXIE::SceneGraphResource::onUnload(void) __ptr64
4489	?onUnload@ShaderResource@MOXIE@@UEAAXXZ	public: virtual void __cdecl MOXIE::ShaderResource::onUnload(void) __ptr64
4490	?onUnload@TextureResource@MOXIE@@UEAAXXZ	public: virtual void __cdecl MOXIE::TextureResource::onUnload(void) __ptr64
4491	?onUnload@VideoCubeResource@MOXIE@@UEAAXXZ	public: virtual void __cdecl MOXIE::VideoCubeResource::onUnload(void) __ptr64
4492	?onUnloadDevice@ModelResource@MOXIE@@QEAAXXZ	public: void __cdecl MOXIE::ModelResource::onUnloadDevice(void) __ptr64
4493	?onUpdate@?$Service@VAnalyticsManager@MOXIE@@@MOXIE@@UEAAXXZ	public: virtual void __cdecl MOXIE::Service<class MOXIE::AnalyticsManager>::onUpdate(void) __ptr64
4494	?onUpdate@?$Service@VAudioManager@MOXIE@@@MOXIE@@UEAAXXZ	public: virtual void __cdecl MOXIE::Service<class MOXIE::AudioManager>::onUpdate(void) __ptr64
4495	?onUpdate@?$Service@VEnableManager@MOXIE@@@MOXIE@@UEAAXXZ	public: virtual void __cdecl MOXIE::Service<class MOXIE::EnableManager>::onUpdate(void) __ptr64
4496	?onUpdate@?$Service@VGlobalTime@MOXIE@@@MOXIE@@UEAAXXZ	public: virtual void __cdecl MOXIE::Service<class MOXIE::GlobalTime>::onUpdate(void) __ptr64
4497	?onUpdate@?$Service@VInputManager@MOXIE@@@MOXIE@@UEAAXXZ	public: virtual void __cdecl MOXIE::Service<class MOXIE::InputManager>::onUpdate(void) __ptr64
4498	?onUpdate@?$Service@VPhysicsManager@MOXIE@@@MOXIE@@UEAAXXZ	public: virtual void __cdecl MOXIE::Service<class MOXIE::PhysicsManager>::onUpdate(void) __ptr64
4499	?onUpdate@?$Service@VRenderDebug@MOXIE@@@MOXIE@@UEAAXXZ	public: virtual void __cdecl MOXIE::Service<class MOXIE::RenderDebug>::onUpdate(void) __ptr64
4500	?onUpdate@?$Service@VRenderDevice@MOXIE@@@MOXIE@@UEAAXXZ	public: virtual void __cdecl MOXIE::Service<class MOXIE::RenderDevice>::onUpdate(void) __ptr64
4501	?onUpdate@?$Service@VRenderManager@MOXIE@@@MOXIE@@UEAAXXZ	public: virtual void __cdecl MOXIE::Service<class MOXIE::RenderManager>::onUpdate(void) __ptr64
4502	?onUpdate@?$Service@VResourceManager@MOXIE@@@MOXIE@@UEAAXXZ	public: virtual void __cdecl MOXIE::Service<class MOXIE::ResourceManager>::onUpdate(void) __ptr64
4503	?onUpdate@?$Service@VSceneManager@MOXIE@@@MOXIE@@UEAAXXZ	public: virtual void __cdecl MOXIE::Service<class MOXIE::SceneManager>::onUpdate(void) __ptr64
4504	?onUpdate@?$Service@VScriptManager@MOXIE@@@MOXIE@@UEAAXXZ	public: virtual void __cdecl MOXIE::Service<class MOXIE::ScriptManager>::onUpdate(void) __ptr64
4505	?onUpdate@?$Service@VSensorManager@MOXIE@@@MOXIE@@UEAAXXZ	public: virtual void __cdecl MOXIE::Service<class MOXIE::SensorManager>::onUpdate(void) __ptr64
4506	?onUpdate@?$Service@VStatManager@MOXIE@@@MOXIE@@UEAAXXZ	public: virtual void __cdecl MOXIE::Service<class MOXIE::StatManager>::onUpdate(void) __ptr64
4507	?onUpdate@?$Service@VUriManager@MOXIE@@@MOXIE@@UEAAXXZ	public: virtual void __cdecl MOXIE::Service<class MOXIE::UriManager>::onUpdate(void) __ptr64
4508	?onUpdate@?$Service@VVideoCubeManager@MOXIE@@@MOXIE@@UEAAXXZ	public: virtual void __cdecl MOXIE::Service<class MOXIE::VideoCubeManager>::onUpdate(void) __ptr64
4509	?onUpdate@AnalyticsManager@MOXIE@@UEAAXXZ	public: virtual void __cdecl MOXIE::AnalyticsManager::onUpdate(void) __ptr64
4510	?onUpdate@AudioManager@MOXIE@@UEAAXXZ	public: virtual void __cdecl MOXIE::AudioManager::onUpdate(void) __ptr64
4511	?onUpdate@EnableManager@MOXIE@@UEAAXXZ	public: virtual void __cdecl MOXIE::EnableManager::onUpdate(void) __ptr64
4512	?onUpdate@GlobalTime@MOXIE@@MEAAXXZ	protected: virtual void __cdecl MOXIE::GlobalTime::onUpdate(void) __ptr64
4513	?onUpdate@InputManager@MOXIE@@UEAAXXZ	public: virtual void __cdecl MOXIE::InputManager::onUpdate(void) __ptr64
4514	?onUpdate@LApiParticlesController@duet@@SAXXZ	public: static void __cdecl duet::LApiParticlesController::onUpdate(void)
4515	?onUpdate@LApplication@MOXIE@@UEAAXXZ	public: virtual void __cdecl MOXIE::LApplication::onUpdate(void) __ptr64
4516	?onUpdate@LComponent@MOXIE@@UEAAXXZ	public: virtual void __cdecl MOXIE::LComponent::onUpdate(void) __ptr64
4517	?onUpdate@RenderDevice@MOXIE@@UEAAXXZ	public: virtual void __cdecl MOXIE::RenderDevice::onUpdate(void) __ptr64
4518	?onUpdate@RenderDeviceGL@MOXIE@@UEAAXXZ	public: virtual void __cdecl MOXIE::RenderDeviceGL::onUpdate(void) __ptr64
4519	?onUpdate@ResourceManager@MOXIE@@UEAAXXZ	public: virtual void __cdecl MOXIE::ResourceManager::onUpdate(void) __ptr64
4520	?onUpdate@SGAnimator@MOXIE@@UEAAXXZ	public: virtual void __cdecl MOXIE::SGAnimator::onUpdate(void) __ptr64
4521	?onUpdate@SGCameraController@MOXIE@@MEAAXXZ	protected: virtual void __cdecl MOXIE::SGCameraController::onUpdate(void) __ptr64
4522	?onUpdate@SGComponent@MOXIE@@UEAAXXZ	public: virtual void __cdecl MOXIE::SGComponent::onUpdate(void) __ptr64
4523	?onUpdate@SGCustomAnimator@MOXIE@@UEAAXXZ	public: virtual void __cdecl MOXIE::SGCustomAnimator::onUpdate(void) __ptr64
4524	?onUpdate@SGFogAnimator@MOXIE@@UEAAXXZ	public: virtual void __cdecl MOXIE::SGFogAnimator::onUpdate(void) __ptr64
4525	?onUpdate@SGLightAnimator@MOXIE@@UEAAXXZ	public: virtual void __cdecl MOXIE::SGLightAnimator::onUpdate(void) __ptr64
4526	?onUpdate@SGParticleAnimator@MOXIE@@UEAAXXZ	public: virtual void __cdecl MOXIE::SGParticleAnimator::onUpdate(void) __ptr64
4527	?onUpdate@SGProjectorAnimator@MOXIE@@UEAAXXZ	public: virtual void __cdecl MOXIE::SGProjectorAnimator::onUpdate(void) __ptr64
4528	?onUpdate@SGReplay@MOXIE@@UEAAXXZ	public: virtual void __cdecl MOXIE::SGReplay::onUpdate(void) __ptr64
4529	?onUpdate@SensorManager@MOXIE@@UEAAXXZ	public: virtual void __cdecl MOXIE::SensorManager::onUpdate(void) __ptr64
4530	?onUpdate@StatManager@MOXIE@@UEAAXXZ	public: virtual void __cdecl MOXIE::StatManager::onUpdate(void) __ptr64
4531	?onUpdate@StoryManager@MOXIE@@QEAAXXZ	public: void __cdecl MOXIE::StoryManager::onUpdate(void) __ptr64
4532	?onUpdateNative@LApiActorClampLayer@duet@@SAHPEAUlua_State@@@Z	public: static int __cdecl duet::LApiActorClampLayer::onUpdateNative(struct lua_State * __ptr64)
4533	?onUpdateNative@LApiActorMoverLayer@duet@@SAHPEAUlua_State@@@Z	public: static int __cdecl duet::LApiActorMoverLayer::onUpdateNative(struct lua_State * __ptr64)
4534	?onUpdateNative@LApiActorsLayer@duet@@SAHPEAUlua_State@@@Z	public: static int __cdecl duet::LApiActorsLayer::onUpdateNative(struct lua_State * __ptr64)
4535	?onUpdateNative@LApiBoomLayer@duet@@SAHPEAUlua_State@@@Z	public: static int __cdecl duet::LApiBoomLayer::onUpdateNative(struct lua_State * __ptr64)
4536	?onUpdateNative@LApiBoundsLayer@duet@@SAHPEAUlua_State@@@Z	public: static int __cdecl duet::LApiBoundsLayer::onUpdateNative(struct lua_State * __ptr64)
4537	?onUpdateNative@LApiFlipbookDriver@duet@@SAHPEAUlua_State@@@Z	public: static int __cdecl duet::LApiFlipbookDriver::onUpdateNative(struct lua_State * __ptr64)
4538	?onUpdateNative@LApiInputLayer@duet@@SAHPEAUlua_State@@@Z	public: static int __cdecl duet::LApiInputLayer::onUpdateNative(struct lua_State * __ptr64)
4539	?onUpdateNative@LApiLookAtDetector@duet@@SAHPEAUlua_State@@@Z	public: static int __cdecl duet::LApiLookAtDetector::onUpdateNative(struct lua_State * __ptr64)
4540	?onUpdateNative@LApiLookAtLayer@duet@@SAHPEAUlua_State@@@Z	public: static int __cdecl duet::LApiLookAtLayer::onUpdateNative(struct lua_State * __ptr64)
4541	?onUpdateNative@LApiProxyLayer@duet@@SAHPEAUlua_State@@@Z	public: static int __cdecl duet::LApiProxyLayer::onUpdateNative(struct lua_State * __ptr64)
4542	?onUpdateNative@LApiStarBlendLayer@duet@@SAHPEAUlua_State@@@Z	public: static int __cdecl duet::LApiStarBlendLayer::onUpdateNative(struct lua_State * __ptr64)
4543	?onUpdateNative@LApiTrackingLayer@duet@@SAHPEAUlua_State@@@Z	public: static int __cdecl duet::LApiTrackingLayer::onUpdateNative(struct lua_State * __ptr64)
4544	?open@FileStream@MOXIE@@QEAA_NPEAVFileSystem@2@PEBD1@Z	public: bool __cdecl MOXIE::FileStream::open(class MOXIE::FileSystem * __ptr64,char const * __ptr64,char const * __ptr64) __ptr64
4545	?open@InternalFileSystem@MOXIE@@UEAA_KPEBD0@Z	public: virtual unsigned __int64 __cdecl MOXIE::InternalFileSystem::open(char const * __ptr64,char const * __ptr64) __ptr64
4546	?open@LocalFileSystem@MOXIE@@UEAA_KPEBD0@Z	public: virtual unsigned __int64 __cdecl MOXIE::LocalFileSystem::open(char const * __ptr64,char const * __ptr64) __ptr64
4547	?open@NestedFileSystem@MOXIE@@UEAA_KPEBD0@Z	public: virtual unsigned __int64 __cdecl MOXIE::NestedFileSystem::open(char const * __ptr64,char const * __ptr64) __ptr64
4548	?open@NetworkFileSystem@MOXIE@@UEAA_KPEBD0@Z	public: virtual unsigned __int64 __cdecl MOXIE::NetworkFileSystem::open(char const * __ptr64,char const * __ptr64) __ptr64
4549	?open@PackageFileSystem@MOXIE@@UEAA_KPEBD0@Z	public: virtual unsigned __int64 __cdecl MOXIE::PackageFileSystem::open(char const * __ptr64,char const * __ptr64) __ptr64
4550	?open@SGVideoCubePlayer@MOXIE@@UEAA_NAEBVUri@2@@Z	public: virtual bool __cdecl MOXIE::SGVideoCubePlayer::open(class MOXIE::Uri const & __ptr64) __ptr64
4551	?open@SGVideoCubeRectPlayer@MOXIE@@UEAA_NAEBVUri@2@AEBVString@2@@Z	public: virtual bool __cdecl MOXIE::SGVideoCubeRectPlayer::open(class MOXIE::Uri const & __ptr64,class MOXIE::String const & __ptr64) __ptr64
4552	?open@SGVideoLatLongPlayer@MOXIE@@UEAA_NAEBVUri@2@AEBVString@2@@Z	public: virtual bool __cdecl MOXIE::SGVideoLatLongPlayer::open(class MOXIE::Uri const & __ptr64,class MOXIE::String const & __ptr64) __ptr64
4553	?open@VideoCube@MOXIE@@QEAA_NPEBD@Z	public: bool __cdecl MOXIE::VideoCube::open(char const * __ptr64) __ptr64
4554	?open@ZipArchive@MOXIE@@QEAA_NPEBD@Z	public: bool __cdecl MOXIE::ZipArchive::open(char const * __ptr64) __ptr64
4555	?open@ZipEntry@MOXIE@@QEAA_NXZ	public: bool __cdecl MOXIE::ZipEntry::open(void) __ptr64
4556	?openCallbacks@OggVorbisMetadata@MOXIE@@QEAAHAEBVUri@2@PEAXPEAUOggVorbis_File@@PEBDJUov_callbacks@@@Z	public: int __cdecl MOXIE::OggVorbisMetadata::openCallbacks(class MOXIE::Uri const & __ptr64,void * __ptr64,struct OggVorbis_File * __ptr64,char const * __ptr64,long,struct ov_callbacks) __ptr64
4557	?openCallbacks@OggVorbisMetadata@MOXIE@@QEAAHPEBDPEAXPEAUOggVorbis_File@@0JUov_callbacks@@@Z	public: int __cdecl MOXIE::OggVorbisMetadata::openCallbacks(char const * __ptr64,void * __ptr64,struct OggVorbis_File * __ptr64,char const * __ptr64,long,struct ov_callbacks) __ptr64
4558	?openFace@VideoCube@MOXIE@@IEAA_NPEBDI@Z	protected: bool __cdecl MOXIE::VideoCube::openFace(char const * __ptr64,unsigned int) __ptr64
4559	?optional@CommandLine@MOXIE@@SA?AUoption_t@12@PEBD0AEBUarglist_t@12@0@Z	public: static struct MOXIE::CommandLine::option_t __cdecl MOXIE::CommandLine::optional(char const * __ptr64,char const * __ptr64,struct MOXIE::CommandLine::arglist_t const & __ptr64,char const * __ptr64)
4560	?orthonormalize@Matrix4@MOXIE@@QEAAXXZ	public: void __cdecl MOXIE::Matrix4::orthonormalize(void) __ptr64
4561	?outofChunk@RiffDiver@MOXIE@@QEAA_NXZ	public: bool __cdecl MOXIE::RiffDiver::outofChunk(void) __ptr64
4562	?overlaps@AABBox@MOXIE@@QEBA_NAEBV12@@Z	public: bool __cdecl MOXIE::AABBox::overlaps(class MOXIE::AABBox const & __ptr64)const __ptr64
4563	?overlaps@Frustum@MOXIE@@QEBA_NAEBVAABBox@2@@Z	public: bool __cdecl MOXIE::Frustum::overlaps(class MOXIE::AABBox const & __ptr64)const __ptr64
4564	?padding@Buffer@@AEAAIPEAEI@Z	private: unsigned int __cdecl Buffer::padding(unsigned char * __ptr64,unsigned int) __ptr64
4565	?padding@Buffer@MOXIE@@AEAAIPEAEI@Z	private: unsigned int __cdecl MOXIE::Buffer::padding(unsigned char * __ptr64,unsigned int) __ptr64
4566	?parse@CommandLine@MOXIE@@QEAA_NPEAUoption_t@12@PEBD@Z	public: bool __cdecl MOXIE::CommandLine::parse(struct MOXIE::CommandLine::option_t * __ptr64,char const * __ptr64) __ptr64
4567	?parse@CommandLine@MOXIE@@QEAA_NPEAUoption_t@12@PEBVString@2@H@Z	public: bool __cdecl MOXIE::CommandLine::parse(struct MOXIE::CommandLine::option_t * __ptr64,class MOXIE::String const * __ptr64,int) __ptr64
4568	?parse@CommandLine@MOXIE@@QEAA_NPEAUoption_t@12@QEAPEBDH@Z	public: bool __cdecl MOXIE::CommandLine::parse(struct MOXIE::CommandLine::option_t * __ptr64,char const * __ptr64 * __ptr64 const,int) __ptr64
4569	?parse@CommandLine@MOXIE@@QEAA_NPEAUoption_t@12@VString@2@@Z	public: bool __cdecl MOXIE::CommandLine::parse(struct MOXIE::CommandLine::option_t * __ptr64,class MOXIE::String) __ptr64
4570	?parse@FilePath@MOXIE@@AEAAXPEBD@Z	private: void __cdecl MOXIE::FilePath::parse(char const * __ptr64) __ptr64
4571	?parse@ShaderParser@MOXIE@@CA_NXZ	private: static bool __cdecl MOXIE::ShaderParser::parse(void)
4572	?parse@StoryConfig@MOXIE@@QEAA_NPEBD@Z	public: bool __cdecl MOXIE::StoryConfig::parse(char const * __ptr64) __ptr64
4573	?parse@StoryGSM@MOXIE@@QEAA_NPEAX_KMI@Z	public: bool __cdecl MOXIE::StoryGSM::parse(void * __ptr64,unsigned __int64,float,unsigned int) __ptr64
4574	?parse@StoryGSM@MOXIE@@QEAA_NPEBDMI@Z	public: bool __cdecl MOXIE::StoryGSM::parse(char const * __ptr64,float,unsigned int) __ptr64
4575	?parse@StoryManifest@MOXIE@@QEAA_NPEAVBuffer@2@AEBVString@2@@Z	public: bool __cdecl MOXIE::StoryManifest::parse(class MOXIE::Buffer * __ptr64,class MOXIE::String const & __ptr64) __ptr64
4576	?parseAnimData@gsaDecoderResource@MOXIE@@AEAA_NAEBVBitStream@2@@Z	private: bool __cdecl MOXIE::gsaDecoderResource::parseAnimData(class MOXIE::BitStream const & __ptr64) __ptr64
4577	?parseArguments@CommandLine@MOXIE@@IEAA_NPEAUoption_t@12@HQEAPEBDH@Z	protected: bool __cdecl MOXIE::CommandLine::parseArguments(struct MOXIE::CommandLine::option_t * __ptr64,int,char const * __ptr64 * __ptr64 const,int) __ptr64
4578	?parseBitStream@BSCF_Reader@MOXIE@@QEAA_NAEBVBitStream@2@PEBD@Z	public: bool __cdecl MOXIE::BSCF_Reader::parseBitStream(class MOXIE::BitStream const & __ptr64,char const * __ptr64) __ptr64
4579	?parseByteStream@BSCF_Reader@MOXIE@@QEAA_NPEBEIPEBD@Z	public: bool __cdecl MOXIE::BSCF_Reader::parseByteStream(unsigned char const * __ptr64,unsigned int,char const * __ptr64) __ptr64
4580	?parseCollider@LUtilParticles@MOXIE@@SAPEAVParticleCollider@2@PEAUlua_State@@@Z	public: static class MOXIE::ParticleCollider * __ptr64 __cdecl MOXIE::LUtilParticles::parseCollider(struct lua_State * __ptr64)
4581	?parseDefinition@LUtilParticles@MOXIE@@SAXPEAUlua_State@@AEAUParticleDefinition@2@@Z	public: static void __cdecl MOXIE::LUtilParticles::parseDefinition(struct lua_State * __ptr64,struct MOXIE::ParticleDefinition & __ptr64)
4582	?parseField@LUtilParticles@MOXIE@@SAPEAVParticleField@2@PEAUlua_State@@@Z	public: static class MOXIE::ParticleField * __ptr64 __cdecl MOXIE::LUtilParticles::parseField(struct lua_State * __ptr64)
4583	?parseFunction@ShaderParser@MOXIE@@CA_NHPEBD@Z	private: static bool __cdecl MOXIE::ShaderParser::parseFunction(int,char const * __ptr64)
4584	?parseLuaState@LDataTableLoader@MOXIE@@SAPEAVLuaDataTable@2@PEAUlua_State@@AEBVString@2@_N@Z	public: static class MOXIE::LuaDataTable * __ptr64 __cdecl MOXIE::LDataTableLoader::parseLuaState(struct lua_State * __ptr64,class MOXIE::String const & __ptr64,bool)
4585	?parseOptionTable@ShaderParser@MOXIE@@SAPEAVShaderOptionTable@2@XZ	public: static class MOXIE::ShaderOptionTable * __ptr64 __cdecl MOXIE::ShaderParser::parseOptionTable(void)
4586	?parseResourceInfo@OggVorbisDecoder@MOXIE@@SA?AUAUDIORESOURCEINFO@2@AEBVUri@2@@Z	public: static struct MOXIE::AUDIORESOURCEINFO __cdecl MOXIE::OggVorbisDecoder::parseResourceInfo(class MOXIE::Uri const & __ptr64)
4587	?parseResourceInfo@PcmDecoder@MOXIE@@SA?AUAUDIORESOURCEINFO@2@AEBVUri@2@@Z	public: static struct MOXIE::AUDIORESOURCEINFO __cdecl MOXIE::PcmDecoder::parseResourceInfo(class MOXIE::Uri const & __ptr64)
4588	?parseSystem@LUtilParticles@MOXIE@@SAXPEAUlua_State@@PEAVParticleSystemResource@2@@Z	public: static void __cdecl MOXIE::LUtilParticles::parseSystem(struct lua_State * __ptr64,class MOXIE::ParticleSystemResource * __ptr64)
4589	?parseValue@CSV@@QEAA?AUVariant@1@PEBD@Z	public: struct CSV::Variant __cdecl CSV::parseValue(char const * __ptr64) __ptr64
4590	?particleSystemsEnabled@@YA_NXZ	bool __cdecl particleSystemsEnabled(void)
4591	?patch@ModelResource@MOXIE@@IEAAPEAV12@XZ	protected: class MOXIE::ModelResource * __ptr64 __cdecl MOXIE::ModelResource::patch(void) __ptr64
4592	?patch@ModelResource@MOXIE@@IEBAPEBV12@XZ	protected: class MOXIE::ModelResource const * __ptr64 __cdecl MOXIE::ModelResource::patch(void)const __ptr64
4593	?patchShaderText@ShaderGL_ES2@MOXIE@@AEAAXXZ	private: void __cdecl MOXIE::ShaderGL_ES2::patchShaderText(void) __ptr64
4594	?path@FilePath@MOXIE@@QEBAPEBDXZ	public: char const * __ptr64 __cdecl MOXIE::FilePath::path(void)const __ptr64
4595	?pause@AudioManager@MOXIE@@QEAAXXZ	public: void __cdecl MOXIE::AudioManager::pause(void) __ptr64
4596	?pause@Engine@MOXIE@@QEAAXXZ	public: void __cdecl MOXIE::Engine::pause(void) __ptr64
4597	?pause@JobQueue@MOXIE@@QEAAXXZ	public: void __cdecl MOXIE::JobQueue::pause(void) __ptr64
4598	?pause@PlatformAudioDriver@MOXIE@@UEAA_NXZ	public: virtual bool __cdecl MOXIE::PlatformAudioDriver::pause(void) __ptr64
4599	?pause@SGVideoCubePlayer@MOXIE@@UEAAXXZ	public: virtual void __cdecl MOXIE::SGVideoCubePlayer::pause(void) __ptr64
4600	?pause@SGVideoCubeRectPlayer@MOXIE@@UEAAXXZ	public: virtual void __cdecl MOXIE::SGVideoCubeRectPlayer::pause(void) __ptr64
4601	?pause@SGVideoLatLongPlayer@MOXIE@@UEAAXXZ	public: virtual void __cdecl MOXIE::SGVideoLatLongPlayer::pause(void) __ptr64
4602	?pause@SensorManager@MOXIE@@QEAAXXZ	public: void __cdecl MOXIE::SensorManager::pause(void) __ptr64
4603	?pause@StoryPlayer@MOXIE@@IEAA_NXZ	protected: bool __cdecl MOXIE::StoryPlayer::pause(void) __ptr64
4604	?pause@StorySubtitles@MOXIE@@QEAAXVString@2@@Z	public: void __cdecl MOXIE::StorySubtitles::pause(class MOXIE::String) __ptr64
4605	?pause@Time@MOXIE@@QEAAXXZ	public: void __cdecl MOXIE::Time::pause(void) __ptr64
4606	?pause@VideoCubeManager@MOXIE@@QEAAXXZ	public: void __cdecl MOXIE::VideoCubeManager::pause(void) __ptr64
4607	?pauseAll@Locator@MOXIE@@SA_NXZ	public: static bool __cdecl MOXIE::Locator::pauseAll(void)
4608	?pauseMovie@@YAXXZ	void __cdecl pauseMovie(void)
4609	?pauseStory@StoryManager@MOXIE@@QEAAXXZ	public: void __cdecl MOXIE::StoryManager::pauseStory(void) __ptr64
4610	?pick@SceneGraph@MOXIE@@QEAAPEAVSGNode@2@AEBVCamera@2@AEBVViewport@2@AEBVVector2@2@@Z	public: class MOXIE::SGNode * __ptr64 __cdecl MOXIE::SceneGraph::pick(class MOXIE::Camera const & __ptr64,class MOXIE::Viewport const & __ptr64,class MOXIE::Vector2 const & __ptr64) __ptr64
4611	?pickTraversal@SceneGraph@MOXIE@@IEAAPEAVSGNode@2@PEAV32@AEBVRay@2@PEAVVector3@2@@Z	protected: class MOXIE::SGNode * __ptr64 __cdecl MOXIE::SceneGraph::pickTraversal(class MOXIE::SGNode * __ptr64,class MOXIE::Ray const & __ptr64,class MOXIE::Vector3 * __ptr64) __ptr64
4612	?play@Animator@MOXIE@@QEAA_NPEBD_N@Z	public: bool __cdecl MOXIE::Animator::play(char const * __ptr64,bool) __ptr64
4613	?play@FlipbookAnimator@MOXIE@@QEAA_NI_N@Z	public: bool __cdecl MOXIE::FlipbookAnimator::play(unsigned int,bool) __ptr64
4614	?play@SGVideoCubePlayer@MOXIE@@UEAAXXZ	public: virtual void __cdecl MOXIE::SGVideoCubePlayer::play(void) __ptr64
4615	?play@SGVideoCubeRectPlayer@MOXIE@@UEAAXXZ	public: virtual void __cdecl MOXIE::SGVideoCubeRectPlayer::play(void) __ptr64
4616	?play@SGVideoLatLongPlayer@MOXIE@@UEAAXXZ	public: virtual void __cdecl MOXIE::SGVideoLatLongPlayer::play(void) __ptr64
4617	?play@StoryPlayer@MOXIE@@IEAA_NXZ	protected: bool __cdecl MOXIE::StoryPlayer::play(void) __ptr64
4618	?play@StorySubtitles@MOXIE@@QEAAXVString@2@@Z	public: void __cdecl MOXIE::StorySubtitles::play(class MOXIE::String) __ptr64
4619	?playCompleteCallback@AudioDataMaux@MOXIE@@CAXPEAXW4EPlayerCallback@2@II@Z	private: static void __cdecl MOXIE::AudioDataMaux::playCompleteCallback(void * __ptr64,enum MOXIE::EPlayerCallback,unsigned int,unsigned int)
4620	?playerPreroll@AudioSystem@MOXIE@@QEAA?AW4MauxStatus@2@I@Z	public: enum MOXIE::MauxStatus __cdecl MOXIE::AudioSystem::playerPreroll(unsigned int) __ptr64
4621	?pop@Buffer@@QEAAPEAEI@Z	public: unsigned char * __ptr64 __cdecl Buffer::pop(unsigned int) __ptr64
4622	?pop@Buffer@MOXIE@@QEAAPEAEI@Z	public: unsigned char * __ptr64 __cdecl MOXIE::Buffer::pop(unsigned int) __ptr64
4623	?pop@FramePool@MOXIE@@QEAAPEAVFrameSurface@2@XZ	public: class MOXIE::FrameSurface * __ptr64 __cdecl MOXIE::FramePool::pop(void) __ptr64
4624	?popBool@LUtil@MOXIE@@SA_NPEAUlua_State@@_N@Z	public: static bool __cdecl MOXIE::LUtil::popBool(struct lua_State * __ptr64,bool)
4625	?popBool@LUtil@duet@@SA_NPEAUlua_State@@_N@Z	public: static bool __cdecl duet::LUtil::popBool(struct lua_State * __ptr64,bool)
4626	?popChar@Buffer@@QEAAHXZ	public: int __cdecl Buffer::popChar(void) __ptr64
4627	?popChar@Buffer@MOXIE@@QEAAHXZ	public: int __cdecl MOXIE::Buffer::popChar(void) __ptr64
4628	?popDouble@LUtil@MOXIE@@SANPEAUlua_State@@N@Z	public: static double __cdecl MOXIE::LUtil::popDouble(struct lua_State * __ptr64,double)
4629	?popFloat@Buffer@@QEAAMXZ	public: float __cdecl Buffer::popFloat(void) __ptr64
4630	?popFloat@Buffer@MOXIE@@QEAAMXZ	public: float __cdecl MOXIE::Buffer::popFloat(void) __ptr64
4631	?popFloat@LUtil@MOXIE@@SAMPEAUlua_State@@M@Z	public: static float __cdecl MOXIE::LUtil::popFloat(struct lua_State * __ptr64,float)
4632	?popFloat@LUtil@duet@@SAMPEAUlua_State@@M@Z	public: static float __cdecl duet::LUtil::popFloat(struct lua_State * __ptr64,float)
4633	?popInt16@Buffer@@QEAAHXZ	public: int __cdecl Buffer::popInt16(void) __ptr64
4634	?popInt16@Buffer@MOXIE@@QEAAHXZ	public: int __cdecl MOXIE::Buffer::popInt16(void) __ptr64
4635	?popInt32@Buffer@@QEAAHXZ	public: int __cdecl Buffer::popInt32(void) __ptr64
4636	?popInt32@Buffer@MOXIE@@QEAAHXZ	public: int __cdecl MOXIE::Buffer::popInt32(void) __ptr64
4637	?popInt64@LUtil@MOXIE@@SA_JPEAUlua_State@@_J@Z	public: static __int64 __cdecl MOXIE::LUtil::popInt64(struct lua_State * __ptr64,__int64)
4638	?popInt@LUtil@MOXIE@@SAHPEAUlua_State@@H@Z	public: static int __cdecl MOXIE::LUtil::popInt(struct lua_State * __ptr64,int)
4639	?popInt@LUtil@duet@@SAHPEAUlua_State@@H@Z	public: static int __cdecl duet::LUtil::popInt(struct lua_State * __ptr64,int)
4640	?popNativeType_@LUtil@MOXIE@@CAIPEAUlua_State@@PEBD@Z	private: static unsigned int __cdecl MOXIE::LUtil::popNativeType_(struct lua_State * __ptr64,char const * __ptr64)
4641	?popString@Buffer@@QEAAPEBDXZ	public: char const * __ptr64 __cdecl Buffer::popString(void) __ptr64
4642	?popString@Buffer@MOXIE@@QEAAPEBDXZ	public: char const * __ptr64 __cdecl MOXIE::Buffer::popString(void) __ptr64
4643	?popString@LUtil@MOXIE@@SA?AVString@2@PEAUlua_State@@V32@@Z	public: static class MOXIE::String __cdecl MOXIE::LUtil::popString(struct lua_State * __ptr64,class MOXIE::String)
4644	?popTable@LuaDataTable@MOXIE@@AEAAXXZ	private: void __cdecl MOXIE::LuaDataTable::popTable(void) __ptr64
4645	?popTableBegin@LUtil@MOXIE@@SA_NPEAUlua_State@@PEBD@Z	public: static bool __cdecl MOXIE::LUtil::popTableBegin(struct lua_State * __ptr64,char const * __ptr64)
4646	?popTableEnd@LUtil@MOXIE@@SAXPEAUlua_State@@@Z	public: static void __cdecl MOXIE::LUtil::popTableEnd(struct lua_State * __ptr64)
4647	?popUInt64@LUtil@MOXIE@@SA_KPEAUlua_State@@_K@Z	public: static unsigned __int64 __cdecl MOXIE::LUtil::popUInt64(struct lua_State * __ptr64,unsigned __int64)
4648	?popUInt@LUtil@MOXIE@@SAIPEAUlua_State@@I@Z	public: static unsigned int __cdecl MOXIE::LUtil::popUInt(struct lua_State * __ptr64,unsigned int)
4649	?postJob@AudServices@MOXIE@@QEAAX_NW4AUDJOBTYPE@2@PEAX@Z	public: void __cdecl MOXIE::AudServices::postJob(bool,enum MOXIE::AUDJOBTYPE,void * __ptr64) __ptr64
4650	?prefetch@AudioDataMaux@MOXIE@@UEAA_NXZ	public: virtual bool __cdecl MOXIE::AudioDataMaux::prefetch(void) __ptr64
4651	?prefetch@DepthResource@MOXIE@@UEAAXI@Z	public: virtual void __cdecl MOXIE::DepthResource::prefetch(unsigned int) __ptr64
4652	?prefetch@Material@MOXIE@@QEAAXXZ	public: void __cdecl MOXIE::Material::prefetch(void) __ptr64
4653	?prefetch@MaterialParameter@MOXIE@@UEAAXXZ	public: virtual void __cdecl MOXIE::MaterialParameter::prefetch(void) __ptr64
4654	?prefetch@MaterialParameterTexture@MOXIE@@UEAAXXZ	public: virtual void __cdecl MOXIE::MaterialParameterTexture::prefetch(void) __ptr64
4655	?prefetch@MaterialPass@MOXIE@@QEAAXXZ	public: void __cdecl MOXIE::MaterialPass::prefetch(void) __ptr64
4656	?prefetch@ResourceGroup@MOXIE@@QEAAXXZ	public: void __cdecl MOXIE::ResourceGroup::prefetch(void) __ptr64
4657	?prefetch@ResourceManager@MOXIE@@QEAAXAEBVResourceHandle@2@I@Z	public: void __cdecl MOXIE::ResourceManager::prefetch(class MOXIE::ResourceHandle const & __ptr64,unsigned int) __ptr64
4658	?prefetch@ResourceManager@MOXIE@@QEAA_NI@Z	public: bool __cdecl MOXIE::ResourceManager::prefetch(unsigned int) __ptr64
4659	?prefetch@TextureResource@MOXIE@@UEAAXI@Z	public: virtual void __cdecl MOXIE::TextureResource::prefetch(unsigned int) __ptr64
4660	?prefetch@VideoCubeResource@MOXIE@@UEAAXI@Z	public: virtual void __cdecl MOXIE::VideoCubeResource::prefetch(unsigned int) __ptr64
4661	?prefetchFrame@gsaDecoder@MOXIE@@QEAAXM@Z	public: void __cdecl MOXIE::gsaDecoder::prefetchFrame(float) __ptr64
4662	?prefetchMaterials@ModelResource@MOXIE@@QEAAXI@Z	public: void __cdecl MOXIE::ModelResource::prefetchMaterials(unsigned int) __ptr64
4663	?prefetchMaterials@PosteffectResource@MOXIE@@QEAAXXZ	public: void __cdecl MOXIE::PosteffectResource::prefetchMaterials(void) __ptr64
4664	?prefetchTime@gsaDecoder@MOXIE@@QEAAXM@Z	public: void __cdecl MOXIE::gsaDecoder::prefetchTime(float) __ptr64
4665	?prepare@LApplication@MOXIE@@UEAA_NXZ	public: virtual bool __cdecl MOXIE::LApplication::prepare(void) __ptr64
4666	?prepare@StoryPlayer@MOXIE@@IEAA_NPEBD0@Z	protected: bool __cdecl MOXIE::StoryPlayer::prepare(char const * __ptr64,char const * __ptr64) __ptr64
4667	?prepareChunk@gsaDecoder@MOXIE@@AEAAXHAEAUChunkToStream@2@@Z	private: void __cdecl MOXIE::gsaDecoder::prepareChunk(int,struct MOXIE::ChunkToStream & __ptr64) __ptr64
4668	?prepareThread@StoryPlayer@MOXIE@@CAPEAXPEAX@Z	private: static void * __ptr64 __cdecl MOXIE::StoryPlayer::prepareThread(void * __ptr64)
4669	?preroll@AudPlayer@MOXIE@@QEAA?AW4MauxStatus@2@_N@Z	public: enum MOXIE::MauxStatus __cdecl MOXIE::AudPlayer::preroll(bool) __ptr64
4670	?preroll@AudioDataSource@MOXIE@@QEAA?AW4MauxStatus@2@_N@Z	public: enum MOXIE::MauxStatus __cdecl MOXIE::AudioDataSource::preroll(bool) __ptr64
4671	?preroll@AudioManager@MOXIE@@QEAAXPEAX@Z	public: void __cdecl MOXIE::AudioManager::preroll(void * __ptr64) __ptr64
4672	?preroll@AudioPlayerMaux@MOXIE@@UEAAXXZ	public: virtual void __cdecl MOXIE::AudioPlayerMaux::preroll(void) __ptr64
4673	?print@ParticleDefinition@MOXIE@@QEBAXXZ	public: void __cdecl MOXIE::ParticleDefinition::print(void)const __ptr64
4674	?print@StoryConfig@MOXIE@@QEAAXXZ	public: void __cdecl MOXIE::StoryConfig::print(void) __ptr64
4675	?printActiveResources@ResourceManager@MOXIE@@QEAAXXZ	public: void __cdecl MOXIE::ResourceManager::printActiveResources(void) __ptr64
4676	?printBacktrace@MOXIE@@YAXXZ	void __cdecl MOXIE::printBacktrace(void)
4677	?printFSM@StoryManifest@MOXIE@@QEAAXXZ	public: void __cdecl MOXIE::StoryManifest::printFSM(void) __ptr64
4678	?printFilter@StoryConfig@MOXIE@@IEAAXPEAV?$THashTable@PEAVIParameter@StoryConfig@MOXIE@@@2@@Z	protected: void __cdecl MOXIE::StoryConfig::printFilter(class MOXIE::THashTable<class MOXIE::StoryConfig::IParameter * __ptr64> * __ptr64) __ptr64
4679	?printStack@LUtil@MOXIE@@SAXPEAUlua_State@@@Z	public: static void __cdecl MOXIE::LUtil::printStack(struct lua_State * __ptr64)
4680	?printStoryGraphInDOTlanguage@StoryManifest@MOXIE@@QEAAXXZ	public: void __cdecl MOXIE::StoryManifest::printStoryGraphInDOTlanguage(void) __ptr64
4681	?printToConsole@ShaderOptionTable@MOXIE@@QEAAXXZ	public: void __cdecl MOXIE::ShaderOptionTable::printToConsole(void) __ptr64
4682	?printf@FileStream@MOXIE@@QEAAHPEBDZZ	public: int __cdecl MOXIE::FileStream::printf(char const * __ptr64,...) __ptr64
4683	?printf@InternalFileSystem@MOXIE@@UEAAH_KPEBDZZ	public: virtual int __cdecl MOXIE::InternalFileSystem::printf(unsigned __int64,char const * __ptr64,...) __ptr64
4684	?printf@LocalFileSystem@MOXIE@@UEAAH_KPEBDZZ	public: virtual int __cdecl MOXIE::LocalFileSystem::printf(unsigned __int64,char const * __ptr64,...) __ptr64
4685	?printf@NestedFileSystem@MOXIE@@UEAAH_KPEBDZZ	public: virtual int __cdecl MOXIE::NestedFileSystem::printf(unsigned __int64,char const * __ptr64,...) __ptr64
4686	?printf@NetworkFileSystem@MOXIE@@UEAAH_KPEBDZZ	public: virtual int __cdecl MOXIE::NetworkFileSystem::printf(unsigned __int64,char const * __ptr64,...) __ptr64
4687	?printf@PackageFileSystem@MOXIE@@UEAAH_KPEBDZZ	public: virtual int __cdecl MOXIE::PackageFileSystem::printf(unsigned __int64,char const * __ptr64,...) __ptr64
4688	?processPrefetchQueue@ResourceManager@MOXIE@@AEAAXXZ	private: void __cdecl MOXIE::ResourceManager::processPrefetchQueue(void) __ptr64
4689	?processTable@LDataTableLoader@MOXIE@@CAXPEAUlua_State@@PEAVLuaDataTable@2@@Z	private: static void __cdecl MOXIE::LDataTableLoader::processTable(struct lua_State * __ptr64,class MOXIE::LuaDataTable * __ptr64)
4690	?project@RenderDevice@MOXIE@@QEBA?AVVector3@2@AEBVCamera@2@AEBV32@@Z	public: class MOXIE::Vector3 __cdecl MOXIE::RenderDevice::project(class MOXIE::Camera const & __ptr64,class MOXIE::Vector3 const & __ptr64)const __ptr64
4691	?projectOntoPlane@Vector3@MOXIE@@QEAAXAEBV12@@Z	public: void __cdecl MOXIE::Vector3::projectOntoPlane(class MOXIE::Vector3 const & __ptr64) __ptr64
4692	?projectToScreen@@YAXPEAXPEAM1@Z	void __cdecl projectToScreen(void * __ptr64,float * __ptr64,float * __ptr64)
4693	?purge@PackageFileSystem@MOXIE@@QEAAXAEBV?$TArray@I@2@@Z	public: void __cdecl MOXIE::PackageFileSystem::purge(class MOXIE::TArray<unsigned int> const & __ptr64) __ptr64
4694	?push@Buffer@@QEAAPEAEI@Z	public: unsigned char * __ptr64 __cdecl Buffer::push(unsigned int) __ptr64
4695	?push@Buffer@MOXIE@@QEAAPEAEI@Z	public: unsigned char * __ptr64 __cdecl MOXIE::Buffer::push(unsigned int) __ptr64
4696	?push@CSVLog@@QEAAXAEBUVariant@CSV@@0000000@Z	public: void __cdecl CSVLog::push(struct CSV::Variant const & __ptr64,struct CSV::Variant const & __ptr64,struct CSV::Variant const & __ptr64,struct CSV::Variant const & __ptr64,struct CSV::Variant const & __ptr64,struct CSV::Variant const & __ptr64,struct CSV::Variant const & __ptr64,struct CSV::Variant const & __ptr64) __ptr64
4697	?push@CSVLog@@QEAAXAEBUVariant@CSV@@000000@Z	public: void __cdecl CSVLog::push(struct CSV::Variant const & __ptr64,struct CSV::Variant const & __ptr64,struct CSV::Variant const & __ptr64,struct CSV::Variant const & __ptr64,struct CSV::Variant const & __ptr64,struct CSV::Variant const & __ptr64,struct CSV::Variant const & __ptr64) __ptr64
4698	?push@CSVLog@@QEAAXAEBUVariant@CSV@@00000@Z	public: void __cdecl CSVLog::push(struct CSV::Variant const & __ptr64,struct CSV::Variant const & __ptr64,struct CSV::Variant const & __ptr64,struct CSV::Variant const & __ptr64,struct CSV::Variant const & __ptr64,struct CSV::Variant const & __ptr64) __ptr64
4699	?push@CSVLog@@QEAAXAEBUVariant@CSV@@0000@Z	public: void __cdecl CSVLog::push(struct CSV::Variant const & __ptr64,struct CSV::Variant const & __ptr64,struct CSV::Variant const & __ptr64,struct CSV::Variant const & __ptr64,struct CSV::Variant const & __ptr64) __ptr64
4700	?push@CSVLog@@QEAAXAEBUVariant@CSV@@000@Z	public: void __cdecl CSVLog::push(struct CSV::Variant const & __ptr64,struct CSV::Variant const & __ptr64,struct CSV::Variant const & __ptr64,struct CSV::Variant const & __ptr64) __ptr64
4701	?push@CSVLog@@QEAAXAEBUVariant@CSV@@00@Z	public: void __cdecl CSVLog::push(struct CSV::Variant const & __ptr64,struct CSV::Variant const & __ptr64,struct CSV::Variant const & __ptr64) __ptr64
4702	?push@CSVLog@@QEAAXAEBUVariant@CSV@@0@Z	public: void __cdecl CSVLog::push(struct CSV::Variant const & __ptr64,struct CSV::Variant const & __ptr64) __ptr64
4703	?push@CSVLog@@QEAAXAEBUVariant@CSV@@@Z	public: void __cdecl CSVLog::push(struct CSV::Variant const & __ptr64) __ptr64
4704	?push@CSVLog@@QEAAXXZ	public: void __cdecl CSVLog::push(void) __ptr64
4705	?push@FramePool@MOXIE@@QEAAXPEAVFrameSurface@2@@Z	public: void __cdecl MOXIE::FramePool::push(class MOXIE::FrameSurface * __ptr64) __ptr64
4706	?pushBack@CSV@@QEAAXIUVariant@1@@Z	public: void __cdecl CSV::pushBack(unsigned int,struct CSV::Variant) __ptr64
4707	?pushBool@LUtil@MOXIE@@SAXPEAUlua_State@@_N@Z	public: static void __cdecl MOXIE::LUtil::pushBool(struct lua_State * __ptr64,bool)
4708	?pushChar@Buffer@@QEAAXD@Z	public: void __cdecl Buffer::pushChar(char) __ptr64
4709	?pushChar@Buffer@MOXIE@@QEAAXD@Z	public: void __cdecl MOXIE::Buffer::pushChar(char) __ptr64
4710	?pushDouble@LUtil@MOXIE@@SAXPEAUlua_State@@N@Z	public: static void __cdecl MOXIE::LUtil::pushDouble(struct lua_State * __ptr64,double)
4711	?pushFloat@Buffer@@QEAAXM@Z	public: void __cdecl Buffer::pushFloat(float) __ptr64
4712	?pushFloat@Buffer@MOXIE@@QEAAXM@Z	public: void __cdecl MOXIE::Buffer::pushFloat(float) __ptr64
4713	?pushFloat@LUtil@MOXIE@@SAXPEAUlua_State@@M@Z	public: static void __cdecl MOXIE::LUtil::pushFloat(struct lua_State * __ptr64,float)
4714	?pushFormattedText@RenderDebug@MOXIE@@AEAAXHHAEBUStyle@2@PEAD@Z	private: void __cdecl MOXIE::RenderDebug::pushFormattedText(int,int,struct MOXIE::Style const & __ptr64,char * __ptr64) __ptr64
4715	?pushFront@CSV@@QEAAXIUVariant@1@@Z	public: void __cdecl CSV::pushFront(unsigned int,struct CSV::Variant) __ptr64
4716	?pushInt16@Buffer@@QEAAXF@Z	public: void __cdecl Buffer::pushInt16(short) __ptr64
4717	?pushInt16@Buffer@MOXIE@@QEAAXF@Z	public: void __cdecl MOXIE::Buffer::pushInt16(short) __ptr64
4718	?pushInt32@Buffer@@QEAAXH@Z	public: void __cdecl Buffer::pushInt32(int) __ptr64
4719	?pushInt32@Buffer@MOXIE@@QEAAXH@Z	public: void __cdecl MOXIE::Buffer::pushInt32(int) __ptr64
4720	?pushInt64@LUtil@MOXIE@@SAXPEAUlua_State@@_J@Z	public: static void __cdecl MOXIE::LUtil::pushInt64(struct lua_State * __ptr64,__int64)
4721	?pushInt@LUtil@MOXIE@@SAXPEAUlua_State@@H@Z	public: static void __cdecl MOXIE::LUtil::pushInt(struct lua_State * __ptr64,int)
4722	?pushNativeType_@LUtil@MOXIE@@CAXPEAUlua_State@@IPEBD@Z	private: static void __cdecl MOXIE::LUtil::pushNativeType_(struct lua_State * __ptr64,unsigned int,char const * __ptr64)
4723	?pushResourceStreamData@AudioSystem@MOXIE@@QEAA?AW4MauxStatus@2@IPEBXI@Z	public: enum MOXIE::MauxStatus __cdecl MOXIE::AudioSystem::pushResourceStreamData(unsigned int,void const * __ptr64,unsigned int) __ptr64
4724	?pushStreamData@AudResource@MOXIE@@QEAA?AW4MauxStatus@2@PEBXI@Z	public: enum MOXIE::MauxStatus __cdecl MOXIE::AudResource::pushStreamData(void const * __ptr64,unsigned int) __ptr64
4725	?pushStreamData@StreamDataSource@MOXIE@@QEAAIPEBXI@Z	public: unsigned int __cdecl MOXIE::StreamDataSource::pushStreamData(void const * __ptr64,unsigned int) __ptr64
4726	?pushString@Buffer@@QEAAPEADPEBD@Z	public: char * __ptr64 __cdecl Buffer::pushString(char const * __ptr64) __ptr64
4727	?pushString@Buffer@MOXIE@@QEAAPEADPEBD@Z	public: char * __ptr64 __cdecl MOXIE::Buffer::pushString(char const * __ptr64) __ptr64
4728	?pushString@LUtil@MOXIE@@SAXPEAUlua_State@@VString@2@@Z	public: static void __cdecl MOXIE::LUtil::pushString(struct lua_State * __ptr64,class MOXIE::String)
4729	?pushTable@LuaDataTable@MOXIE@@AEAAXAEBVString@2@H@Z	private: void __cdecl MOXIE::LuaDataTable::pushTable(class MOXIE::String const & __ptr64,int) __ptr64
4730	?pushTableBegin@LUtil@MOXIE@@SAXPEAUlua_State@@H@Z	public: static void __cdecl MOXIE::LUtil::pushTableBegin(struct lua_State * __ptr64,int)
4731	?pushTableBegin@LUtil@MOXIE@@SAXPEAUlua_State@@PEBD@Z	public: static void __cdecl MOXIE::LUtil::pushTableBegin(struct lua_State * __ptr64,char const * __ptr64)
4732	?pushTableEnd@LUtil@MOXIE@@SAXPEAUlua_State@@@Z	public: static void __cdecl MOXIE::LUtil::pushTableEnd(struct lua_State * __ptr64)
4733	?pushUInt64@LUtil@MOXIE@@SAXPEAUlua_State@@_K@Z	public: static void __cdecl MOXIE::LUtil::pushUInt64(struct lua_State * __ptr64,unsigned __int64)
4734	?pushUInt@LUtil@MOXIE@@SAXPEAUlua_State@@I@Z	public: static void __cdecl MOXIE::LUtil::pushUInt(struct lua_State * __ptr64,unsigned int)
4735	?pushValue@LuaParameter@MOXIE@@QEAAXAEBVString@2@@Z	public: void __cdecl MOXIE::LuaParameter::pushValue(class MOXIE::String const & __ptr64) __ptr64
4736	?pushValue@LuaParameter@MOXIE@@QEAAXH@Z	public: void __cdecl MOXIE::LuaParameter::pushValue(int) __ptr64
4737	?pushValue@LuaParameter@MOXIE@@QEAAXI@Z	public: void __cdecl MOXIE::LuaParameter::pushValue(unsigned int) __ptr64
4738	?pushValue@LuaParameter@MOXIE@@QEAAXM@Z	public: void __cdecl MOXIE::LuaParameter::pushValue(float) __ptr64
4739	?pushValue@LuaParameter@MOXIE@@QEAAXPEAVLuaTable@2@@Z	public: void __cdecl MOXIE::LuaParameter::pushValue(class MOXIE::LuaTable * __ptr64) __ptr64
4740	?pushValue@LuaParameter@MOXIE@@QEAAX_N@Z	public: void __cdecl MOXIE::LuaParameter::pushValue(bool) __ptr64
4741	?quantize@VertexAnimQuantizer@MOXIE@@SAIMAEAC@Z	public: static unsigned int __cdecl MOXIE::VertexAnimQuantizer::quantize(float,signed char & __ptr64)
4742	?quantizeEnd@VertexCompression@MOXIE@@SAXXZ	public: static void __cdecl MOXIE::VertexCompression::quantizeEnd(void)
4743	?quantizeStart@VertexCompression@MOXIE@@SAXXZ	public: static void __cdecl MOXIE::VertexCompression::quantizeStart(void)
4744	?quantizeStream@VertexCompression@MOXIE@@SAPEAXIAEAUVertexAttributeInfo@2@W4EVertexAttributeFormat@2@PEBX@Z	public: static void * __ptr64 __cdecl MOXIE::VertexCompression::quantizeStream(unsigned int,struct MOXIE::VertexAttributeInfo & __ptr64,enum MOXIE::EVertexAttributeFormat,void const * __ptr64)
4745	?quaternionFromAxisAngle@@YAXPEAMM0@Z	void __cdecl quaternionFromAxisAngle(float * __ptr64,float,float * __ptr64)
4746	?query@CommandLine@MOXIE@@SA?AUoption_t@12@PEBD0AEBUarglist_t@12@0@Z	public: static struct MOXIE::CommandLine::option_t __cdecl MOXIE::CommandLine::query(char const * __ptr64,char const * __ptr64,struct MOXIE::CommandLine::arglist_t const & __ptr64,char const * __ptr64)
4747	?queueNextChunk@gsaDecoder@MOXIE@@AEAAXHHH@Z	private: void __cdecl MOXIE::gsaDecoder::queueNextChunk(int,int,int) __ptr64
4748	?queueNextFrame@gsaDecoder@MOXIE@@AEAAXHH@Z	private: void __cdecl MOXIE::gsaDecoder::queueNextFrame(int,int) __ptr64
4749	?rayIntersection@Plane@MOXIE@@QEBA_NAEBVVector3@2@0AEAV32@@Z	public: bool __cdecl MOXIE::Plane::rayIntersection(class MOXIE::Vector3 const & __ptr64,class MOXIE::Vector3 const & __ptr64,class MOXIE::Vector3 & __ptr64)const __ptr64
4750	?read@AnimResource@MOXIE@@UEAAXPEAVStream@2@@Z	public: virtual void __cdecl MOXIE::AnimResource::read(class MOXIE::Stream * __ptr64) __ptr64
4751	?read@BitStream@MOXIE@@QEBAI_KH@Z	public: unsigned int __cdecl MOXIE::BitStream::read(unsigned __int64,int)const __ptr64
4752	?read@BobberField@MOXIE@@UEAAXPEAVFileStream@2@@Z	public: virtual void __cdecl MOXIE::BobberField::read(class MOXIE::FileStream * __ptr64) __ptr64
4753	?read@FBImageResource@MOXIE@@IEAA_NPEAVStream@2@PEBD_N@Z	protected: bool __cdecl MOXIE::FBImageResource::read(class MOXIE::Stream * __ptr64,char const * __ptr64,bool) __ptr64
4754	?read@FlipbookResource@MOXIE@@IEAA_NPEAVStream@2@PEBD@Z	protected: bool __cdecl MOXIE::FlipbookResource::read(class MOXIE::Stream * __ptr64,char const * __ptr64) __ptr64
4755	?read@FontMap@MOXIE@@QEAAXPEAVStream@2@@Z	public: void __cdecl MOXIE::FontMap::read(class MOXIE::Stream * __ptr64) __ptr64
4756	?read@ForceField@MOXIE@@UEAAXPEAVFileStream@2@@Z	public: virtual void __cdecl MOXIE::ForceField::read(class MOXIE::FileStream * __ptr64) __ptr64
4757	?read@HString@MOXIE@@QEAAXPEAVStream@2@@Z	public: void __cdecl MOXIE::HString::read(class MOXIE::Stream * __ptr64) __ptr64
4758	?read@InternalFileSystem@MOXIE@@UEAAHPEAXII_K@Z	public: virtual int __cdecl MOXIE::InternalFileSystem::read(void * __ptr64,unsigned int,unsigned int,unsigned __int64) __ptr64
4759	?read@LocalFileSystem@MOXIE@@UEAAHPEAXII_K@Z	public: virtual int __cdecl MOXIE::LocalFileSystem::read(void * __ptr64,unsigned int,unsigned int,unsigned __int64) __ptr64
4760	?read@Material@MOXIE@@QEAAXPEAVStream@2@@Z	public: void __cdecl MOXIE::Material::read(class MOXIE::Stream * __ptr64) __ptr64
4761	?read@MaterialParameter@MOXIE@@UEAAXPEAVStream@2@@Z	public: virtual void __cdecl MOXIE::MaterialParameter::read(class MOXIE::Stream * __ptr64) __ptr64
4762	?read@MaterialParameterConstant@MOXIE@@UEAAXPEAVStream@2@@Z	public: virtual void __cdecl MOXIE::MaterialParameterConstant::read(class MOXIE::Stream * __ptr64) __ptr64
4763	?read@MaterialParameterTexture@MOXIE@@UEAAXPEAVStream@2@@Z	public: virtual void __cdecl MOXIE::MaterialParameterTexture::read(class MOXIE::Stream * __ptr64) __ptr64
4764	?read@MaterialPass@MOXIE@@QEAAXPEAVStream@2@@Z	public: void __cdecl MOXIE::MaterialPass::read(class MOXIE::Stream * __ptr64) __ptr64
4765	?read@ModelResource@MOXIE@@QEAA_NPEAVStream@2@PEBD@Z	public: bool __cdecl MOXIE::ModelResource::read(class MOXIE::Stream * __ptr64,char const * __ptr64) __ptr64
4766	?read@NestedFileSystem@MOXIE@@UEAAHPEAXII_K@Z	public: virtual int __cdecl MOXIE::NestedFileSystem::read(void * __ptr64,unsigned int,unsigned int,unsigned __int64) __ptr64
4767	?read@NetworkFileSystem@MOXIE@@UEAAHPEAXII_K@Z	public: virtual int __cdecl MOXIE::NetworkFileSystem::read(void * __ptr64,unsigned int,unsigned int,unsigned __int64) __ptr64
4768	?read@PackageFileSystem@MOXIE@@UEAAHPEAXII_K@Z	public: virtual int __cdecl MOXIE::PackageFileSystem::read(void * __ptr64,unsigned int,unsigned int,unsigned __int64) __ptr64
4769	?read@ParameterData@MOXIE@@UEAAXPEAVStream@2@@Z	public: virtual void __cdecl MOXIE::ParameterData::read(class MOXIE::Stream * __ptr64) __ptr64
4770	?read@ParameterTexture2D@MOXIE@@UEAAXPEAVStream@2@@Z	public: virtual void __cdecl MOXIE::ParameterTexture2D::read(class MOXIE::Stream * __ptr64) __ptr64
4771	?read@ParameterTexture2DMS@MOXIE@@UEAAXPEAVStream@2@@Z	public: virtual void __cdecl MOXIE::ParameterTexture2DMS::read(class MOXIE::Stream * __ptr64) __ptr64
4772	?read@ParameterTextureCubemap@MOXIE@@UEAAXPEAVStream@2@@Z	public: virtual void __cdecl MOXIE::ParameterTextureCubemap::read(class MOXIE::Stream * __ptr64) __ptr64
4773	?read@ParticleCollider@MOXIE@@UEAAXPEAVFileStream@2@@Z	public: virtual void __cdecl MOXIE::ParticleCollider::read(class MOXIE::FileStream * __ptr64) __ptr64
4774	?read@ParticleDefinition@MOXIE@@QEAAXPEAVFileStream@2@@Z	public: void __cdecl MOXIE::ParticleDefinition::read(class MOXIE::FileStream * __ptr64) __ptr64
4775	?read@ParticleField@MOXIE@@UEAAXPEAVFileStream@2@@Z	public: virtual void __cdecl MOXIE::ParticleField::read(class MOXIE::FileStream * __ptr64) __ptr64
4776	?read@PipelineStateResource@MOXIE@@AEAAXPEAVStream@2@@Z	private: void __cdecl MOXIE::PipelineStateResource::read(class MOXIE::Stream * __ptr64) __ptr64
4777	?read@PlaneCollider@MOXIE@@UEAAXPEAVFileStream@2@@Z	public: virtual void __cdecl MOXIE::PlaneCollider::read(class MOXIE::FileStream * __ptr64) __ptr64
4778	?read@ResourceHandle@MOXIE@@QEAAXPEAVStream@2@@Z	public: void __cdecl MOXIE::ResourceHandle::read(class MOXIE::Stream * __ptr64) __ptr64
4779	?read@RiffDiver@MOXIE@@QEAAIPEAXI@Z	public: unsigned int __cdecl MOXIE::RiffDiver::read(void * __ptr64,unsigned int) __ptr64
4780	?read@SGAnimator@MOXIE@@UEAAXPEAVStream@2@@Z	public: virtual void __cdecl MOXIE::SGAnimator::read(class MOXIE::Stream * __ptr64) __ptr64
4781	?read@SGAttachmentProxy@MOXIE@@UEAAXPEAVStream@2@@Z	public: virtual void __cdecl MOXIE::SGAttachmentProxy::read(class MOXIE::Stream * __ptr64) __ptr64
4782	?read@SGComponent@MOXIE@@QEAAXPEAVStream@2@@Z	public: void __cdecl MOXIE::SGComponent::read(class MOXIE::Stream * __ptr64) __ptr64
4783	?read@SGCustomAnimator@MOXIE@@UEAAXPEAVStream@2@@Z	public: virtual void __cdecl MOXIE::SGCustomAnimator::read(class MOXIE::Stream * __ptr64) __ptr64
4784	?read@SGModelInstance@MOXIE@@UEAAXPEAVStream@2@@Z	public: virtual void __cdecl MOXIE::SGModelInstance::read(class MOXIE::Stream * __ptr64) __ptr64
4785	?read@SGNode@MOXIE@@QEAAXPEAVStream@2@@Z	public: void __cdecl MOXIE::SGNode::read(class MOXIE::Stream * __ptr64) __ptr64
4786	?read@SGTransform@MOXIE@@UEAAXPEAVStream@2@@Z	public: virtual void __cdecl MOXIE::SGTransform::read(class MOXIE::Stream * __ptr64) __ptr64
4787	?read@ShaderGL_ES2@MOXIE@@UEAA_NPEAVStream@2@@Z	public: virtual bool __cdecl MOXIE::ShaderGL_ES2::read(class MOXIE::Stream * __ptr64) __ptr64
4788	?read@Stream@MOXIE@@QEAAXPEACI@Z	public: void __cdecl MOXIE::Stream::read(signed char * __ptr64,unsigned int) __ptr64
4789	?read@Stream@MOXIE@@QEAAXPEADI@Z	public: void __cdecl MOXIE::Stream::read(char * __ptr64,unsigned int) __ptr64
4790	?read@Stream@MOXIE@@QEAAXPEAEI@Z	public: void __cdecl MOXIE::Stream::read(unsigned char * __ptr64,unsigned int) __ptr64
4791	?read@Stream@MOXIE@@QEAAXPEAFI@Z	public: void __cdecl MOXIE::Stream::read(short * __ptr64,unsigned int) __ptr64
4792	?read@Stream@MOXIE@@QEAAXPEAGI@Z	public: void __cdecl MOXIE::Stream::read(unsigned short * __ptr64,unsigned int) __ptr64
4793	?read@Stream@MOXIE@@QEAAXPEAHI@Z	public: void __cdecl MOXIE::Stream::read(int * __ptr64,unsigned int) __ptr64
4794	?read@Stream@MOXIE@@QEAAXPEAII@Z	public: void __cdecl MOXIE::Stream::read(unsigned int * __ptr64,unsigned int) __ptr64
4795	?read@Stream@MOXIE@@QEAAXPEAMI@Z	public: void __cdecl MOXIE::Stream::read(float * __ptr64,unsigned int) __ptr64
4796	?read@Stream@MOXIE@@QEAAXPEANI@Z	public: void __cdecl MOXIE::Stream::read(double * __ptr64,unsigned int) __ptr64
4797	?read@Stream@MOXIE@@QEAAXPEA_NI@Z	public: void __cdecl MOXIE::Stream::read(bool * __ptr64,unsigned int) __ptr64
4798	?read@String@MOXIE@@QEAAXPEAVStream@2@@Z	public: void __cdecl MOXIE::String::read(class MOXIE::Stream * __ptr64) __ptr64
4799	?read@TcpSocket@MOXIE@@QEAA_NPEAXI@Z	public: bool __cdecl MOXIE::TcpSocket::read(void * __ptr64,unsigned int) __ptr64
4800	?read@TornadoField@MOXIE@@UEAAXPEAVFileStream@2@@Z	public: virtual void __cdecl MOXIE::TornadoField::read(class MOXIE::FileStream * __ptr64) __ptr64
4801	?read@Transform@MOXIE@@QEAAXPEAVStream@2@@Z	public: void __cdecl MOXIE::Transform::read(class MOXIE::Stream * __ptr64) __ptr64
4802	?read@TurbulenceField2D@MOXIE@@UEAAXPEAVFileStream@2@@Z	public: virtual void __cdecl MOXIE::TurbulenceField2D::read(class MOXIE::FileStream * __ptr64) __ptr64
4803	?read@TurbulenceField3D@MOXIE@@UEAAXPEAVFileStream@2@@Z	public: virtual void __cdecl MOXIE::TurbulenceField3D::read(class MOXIE::FileStream * __ptr64) __ptr64
4804	?read@Uri@MOXIE@@QEAAXPEAVStream@2@@Z	public: void __cdecl MOXIE::Uri::read(class MOXIE::Stream * __ptr64) __ptr64
4805	?read@VertexAnimationLoader@MOXIE@@YAXPEAVStream@2@AEAV?$TArray@UVertexAnimatedMesh@MOXIE@@@2@AEAMAEAI_N@Z	void __cdecl MOXIE::VertexAnimationLoader::read(class MOXIE::Stream * __ptr64,class MOXIE::TArray<struct MOXIE::VertexAnimatedMesh> & __ptr64,float & __ptr64,unsigned int & __ptr64,bool)
4806	?read@VortexField@MOXIE@@UEAAXPEAVFileStream@2@@Z	public: virtual void __cdecl MOXIE::VortexField::read(class MOXIE::FileStream * __ptr64) __ptr64
4807	?read@ZipEntry@MOXIE@@QEAA_KPEAX_K@Z	public: unsigned __int64 __cdecl MOXIE::ZipEntry::read(void * __ptr64,unsigned __int64) __ptr64
4808	?readArray@BitStream@MOXIE@@QEBA_K_KHPEAEI@Z	public: unsigned __int64 __cdecl MOXIE::BitStream::readArray(unsigned __int64,int,unsigned char * __ptr64,unsigned int)const __ptr64
4809	?readArray@BitStream@MOXIE@@QEBA_K_KHPEAGI@Z	public: unsigned __int64 __cdecl MOXIE::BitStream::readArray(unsigned __int64,int,unsigned short * __ptr64,unsigned int)const __ptr64
4810	?readArray@BitStream@MOXIE@@QEBA_K_KHPEAII@Z	public: unsigned __int64 __cdecl MOXIE::BitStream::readArray(unsigned __int64,int,unsigned int * __ptr64,unsigned int)const __ptr64
4811	?readBaseModel@ModelResource@MOXIE@@QEAA_NPEBDPEAD@Z	public: bool __cdecl MOXIE::ModelResource::readBaseModel(char const * __ptr64,char * __ptr64) __ptr64
4812	?readBinaryFile@FileSystem@MOXIE@@UEAA_NAEAVBuffer@2@PEBD@Z	public: virtual bool __cdecl MOXIE::FileSystem::readBinaryFile(class MOXIE::Buffer & __ptr64,char const * __ptr64) __ptr64
4813	?readBinaryFile@NestedFileSystem@MOXIE@@UEAA_NAEAVBuffer@2@PEBD@Z	public: virtual bool __cdecl MOXIE::NestedFileSystem::readBinaryFile(class MOXIE::Buffer & __ptr64,char const * __ptr64) __ptr64
4814	?readBinaryFile@NetworkFileSystem@MOXIE@@UEAA_NAEAVBuffer@2@PEBD@Z	public: virtual bool __cdecl MOXIE::NetworkFileSystem::readBinaryFile(class MOXIE::Buffer & __ptr64,char const * __ptr64) __ptr64
4815	?readBinaryFile@ZipEntry@MOXIE@@QEAA_NAEAVBuffer@2@@Z	public: bool __cdecl MOXIE::ZipEntry::readBinaryFile(class MOXIE::Buffer & __ptr64) __ptr64
4816	?readBinaryHeader@Resource@MOXIE@@IEAAIPEAVStream@2@II_N@Z	protected: unsigned int __cdecl MOXIE::Resource::readBinaryHeader(class MOXIE::Stream * __ptr64,unsigned int,unsigned int,bool) __ptr64
4817	?readBitmap@FontMap@MOXIE@@QEAAXPEAVStream@2@PEAUBitmap@12@@Z	public: void __cdecl MOXIE::FontMap::readBitmap(class MOXIE::Stream * __ptr64,struct MOXIE::FontMap::Bitmap * __ptr64) __ptr64
4818	?readBoneGroup@ModelResource@MOXIE@@QEAAXPEAVStream@2@PEAVBoneGroup@12@@Z	public: void __cdecl MOXIE::ModelResource::readBoneGroup(class MOXIE::Stream * __ptr64,class MOXIE::ModelResource::BoneGroup * __ptr64) __ptr64
4819	?readBuffer@FileStream@MOXIE@@UEAAIPEAXII@Z	public: virtual unsigned int __cdecl MOXIE::FileStream::readBuffer(void * __ptr64,unsigned int,unsigned int) __ptr64
4820	?readBuffer@MemoryStream@MOXIE@@UEAAIPEAXII@Z	public: virtual unsigned int __cdecl MOXIE::MemoryStream::readBuffer(void * __ptr64,unsigned int,unsigned int) __ptr64
4821	?readBuffer@TcpStream@MOXIE@@YA_NAEAVTcpSocket@2@PEAXI@Z	bool __cdecl MOXIE::TcpStream::readBuffer(class MOXIE::TcpSocket & __ptr64,void * __ptr64,unsigned int)
4822	?readChannel@AnimResource@MOXIE@@UEAAXPEAVStream@2@PEAUTrack@12@PEAUChannel@12@@Z	public: virtual void __cdecl MOXIE::AnimResource::readChannel(class MOXIE::Stream * __ptr64,struct MOXIE::AnimResource::Track * __ptr64,struct MOXIE::AnimResource::Channel * __ptr64) __ptr64
4823	?readConfig@StoryManager@MOXIE@@QEAA_NAEBVString@2@AEAV32@@Z	public: bool __cdecl MOXIE::StoryManager::readConfig(class MOXIE::String const & __ptr64,class MOXIE::String & __ptr64) __ptr64
4824	?readCustomChannel@AnimResource@MOXIE@@UEAAXPEAVStream@2@PEAUTrack@12@PEAUCustomChannel@12@@Z	public: virtual void __cdecl MOXIE::AnimResource::readCustomChannel(class MOXIE::Stream * __ptr64,struct MOXIE::AnimResource::Track * __ptr64,struct MOXIE::AnimResource::CustomChannel * __ptr64) __ptr64
4825	?readEntries@PackageFileSystem@MOXIE@@AEAA_NHPEAVStream@2@@Z	private: bool __cdecl MOXIE::PackageFileSystem::readEntries(int,class MOXIE::Stream * __ptr64) __ptr64
4826	?readError@FileStream@MOXIE@@UEAAXUReadError_t@Stream@2@@Z	public: virtual void __cdecl MOXIE::FileStream::readError(struct MOXIE::Stream::ReadError_t) __ptr64
4827	?readError@MemoryStream@MOXIE@@UEAAXUReadError_t@Stream@2@@Z	public: virtual void __cdecl MOXIE::MemoryStream::readError(struct MOXIE::Stream::ReadError_t) __ptr64
4828	?readGSM@StoryManager@MOXIE@@QEAA_NAEBVString@2@0@Z	public: bool __cdecl MOXIE::StoryManager::readGSM(class MOXIE::String const & __ptr64,class MOXIE::String const & __ptr64) __ptr64
4829	?readGlyph@FontMap@MOXIE@@QEAAXPEAVStream@2@PEAUGlyph@12@@Z	public: void __cdecl MOXIE::FontMap::readGlyph(class MOXIE::Stream * __ptr64,struct MOXIE::FontMap::Glyph * __ptr64) __ptr64
4830	?readLine@SymbolTable@MOXIE@@CAPEADPEADPEBD0@Z	private: static char * __ptr64 __cdecl MOXIE::SymbolTable::readLine(char * __ptr64,char const * __ptr64,char * __ptr64)
4831	?readManifest@StoryManager@MOXIE@@QEAA_NAEBVString@2@@Z	public: bool __cdecl MOXIE::StoryManager::readManifest(class MOXIE::String const & __ptr64) __ptr64
4832	?readMesh@ModelResource@MOXIE@@QEAAXPEAVStream@2@PEAVMesh@12@I@Z	public: void __cdecl MOXIE::ModelResource::readMesh(class MOXIE::Stream * __ptr64,class MOXIE::ModelResource::Mesh * __ptr64,unsigned int) __ptr64
4833	?readPacket@VideoCubeTile@MOXIE@@IEAA_NPEAUAVPacket@@@Z	protected: bool __cdecl MOXIE::VideoCubeTile::readPacket(struct AVPacket * __ptr64) __ptr64
4834	?readProgramBinary@ShaderCache@MOXIE@@QEAA_NIAEAI@Z	public: bool __cdecl MOXIE::ShaderCache::readProgramBinary(unsigned int,unsigned int & __ptr64) __ptr64
4835	?readRaw@AudioDataSource@MOXIE@@QEAAIPEAXI@Z	public: unsigned int __cdecl MOXIE::AudioDataSource::readRaw(void * __ptr64,unsigned int) __ptr64
4836	?readString@TcpStream@MOXIE@@YAPEADAEAVTcpSocket@2@AEAVBuffer@2@@Z	char * __ptr64 __cdecl MOXIE::TcpStream::readString(class MOXIE::TcpSocket & __ptr64,class MOXIE::Buffer & __ptr64)
4837	?readTextFile@FileSystem@MOXIE@@UEAA_NAEAVString@2@PEBD@Z	public: virtual bool __cdecl MOXIE::FileSystem::readTextFile(class MOXIE::String & __ptr64,char const * __ptr64) __ptr64
4838	?readTextFile@NestedFileSystem@MOXIE@@UEAA_NAEAVString@2@PEBD@Z	public: virtual bool __cdecl MOXIE::NestedFileSystem::readTextFile(class MOXIE::String & __ptr64,char const * __ptr64) __ptr64
4839	?readTextFile@NetworkFileSystem@MOXIE@@UEAA_NAEAVString@2@PEBD@Z	public: virtual bool __cdecl MOXIE::NetworkFileSystem::readTextFile(class MOXIE::String & __ptr64,char const * __ptr64) __ptr64
4840	?readTextFile@ZipEntry@MOXIE@@QEAA_NAEAVString@2@@Z	public: bool __cdecl MOXIE::ZipEntry::readTextFile(class MOXIE::String & __ptr64) __ptr64
4841	?readTrack@AnimResource@MOXIE@@UEAAXPEAVStream@2@PEAUTrack@12@@Z	public: virtual void __cdecl MOXIE::AnimResource::readTrack(class MOXIE::Stream * __ptr64,struct MOXIE::AnimResource::Track * __ptr64) __ptr64
4842	?readU64@BitStream@MOXIE@@QEBA_K_KH@Z	public: unsigned __int64 __cdecl MOXIE::BitStream::readU64(unsigned __int64,int)const __ptr64
4843	?readyWait@FlipbookInstance@MOXIE@@QEAAXI@Z	public: void __cdecl MOXIE::FlipbookInstance::readyWait(unsigned int) __ptr64
4844	?rebuildMaterialInstances@SGModelInstance@MOXIE@@QEAAXXZ	public: void __cdecl MOXIE::SGModelInstance::rebuildMaterialInstances(void) __ptr64
4845	?record@SGReplay@MOXIE@@QEAA_NPEBD@Z	public: bool __cdecl MOXIE::SGReplay::record(char const * __ptr64) __ptr64
4846	?recycle@CSV@@QEAAXXZ	public: void __cdecl CSV::recycle(void) __ptr64
4847	?recycleJob@SGVideoCubePlayer@MOXIE@@AEAAXPEAUdecode_job_t@2@@Z	private: void __cdecl MOXIE::SGVideoCubePlayer::recycleJob(struct MOXIE::decode_job_t * __ptr64) __ptr64
4848	?registerAttribute@SGCustomAnimator@MOXIE@@IEAAXPEBDPEAX@Z	protected: void __cdecl MOXIE::SGCustomAnimator::registerAttribute(char const * __ptr64,void * __ptr64) __ptr64
4849	?registerCallback@AudPlayer@MOXIE@@QEAA?AW4MauxStatus@2@W4EPlayerCallback@2@P6AXPEAX0II@Z1I@Z	public: enum MOXIE::MauxStatus __cdecl MOXIE::AudPlayer::registerCallback(enum MOXIE::EPlayerCallback,void (__cdecl*)(void * __ptr64,enum MOXIE::EPlayerCallback,unsigned int,unsigned int),void * __ptr64,unsigned int) __ptr64
4850	?registerCallback@BSCF_Reader@MOXIE@@QEAAXPEBDP6AXAEBVBitStream@2@_KPEAX@Z@Z	public: void __cdecl MOXIE::BSCF_Reader::registerCallback(char const * __ptr64,void (__cdecl*)(class MOXIE::BitStream const & __ptr64,unsigned __int64,void * __ptr64)) __ptr64
4851	?registerCallback@BSCF_Reader@MOXIE@@QEAAXPEBDP6AXPEBEPEAX@Z@Z	public: void __cdecl MOXIE::BSCF_Reader::registerCallback(char const * __ptr64,void (__cdecl*)(unsigned char const * __ptr64,void * __ptr64)) __ptr64
4852	?registerFile@NetworkFileSystem@MOXIE@@QEAAXPEBD_KI@Z	public: void __cdecl MOXIE::NetworkFileSystem::registerFile(char const * __ptr64,unsigned __int64,unsigned int) __ptr64
4853	?registerInputCallback@PlatformAudioDriver@MOXIE@@QEAA?AW4EAudioDrvStatus@2@P6AXPEAXPEBXI@Z0@Z	public: enum MOXIE::EAudioDrvStatus __cdecl MOXIE::PlatformAudioDriver::registerInputCallback(void (__cdecl*)(void * __ptr64,void const * __ptr64,unsigned int),void * __ptr64) __ptr64
4854	?registerListener@StatTracker@@QEAAXPEAVStatListener@@@Z	public: void __cdecl StatTracker::registerListener(class StatListener * __ptr64) __ptr64
4855	?registerLuaApi@duet@@YAXPEAVLEnvironment@MOXIE@@@Z	void __cdecl duet::registerLuaApi(class MOXIE::LEnvironment * __ptr64)
4856	?registerOutputCallback@PlatformAudioDriver@MOXIE@@QEAA?AW4EAudioDrvStatus@2@P6AXPEAX0I@Z0@Z	public: enum MOXIE::EAudioDrvStatus __cdecl MOXIE::PlatformAudioDriver::registerOutputCallback(void (__cdecl*)(void * __ptr64,void * __ptr64,unsigned int),void * __ptr64) __ptr64
4857	?registerPlayer@VideoCubeManager@MOXIE@@QEAAXPEAVSGVideo360Player@2@@Z	public: void __cdecl MOXIE::VideoCubeManager::registerPlayer(class MOXIE::SGVideo360Player * __ptr64) __ptr64
4858	?registerPlayerCallback@AudioSystem@MOXIE@@QEAA?AW4MauxStatus@2@IW4EPlayerCallback@2@P6AXPEAX0II@Z1I@Z	public: enum MOXIE::MauxStatus __cdecl MOXIE::AudioSystem::registerPlayerCallback(unsigned int,enum MOXIE::EPlayerCallback,void (__cdecl*)(void * __ptr64,enum MOXIE::EPlayerCallback,unsigned int,unsigned int),void * __ptr64,unsigned int) __ptr64
4859	?registerStat@StatTracker@@QEAAXPEAVStat@@@Z	public: void __cdecl StatTracker::registerStat(class Stat * __ptr64) __ptr64
4860	?reinitialize@Engine@MOXIE@@QEAA_NXZ	public: bool __cdecl MOXIE::Engine::reinitialize(void) __ptr64
4861	?release@Bitmap@MOXIE@@QEAAXXZ	public: void __cdecl MOXIE::Bitmap::release(void) __ptr64
4862	?release@Surface@MOXIE@@QEAAXXZ	public: void __cdecl MOXIE::Surface::release(void) __ptr64
4863	?releaseDecoded@AudioDataSource@MOXIE@@QEAAXI@Z	public: void __cdecl MOXIE::AudioDataSource::releaseDecoded(unsigned int) __ptr64
4864	?releaseDecoded_backend@OggVorbisDecoder@MOXIE@@UEAAXI@Z	public: virtual void __cdecl MOXIE::OggVorbisDecoder::releaseDecoded_backend(unsigned int) __ptr64
4865	?releaseDecoded_backend@PcmDecoder@MOXIE@@UEAAXI@Z	public: virtual void __cdecl MOXIE::PcmDecoder::releaseDecoded_backend(unsigned int) __ptr64
4866	?releaseDecoded_backend@StreamDataSource@MOXIE@@UEAAXI@Z	public: virtual void __cdecl MOXIE::StreamDataSource::releaseDecoded_backend(unsigned int) __ptr64
4867	?releaseEmitter@AudioSystem@MOXIE@@QEAA?AW4MauxStatus@2@I@Z	public: enum MOXIE::MauxStatus __cdecl MOXIE::AudioSystem::releaseEmitter(unsigned int) __ptr64
4868	?releaseOnReset@AudioResource@MOXIE@@UEAA_NXZ	public: virtual bool __cdecl MOXIE::AudioResource::releaseOnReset(void) __ptr64
4869	?releaseOnReset@Resource@MOXIE@@UEAA_NXZ	public: virtual bool __cdecl MOXIE::Resource::releaseOnReset(void) __ptr64
4870	?releasePlayer@AudioSystem@MOXIE@@QEAA?AW4MauxStatus@2@I@Z	public: enum MOXIE::MauxStatus __cdecl MOXIE::AudioSystem::releasePlayer(unsigned int) __ptr64
4871	?releasePlayerGroup@AudioSystem@MOXIE@@QEAA?AW4MauxStatus@2@I@Z	public: enum MOXIE::MauxStatus __cdecl MOXIE::AudioSystem::releasePlayerGroup(unsigned int) __ptr64
4872	?releaseRenderTarget@RenderView@MOXIE@@QEAAXXZ	public: void __cdecl MOXIE::RenderView::releaseRenderTarget(void) __ptr64
4873	?releaseTexture@@YAXPEAUTextureData@@@Z	void __cdecl releaseTexture(struct TextureData * __ptr64)
4874	?reloadParticleSystemResource@@YAXPEAX@Z	void __cdecl reloadParticleSystemResource(void * __ptr64)
4875	?remove@ResourceMonitor@MOXIE@@QEAAXAEBVUri@2@@Z	public: void __cdecl MOXIE::ResourceMonitor::remove(class MOXIE::Uri const & __ptr64) __ptr64
4876	?remove@StorySubtitles@MOXIE@@QEAAXVString@2@@Z	public: void __cdecl MOXIE::StorySubtitles::remove(class MOXIE::String) __ptr64
4877	?removeAnimation@Animator@MOXIE@@QEAAXPEAVAnimation@2@@Z	public: void __cdecl MOXIE::Animator::removeAnimation(class MOXIE::Animation * __ptr64) __ptr64
4878	?removeAnimation@FlipbookAnimator@MOXIE@@QEAAXPEAVAnimation@2@@Z	public: void __cdecl MOXIE::FlipbookAnimator::removeAnimation(class MOXIE::Animation * __ptr64) __ptr64
4879	?removeAttachment@SGModelInstance@MOXIE@@QEAAPEAVSGNode@2@PEBD@Z	public: class MOXIE::SGNode * __ptr64 __cdecl MOXIE::SGModelInstance::removeAttachment(char const * __ptr64) __ptr64
4880	?removeChar@String@MOXIE@@QEAAID@Z	public: unsigned int __cdecl MOXIE::String::removeChar(char) __ptr64
4881	?removeChild@@YAXPEAX0@Z	void __cdecl removeChild(void * __ptr64,void * __ptr64)
4882	?removeChild@SGGroup@MOXIE@@QEAAXPEAVSGNode@2@@Z	public: void __cdecl MOXIE::SGGroup::removeChild(class MOXIE::SGNode * __ptr64) __ptr64
4883	?removeComponent@SGNode@MOXIE@@QEAAXPEAVSGComponent@2@@Z	public: void __cdecl MOXIE::SGNode::removeComponent(class MOXIE::SGComponent * __ptr64) __ptr64
4884	?removeFog@SGAtmospherics@MOXIE@@QEAAXPEAVSGFog@2@@Z	public: void __cdecl MOXIE::SGAtmospherics::removeFog(class MOXIE::SGFog * __ptr64) __ptr64
4885	?removeInput@SGDebugCameraController@MOXIE@@QEAAXH@Z	public: void __cdecl MOXIE::SGDebugCameraController::removeInput(int) __ptr64
4886	?removeNode@@YAXPEAX0@Z	void __cdecl removeNode(void * __ptr64,void * __ptr64)
4887	?removeNode@SceneGraph@MOXIE@@QEAAXPEAVSGNode@2@@Z	public: void __cdecl MOXIE::SceneGraph::removeNode(class MOXIE::SGNode * __ptr64) __ptr64
4888	?removeParameters@LuaTable@MOXIE@@QEAAXXZ	public: void __cdecl MOXIE::LuaTable::removeParameters(void) __ptr64
4889	?removePlayer@AudioEmitterMaux@MOXIE@@UEAAXPEAVAudioPlayer@2@@Z	public: virtual void __cdecl MOXIE::AudioEmitterMaux::removePlayer(class MOXIE::AudioPlayer * __ptr64) __ptr64
4890	?removePriorityLight@SGModelInstance@MOXIE@@QEAAXI@Z	public: void __cdecl MOXIE::SGModelInstance::removePriorityLight(unsigned int) __ptr64
4891	?removeReference@RefCount@MOXIE@@QEAAXXZ	public: void __cdecl MOXIE::RefCount::removeReference(void) __ptr64
4892	?removeReference_@RefCount@MOXIE@@AEAAXXZ	private: void __cdecl MOXIE::RefCount::removeReference_(void) __ptr64
4893	?removeRenderFlags@SGNode@MOXIE@@QEAAXI@Z	public: void __cdecl MOXIE::SGNode::removeRenderFlags(unsigned int) __ptr64
4894	?removeSound@LAudioEmitter@MOXIE@@UEAAXPEBD@Z	public: virtual void __cdecl MOXIE::LAudioEmitter::removeSound(char const * __ptr64) __ptr64
4895	?removeStreamConsumer@AudResource@MOXIE@@AEAAXPEAVStreamDataSource@2@@Z	private: void __cdecl MOXIE::AudResource::removeStreamConsumer(class MOXIE::StreamDataSource * __ptr64) __ptr64
4896	?removeTimer@GlobalTime@MOXIE@@QEAAXH@Z	public: void __cdecl MOXIE::GlobalTime::removeTimer(int) __ptr64
4897	?removeTrackingActor@SGCameraController@MOXIE@@QEAAXPEAVSGModelInstance@2@@Z	public: void __cdecl MOXIE::SGCameraController::removeTrackingActor(class MOXIE::SGModelInstance * __ptr64) __ptr64
4898	?removeUpdateFlags@SGNode@MOXIE@@QEAAXI@Z	public: void __cdecl MOXIE::SGNode::removeUpdateFlags(unsigned int) __ptr64
4899	?removeVolume@NetworkFileSystem@MOXIE@@IEAAXAEAUFile@12@@Z	protected: void __cdecl MOXIE::NetworkFileSystem::removeVolume(struct MOXIE::NetworkFileSystem::File & __ptr64) __ptr64
4900	?render@SGNode@MOXIE@@UEAAXPEAVRenderView@2@I@Z	public: virtual void __cdecl MOXIE::SGNode::render(class MOXIE::RenderView * __ptr64,unsigned int) __ptr64
4901	?render@SceneGraph@MOXIE@@QEAAXPEAVRenderView@2@I@Z	public: void __cdecl MOXIE::SceneGraph::render(class MOXIE::RenderView * __ptr64,unsigned int) __ptr64
4902	?render@VideoCubeManager@MOXIE@@QEAAXPEAVRenderView@2@@Z	public: void __cdecl MOXIE::VideoCubeManager::render(class MOXIE::RenderView * __ptr64) __ptr64
4903	?renderBegin@RenderDeviceGL@MOXIE@@UEAAXXZ	public: virtual void __cdecl MOXIE::RenderDeviceGL::renderBegin(void) __ptr64
4904	?renderDebugIsEnabled@@YA_NXZ	bool __cdecl renderDebugIsEnabled(void)
4905	?renderDepthMesh@RenderDeviceGL@MOXIE@@UEAAXAEBVVertexData@2@_N@Z	public: virtual void __cdecl MOXIE::RenderDeviceGL::renderDepthMesh(class MOXIE::VertexData const & __ptr64,bool) __ptr64
4906	?renderEnd@RenderDeviceGL@MOXIE@@UEAAXXZ	public: virtual void __cdecl MOXIE::RenderDeviceGL::renderEnd(void) __ptr64
4907	?renderScreenAlignedQuad@RenderDeviceGL@MOXIE@@UEAAXAEBVVector2@2@000@Z	public: virtual void __cdecl MOXIE::RenderDeviceGL::renderScreenAlignedQuad(class MOXIE::Vector2 const & __ptr64,class MOXIE::Vector2 const & __ptr64,class MOXIE::Vector2 const & __ptr64,class MOXIE::Vector2 const & __ptr64) __ptr64
4908	?renderScreenAlignedQuad@RenderDeviceGL@MOXIE@@UEAAXMMMM@Z	public: virtual void __cdecl MOXIE::RenderDeviceGL::renderScreenAlignedQuad(float,float,float,float) __ptr64
4909	?renderScreenAlignedQuad@RenderDeviceGL@MOXIE@@UEAAXXZ	public: virtual void __cdecl MOXIE::RenderDeviceGL::renderScreenAlignedQuad(void) __ptr64
4910	?replace@String@MOXIE@@QEAAXPEBD0@Z	public: void __cdecl MOXIE::String::replace(char const * __ptr64,char const * __ptr64) __ptr64
4911	?replaceChar@String@MOXIE@@QEAAXDD@Z	public: void __cdecl MOXIE::String::replaceChar(char,char) __ptr64
4912	?replaceNamespace@MOXIE@@YAXPEADPEBD1@Z	void __cdecl MOXIE::replaceNamespace(char * __ptr64,char const * __ptr64,char const * __ptr64)
4913	?replaceWord@String@MOXIE@@QEAAXPEBD0@Z	public: void __cdecl MOXIE::String::replaceWord(char const * __ptr64,char const * __ptr64) __ptr64
4914	?replay@SGReplay@MOXIE@@QEAA_NPEBD@Z	public: bool __cdecl MOXIE::SGReplay::replay(char const * __ptr64) __ptr64
4915	?report@MemoryTracker@@QEAAXPEBD@Z	public: void __cdecl MemoryTracker::report(char const * __ptr64) __ptr64
4916	?report@StatTracker@@QEAAXXZ	public: void __cdecl StatTracker::report(void) __ptr64
4917	?report@StoryPlayer@MOXIE@@IEAAXW4moxieStoryStatus_t@@HPEBDZZ	protected: void __cdecl MOXIE::StoryPlayer::report(enum moxieStoryStatus_t,int,char const * __ptr64,...) __ptr64
4918	?reportCompileError@ShaderGL_ES2@MOXIE@@AEAA?AVString@2@IH@Z	private: class MOXIE::String __cdecl MOXIE::ShaderGL_ES2::reportCompileError(unsigned int,int) __ptr64
4919	?reportShaderCompileError@RenderDeviceGL@MOXIE@@UEAAXIPEBD0@Z	public: virtual void __cdecl MOXIE::RenderDeviceGL::reportShaderCompileError(unsigned int,char const * __ptr64,char const * __ptr64) __ptr64
4920	?reportStoryState@StoryManager@MOXIE@@QEAAXW4moxieStoryStatus_t@@HPEBD@Z	public: void __cdecl MOXIE::StoryManager::reportStoryState(enum moxieStoryStatus_t,int,char const * __ptr64) __ptr64
4921	?requestCallback@PackageFileSystem@MOXIE@@QEAAXXZ	public: void __cdecl MOXIE::PackageFileSystem::requestCallback(void) __ptr64
4922	?requestLateUpdate@SceneGraph@MOXIE@@QEAAXPEAVSGNode@2@@Z	public: void __cdecl MOXIE::SceneGraph::requestLateUpdate(class MOXIE::SGNode * __ptr64) __ptr64
4923	?required@CommandLine@MOXIE@@SA?AUoption_t@12@PEBD0AEBUarglist_t@12@0@Z	public: static struct MOXIE::CommandLine::option_t __cdecl MOXIE::CommandLine::required(char const * __ptr64,char const * __ptr64,struct MOXIE::CommandLine::arglist_t const & __ptr64,char const * __ptr64)
4924	?reserve@Buffer@@QEAA_NI_N@Z	public: bool __cdecl Buffer::reserve(unsigned int,bool) __ptr64
4925	?reserve@Buffer@MOXIE@@QEAA_NI_N@Z	public: bool __cdecl MOXIE::Buffer::reserve(unsigned int,bool) __ptr64
4926	?reserve@CSV@@QEAAXII_N@Z	public: void __cdecl CSV::reserve(unsigned int,unsigned int,bool) __ptr64
4927	?reserveResource@AudioSystem@MOXIE@@QEAA?AW4MauxStatus@2@AEBVUri@2@IPEAI@Z	public: enum MOXIE::MauxStatus __cdecl MOXIE::AudioSystem::reserveResource(class MOXIE::Uri const & __ptr64,unsigned int,unsigned int * __ptr64) __ptr64
4928	?reserveStreamedResource@AudioSystem@MOXIE@@QEAA?AW4MauxStatus@2@W4MIMETYPE@2@W4MAUXSAMPLETYPE@2@MIPEAI@Z	public: enum MOXIE::MauxStatus __cdecl MOXIE::AudioSystem::reserveStreamedResource(enum MOXIE::MIMETYPE,enum MOXIE::MAUXSAMPLETYPE,float,unsigned int,unsigned int * __ptr64) __ptr64
4929	?reset@AudioManager@MOXIE@@QEAAXXZ	public: void __cdecl MOXIE::AudioManager::reset(void) __ptr64
4930	?reset@BSCF_Reader@MOXIE@@QEAAXXZ	public: void __cdecl MOXIE::BSCF_Reader::reset(void) __ptr64
4931	?reset@Buffer@@QEAAX_N@Z	public: void __cdecl Buffer::reset(bool) __ptr64
4932	?reset@Buffer@MOXIE@@QEAAX_N@Z	public: void __cdecl MOXIE::Buffer::reset(bool) __ptr64
4933	?reset@IJob@MOXIE@@QEAAXXZ	public: void __cdecl MOXIE::IJob::reset(void) __ptr64
4934	?reset@Material@MOXIE@@QEAAXXZ	public: void __cdecl MOXIE::Material::reset(void) __ptr64
4935	?reset@MemoryStream@MOXIE@@QEAAXXZ	public: void __cdecl MOXIE::MemoryStream::reset(void) __ptr64
4936	?reset@RenderManager@MOXIE@@QEAAXXZ	public: void __cdecl MOXIE::RenderManager::reset(void) __ptr64
4937	?reset@ResourceHandle@MOXIE@@QEAAXXZ	public: void __cdecl MOXIE::ResourceHandle::reset(void) __ptr64
4938	?reset@ResourceManager@MOXIE@@QEAAXXZ	public: void __cdecl MOXIE::ResourceManager::reset(void) __ptr64
4939	?reset@RiffDiver@MOXIE@@QEAAXXZ	public: void __cdecl MOXIE::RiffDiver::reset(void) __ptr64
4940	?reset@SGParticleEmitter@MOXIE@@QEAAXXZ	public: void __cdecl MOXIE::SGParticleEmitter::reset(void) __ptr64
4941	?reset@ShaderParamList@MOXIE@@QEAAXXZ	public: void __cdecl MOXIE::ShaderParamList::reset(void) __ptr64
4942	?reset@ShaderParser@MOXIE@@SAXXZ	public: static void __cdecl MOXIE::ShaderParser::reset(void)
4943	?reset@StackAllocator@MOXIE@@QEAAXXZ	public: void __cdecl MOXIE::StackAllocator::reset(void) __ptr64
4944	?resetAudioWorldTime@AudioSystem@MOXIE@@QEAAXXZ	public: void __cdecl MOXIE::AudioSystem::resetAudioWorldTime(void) __ptr64
4945	?resetFilePaths@@YAXPEAD@Z	void __cdecl resetFilePaths(char * __ptr64)
4946	?resetFrame@VideoCubeTile@MOXIE@@QEAAXXZ	public: void __cdecl MOXIE::VideoCubeTile::resetFrame(void) __ptr64
4947	?resetLightParameters@RenderManager@MOXIE@@QEAAXXZ	public: void __cdecl MOXIE::RenderManager::resetLightParameters(void) __ptr64
4948	?resetParticleSystem@@YAXPEAX@Z	void __cdecl resetParticleSystem(void * __ptr64)
4949	?resetPermutation@ShaderParser@MOXIE@@SAXXZ	public: static void __cdecl MOXIE::ShaderParser::resetPermutation(void)
4950	?resetPlacement@ParticleMap@MOXIE@@QEAAXXZ	public: void __cdecl MOXIE::ParticleMap::resetPlacement(void) __ptr64
4951	?resetProfileStats@SGVideoCubePlayer@MOXIE@@AEAAXXZ	private: void __cdecl MOXIE::SGVideoCubePlayer::resetProfileStats(void) __ptr64
4952	?resetRenderCount@ModelResource@MOXIE@@SAXXZ	public: static void __cdecl MOXIE::ModelResource::resetRenderCount(void)
4953	?reshape@Camera@MOXIE@@QEAAXAEBVViewport@2@@Z	public: void __cdecl MOXIE::Camera::reshape(class MOXIE::Viewport const & __ptr64) __ptr64
4954	?resize@@YAXHH@Z	void __cdecl resize(int,int)
4955	?resize@Bitmap@MOXIE@@QEAAXIIW4EPixelFormat@2@@Z	public: void __cdecl MOXIE::Bitmap::resize(unsigned int,unsigned int,enum MOXIE::EPixelFormat) __ptr64
4956	?resize@CSV@@QEAAXII_N@Z	public: void __cdecl CSV::resize(unsigned int,unsigned int,bool) __ptr64
4957	?resize@RenderView@MOXIE@@QEAAXII@Z	public: void __cdecl MOXIE::RenderView::resize(unsigned int,unsigned int) __ptr64
4958	?resize@Surface@MOXIE@@QEAAXIIW4EPixelFormat@2@@Z	public: void __cdecl MOXIE::Surface::resize(unsigned int,unsigned int,enum MOXIE::EPixelFormat) __ptr64
4959	?resizeRG@RenderManager@MOXIE@@QEAAXHH@Z	public: void __cdecl MOXIE::RenderManager::resizeRG(int,int) __ptr64
4960	?resizeWindow@Win32Utils@@SA_NAEAUWindowInfo@1@HH@Z	public: static bool __cdecl Win32Utils::resizeWindow(struct Win32Utils::WindowInfo & __ptr64,int,int)
4961	?resolve@UriManager@MOXIE@@QEAAPEBVUri@2@I@Z	public: class MOXIE::Uri const * __ptr64 __cdecl MOXIE::UriManager::resolve(unsigned int) __ptr64
4962	?resolvePackage@ResourceManager@MOXIE@@AEAA?AVUri@2@AEBV32@@Z	private: class MOXIE::Uri __cdecl MOXIE::ResourceManager::resolvePackage(class MOXIE::Uri const & __ptr64) __ptr64
4963	?resolveToShader@MaterialParameter@MOXIE@@UEAA_NPEAVShader@2@AEBVString@2@@Z	public: virtual bool __cdecl MOXIE::MaterialParameter::resolveToShader(class MOXIE::Shader * __ptr64,class MOXIE::String const & __ptr64) __ptr64
4964	?resolveToShader@MaterialParameterConstant@MOXIE@@UEAA_NPEAVShader@2@AEBVString@2@@Z	public: virtual bool __cdecl MOXIE::MaterialParameterConstant::resolveToShader(class MOXIE::Shader * __ptr64,class MOXIE::String const & __ptr64) __ptr64
4965	?resolveToShader@MaterialParameterTexture@MOXIE@@UEAA_NPEAVShader@2@AEBVString@2@@Z	public: virtual bool __cdecl MOXIE::MaterialParameterTexture::resolveToShader(class MOXIE::Shader * __ptr64,class MOXIE::String const & __ptr64) __ptr64
4966	?resolveView@RenderView@MOXIE@@IEAAXXZ	protected: void __cdecl MOXIE::RenderView::resolveView(void) __ptr64
4967	?restock@AudioDataSource@MOXIE@@QEAA?AW4MauxStatus@2@_N0@Z	public: enum MOXIE::MauxStatus __cdecl MOXIE::AudioDataSource::restock(bool,bool) __ptr64
4968	?restock_onetoone@AudioDataSource@MOXIE@@IEAA?AW4MauxStatus@2@_N0@Z	protected: enum MOXIE::MauxStatus __cdecl MOXIE::AudioDataSource::restock_onetoone(bool,bool) __ptr64
4969	?restock_resampled@AudioDataSource@MOXIE@@IEAA?AW4MauxStatus@2@_N0@Z	protected: enum MOXIE::MauxStatus __cdecl MOXIE::AudioDataSource::restock_resampled(bool,bool) __ptr64
4970	?restoreDebugLines@RenderDebug@MOXIE@@QEAAXXZ	public: void __cdecl MOXIE::RenderDebug::restoreDebugLines(void) __ptr64
4971	?resume@AudioManager@MOXIE@@QEAAXXZ	public: void __cdecl MOXIE::AudioManager::resume(void) __ptr64
4972	?resume@Engine@MOXIE@@QEAAXXZ	public: void __cdecl MOXIE::Engine::resume(void) __ptr64
4973	?resume@JobQueue@MOXIE@@QEAAXXZ	public: void __cdecl MOXIE::JobQueue::resume(void) __ptr64
4974	?resume@PlatformAudioDriver@MOXIE@@UEAA_NXZ	public: virtual bool __cdecl MOXIE::PlatformAudioDriver::resume(void) __ptr64
4975	?resume@SensorManager@MOXIE@@QEAAXXZ	public: void __cdecl MOXIE::SensorManager::resume(void) __ptr64
4976	?resume@StoryPlayer@MOXIE@@IEAA_NXZ	protected: bool __cdecl MOXIE::StoryPlayer::resume(void) __ptr64
4977	?resume@Time@MOXIE@@QEAAXXZ	public: void __cdecl MOXIE::Time::resume(void) __ptr64
4978	?resume@VideoCubeManager@MOXIE@@QEAAXXZ	public: void __cdecl MOXIE::VideoCubeManager::resume(void) __ptr64
4979	?resumeAll@Locator@MOXIE@@SA_NXZ	public: static bool __cdecl MOXIE::Locator::resumeAll(void)
4980	?resumeMovie@@YAXXZ	void __cdecl resumeMovie(void)
4981	?resumeStory@StoryManager@MOXIE@@QEAAXXZ	public: void __cdecl MOXIE::StoryManager::resumeStory(void) __ptr64
4982	?retain@PackageFileSystem@MOXIE@@QEAAXAEBV?$THashTable@I@2@@Z	public: void __cdecl MOXIE::PackageFileSystem::retain(class MOXIE::THashTable<unsigned int> const & __ptr64) __ptr64
4983	?rgba4f@Color@MOXIE@@QEBA?AVVector4@2@XZ	public: class MOXIE::Vector4 __cdecl MOXIE::Color::rgba4f(void)const __ptr64
4984	?rgba@Color@MOXIE@@QEBAIXZ	public: unsigned int __cdecl MOXIE::Color::rgba(void)const __ptr64
4985	?rigidInverse@Matrix4@MOXIE@@QEAAXXZ	public: void __cdecl MOXIE::Matrix4::rigidInverse(void) __ptr64
4986	?rotate@SGTransform@MOXIE@@QEAAXAEBVQuaternion@2@@Z	public: void __cdecl MOXIE::SGTransform::rotate(class MOXIE::Quaternion const & __ptr64) __ptr64
4987	?rotate@Transform@MOXIE@@QEAAXAEBVQuaternion@2@@Z	public: void __cdecl MOXIE::Transform::rotate(class MOXIE::Quaternion const & __ptr64) __ptr64
4988	?rotate@Transform@MOXIE@@QEAAXAEBVVector3@2@VRadian@2@@Z	public: void __cdecl MOXIE::Transform::rotate(class MOXIE::Vector3 const & __ptr64,class MOXIE::Radian) __ptr64
4989	?run@ResourceMonitor@MOXIE@@AEAAXXZ	private: void __cdecl MOXIE::ResourceMonitor::run(void) __ptr64
4990	?run@Thread@MOXIE@@MEAAIXZ	protected: virtual unsigned int __cdecl MOXIE::Thread::run(void) __ptr64
4991	?runEffects@AudEmitter@MOXIE@@QEAAXXZ	public: void __cdecl MOXIE::AudEmitter::runEffects(void) __ptr64
4992	?runEntrypoint@LApplication@MOXIE@@IEAA_NPEAVLEnvironment@2@@Z	protected: bool __cdecl MOXIE::LApplication::runEntrypoint(class MOXIE::LEnvironment * __ptr64) __ptr64
4993	?runFile@LEnvMoxie@MOXIE@@UEAA_NPEBD@Z	public: virtual bool __cdecl MOXIE::LEnvMoxie::runFile(char const * __ptr64) __ptr64
4994	?runFile@LEnvironment@MOXIE@@UEAA_NPEBD@Z	public: virtual bool __cdecl MOXIE::LEnvironment::runFile(char const * __ptr64) __ptr64
4995	?runString@LEnvironment@MOXIE@@UEAA_NPEBD0@Z	public: virtual bool __cdecl MOXIE::LEnvironment::runString(char const * __ptr64,char const * __ptr64) __ptr64
4996	?s_Defines@ShaderParser@MOXIE@@0V?$THashTable@UDefine@ShaderParser@MOXIE@@@2@A	private: static class MOXIE::THashTable<struct MOXIE::ShaderParser::Define> MOXIE::ShaderParser::s_Defines
4997	?s_IncludeLexer@ShaderParser@MOXIE@@0PEAVLexer@2@EA	private: static class MOXIE::Lexer * __ptr64 __ptr64 MOXIE::ShaderParser::s_IncludeLexer
4998	?s_Lexer@ShaderParser@MOXIE@@0PEAVLexer@2@EA	private: static class MOXIE::Lexer * __ptr64 __ptr64 MOXIE::ShaderParser::s_Lexer
4999	?s_RTTI@?1??_RTTI@AnalyticsManager@MOXIE@@SAPEBVRTTI@3@XZ@4V43@A	class MOXIE::RTTI `public: static class MOXIE::RTTI const * __ptr64 __cdecl MOXIE::AnalyticsManager::_RTTI(void)'::`2'::s_RTTI
5000	?s_RTTI@?1??_RTTI@AnimResource@MOXIE@@SAPEBVRTTI@3@XZ@4V43@A	class MOXIE::RTTI `public: static class MOXIE::RTTI const * __ptr64 __cdecl MOXIE::AnimResource::_RTTI(void)'::`2'::s_RTTI
5001	?s_RTTI@?1??_RTTI@AnimationFlipbookSampler@MOXIE@@SAPEBVRTTI@3@XZ@4V43@A	class MOXIE::RTTI `public: static class MOXIE::RTTI const * __ptr64 __cdecl MOXIE::AnimationFlipbookSampler::_RTTI(void)'::`2'::s_RTTI
5002	?s_RTTI@?1??_RTTI@AudioManager@MOXIE@@SAPEBVRTTI@3@XZ@4V43@A	class MOXIE::RTTI `public: static class MOXIE::RTTI const * __ptr64 __cdecl MOXIE::AudioManager::_RTTI(void)'::`2'::s_RTTI
5003	?s_RTTI@?1??_RTTI@AudioResource@MOXIE@@SAPEBVRTTI@3@XZ@4V43@A	class MOXIE::RTTI `public: static class MOXIE::RTTI const * __ptr64 __cdecl MOXIE::AudioResource::_RTTI(void)'::`2'::s_RTTI
5004	?s_RTTI@?1??_RTTI@BorderPaddedTextureResource@MOXIE@@SAPEBVRTTI@3@XZ@4V43@A	class MOXIE::RTTI `public: static class MOXIE::RTTI const * __ptr64 __cdecl MOXIE::BorderPaddedTextureResource::_RTTI(void)'::`2'::s_RTTI
5005	?s_RTTI@?1??_RTTI@BufferObject@MOXIE@@SAPEAVRTTI@3@XZ@4V43@A	class MOXIE::RTTI `public: static class MOXIE::RTTI * __ptr64 __cdecl MOXIE::BufferObject::_RTTI(void)'::`2'::s_RTTI
5006	?s_RTTI@?1??_RTTI@DepthResource@MOXIE@@SAPEBVRTTI@3@XZ@4V43@A	class MOXIE::RTTI `public: static class MOXIE::RTTI const * __ptr64 __cdecl MOXIE::DepthResource::_RTTI(void)'::`2'::s_RTTI
5007	?s_RTTI@?1??_RTTI@EnableManager@MOXIE@@SAPEBVRTTI@3@XZ@4V43@A	class MOXIE::RTTI `public: static class MOXIE::RTTI const * __ptr64 __cdecl MOXIE::EnableManager::_RTTI(void)'::`2'::s_RTTI
5008	?s_RTTI@?1??_RTTI@FBImageResource@MOXIE@@SAPEBVRTTI@3@XZ@4V43@A	class MOXIE::RTTI `public: static class MOXIE::RTTI const * __ptr64 __cdecl MOXIE::FBImageResource::_RTTI(void)'::`2'::s_RTTI
5009	?s_RTTI@?1??_RTTI@FileSystem@MOXIE@@SAPEAVRTTI@3@XZ@4V43@A	class MOXIE::RTTI `public: static class MOXIE::RTTI * __ptr64 __cdecl MOXIE::FileSystem::_RTTI(void)'::`2'::s_RTTI
5010	?s_RTTI@?1??_RTTI@FlipbookResource@MOXIE@@SAPEBVRTTI@3@XZ@4V43@A	class MOXIE::RTTI `public: static class MOXIE::RTTI const * __ptr64 __cdecl MOXIE::FlipbookResource::_RTTI(void)'::`2'::s_RTTI
5011	?s_RTTI@?1??_RTTI@FlipbookSampler@MOXIE@@SAPEAVRTTI@3@XZ@4V43@A	class MOXIE::RTTI `public: static class MOXIE::RTTI * __ptr64 __cdecl MOXIE::FlipbookSampler::_RTTI(void)'::`2'::s_RTTI
5012	?s_RTTI@?1??_RTTI@Font@MOXIE@@SAPEAVRTTI@3@XZ@4V43@A	class MOXIE::RTTI `public: static class MOXIE::RTTI * __ptr64 __cdecl MOXIE::Font::_RTTI(void)'::`2'::s_RTTI
5013	?s_RTTI@?1??_RTTI@FontResource@MOXIE@@SAPEBVRTTI@3@XZ@4V43@A	class MOXIE::RTTI `public: static class MOXIE::RTTI const * __ptr64 __cdecl MOXIE::FontResource::_RTTI(void)'::`2'::s_RTTI
5014	?s_RTTI@?1??_RTTI@GlobalTime@MOXIE@@SAPEBVRTTI@3@XZ@4V43@A	class MOXIE::RTTI `public: static class MOXIE::RTTI const * __ptr64 __cdecl MOXIE::GlobalTime::_RTTI(void)'::`2'::s_RTTI
5015	?s_RTTI@?1??_RTTI@IService@MOXIE@@SAPEAVRTTI@3@XZ@4V43@A	class MOXIE::RTTI `public: static class MOXIE::RTTI * __ptr64 __cdecl MOXIE::IService::_RTTI(void)'::`2'::s_RTTI
5016	?s_RTTI@?1??_RTTI@IndexBuffer@MOXIE@@SAPEBVRTTI@3@XZ@4V43@A	class MOXIE::RTTI `public: static class MOXIE::RTTI const * __ptr64 __cdecl MOXIE::IndexBuffer::_RTTI(void)'::`2'::s_RTTI
5017	?s_RTTI@?1??_RTTI@InputManager@MOXIE@@SAPEBVRTTI@3@XZ@4V43@A	class MOXIE::RTTI `public: static class MOXIE::RTTI const * __ptr64 __cdecl MOXIE::InputManager::_RTTI(void)'::`2'::s_RTTI
5018	?s_RTTI@?1??_RTTI@InternalFileSystem@MOXIE@@SAPEBVRTTI@3@XZ@4V43@A	class MOXIE::RTTI `public: static class MOXIE::RTTI const * __ptr64 __cdecl MOXIE::InternalFileSystem::_RTTI(void)'::`2'::s_RTTI
5019	?s_RTTI@?1??_RTTI@LAllocator@MOXIE@@SAPEAVRTTI@3@XZ@4V43@A	class MOXIE::RTTI `public: static class MOXIE::RTTI * __ptr64 __cdecl MOXIE::LAllocator::_RTTI(void)'::`2'::s_RTTI
5020	?s_RTTI@?1??_RTTI@LApi@MOXIE@@SAPEAVRTTI@3@XZ@4V43@A	class MOXIE::RTTI `public: static class MOXIE::RTTI * __ptr64 __cdecl MOXIE::LApi::_RTTI(void)'::`2'::s_RTTI
5021	?s_RTTI@?1??_RTTI@LApiActorClampLayer@duet@@SAPEBVRTTI@MOXIE@@XZ@4V45@A	class MOXIE::RTTI `public: static class MOXIE::RTTI const * __ptr64 __cdecl duet::LApiActorClampLayer::_RTTI(void)'::`2'::s_RTTI
5022	?s_RTTI@?1??_RTTI@LApiActorMover@duet@@SAPEBVRTTI@MOXIE@@XZ@4V45@A	class MOXIE::RTTI `public: static class MOXIE::RTTI const * __ptr64 __cdecl duet::LApiActorMover::_RTTI(void)'::`2'::s_RTTI
5023	?s_RTTI@?1??_RTTI@LApiActorMoverLayer@duet@@SAPEBVRTTI@MOXIE@@XZ@4V45@A	class MOXIE::RTTI `public: static class MOXIE::RTTI const * __ptr64 __cdecl duet::LApiActorMoverLayer::_RTTI(void)'::`2'::s_RTTI
5024	?s_RTTI@?1??_RTTI@LApiActorVignette@duet@@SAPEBVRTTI@MOXIE@@XZ@4V45@A	class MOXIE::RTTI `public: static class MOXIE::RTTI const * __ptr64 __cdecl duet::LApiActorVignette::_RTTI(void)'::`2'::s_RTTI
5025	?s_RTTI@?1??_RTTI@LApiActorsLayer@duet@@SAPEBVRTTI@MOXIE@@XZ@4V45@A	class MOXIE::RTTI `public: static class MOXIE::RTTI const * __ptr64 __cdecl duet::LApiActorsLayer::_RTTI(void)'::`2'::s_RTTI
5026	?s_RTTI@?1??_RTTI@LApiBoomLayer@duet@@SAPEBVRTTI@MOXIE@@XZ@4V45@A	class MOXIE::RTTI `public: static class MOXIE::RTTI const * __ptr64 __cdecl duet::LApiBoomLayer::_RTTI(void)'::`2'::s_RTTI
5027	?s_RTTI@?1??_RTTI@LApiBoundsLayer@duet@@SAPEBVRTTI@MOXIE@@XZ@4V45@A	class MOXIE::RTTI `public: static class MOXIE::RTTI const * __ptr64 __cdecl duet::LApiBoundsLayer::_RTTI(void)'::`2'::s_RTTI
5028	?s_RTTI@?1??_RTTI@LApiCameraRig@duet@@SAPEBVRTTI@MOXIE@@XZ@4V45@A	class MOXIE::RTTI `public: static class MOXIE::RTTI const * __ptr64 __cdecl duet::LApiCameraRig::_RTTI(void)'::`2'::s_RTTI
5029	?s_RTTI@?1??_RTTI@LApiDuet@duet@@SAPEBVRTTI@MOXIE@@XZ@4V45@A	class MOXIE::RTTI `public: static class MOXIE::RTTI const * __ptr64 __cdecl duet::LApiDuet::_RTTI(void)'::`2'::s_RTTI
5030	?s_RTTI@?1??_RTTI@LApiDuetScene@duet@@SAPEBVRTTI@MOXIE@@XZ@4V45@A	class MOXIE::RTTI `public: static class MOXIE::RTTI const * __ptr64 __cdecl duet::LApiDuetScene::_RTTI(void)'::`2'::s_RTTI
5031	?s_RTTI@?1??_RTTI@LApiFlipbookDriver@duet@@SAPEBVRTTI@MOXIE@@XZ@4V45@A	class MOXIE::RTTI `public: static class MOXIE::RTTI const * __ptr64 __cdecl duet::LApiFlipbookDriver::_RTTI(void)'::`2'::s_RTTI
5032	?s_RTTI@?1??_RTTI@LApiGlowAlpha@duet@@SAPEBVRTTI@MOXIE@@XZ@4V45@A	class MOXIE::RTTI `public: static class MOXIE::RTTI const * __ptr64 __cdecl duet::LApiGlowAlpha::_RTTI(void)'::`2'::s_RTTI
5033	?s_RTTI@?1??_RTTI@LApiGlowFader@duet@@SAPEBVRTTI@MOXIE@@XZ@4V45@A	class MOXIE::RTTI `public: static class MOXIE::RTTI const * __ptr64 __cdecl duet::LApiGlowFader::_RTTI(void)'::`2'::s_RTTI
5034	?s_RTTI@?1??_RTTI@LApiInputLayer@duet@@SAPEBVRTTI@MOXIE@@XZ@4V45@A	class MOXIE::RTTI `public: static class MOXIE::RTTI const * __ptr64 __cdecl duet::LApiInputLayer::_RTTI(void)'::`2'::s_RTTI
5035	?s_RTTI@?1??_RTTI@LApiIntroEnvControl@duet@@SAPEBVRTTI@MOXIE@@XZ@4V45@A	class MOXIE::RTTI `public: static class MOXIE::RTTI const * __ptr64 __cdecl duet::LApiIntroEnvControl::_RTTI(void)'::`2'::s_RTTI
5036	?s_RTTI@?1??_RTTI@LApiLookAtDetector@duet@@SAPEBVRTTI@MOXIE@@XZ@4V45@A	class MOXIE::RTTI `public: static class MOXIE::RTTI const * __ptr64 __cdecl duet::LApiLookAtDetector::_RTTI(void)'::`2'::s_RTTI
5037	?s_RTTI@?1??_RTTI@LApiLookAtLayer@duet@@SAPEBVRTTI@MOXIE@@XZ@4V45@A	class MOXIE::RTTI `public: static class MOXIE::RTTI const * __ptr64 __cdecl duet::LApiLookAtLayer::_RTTI(void)'::`2'::s_RTTI
5038	?s_RTTI@?1??_RTTI@LApiLuaProfiler@luaProfiler@MOXIE@@SAPEBVRTTI@4@XZ@4V54@A	class MOXIE::RTTI `public: static class MOXIE::RTTI const * __ptr64 __cdecl MOXIE::luaProfiler::LApiLuaProfiler::_RTTI(void)'::`2'::s_RTTI
5039	?s_RTTI@?1??_RTTI@LApiMasterBlender@duet@@SAPEBVRTTI@MOXIE@@XZ@4V45@A	class MOXIE::RTTI `public: static class MOXIE::RTTI const * __ptr64 __cdecl duet::LApiMasterBlender::_RTTI(void)'::`2'::s_RTTI
5040	?s_RTTI@?1??_RTTI@LApiParticlesController@duet@@SAPEBVRTTI@MOXIE@@XZ@4V45@A	class MOXIE::RTTI `public: static class MOXIE::RTTI const * __ptr64 __cdecl duet::LApiParticlesController::_RTTI(void)'::`2'::s_RTTI
5041	?s_RTTI@?1??_RTTI@LApiProxyLayer@duet@@SAPEBVRTTI@MOXIE@@XZ@4V45@A	class MOXIE::RTTI `public: static class MOXIE::RTTI const * __ptr64 __cdecl duet::LApiProxyLayer::_RTTI(void)'::`2'::s_RTTI
5042	?s_RTTI@?1??_RTTI@LApiSegmentManager@duet@@SAPEBVRTTI@MOXIE@@XZ@4V45@A	class MOXIE::RTTI `public: static class MOXIE::RTTI const * __ptr64 __cdecl duet::LApiSegmentManager::_RTTI(void)'::`2'::s_RTTI
5043	?s_RTTI@?1??_RTTI@LApiSoftTrack@duet@@SAPEBVRTTI@MOXIE@@XZ@4V45@A	class MOXIE::RTTI `public: static class MOXIE::RTTI const * __ptr64 __cdecl duet::LApiSoftTrack::_RTTI(void)'::`2'::s_RTTI
5044	?s_RTTI@?1??_RTTI@LApiStarBlendLayer@duet@@SAPEBVRTTI@MOXIE@@XZ@4V45@A	class MOXIE::RTTI `public: static class MOXIE::RTTI const * __ptr64 __cdecl duet::LApiStarBlendLayer::_RTTI(void)'::`2'::s_RTTI
5045	?s_RTTI@?1??_RTTI@LApiTrackingLayer@duet@@SAPEBVRTTI@MOXIE@@XZ@4V45@A	class MOXIE::RTTI `public: static class MOXIE::RTTI const * __ptr64 __cdecl duet::LApiTrackingLayer::_RTTI(void)'::`2'::s_RTTI
5046	?s_RTTI@?1??_RTTI@LApiTrackingManager@duet@@SAPEBVRTTI@MOXIE@@XZ@4V45@A	class MOXIE::RTTI `public: static class MOXIE::RTTI const * __ptr64 __cdecl duet::LApiTrackingManager::_RTTI(void)'::`2'::s_RTTI
5047	?s_RTTI@?1??_RTTI@LApiTrackingTarget@duet@@SAPEBVRTTI@MOXIE@@XZ@4V45@A	class MOXIE::RTTI `public: static class MOXIE::RTTI const * __ptr64 __cdecl duet::LApiTrackingTarget::_RTTI(void)'::`2'::s_RTTI
5048	?s_RTTI@?1??_RTTI@LApiUtil@duet@@SAPEBVRTTI@MOXIE@@XZ@4V45@A	class MOXIE::RTTI `public: static class MOXIE::RTTI const * __ptr64 __cdecl duet::LApiUtil::_RTTI(void)'::`2'::s_RTTI
5049	?s_RTTI@?1??_RTTI@LAudioEmitter@MOXIE@@SAPEAVRTTI@3@XZ@4V43@A	class MOXIE::RTTI `public: static class MOXIE::RTTI * __ptr64 __cdecl MOXIE::LAudioEmitter::_RTTI(void)'::`2'::s_RTTI
5050	?s_RTTI@?1??_RTTI@LBlockAllocator@MOXIE@@SAPEBVRTTI@3@XZ@4V43@A	class MOXIE::RTTI `public: static class MOXIE::RTTI const * __ptr64 __cdecl MOXIE::LBlockAllocator::_RTTI(void)'::`2'::s_RTTI
5051	?s_RTTI@?1??_RTTI@LComponent@MOXIE@@SAPEBVRTTI@3@XZ@4V43@A	class MOXIE::RTTI `public: static class MOXIE::RTTI const * __ptr64 __cdecl MOXIE::LComponent::_RTTI(void)'::`2'::s_RTTI
5052	?s_RTTI@?1??_RTTI@LocalFileSystem@MOXIE@@SAPEBVRTTI@3@XZ@4V43@A	class MOXIE::RTTI `public: static class MOXIE::RTTI const * __ptr64 __cdecl MOXIE::LocalFileSystem::_RTTI(void)'::`2'::s_RTTI
5053	?s_RTTI@?1??_RTTI@ModelResource@MOXIE@@SAPEBVRTTI@3@XZ@4V43@A	class MOXIE::RTTI `public: static class MOXIE::RTTI const * __ptr64 __cdecl MOXIE::ModelResource::_RTTI(void)'::`2'::s_RTTI
5054	?s_RTTI@?1??_RTTI@NestedFileSystem@MOXIE@@SAPEBVRTTI@3@XZ@4V43@A	class MOXIE::RTTI `public: static class MOXIE::RTTI const * __ptr64 __cdecl MOXIE::NestedFileSystem::_RTTI(void)'::`2'::s_RTTI
5055	?s_RTTI@?1??_RTTI@NetworkFileSystem@MOXIE@@SAPEBVRTTI@3@XZ@4V43@A	class MOXIE::RTTI `public: static class MOXIE::RTTI const * __ptr64 __cdecl MOXIE::NetworkFileSystem::_RTTI(void)'::`2'::s_RTTI
5056	?s_RTTI@?1??_RTTI@PackageFileSystem@MOXIE@@SAPEBVRTTI@3@XZ@4V43@A	class MOXIE::RTTI `public: static class MOXIE::RTTI const * __ptr64 __cdecl MOXIE::PackageFileSystem::_RTTI(void)'::`2'::s_RTTI
5057	?s_RTTI@?1??_RTTI@ParticleSystemResource@MOXIE@@SAPEBVRTTI@3@XZ@4V43@A	class MOXIE::RTTI `public: static class MOXIE::RTTI const * __ptr64 __cdecl MOXIE::ParticleSystemResource::_RTTI(void)'::`2'::s_RTTI
5058	?s_RTTI@?1??_RTTI@PhysicsManager@MOXIE@@SAPEBVRTTI@3@XZ@4V43@A	class MOXIE::RTTI `public: static class MOXIE::RTTI const * __ptr64 __cdecl MOXIE::PhysicsManager::_RTTI(void)'::`2'::s_RTTI
5059	?s_RTTI@?1??_RTTI@PipelineStateResource@MOXIE@@SAPEBVRTTI@3@XZ@4V43@A	class MOXIE::RTTI `public: static class MOXIE::RTTI const * __ptr64 __cdecl MOXIE::PipelineStateResource::_RTTI(void)'::`2'::s_RTTI
5060	?s_RTTI@?1??_RTTI@PosteffectResource@MOXIE@@SAPEBVRTTI@3@XZ@4V43@A	class MOXIE::RTTI `public: static class MOXIE::RTTI const * __ptr64 __cdecl MOXIE::PosteffectResource::_RTTI(void)'::`2'::s_RTTI
5061	?s_RTTI@?1??_RTTI@RenderDebug@MOXIE@@SAPEBVRTTI@3@XZ@4V43@A	class MOXIE::RTTI `public: static class MOXIE::RTTI const * __ptr64 __cdecl MOXIE::RenderDebug::_RTTI(void)'::`2'::s_RTTI
5062	?s_RTTI@?1??_RTTI@RenderDevice@MOXIE@@SAPEBVRTTI@3@XZ@4V43@A	class MOXIE::RTTI `public: static class MOXIE::RTTI const * __ptr64 __cdecl MOXIE::RenderDevice::_RTTI(void)'::`2'::s_RTTI
5063	?s_RTTI@?1??_RTTI@RenderManager@MOXIE@@SAPEBVRTTI@3@XZ@4V43@A	class MOXIE::RTTI `public: static class MOXIE::RTTI const * __ptr64 __cdecl MOXIE::RenderManager::_RTTI(void)'::`2'::s_RTTI
5064	?s_RTTI@?1??_RTTI@RenderTarget@MOXIE@@SAPEAVRTTI@3@XZ@4V43@A	class MOXIE::RTTI `public: static class MOXIE::RTTI * __ptr64 __cdecl MOXIE::RenderTarget::_RTTI(void)'::`2'::s_RTTI
5065	?s_RTTI@?1??_RTTI@Resource@MOXIE@@SAPEAVRTTI@3@XZ@4V43@A	class MOXIE::RTTI `public: static class MOXIE::RTTI * __ptr64 __cdecl MOXIE::Resource::_RTTI(void)'::`2'::s_RTTI
5066	?s_RTTI@?1??_RTTI@ResourceManager@MOXIE@@SAPEBVRTTI@3@XZ@4V43@A	class MOXIE::RTTI `public: static class MOXIE::RTTI const * __ptr64 __cdecl MOXIE::ResourceManager::_RTTI(void)'::`2'::s_RTTI
5067	?s_RTTI@?1??_RTTI@SGAnimator@MOXIE@@SAPEBVRTTI@3@XZ@4V43@A	class MOXIE::RTTI `public: static class MOXIE::RTTI const * __ptr64 __cdecl MOXIE::SGAnimator::_RTTI(void)'::`2'::s_RTTI
5068	?s_RTTI@?1??_RTTI@SGAtmospherics@MOXIE@@SAPEBVRTTI@3@XZ@4V43@A	class MOXIE::RTTI `public: static class MOXIE::RTTI const * __ptr64 __cdecl MOXIE::SGAtmospherics::_RTTI(void)'::`2'::s_RTTI
5069	?s_RTTI@?1??_RTTI@SGAttachmentProxy@MOXIE@@SAPEBVRTTI@3@XZ@4V43@A	class MOXIE::RTTI `public: static class MOXIE::RTTI const * __ptr64 __cdecl MOXIE::SGAttachmentProxy::_RTTI(void)'::`2'::s_RTTI
5070	?s_RTTI@?1??_RTTI@SGCamera@MOXIE@@SAPEBVRTTI@3@XZ@4V43@A	class MOXIE::RTTI `public: static class MOXIE::RTTI const * __ptr64 __cdecl MOXIE::SGCamera::_RTTI(void)'::`2'::s_RTTI
5071	?s_RTTI@?1??_RTTI@SGCameraController@MOXIE@@SAPEBVRTTI@3@XZ@4V43@A	class MOXIE::RTTI `public: static class MOXIE::RTTI const * __ptr64 __cdecl MOXIE::SGCameraController::_RTTI(void)'::`2'::s_RTTI
5072	?s_RTTI@?1??_RTTI@SGComponent@MOXIE@@SAPEAVRTTI@3@XZ@4V43@A	class MOXIE::RTTI `public: static class MOXIE::RTTI * __ptr64 __cdecl MOXIE::SGComponent::_RTTI(void)'::`2'::s_RTTI
5073	?s_RTTI@?1??_RTTI@SGCustomAnimator@MOXIE@@SAPEBVRTTI@3@XZ@4V43@A	class MOXIE::RTTI `public: static class MOXIE::RTTI const * __ptr64 __cdecl MOXIE::SGCustomAnimator::_RTTI(void)'::`2'::s_RTTI
5074	?s_RTTI@?1??_RTTI@SGDebugCameraController@MOXIE@@SAPEBVRTTI@3@XZ@4V43@A	class MOXIE::RTTI `public: static class MOXIE::RTTI const * __ptr64 __cdecl MOXIE::SGDebugCameraController::_RTTI(void)'::`2'::s_RTTI
5075	?s_RTTI@?1??_RTTI@SGDepth@MOXIE@@SAPEBVRTTI@3@XZ@4V43@A	class MOXIE::RTTI `public: static class MOXIE::RTTI const * __ptr64 __cdecl MOXIE::SGDepth::_RTTI(void)'::`2'::s_RTTI
5076	?s_RTTI@?1??_RTTI@SGFog@MOXIE@@SAPEBVRTTI@3@XZ@4V43@A	class MOXIE::RTTI `public: static class MOXIE::RTTI const * __ptr64 __cdecl MOXIE::SGFog::_RTTI(void)'::`2'::s_RTTI
5077	?s_RTTI@?1??_RTTI@SGFogAnimator@MOXIE@@SAPEBVRTTI@3@XZ@4V43@A	class MOXIE::RTTI `public: static class MOXIE::RTTI const * __ptr64 __cdecl MOXIE::SGFogAnimator::_RTTI(void)'::`2'::s_RTTI
5078	?s_RTTI@?1??_RTTI@SGGroup@MOXIE@@SAPEBVRTTI@3@XZ@4V43@A	class MOXIE::RTTI `public: static class MOXIE::RTTI const * __ptr64 __cdecl MOXIE::SGGroup::_RTTI(void)'::`2'::s_RTTI
5079	?s_RTTI@?1??_RTTI@SGLight@MOXIE@@SAPEBVRTTI@3@XZ@4V43@A	class MOXIE::RTTI `public: static class MOXIE::RTTI const * __ptr64 __cdecl MOXIE::SGLight::_RTTI(void)'::`2'::s_RTTI
5080	?s_RTTI@?1??_RTTI@SGLightAnimator@MOXIE@@SAPEBVRTTI@3@XZ@4V43@A	class MOXIE::RTTI `public: static class MOXIE::RTTI const * __ptr64 __cdecl MOXIE::SGLightAnimator::_RTTI(void)'::`2'::s_RTTI
5081	?s_RTTI@?1??_RTTI@SGMaterial@MOXIE@@SAPEBVRTTI@3@XZ@4V43@A	class MOXIE::RTTI `public: static class MOXIE::RTTI const * __ptr64 __cdecl MOXIE::SGMaterial::_RTTI(void)'::`2'::s_RTTI
5082	?s_RTTI@?1??_RTTI@SGModelInstance@MOXIE@@SAPEBVRTTI@3@XZ@4V43@A	class MOXIE::RTTI `public: static class MOXIE::RTTI const * __ptr64 __cdecl MOXIE::SGModelInstance::_RTTI(void)'::`2'::s_RTTI
5083	?s_RTTI@?1??_RTTI@SGNode@MOXIE@@SAPEAVRTTI@3@XZ@4V43@A	class MOXIE::RTTI `public: static class MOXIE::RTTI * __ptr64 __cdecl MOXIE::SGNode::_RTTI(void)'::`2'::s_RTTI
5084	?s_RTTI@?1??_RTTI@SGParticleAnimator@MOXIE@@SAPEBVRTTI@3@XZ@4V43@A	class MOXIE::RTTI `public: static class MOXIE::RTTI const * __ptr64 __cdecl MOXIE::SGParticleAnimator::_RTTI(void)'::`2'::s_RTTI
5085	?s_RTTI@?1??_RTTI@SGParticleEmitter@MOXIE@@SAPEBVRTTI@3@XZ@4V43@A	class MOXIE::RTTI `public: static class MOXIE::RTTI const * __ptr64 __cdecl MOXIE::SGParticleEmitter::_RTTI(void)'::`2'::s_RTTI
5086	?s_RTTI@?1??_RTTI@SGProjector@MOXIE@@SAPEBVRTTI@3@XZ@4V43@A	class MOXIE::RTTI `public: static class MOXIE::RTTI const * __ptr64 __cdecl MOXIE::SGProjector::_RTTI(void)'::`2'::s_RTTI
5087	?s_RTTI@?1??_RTTI@SGProjectorAnimator@MOXIE@@SAPEBVRTTI@3@XZ@4V43@A	class MOXIE::RTTI `public: static class MOXIE::RTTI const * __ptr64 __cdecl MOXIE::SGProjectorAnimator::_RTTI(void)'::`2'::s_RTTI
5088	?s_RTTI@?1??_RTTI@SGRenderGraph@MOXIE@@SAPEBVRTTI@3@XZ@4V43@A	class MOXIE::RTTI `public: static class MOXIE::RTTI const * __ptr64 __cdecl MOXIE::SGRenderGraph::_RTTI(void)'::`2'::s_RTTI
5089	?s_RTTI@?1??_RTTI@SGRenderGraphAnimator@MOXIE@@SAPEBVRTTI@3@XZ@4V43@A	class MOXIE::RTTI `public: static class MOXIE::RTTI const * __ptr64 __cdecl MOXIE::SGRenderGraphAnimator::_RTTI(void)'::`2'::s_RTTI
5090	?s_RTTI@?1??_RTTI@SGReplay@MOXIE@@SAPEBVRTTI@3@XZ@4V43@A	class MOXIE::RTTI `public: static class MOXIE::RTTI const * __ptr64 __cdecl MOXIE::SGReplay::_RTTI(void)'::`2'::s_RTTI
5091	?s_RTTI@?1??_RTTI@SGTransform@MOXIE@@SAPEBVRTTI@3@XZ@4V43@A	class MOXIE::RTTI `public: static class MOXIE::RTTI const * __ptr64 __cdecl MOXIE::SGTransform::_RTTI(void)'::`2'::s_RTTI
5092	?s_RTTI@?1??_RTTI@SGVideo360Player@MOXIE@@SAPEBVRTTI@3@XZ@4V43@A	class MOXIE::RTTI `public: static class MOXIE::RTTI const * __ptr64 __cdecl MOXIE::SGVideo360Player::_RTTI(void)'::`2'::s_RTTI
5093	?s_RTTI@?1??_RTTI@SGVideoCubePlayer@MOXIE@@SAPEBVRTTI@3@XZ@4V43@A	class MOXIE::RTTI `public: static class MOXIE::RTTI const * __ptr64 __cdecl MOXIE::SGVideoCubePlayer::_RTTI(void)'::`2'::s_RTTI
5094	?s_RTTI@?1??_RTTI@SGVideoCubeRectPlayer@MOXIE@@SAPEBVRTTI@3@XZ@4V43@A	class MOXIE::RTTI `public: static class MOXIE::RTTI const * __ptr64 __cdecl MOXIE::SGVideoCubeRectPlayer::_RTTI(void)'::`2'::s_RTTI
5095	?s_RTTI@?1??_RTTI@SGVideoLatLongPlayer@MOXIE@@SAPEBVRTTI@3@XZ@4V43@A	class MOXIE::RTTI `public: static class MOXIE::RTTI const * __ptr64 __cdecl MOXIE::SGVideoLatLongPlayer::_RTTI(void)'::`2'::s_RTTI
5096	?s_RTTI@?1??_RTTI@SceneGraphResource@MOXIE@@SAPEBVRTTI@3@XZ@4V43@A	class MOXIE::RTTI `public: static class MOXIE::RTTI const * __ptr64 __cdecl MOXIE::SceneGraphResource::_RTTI(void)'::`2'::s_RTTI
5097	?s_RTTI@?1??_RTTI@SceneManager@MOXIE@@SAPEBVRTTI@3@XZ@4V43@A	class MOXIE::RTTI `public: static class MOXIE::RTTI const * __ptr64 __cdecl MOXIE::SceneManager::_RTTI(void)'::`2'::s_RTTI
5098	?s_RTTI@?1??_RTTI@ScriptManager@MOXIE@@SAPEBVRTTI@3@XZ@4V43@A	class MOXIE::RTTI `public: static class MOXIE::RTTI const * __ptr64 __cdecl MOXIE::ScriptManager::_RTTI(void)'::`2'::s_RTTI
5099	?s_RTTI@?1??_RTTI@SensorManager@MOXIE@@SAPEBVRTTI@3@XZ@4V43@A	class MOXIE::RTTI `public: static class MOXIE::RTTI const * __ptr64 __cdecl MOXIE::SensorManager::_RTTI(void)'::`2'::s_RTTI
5100	?s_RTTI@?1??_RTTI@Shader@MOXIE@@SAPEAVRTTI@3@XZ@4V43@A	class MOXIE::RTTI `public: static class MOXIE::RTTI * __ptr64 __cdecl MOXIE::Shader::_RTTI(void)'::`2'::s_RTTI
5101	?s_RTTI@?1??_RTTI@ShaderGL_ES2@MOXIE@@SAPEBVRTTI@3@XZ@4V43@A	class MOXIE::RTTI `public: static class MOXIE::RTTI const * __ptr64 __cdecl MOXIE::ShaderGL_ES2::_RTTI(void)'::`2'::s_RTTI
5102	?s_RTTI@?1??_RTTI@ShaderResource@MOXIE@@SAPEBVRTTI@3@XZ@4V43@A	class MOXIE::RTTI `public: static class MOXIE::RTTI const * __ptr64 __cdecl MOXIE::ShaderResource::_RTTI(void)'::`2'::s_RTTI
5103	?s_RTTI@?1??_RTTI@StatManager@MOXIE@@SAPEBVRTTI@3@XZ@4V43@A	class MOXIE::RTTI `public: static class MOXIE::RTTI const * __ptr64 __cdecl MOXIE::StatManager::_RTTI(void)'::`2'::s_RTTI
5104	?s_RTTI@?1??_RTTI@TextureResource@MOXIE@@SAPEBVRTTI@3@XZ@4V43@A	class MOXIE::RTTI `public: static class MOXIE::RTTI const * __ptr64 __cdecl MOXIE::TextureResource::_RTTI(void)'::`2'::s_RTTI
5105	?s_RTTI@?1??_RTTI@UriManager@MOXIE@@SAPEBVRTTI@3@XZ@4V43@A	class MOXIE::RTTI `public: static class MOXIE::RTTI const * __ptr64 __cdecl MOXIE::UriManager::_RTTI(void)'::`2'::s_RTTI
5106	?s_RTTI@?1??_RTTI@VertexBuffer@MOXIE@@SAPEBVRTTI@3@XZ@4V43@A	class MOXIE::RTTI `public: static class MOXIE::RTTI const * __ptr64 __cdecl MOXIE::VertexBuffer::_RTTI(void)'::`2'::s_RTTI
5107	?s_RTTI@?1??_RTTI@VideoCubeResource@MOXIE@@SAPEBVRTTI@3@XZ@4V43@A	class MOXIE::RTTI `public: static class MOXIE::RTTI const * __ptr64 __cdecl MOXIE::VideoCubeResource::_RTTI(void)'::`2'::s_RTTI
5108	?s_Tags@ShaderParser@MOXIE@@0V?$THashTable@H@2@A	private: static class MOXIE::THashTable<int> MOXIE::ShaderParser::s_Tags
5109	?s_allActorsOffscreen@LApiActorsLayer@duet@@0_NA	private: static bool duet::LApiActorsLayer::s_allActorsOffscreen
5110	?s_allOffscreenTimer@LApiActorsLayer@duet@@0MA	private: static float duet::LApiActorsLayer::s_allOffscreenTimer
5111	?s_animDataReader@gsaDecoderResource@MOXIE@@0PEAVBSCF_Reader@2@EA	private: static class MOXIE::BSCF_Reader * __ptr64 __ptr64 MOXIE::gsaDecoderResource::s_animDataReader
5112	?s_aspect@LApiActorsLayer@duet@@0MA	private: static float duet::LApiActorsLayer::s_aspect
5113	?s_attributes@ShaderParser@MOXIE@@0PEAVShaderParamList@2@EA	private: static class MOXIE::ShaderParamList * __ptr64 __ptr64 MOXIE::ShaderParser::s_attributes
5114	?s_axis_x@?1??getAxisX@Vector2@MOXIE@@SAAEBV23@XZ@4V23@A	class MOXIE::Vector2 `public: static class MOXIE::Vector2 const & __ptr64 __cdecl MOXIE::Vector2::getAxisX(void)'::`2'::s_axis_x
5115	?s_axis_x@?1??getAxisX@Vector3@MOXIE@@SAAEBV23@XZ@4V23@A	class MOXIE::Vector3 `public: static class MOXIE::Vector3 const & __ptr64 __cdecl MOXIE::Vector3::getAxisX(void)'::`2'::s_axis_x
5116	?s_axis_x@?1??getAxisX@Vector4@MOXIE@@SAAEBV23@XZ@4V23@A	class MOXIE::Vector4 `public: static class MOXIE::Vector4 const & __ptr64 __cdecl MOXIE::Vector4::getAxisX(void)'::`2'::s_axis_x
5117	?s_axis_y@?1??getAxisY@Vector2@MOXIE@@SAAEBV23@XZ@4V23@A	class MOXIE::Vector2 `public: static class MOXIE::Vector2 const & __ptr64 __cdecl MOXIE::Vector2::getAxisY(void)'::`2'::s_axis_y
5118	?s_axis_y@?1??getAxisY@Vector3@MOXIE@@SAAEBV23@XZ@4V23@A	class MOXIE::Vector3 `public: static class MOXIE::Vector3 const & __ptr64 __cdecl MOXIE::Vector3::getAxisY(void)'::`2'::s_axis_y
5119	?s_axis_y@?1??getAxisY@Vector4@MOXIE@@SAAEBV23@XZ@4V23@A	class MOXIE::Vector4 `public: static class MOXIE::Vector4 const & __ptr64 __cdecl MOXIE::Vector4::getAxisY(void)'::`2'::s_axis_y
5120	?s_axis_z@?1??getAxisW@Vector4@MOXIE@@SAAEBV23@XZ@4V23@A	class MOXIE::Vector4 `public: static class MOXIE::Vector4 const & __ptr64 __cdecl MOXIE::Vector4::getAxisW(void)'::`2'::s_axis_z
5121	?s_axis_z@?1??getAxisZ@Vector3@MOXIE@@SAAEBV23@XZ@4V23@A	class MOXIE::Vector3 `public: static class MOXIE::Vector3 const & __ptr64 __cdecl MOXIE::Vector3::getAxisZ(void)'::`2'::s_axis_z
5122	?s_axis_z@?1??getAxisZ@Vector4@MOXIE@@SAAEBV23@XZ@4V23@A	class MOXIE::Vector4 `public: static class MOXIE::Vector4 const & __ptr64 __cdecl MOXIE::Vector4::getAxisZ(void)'::`2'::s_axis_z
5123	?s_cachingEnabled@ParameterData@MOXIE@@1_NB	protected: static bool const MOXIE::ParameterData::s_cachingEnabled
5124	?s_changesMade@SymbolTable@MOXIE@@0_NA	private: static bool MOXIE::SymbolTable::s_changesMade
5125	?s_colorCodeMipMaps@Surface@MOXIE@@0_NA	private: static bool MOXIE::Surface::s_colorCodeMipMaps
5126	?s_compressionErrorThreshold@VertexAnimQuantizer@MOXIE@@2MA	public: static float MOXIE::VertexAnimQuantizer::s_compressionErrorThreshold
5127	?s_curFunction@ShaderParser@MOXIE@@0PEAUFunction@12@EA	private: static struct MOXIE::ShaderParser::Function * __ptr64 __ptr64 MOXIE::ShaderParser::s_curFunction
5128	?s_curLexer@ShaderParser@MOXIE@@0PEAVLexer@2@EA	private: static class MOXIE::Lexer * __ptr64 __ptr64 MOXIE::ShaderParser::s_curLexer
5129	?s_curOption@ShaderParser@MOXIE@@0PEAVShaderOption@2@EA	private: static class MOXIE::ShaderOption * __ptr64 __ptr64 MOXIE::ShaderParser::s_curOption
5130	?s_curStruct@ShaderParser@MOXIE@@0PEAUStruct@12@EA	private: static struct MOXIE::ShaderParser::Struct * __ptr64 __ptr64 MOXIE::ShaderParser::s_curStruct
5131	?s_debug@LApiActorsLayer@duet@@0_NA	private: static bool duet::LApiActorsLayer::s_debug
5132	?s_debugCallback@gsaDecoder@MOXIE@@0P6AXW4GSA_DEBUG_MSG@2@PEBD@ZEA	private: static void (__cdecl* __ptr64 MOXIE::gsaDecoder::s_debugCallback)(enum MOXIE::GSA_DEBUG_MSG,char const * __ptr64)
5133	?s_defaultAttributeInfos@VertexData@MOXIE@@1QBUVertexAttributeInfo@2@B	protected: static struct MOXIE::VertexAttributeInfo const * const MOXIE::VertexData::s_defaultAttributeInfos
5134	?s_defaultFrameBuffer@RenderDevice@MOXIE@@1IA	protected: static unsigned int MOXIE::RenderDevice::s_defaultFrameBuffer
5135	?s_defaultTexture@RenderDevice@MOXIE@@1PEAVTexture@2@EA	protected: static class MOXIE::Texture * __ptr64 __ptr64 MOXIE::RenderDevice::s_defaultTexture
5136	?s_depth@LApiActorsLayer@duet@@0MA	private: static float duet::LApiActorsLayer::s_depth
5137	?s_emptyString@LuaParameter@MOXIE@@0VString@2@A	private: static class MOXIE::String MOXIE::LuaParameter::s_emptyString
5138	?s_fadeTimeScale@LApiActorsLayer@duet@@0MA	private: static float duet::LApiActorsLayer::s_fadeTimeScale
5139	?s_filename@SymbolTable@MOXIE@@0VString@2@A	private: static class MOXIE::String MOXIE::SymbolTable::s_filename
5140	?s_fov@LApiActorsLayer@duet@@0MA	private: static float duet::LApiActorsLayer::s_fov
5141	?s_fovFudge@LApiActorsLayer@duet@@0MA	private: static float duet::LApiActorsLayer::s_fovFudge
5142	?s_functions@ShaderParser@MOXIE@@0V?$TArray@PEAUFunction@ShaderParser@MOXIE@@@2@A	private: static class MOXIE::TArray<struct MOXIE::ShaderParser::Function * __ptr64> MOXIE::ShaderParser::s_functions
5143	?s_globalPrecisionModifiers@ShaderParser@MOXIE@@0V?$TArray@UPrecisionModifier@ShaderParser@MOXIE@@@2@A	private: static class MOXIE::TArray<struct MOXIE::ShaderParser::PrecisionModifier> MOXIE::ShaderParser::s_globalPrecisionModifiers
5144	?s_gradient@FastNoise@MOXIE@@1PAMA	protected: static float * MOXIE::FastNoise::s_gradient
5145	?s_hardwareShaderText@ShaderParser@MOXIE@@0PAVString@2@A	private: static class MOXIE::String * MOXIE::ShaderParser::s_hardwareShaderText
5146	?s_height@LApiActorsLayer@duet@@0MA	private: static float duet::LApiActorsLayer::s_height
5147	?s_identity@?1??getIdentity@Matrix3@MOXIE@@SAAEBV23@XZ@4V23@A	class MOXIE::Matrix3 `public: static class MOXIE::Matrix3 const & __ptr64 __cdecl MOXIE::Matrix3::getIdentity(void)'::`2'::s_identity
5148	?s_identity@?1??getIdentity@Matrix4@MOXIE@@SAAEBV23@XZ@4V23@A	class MOXIE::Matrix4 `public: static class MOXIE::Matrix4 const & __ptr64 __cdecl MOXIE::Matrix4::getIdentity(void)'::`2'::s_identity
5149	?s_identity@?1??getIdentity@Transform@MOXIE@@SAAEBV23@XZ@4V23@A	class MOXIE::Transform `public: static class MOXIE::Transform const & __ptr64 __cdecl MOXIE::Transform::getIdentity(void)'::`2'::s_identity
5150	?s_includeData@ShaderParser@MOXIE@@0VString@2@A	private: static class MOXIE::String MOXIE::ShaderParser::s_includeData
5151	?s_initialized@FastNoise@MOXIE@@1_NA	protected: static bool MOXIE::FastNoise::s_initialized
5152	?s_initialized@LApiActorsLayer@duet@@0_NA	private: static bool duet::LApiActorsLayer::s_initialized
5153	?s_initialized@ShaderParser@MOXIE@@0_NA	private: static bool MOXIE::ShaderParser::s_initialized
5154	?s_instance@?1??getIdentity@Quaternion@MOXIE@@SAAEBV23@XZ@4V23@A	class MOXIE::Quaternion `public: static class MOXIE::Quaternion const & __ptr64 __cdecl MOXIE::Quaternion::getIdentity(void)'::`2'::s_instance
5155	?s_instance@?1??getInstance@DefaultAnimMixer@MOXIE@@SAPEAV23@XZ@4V23@A	class MOXIE::DefaultAnimMixer `public: static class MOXIE::DefaultAnimMixer * __ptr64 __cdecl MOXIE::DefaultAnimMixer::getInstance(void)'::`2'::s_instance
5156	?s_instance@Engine@MOXIE@@0PEAV12@EA	private: static class MOXIE::Engine * __ptr64 __ptr64 MOXIE::Engine::s_instance
5157	?s_instance_@Application@MOXIE@@0PEAV12@EA	private: static class MOXIE::Application * __ptr64 __ptr64 MOXIE::Application::s_instance_
5158	?s_instance_@Player@MOXIE@@0PEAV12@EA	private: static class MOXIE::Player * __ptr64 __ptr64 MOXIE::Player::s_instance_
5159	?s_invalid@?1??invalid@Sound@MOXIE@@SAAEAV23@XZ@4V23@A	class MOXIE::Sound `public: static class MOXIE::Sound & __ptr64 __cdecl MOXIE::Sound::invalid(void)'::`2'::s_invalid
5160	?s_lastUpdateSecs@LApiActorsLayer@duet@@0MA	private: static float duet::LApiActorsLayer::s_lastUpdateSecs
5161	?s_lastViewedActor@LApiActorsLayer@duet@@0VString@MOXIE@@A	private: static class MOXIE::String duet::LApiActorsLayer::s_lastViewedActor
5162	?s_lastViewedBoyAngle@LApiActorsLayer@duet@@0MA	private: static float duet::LApiActorsLayer::s_lastViewedBoyAngle
5163	?s_lastViewedGirlAngle@LApiActorsLayer@duet@@0MA	private: static float duet::LApiActorsLayer::s_lastViewedGirlAngle
5164	?s_localPrecisionModifiers@ShaderParser@MOXIE@@0PAV?$TArray@UPrecisionModifier@ShaderParser@MOXIE@@@2@A	private: static class MOXIE::TArray<struct MOXIE::ShaderParser::PrecisionModifier> * MOXIE::ShaderParser::s_localPrecisionModifiers
5165	?s_localT@LApiActorsLayer@duet@@0VlSRT@2@A	private: static class duet::lSRT duet::LApiActorsLayer::s_localT
5166	?s_main@ShaderParser@MOXIE@@0PAPEAUFunction@12@A	private: static struct MOXIE::ShaderParser::Function * __ptr64 * MOXIE::ShaderParser::s_main
5167	?s_maxRenderModels@ModelResource@MOXIE@@1IA	protected: static unsigned int MOXIE::ModelResource::s_maxRenderModels
5168	?s_minValue@VertexAnimQuantizer@MOXIE@@2MA	public: static float MOXIE::VertexAnimQuantizer::s_minValue
5169	?s_mixBuffer@gsaDecoder@MOXIE@@0PEAMEA	private: static float * __ptr64 __ptr64 MOXIE::gsaDecoder::s_mixBuffer
5170	?s_mixBufferMutex@gsaDecoder@MOXIE@@0VMutex@2@A	private: static class MOXIE::Mutex MOXIE::gsaDecoder::s_mixBufferMutex
5171	?s_mixBufferReallocCopyRequired@gsaDecoder@MOXIE@@0_NA	private: static bool MOXIE::gsaDecoder::s_mixBufferReallocCopyRequired
5172	?s_mixBufferSize@gsaDecoder@MOXIE@@0IA	private: static unsigned int MOXIE::gsaDecoder::s_mixBufferSize
5173	?s_mutex@VertexCompression@MOXIE@@0VMutex@2@A	private: static class MOXIE::Mutex MOXIE::VertexCompression::s_mutex
5174	?s_name@LApiActorClampLayer@duet@@2PEBDEB	public: static char const * __ptr64 const __ptr64 duet::LApiActorClampLayer::s_name
5175	?s_name@LApiActorMover@duet@@2PEBDEB	public: static char const * __ptr64 const __ptr64 duet::LApiActorMover::s_name
5176	?s_name@LApiActorMoverLayer@duet@@2PEBDEB	public: static char const * __ptr64 const __ptr64 duet::LApiActorMoverLayer::s_name
5177	?s_name@LApiActorVignette@duet@@2PEBDEB	public: static char const * __ptr64 const __ptr64 duet::LApiActorVignette::s_name
5178	?s_name@LApiActorsLayer@duet@@2PEBDEB	public: static char const * __ptr64 const __ptr64 duet::LApiActorsLayer::s_name
5179	?s_name@LApiBoomLayer@duet@@2PEBDEB	public: static char const * __ptr64 const __ptr64 duet::LApiBoomLayer::s_name
5180	?s_name@LApiBoundsLayer@duet@@2PEBDEB	public: static char const * __ptr64 const __ptr64 duet::LApiBoundsLayer::s_name
5181	?s_name@LApiCameraRig@duet@@2PEBDEB	public: static char const * __ptr64 const __ptr64 duet::LApiCameraRig::s_name
5182	?s_name@LApiDuet@duet@@2PEBDEB	public: static char const * __ptr64 const __ptr64 duet::LApiDuet::s_name
5183	?s_name@LApiDuetScene@duet@@2PEBDEB	public: static char const * __ptr64 const __ptr64 duet::LApiDuetScene::s_name
5184	?s_name@LApiFlipbookDriver@duet@@2PEBDEB	public: static char const * __ptr64 const __ptr64 duet::LApiFlipbookDriver::s_name
5185	?s_name@LApiGlowAlpha@duet@@2PEBDEB	public: static char const * __ptr64 const __ptr64 duet::LApiGlowAlpha::s_name
5186	?s_name@LApiGlowFader@duet@@2PEBDEB	public: static char const * __ptr64 const __ptr64 duet::LApiGlowFader::s_name
5187	?s_name@LApiInputLayer@duet@@2PEBDEB	public: static char const * __ptr64 const __ptr64 duet::LApiInputLayer::s_name
5188	?s_name@LApiIntroEnvControl@duet@@2PEBDEB	public: static char const * __ptr64 const __ptr64 duet::LApiIntroEnvControl::s_name
5189	?s_name@LApiLookAtDetector@duet@@2PEBDEB	public: static char const * __ptr64 const __ptr64 duet::LApiLookAtDetector::s_name
5190	?s_name@LApiLookAtLayer@duet@@2PEBDEB	public: static char const * __ptr64 const __ptr64 duet::LApiLookAtLayer::s_name
5191	?s_name@LApiLuaProfiler@luaProfiler@MOXIE@@2PEBDEB	public: static char const * __ptr64 const __ptr64 MOXIE::luaProfiler::LApiLuaProfiler::s_name
5192	?s_name@LApiMasterBlender@duet@@2PEBDEB	public: static char const * __ptr64 const __ptr64 duet::LApiMasterBlender::s_name
5193	?s_name@LApiParticlesController@duet@@2PEBDEB	public: static char const * __ptr64 const __ptr64 duet::LApiParticlesController::s_name
5194	?s_name@LApiProxyLayer@duet@@2PEBDEB	public: static char const * __ptr64 const __ptr64 duet::LApiProxyLayer::s_name
5195	?s_name@LApiSegmentManager@duet@@2PEBDEB	public: static char const * __ptr64 const __ptr64 duet::LApiSegmentManager::s_name
5196	?s_name@LApiSoftTrack@duet@@2PEBDEB	public: static char const * __ptr64 const __ptr64 duet::LApiSoftTrack::s_name
5197	?s_name@LApiStarBlendLayer@duet@@2PEBDEB	public: static char const * __ptr64 const __ptr64 duet::LApiStarBlendLayer::s_name
5198	?s_name@LApiTrackingLayer@duet@@2PEBDEB	public: static char const * __ptr64 const __ptr64 duet::LApiTrackingLayer::s_name
5199	?s_name@LApiTrackingManager@duet@@2PEBDEB	public: static char const * __ptr64 const __ptr64 duet::LApiTrackingManager::s_name
5200	?s_name@LApiTrackingTarget@duet@@2PEBDEB	public: static char const * __ptr64 const __ptr64 duet::LApiTrackingTarget::s_name
5201	?s_name@LApiUtil@duet@@2PEBDEB	public: static char const * __ptr64 const __ptr64 duet::LApiUtil::s_name
5202	?s_numTextureSlots@ShaderParser@MOXIE@@0HB	private: static int const MOXIE::ShaderParser::s_numTextureSlots
5203	?s_offscreenPosSet@LApiActorsLayer@duet@@0_NA	private: static bool duet::LApiActorsLayer::s_offscreenPosSet
5204	?s_offscreenStartPosition@LApiActorsLayer@duet@@0UlQuaternion@2@A	private: static struct duet::lQuaternion duet::LApiActorsLayer::s_offscreenStartPosition
5205	?s_offscreenTimeThreshold@LApiActorsLayer@duet@@0MA	private: static float duet::LApiActorsLayer::s_offscreenTimeThreshold
5206	?s_one@?1??getOne@Vector2@MOXIE@@SAAEBV23@XZ@4V23@A	class MOXIE::Vector2 `public: static class MOXIE::Vector2 const & __ptr64 __cdecl MOXIE::Vector2::getOne(void)'::`2'::s_one
5207	?s_one@?1??getOne@Vector3@MOXIE@@SAAEBV23@XZ@4V23@A	class MOXIE::Vector3 `public: static class MOXIE::Vector3 const & __ptr64 __cdecl MOXIE::Vector3::getOne(void)'::`2'::s_one
5208	?s_one@?1??getOne@Vector4@MOXIE@@SAAEBV23@XZ@4V23@A	class MOXIE::Vector4 `public: static class MOXIE::Vector4 const & __ptr64 __cdecl MOXIE::Vector4::getOne(void)'::`2'::s_one
5209	?s_orderedList@SymbolTable@MOXIE@@0V?$TArray@VString@MOXIE@@@2@A	private: static class MOXIE::TArray<class MOXIE::String> MOXIE::SymbolTable::s_orderedList
5210	?s_out@?1??backtrace@LUtil@MOXIE@@SAPEBDPEAUlua_State@@@Z@4VString@3@A	class MOXIE::String `public: static char const * __ptr64 __cdecl MOXIE::LUtil::backtrace(struct lua_State * __ptr64)'::`2'::s_out
5211	?s_out@?1??error@LUtil@MOXIE@@SAPEBDPEAUlua_State@@PEBD@Z@4VString@3@A	class MOXIE::String `public: static char const * __ptr64 __cdecl MOXIE::LUtil::error(struct lua_State * __ptr64,char const * __ptr64)'::`2'::s_out
5212	?s_outputs@ShaderParser@MOXIE@@0PEAVShaderParamList@2@EA	private: static class MOXIE::ShaderParamList * __ptr64 __ptr64 MOXIE::ShaderParser::s_outputs
5213	?s_parameters@ShaderParser@MOXIE@@0PEAVShaderParamList@2@EA	private: static class MOXIE::ShaderParamList * __ptr64 __ptr64 MOXIE::ShaderParser::s_parameters
5214	?s_parserFunc@ShaderParser@MOXIE@@0PAP6A_NPEBD@ZA	private: static bool (__cdecl** MOXIE::ShaderParser::s_parserFunc)(char const * __ptr64)
5215	?s_path@ShaderParser@MOXIE@@0PADA	private: static char * MOXIE::ShaderParser::s_path
5216	?s_permutation@FastNoise@MOXIE@@1PAHA	protected: static int * MOXIE::FastNoise::s_permutation
5217	?s_persp@LApiActorsLayer@duet@@0MA	private: static float duet::LApiActorsLayer::s_persp
5218	?s_prevProgramID@Shader@MOXIE@@1IA	protected: static unsigned int MOXIE::Shader::s_prevProgramID
5219	?s_projectionDist@LApiActorsLayer@duet@@0MA	private: static float duet::LApiActorsLayer::s_projectionDist
5220	?s_quantizedData@gsaDecoder@MOXIE@@0PEAIEA	private: static unsigned int * __ptr64 __ptr64 MOXIE::gsaDecoder::s_quantizedData
5221	?s_quatToFloatScale@VertexAnimQuantizer@MOXIE@@2MA	public: static float MOXIE::VertexAnimQuantizer::s_quatToFloatScale
5222	?s_quatToFloatScaleWithRange@VertexAnimQuantizer@MOXIE@@2MA	public: static float MOXIE::VertexAnimQuantizer::s_quatToFloatScaleWithRange
5223	?s_registry@LApiActorClampLayer@duet@@2PAUluaL_Reg@@A	public: static struct luaL_Reg * duet::LApiActorClampLayer::s_registry
5224	?s_registry@LApiActorMover@duet@@2PAUluaL_Reg@@A	public: static struct luaL_Reg * duet::LApiActorMover::s_registry
5225	?s_registry@LApiActorMoverLayer@duet@@2PAUluaL_Reg@@A	public: static struct luaL_Reg * duet::LApiActorMoverLayer::s_registry
5226	?s_registry@LApiActorVignette@duet@@2PAUluaL_Reg@@A	public: static struct luaL_Reg * duet::LApiActorVignette::s_registry
5227	?s_registry@LApiActorsLayer@duet@@2PAUluaL_Reg@@A	public: static struct luaL_Reg * duet::LApiActorsLayer::s_registry
5228	?s_registry@LApiBoomLayer@duet@@2PAUluaL_Reg@@A	public: static struct luaL_Reg * duet::LApiBoomLayer::s_registry
5229	?s_registry@LApiBoundsLayer@duet@@2PAUluaL_Reg@@A	public: static struct luaL_Reg * duet::LApiBoundsLayer::s_registry
5230	?s_registry@LApiCameraRig@duet@@2PAUluaL_Reg@@A	public: static struct luaL_Reg * duet::LApiCameraRig::s_registry
5231	?s_registry@LApiDuet@duet@@2PAUluaL_Reg@@A	public: static struct luaL_Reg * duet::LApiDuet::s_registry
5232	?s_registry@LApiDuetScene@duet@@2PAUluaL_Reg@@A	public: static struct luaL_Reg * duet::LApiDuetScene::s_registry
5233	?s_registry@LApiFlipbookDriver@duet@@2PAUluaL_Reg@@A	public: static struct luaL_Reg * duet::LApiFlipbookDriver::s_registry
5234	?s_registry@LApiGlowAlpha@duet@@2PAUluaL_Reg@@A	public: static struct luaL_Reg * duet::LApiGlowAlpha::s_registry
5235	?s_registry@LApiGlowFader@duet@@2PAUluaL_Reg@@A	public: static struct luaL_Reg * duet::LApiGlowFader::s_registry
5236	?s_registry@LApiInputLayer@duet@@2PAUluaL_Reg@@A	public: static struct luaL_Reg * duet::LApiInputLayer::s_registry
5237	?s_registry@LApiIntroEnvControl@duet@@2PAUluaL_Reg@@A	public: static struct luaL_Reg * duet::LApiIntroEnvControl::s_registry
5238	?s_registry@LApiLookAtDetector@duet@@2PAUluaL_Reg@@A	public: static struct luaL_Reg * duet::LApiLookAtDetector::s_registry
5239	?s_registry@LApiLookAtLayer@duet@@2PAUluaL_Reg@@A	public: static struct luaL_Reg * duet::LApiLookAtLayer::s_registry
5240	?s_registry@LApiLuaProfiler@luaProfiler@MOXIE@@2PAUluaL_Reg@@A	public: static struct luaL_Reg * MOXIE::luaProfiler::LApiLuaProfiler::s_registry
5241	?s_registry@LApiMasterBlender@duet@@2PAUluaL_Reg@@A	public: static struct luaL_Reg * duet::LApiMasterBlender::s_registry
5242	?s_registry@LApiParticlesController@duet@@2PAUluaL_Reg@@A	public: static struct luaL_Reg * duet::LApiParticlesController::s_registry
5243	?s_registry@LApiProxyLayer@duet@@2PAUluaL_Reg@@A	public: static struct luaL_Reg * duet::LApiProxyLayer::s_registry
5244	?s_registry@LApiSegmentManager@duet@@2PAUluaL_Reg@@A	public: static struct luaL_Reg * duet::LApiSegmentManager::s_registry
5245	?s_registry@LApiSoftTrack@duet@@2PAUluaL_Reg@@A	public: static struct luaL_Reg * duet::LApiSoftTrack::s_registry
5246	?s_registry@LApiStarBlendLayer@duet@@2PAUluaL_Reg@@A	public: static struct luaL_Reg * duet::LApiStarBlendLayer::s_registry
5247	?s_registry@LApiTrackingLayer@duet@@2PAUluaL_Reg@@A	public: static struct luaL_Reg * duet::LApiTrackingLayer::s_registry
5248	?s_registry@LApiTrackingManager@duet@@2PAUluaL_Reg@@A	public: static struct luaL_Reg * duet::LApiTrackingManager::s_registry
5249	?s_registry@LApiTrackingTarget@duet@@2PAUluaL_Reg@@A	public: static struct luaL_Reg * duet::LApiTrackingTarget::s_registry
5250	?s_registry@LApiUtil@duet@@2PAUluaL_Reg@@A	public: static struct luaL_Reg * duet::LApiUtil::s_registry
5251	?s_renderModelCount@ModelResource@MOXIE@@1IA	protected: static unsigned int MOXIE::ModelResource::s_renderModelCount
5252	?s_scale@LApiActorsLayer@duet@@0MA	private: static float duet::LApiActorsLayer::s_scale
5253	?s_shaderLen@ShaderParser@MOXIE@@0_KA	private: static unsigned __int64 MOXIE::ShaderParser::s_shaderLen
5254	?s_shaderText@ShaderParser@MOXIE@@0PEADEA	private: static char * __ptr64 __ptr64 MOXIE::ShaderParser::s_shaderText
5255	?s_structs@ShaderParser@MOXIE@@0V?$TArray@PEAUStruct@ShaderParser@MOXIE@@@2@A	private: static class MOXIE::TArray<struct MOXIE::ShaderParser::Struct * __ptr64> MOXIE::ShaderParser::s_structs
5256	?s_table@SymbolTable@MOXIE@@0V?$THashTable@I@2@A	private: static class MOXIE::THashTable<unsigned int> MOXIE::SymbolTable::s_table
5257	?s_tableOut@LDataTableLoader@MOXIE@@0PADA	private: static char * MOXIE::LDataTableLoader::s_tableOut
5258	?s_tabs@LDataTableLoader@MOXIE@@0PADA	private: static char * MOXIE::LDataTableLoader::s_tabs
5259	?s_targetFovFudge@LApiActorsLayer@duet@@0MA	private: static float duet::LApiActorsLayer::s_targetFovFudge
5260	?s_texcoordSlots@ShaderParser@MOXIE@@0PA_NA	private: static bool * MOXIE::ShaderParser::s_texcoordSlots
5261	?s_updateFov@LApiActorsLayer@duet@@0_NA	private: static bool duet::LApiActorsLayer::s_updateFov
5262	?s_width@LApiActorsLayer@duet@@0MA	private: static float duet::LApiActorsLayer::s_width
5263	?s_xSlope@LApiActorsLayer@duet@@0MA	private: static float duet::LApiActorsLayer::s_xSlope
5264	?s_ySlope@LApiActorsLayer@duet@@0MA	private: static float duet::LApiActorsLayer::s_ySlope
5265	?s_zero@?1??getZero@Matrix3@MOXIE@@SAAEBV23@XZ@4V23@A	class MOXIE::Matrix3 `public: static class MOXIE::Matrix3 const & __ptr64 __cdecl MOXIE::Matrix3::getZero(void)'::`2'::s_zero
5266	?s_zero@?1??getZero@Matrix4@MOXIE@@SAAEBV23@XZ@4V23@A	class MOXIE::Matrix4 `public: static class MOXIE::Matrix4 const & __ptr64 __cdecl MOXIE::Matrix4::getZero(void)'::`2'::s_zero
5267	?s_zero@?1??getZero@Vector2@MOXIE@@SAAEBV23@XZ@4V23@A	class MOXIE::Vector2 `public: static class MOXIE::Vector2 const & __ptr64 __cdecl MOXIE::Vector2::getZero(void)'::`2'::s_zero
5268	?s_zero@?1??getZero@Vector3@MOXIE@@SAAEBV23@XZ@4V23@A	class MOXIE::Vector3 `public: static class MOXIE::Vector3 const & __ptr64 __cdecl MOXIE::Vector3::getZero(void)'::`2'::s_zero
5269	?s_zero@?1??getZero@Vector4@MOXIE@@SAAEBV23@XZ@4V23@A	class MOXIE::Vector4 `public: static class MOXIE::Vector4 const & __ptr64 __cdecl MOXIE::Vector4::getZero(void)'::`2'::s_zero
5270	?sampleByExposure@FlipbookSampler@MOXIE@@QEAAXI@Z	public: void __cdecl MOXIE::FlipbookSampler::sampleByExposure(unsigned int) __ptr64
5271	?sampleByFrame@AnimationFlipbookSampler@MOXIE@@UEAAXI@Z	public: virtual void __cdecl MOXIE::AnimationFlipbookSampler::sampleByFrame(unsigned int) __ptr64
5272	?sampleByFrame@FlipbookSampler@MOXIE@@UEAAXI@Z	public: virtual void __cdecl MOXIE::FlipbookSampler::sampleByFrame(unsigned int) __ptr64
5273	?sampleByTime@FlipbookSampler@MOXIE@@QEAAXM@Z	public: void __cdecl MOXIE::FlipbookSampler::sampleByTime(float) __ptr64
5274	?sampleCustomAnimations@SGAnimator@MOXIE@@QEAAXGAEAV?$TArray@UCustomAnimBinding@SGAnimator@MOXIE@@@2@@Z	public: void __cdecl MOXIE::SGAnimator::sampleCustomAnimations(unsigned short,class MOXIE::TArray<struct MOXIE::SGAnimator::CustomAnimBinding> & __ptr64) __ptr64
5275	?sampleFrame@gsaDecoder@MOXIE@@QEAAHM@Z	public: int __cdecl MOXIE::gsaDecoder::sampleFrame(float) __ptr64
5276	?sampleTime@gsaDecoder@MOXIE@@QEAAHM@Z	public: int __cdecl MOXIE::gsaDecoder::sampleTime(float) __ptr64
5277	?save@AnimResource@MOXIE@@IEAA_NAEBVUri@2@@Z	protected: bool __cdecl MOXIE::AnimResource::save(class MOXIE::Uri const & __ptr64) __ptr64
5278	?save@Bitmap@MOXIE@@QEBA_NPEBD@Z	public: bool __cdecl MOXIE::Bitmap::save(char const * __ptr64)const __ptr64
5279	?save@CSV@@QEAA_NPEBD_N@Z	public: bool __cdecl CSV::save(char const * __ptr64,bool) __ptr64
5280	?save@FontMap@MOXIE@@QEAA_NPEBD@Z	public: bool __cdecl MOXIE::FontMap::save(char const * __ptr64) __ptr64
5281	?save@FontResource@MOXIE@@QEAA_NAEBVUri@2@@Z	public: bool __cdecl MOXIE::FontResource::save(class MOXIE::Uri const & __ptr64) __ptr64
5282	?save@MemoryStream@MOXIE@@QEAA_NPEAVFileSystem@2@PEBD@Z	public: bool __cdecl MOXIE::MemoryStream::save(class MOXIE::FileSystem * __ptr64,char const * __ptr64) __ptr64
5283	?save@ModelResource@MOXIE@@UEAA_NAEBVUri@2@@Z	public: virtual bool __cdecl MOXIE::ModelResource::save(class MOXIE::Uri const & __ptr64) __ptr64
5284	?save@SceneGraphResource@MOXIE@@QEAA_NAEBVUri@2@@Z	public: bool __cdecl MOXIE::SceneGraphResource::save(class MOXIE::Uri const & __ptr64) __ptr64
5285	?save@Surface@MOXIE@@QEBA_NPEAVFileSystem@2@PEBD@Z	public: bool __cdecl MOXIE::Surface::save(class MOXIE::FileSystem * __ptr64,char const * __ptr64)const __ptr64
5286	?saveDebugLines@RenderDebug@MOXIE@@QEAAXXZ	public: void __cdecl MOXIE::RenderDebug::saveDebugLines(void) __ptr64
5287	?saveMaterial@@YA_NPEAXPEAUMaterialDefinition@@HPEAD@Z	bool __cdecl saveMaterial(void * __ptr64,struct MaterialDefinition * __ptr64,int,char * __ptr64)
5288	?saveScreenshot@RenderView@MOXIE@@QEAAXXZ	public: void __cdecl MOXIE::RenderView::saveScreenshot(void) __ptr64
5289	?saveToDisk@@YAHPEBD0I@Z	int __cdecl saveToDisk(char const * __ptr64,char const * __ptr64,unsigned int)
5290	?saveWindowLayout@Win32Utils@@SAXPEAUHWND__@@@Z	public: static void __cdecl Win32Utils::saveWindowLayout(struct HWND__ * __ptr64)
5291	?scale@AABBox@MOXIE@@QEAAXAEBVVector3@2@@Z	public: void __cdecl MOXIE::AABBox::scale(class MOXIE::Vector3 const & __ptr64) __ptr64
5292	?scale@Matrix3@MOXIE@@QEAAXAEBVVector3@2@@Z	public: void __cdecl MOXIE::Matrix3::scale(class MOXIE::Vector3 const & __ptr64) __ptr64
5293	?scale@Matrix3@MOXIE@@QEAAXM@Z	public: void __cdecl MOXIE::Matrix3::scale(float) __ptr64
5294	?scale@Matrix4@MOXIE@@QEAAXAEBVVector3@2@@Z	public: void __cdecl MOXIE::Matrix4::scale(class MOXIE::Vector3 const & __ptr64) __ptr64
5295	?scale@Matrix4@MOXIE@@QEAAXM@Z	public: void __cdecl MOXIE::Matrix4::scale(float) __ptr64
5296	?scale@SGTransform@MOXIE@@QEAAXAEBVVector3@2@@Z	public: void __cdecl MOXIE::SGTransform::scale(class MOXIE::Vector3 const & __ptr64) __ptr64
5297	?scale@Transform@MOXIE@@QEAAXAEBVVector3@2@@Z	public: void __cdecl MOXIE::Transform::scale(class MOXIE::Vector3 const & __ptr64) __ptr64
5298	?scale@Transform@MOXIE@@QEAAXM@Z	public: void __cdecl MOXIE::Transform::scale(float) __ptr64
5299	?seek@FileStream@MOXIE@@QEAA_NHW4EOrigin@FileSystem@2@@Z	public: bool __cdecl MOXIE::FileStream::seek(int,enum MOXIE::FileSystem::EOrigin) __ptr64
5300	?seek@InternalFileSystem@MOXIE@@UEAA_N_KHW4EOrigin@FileSystem@2@@Z	public: virtual bool __cdecl MOXIE::InternalFileSystem::seek(unsigned __int64,int,enum MOXIE::FileSystem::EOrigin) __ptr64
5301	?seek@LocalFileSystem@MOXIE@@UEAA_N_KHW4EOrigin@FileSystem@2@@Z	public: virtual bool __cdecl MOXIE::LocalFileSystem::seek(unsigned __int64,int,enum MOXIE::FileSystem::EOrigin) __ptr64
5302	?seek@NestedFileSystem@MOXIE@@UEAA_N_KHW4EOrigin@FileSystem@2@@Z	public: virtual bool __cdecl MOXIE::NestedFileSystem::seek(unsigned __int64,int,enum MOXIE::FileSystem::EOrigin) __ptr64
5303	?seek@NetworkFileSystem@MOXIE@@UEAA_N_KHW4EOrigin@FileSystem@2@@Z	public: virtual bool __cdecl MOXIE::NetworkFileSystem::seek(unsigned __int64,int,enum MOXIE::FileSystem::EOrigin) __ptr64
5304	?seek@PackageFileSystem@MOXIE@@UEAA_N_KHW4EOrigin@FileSystem@2@@Z	public: virtual bool __cdecl MOXIE::PackageFileSystem::seek(unsigned __int64,int,enum MOXIE::FileSystem::EOrigin) __ptr64
5305	?seek@RiffDiver@MOXIE@@QEAA_NI@Z	public: bool __cdecl MOXIE::RiffDiver::seek(unsigned int) __ptr64
5306	?seek@SGVideoCubePlayer@MOXIE@@UEAAXM@Z	public: virtual void __cdecl MOXIE::SGVideoCubePlayer::seek(float) __ptr64
5307	?seek@SGVideoCubeRectPlayer@MOXIE@@UEAAXM@Z	public: virtual void __cdecl MOXIE::SGVideoCubeRectPlayer::seek(float) __ptr64
5308	?seek@SGVideoLatLongPlayer@MOXIE@@UEAAXM@Z	public: virtual void __cdecl MOXIE::SGVideoLatLongPlayer::seek(float) __ptr64
5309	?seek@StorySubtitles@MOXIE@@QEAAXVString@2@I@Z	public: void __cdecl MOXIE::StorySubtitles::seek(class MOXIE::String,unsigned int) __ptr64
5310	?seek@VideoCubeManager@MOXIE@@QEAAXM@Z	public: void __cdecl MOXIE::VideoCubeManager::seek(float) __ptr64
5311	?seek@ZipEntry@MOXIE@@QEAA_N_JW4EOrigin@FileSystem@2@@Z	public: bool __cdecl MOXIE::ZipEntry::seek(__int64,enum MOXIE::FileSystem::EOrigin) __ptr64
5312	?seekDelta@SGVideoCubePlayer@MOXIE@@UEAAXM@Z	public: virtual void __cdecl MOXIE::SGVideoCubePlayer::seekDelta(float) __ptr64
5313	?seekDelta@SGVideoCubeRectPlayer@MOXIE@@UEAAXM@Z	public: virtual void __cdecl MOXIE::SGVideoCubeRectPlayer::seekDelta(float) __ptr64
5314	?seekDelta@SGVideoLatLongPlayer@MOXIE@@UEAAXM@Z	public: virtual void __cdecl MOXIE::SGVideoLatLongPlayer::seekDelta(float) __ptr64
5315	?seekDelta@VideoCubeManager@MOXIE@@QEAAXM@Z	public: void __cdecl MOXIE::VideoCubeManager::seekDelta(float) __ptr64
5316	?seekFrame@AudPlayer@MOXIE@@QEAA?AW4MauxStatus@2@I@Z	public: enum MOXIE::MauxStatus __cdecl MOXIE::AudPlayer::seekFrame(unsigned int) __ptr64
5317	?seekFrame@VideoCubeTile@MOXIE@@QEAA_NHH@Z	public: bool __cdecl MOXIE::VideoCubeTile::seekFrame(int,int) __ptr64
5318	?seekRaw@AudioDataSource@MOXIE@@QEAA_NHW4Origin@12@@Z	public: bool __cdecl MOXIE::AudioDataSource::seekRaw(int,enum MOXIE::AudioDataSource::Origin) __ptr64
5319	?seekToFrame@AudioDataSource@MOXIE@@QEAA?AW4MauxStatus@2@I@Z	public: enum MOXIE::MauxStatus __cdecl MOXIE::AudioDataSource::seekToFrame(unsigned int) __ptr64
5320	?seekToFrame_backend@OggVorbisDecoder@MOXIE@@UEAA?AW4MauxStatus@2@I@Z	public: virtual enum MOXIE::MauxStatus __cdecl MOXIE::OggVorbisDecoder::seekToFrame_backend(unsigned int) __ptr64
5321	?seekToFrame_backend@PcmDecoder@MOXIE@@UEAA?AW4MauxStatus@2@I@Z	public: virtual enum MOXIE::MauxStatus __cdecl MOXIE::PcmDecoder::seekToFrame_backend(unsigned int) __ptr64
5322	?seekToFrame_backend@StreamDataSource@MOXIE@@UEAA?AW4MauxStatus@2@I@Z	public: virtual enum MOXIE::MauxStatus __cdecl MOXIE::StreamDataSource::seekToFrame_backend(unsigned int) __ptr64
5323	?segmentPlayingNative@LApiSoftTrack@duet@@SAHPEAUlua_State@@@Z	public: static int __cdecl duet::LApiSoftTrack::segmentPlayingNative(struct lua_State * __ptr64)
5324	?segmentPlayingNative@LApiTrackingTarget@duet@@SAHPEAUlua_State@@@Z	public: static int __cdecl duet::LApiTrackingTarget::segmentPlayingNative(struct lua_State * __ptr64)
5325	?selectFileSystem@Engine@MOXIE@@QEAA_NXZ	public: bool __cdecl MOXIE::Engine::selectFileSystem(void) __ptr64
5326	?sendSensorData@SGCameraController@MOXIE@@QEAAXHVQuaternion@2@@Z	public: void __cdecl MOXIE::SGCameraController::sendSensorData(int,class MOXIE::Quaternion) __ptr64
5327	?serviceAsynchronousRequest@AudPlayer@MOXIE@@QEAAXXZ	public: void __cdecl MOXIE::AudPlayer::serviceAsynchronousRequest(void) __ptr64
5328	?serviceStockBuffer@AudioDataSource@MOXIE@@IEAAXXZ	protected: void __cdecl MOXIE::AudioDataSource::serviceStockBuffer(void) __ptr64
5329	?set@CSV@@QEAAXIIUVariant@1@@Z	public: void __cdecl CSV::set(unsigned int,unsigned int,struct CSV::Variant) __ptr64
5330	?set@Color@MOXIE@@QEAAXEEEE@Z	public: void __cdecl MOXIE::Color::set(unsigned char,unsigned char,unsigned char,unsigned char) __ptr64
5331	?set@Color@MOXIE@@QEAAXI@Z	public: void __cdecl MOXIE::Color::set(unsigned int) __ptr64
5332	?set@Color@MOXIE@@QEAAXMMMM@Z	public: void __cdecl MOXIE::Color::set(float,float,float,float) __ptr64
5333	?set@FilePath@MOXIE@@QEAAXPEBD@Z	public: void __cdecl MOXIE::FilePath::set(char const * __ptr64) __ptr64
5334	?set@FlipbookResource@MOXIE@@IEAAXPEBVUri@2@@Z	protected: void __cdecl MOXIE::FlipbookResource::set(class MOXIE::Uri const * __ptr64) __ptr64
5335	?set@Matrix4@MOXIE@@QEAAXAEBV12@@Z	public: void __cdecl MOXIE::Matrix4::set(class MOXIE::Matrix4 const & __ptr64) __ptr64
5336	?set@Matrix4@MOXIE@@QEAAXPEAM@Z	public: void __cdecl MOXIE::Matrix4::set(float * __ptr64) __ptr64
5337	?set@ParameterData@MOXIE@@UEAAIIPEAPEBVTexture@2@G@Z	public: virtual unsigned int __cdecl MOXIE::ParameterData::set(unsigned int,class MOXIE::Texture const * __ptr64 * __ptr64,unsigned short) __ptr64
5338	?set@ParameterData@MOXIE@@UEAAIIPEAPEBVTexture@2@PEBTSamplerState@2@G@Z	public: virtual unsigned int __cdecl MOXIE::ParameterData::set(unsigned int,class MOXIE::Texture const * __ptr64 * __ptr64,union MOXIE::SamplerState const * __ptr64,unsigned short) __ptr64
5339	?set@ParameterData@MOXIE@@UEAAXIPEBHG@Z	public: virtual void __cdecl MOXIE::ParameterData::set(unsigned int,int const * __ptr64,unsigned short) __ptr64
5340	?set@ParameterData@MOXIE@@UEAAXIPEBIG@Z	public: virtual void __cdecl MOXIE::ParameterData::set(unsigned int,unsigned int const * __ptr64,unsigned short) __ptr64
5341	?set@ParameterData@MOXIE@@UEAAXIPEBMG@Z	public: virtual void __cdecl MOXIE::ParameterData::set(unsigned int,float const * __ptr64,unsigned short) __ptr64
5342	?set@ParameterDataFloat2@MOXIE@@UEAAXIPEBMG@Z	public: virtual void __cdecl MOXIE::ParameterDataFloat2::set(unsigned int,float const * __ptr64,unsigned short) __ptr64
5343	?set@ParameterDataFloat3@MOXIE@@UEAAXIPEBMG@Z	public: virtual void __cdecl MOXIE::ParameterDataFloat3::set(unsigned int,float const * __ptr64,unsigned short) __ptr64
5344	?set@ParameterDataFloat4@MOXIE@@UEAAXIPEBMG@Z	public: virtual void __cdecl MOXIE::ParameterDataFloat4::set(unsigned int,float const * __ptr64,unsigned short) __ptr64
5345	?set@ParameterDataFloat@MOXIE@@UEAAXIPEBMG@Z	public: virtual void __cdecl MOXIE::ParameterDataFloat::set(unsigned int,float const * __ptr64,unsigned short) __ptr64
5346	?set@ParameterDataInt@MOXIE@@UEAAXIPEBHG@Z	public: virtual void __cdecl MOXIE::ParameterDataInt::set(unsigned int,int const * __ptr64,unsigned short) __ptr64
5347	?set@ParameterDataInt@MOXIE@@UEAAXIPEBIG@Z	public: virtual void __cdecl MOXIE::ParameterDataInt::set(unsigned int,unsigned int const * __ptr64,unsigned short) __ptr64
5348	?set@ParameterDataInt@MOXIE@@UEAAXIPEBMG@Z	public: virtual void __cdecl MOXIE::ParameterDataInt::set(unsigned int,float const * __ptr64,unsigned short) __ptr64
5349	?set@ParameterDataMatrix@MOXIE@@UEAAXIPEBMG@Z	public: virtual void __cdecl MOXIE::ParameterDataMatrix::set(unsigned int,float const * __ptr64,unsigned short) __ptr64
5350	?set@ParameterTexture2D@MOXIE@@UEAAIIPEAPEBVTexture@2@PEBTSamplerState@2@G@Z	public: virtual unsigned int __cdecl MOXIE::ParameterTexture2D::set(unsigned int,class MOXIE::Texture const * __ptr64 * __ptr64,union MOXIE::SamplerState const * __ptr64,unsigned short) __ptr64
5351	?set@ParameterTexture2D@MOXIE@@UEAAXIPEBHG@Z	public: virtual void __cdecl MOXIE::ParameterTexture2D::set(unsigned int,int const * __ptr64,unsigned short) __ptr64
5352	?set@ParameterTexture2DMS@MOXIE@@UEAAIIPEAPEBVTexture@2@G@Z	public: virtual unsigned int __cdecl MOXIE::ParameterTexture2DMS::set(unsigned int,class MOXIE::Texture const * __ptr64 * __ptr64,unsigned short) __ptr64
5353	?set@ParameterTexture2DMS@MOXIE@@UEAAXIPEBHG@Z	public: virtual void __cdecl MOXIE::ParameterTexture2DMS::set(unsigned int,int const * __ptr64,unsigned short) __ptr64
5354	?set@ParameterTextureCubemap@MOXIE@@UEAAIIPEAPEBVTexture@2@PEBTSamplerState@2@G@Z	public: virtual unsigned int __cdecl MOXIE::ParameterTextureCubemap::set(unsigned int,class MOXIE::Texture const * __ptr64 * __ptr64,union MOXIE::SamplerState const * __ptr64,unsigned short) __ptr64
5355	?set@Plane@MOXIE@@QEAAXAEBVVector3@2@00@Z	public: void __cdecl MOXIE::Plane::set(class MOXIE::Vector3 const & __ptr64,class MOXIE::Vector3 const & __ptr64,class MOXIE::Vector3 const & __ptr64) __ptr64
5356	?set@Plane@MOXIE@@QEAAXAEBVVector3@2@0@Z	public: void __cdecl MOXIE::Plane::set(class MOXIE::Vector3 const & __ptr64,class MOXIE::Vector3 const & __ptr64) __ptr64
5357	?set@Plane@MOXIE@@QEAAXAEBVVector3@2@M@Z	public: void __cdecl MOXIE::Plane::set(class MOXIE::Vector3 const & __ptr64,float) __ptr64
5358	?set@Quaternion@MOXIE@@QEAAXAEBV12@@Z	public: void __cdecl MOXIE::Quaternion::set(class MOXIE::Quaternion const & __ptr64) __ptr64
5359	?set@Ray@MOXIE@@QEAAXAEBVVector3@2@0@Z	public: void __cdecl MOXIE::Ray::set(class MOXIE::Vector3 const & __ptr64,class MOXIE::Vector3 const & __ptr64) __ptr64
5360	?set@ShaderGL_ES2@MOXIE@@UEAAXXZ	public: virtual void __cdecl MOXIE::ShaderGL_ES2::set(void) __ptr64
5361	?set@Stat@@QEAAXAEBUVariant@CSV@@@Z	public: void __cdecl Stat::set(struct CSV::Variant const & __ptr64) __ptr64
5362	?set@Surface@MOXIE@@QEAAXIIIW4EPixelFormat@2@W4ETextureType@2@IIPEAEI@Z	public: void __cdecl MOXIE::Surface::set(unsigned int,unsigned int,unsigned int,enum MOXIE::EPixelFormat,enum MOXIE::ETextureType,unsigned int,unsigned int,unsigned char * __ptr64,unsigned int) __ptr64
5363	?set@Transform@MOXIE@@QEAAXAEBVVector3@2@AEBVQuaternion@2@0@Z	public: void __cdecl MOXIE::Transform::set(class MOXIE::Vector3 const & __ptr64,class MOXIE::Quaternion const & __ptr64,class MOXIE::Vector3 const & __ptr64) __ptr64
5364	?set@Vector2@MOXIE@@QEAAXMM@Z	public: void __cdecl MOXIE::Vector2::set(float,float) __ptr64
5365	?set@Vector3@MOXIE@@QEAAXMMM@Z	public: void __cdecl MOXIE::Vector3::set(float,float,float) __ptr64
5366	?set@Vector4@MOXIE@@QEAAXAEBVVector3@2@M@Z	public: void __cdecl MOXIE::Vector4::set(class MOXIE::Vector3 const & __ptr64,float) __ptr64
5367	?set@Vector4@MOXIE@@QEAAXMMMM@Z	public: void __cdecl MOXIE::Vector4::set(float,float,float,float) __ptr64
5368	?setActive@SGComponent@MOXIE@@QEAAX_N@Z	public: void __cdecl MOXIE::SGComponent::setActive(bool) __ptr64
5369	?setActive@SGNode@MOXIE@@QEAAX_N@Z	public: void __cdecl MOXIE::SGNode::setActive(bool) __ptr64
5370	?setActivePlayer@AudEmitter@MOXIE@@QEAAXXZ	public: void __cdecl MOXIE::AudEmitter::setActivePlayer(void) __ptr64
5371	?setActiveRenderDispatcher@RenderManager@MOXIE@@QEAAXPEAVRenderDispatcher@2@@Z	public: void __cdecl MOXIE::RenderManager::setActiveRenderDispatcher(class MOXIE::RenderDispatcher * __ptr64) __ptr64
5372	?setActiveRenderGraph@RenderManager@MOXIE@@QEAA_NAEBVString@2@@Z	public: bool __cdecl MOXIE::RenderManager::setActiveRenderGraph(class MOXIE::String const & __ptr64) __ptr64
5373	?setActiveRenderGraph@RenderManager@MOXIE@@QEAA_NPEAVRenderGraph@2@@Z	public: bool __cdecl MOXIE::RenderManager::setActiveRenderGraph(class MOXIE::RenderGraph * __ptr64) __ptr64
5374	?setActiveState@StoryGSM@MOXIE@@QEAA_NPEBD@Z	public: bool __cdecl MOXIE::StoryGSM::setActiveState(char const * __ptr64) __ptr64
5375	?setActiveState@StoryManager@MOXIE@@QEAAXPEBD@Z	public: void __cdecl MOXIE::StoryManager::setActiveState(char const * __ptr64) __ptr64
5376	?setAdaptiveQuality@SGVideoCubePlayer@MOXIE@@QEAAX_N@Z	public: void __cdecl MOXIE::SGVideoCubePlayer::setAdaptiveQuality(bool) __ptr64
5377	?setAdd@Matrix3@MOXIE@@QEAAXAEBV12@0@Z	public: void __cdecl MOXIE::Matrix3::setAdd(class MOXIE::Matrix3 const & __ptr64,class MOXIE::Matrix3 const & __ptr64) __ptr64
5378	?setAdd@Matrix4@MOXIE@@QEAAXAEBV12@0@Z	public: void __cdecl MOXIE::Matrix4::setAdd(class MOXIE::Matrix4 const & __ptr64,class MOXIE::Matrix4 const & __ptr64) __ptr64
5379	?setAdd@Vector2@MOXIE@@QEAAXAEBV12@0@Z	public: void __cdecl MOXIE::Vector2::setAdd(class MOXIE::Vector2 const & __ptr64,class MOXIE::Vector2 const & __ptr64) __ptr64
5380	?setAdd@Vector3@MOXIE@@QEAAXAEBV12@0@Z	public: void __cdecl MOXIE::Vector3::setAdd(class MOXIE::Vector3 const & __ptr64,class MOXIE::Vector3 const & __ptr64) __ptr64
5381	?setAdd@Vector4@MOXIE@@QEAAXAEBV12@0@Z	public: void __cdecl MOXIE::Vector4::setAdd(class MOXIE::Vector4 const & __ptr64,class MOXIE::Vector4 const & __ptr64) __ptr64
5382	?setAddMul@Vector2@MOXIE@@QEAAXAEBV12@0AEBM@Z	public: void __cdecl MOXIE::Vector2::setAddMul(class MOXIE::Vector2 const & __ptr64,class MOXIE::Vector2 const & __ptr64,float const & __ptr64) __ptr64
5383	?setAddMul@Vector3@MOXIE@@QEAAXAEBV12@0AEBM@Z	public: void __cdecl MOXIE::Vector3::setAddMul(class MOXIE::Vector3 const & __ptr64,class MOXIE::Vector3 const & __ptr64,float const & __ptr64) __ptr64
5384	?setAddMul@Vector4@MOXIE@@QEAAXAEBV12@0AEBM@Z	public: void __cdecl MOXIE::Vector4::setAddMul(class MOXIE::Vector4 const & __ptr64,class MOXIE::Vector4 const & __ptr64,float const & __ptr64) __ptr64
5385	?setAge@SGParticleEmitter@MOXIE@@QEAAXM@Z	public: void __cdecl MOXIE::SGParticleEmitter::setAge(float) __ptr64
5386	?setAllMixVolume@AudioSystem@MOXIE@@QEAAXM@Z	public: void __cdecl MOXIE::AudioSystem::setAllMixVolume(float) __ptr64
5387	?setAlphaRange@RenderView@MOXIE@@QEAAXMM@Z	public: void __cdecl MOXIE::RenderView::setAlphaRange(float,float) __ptr64
5388	?setAmbBinaural@AudioPlayerMaux@MOXIE@@UEAAX_N@Z	public: virtual void __cdecl MOXIE::AudioPlayerMaux::setAmbBinaural(bool) __ptr64
5389	?setAmbBinaural@Sound@MOXIE@@QEAAX_N@Z	public: void __cdecl MOXIE::Sound::setAmbBinaural(bool) __ptr64
5390	?setAmbPan@AudioPlayerMaux@MOXIE@@UEAAXAEBVQuaternion@2@@Z	public: virtual void __cdecl MOXIE::AudioPlayerMaux::setAmbPan(class MOXIE::Quaternion const & __ptr64) __ptr64
5391	?setAmbPan@Sound@MOXIE@@QEAAXAEBVQuaternion@2@@Z	public: void __cdecl MOXIE::Sound::setAmbPan(class MOXIE::Quaternion const & __ptr64) __ptr64
5392	?setAtmostphericsGroup@SGFog@MOXIE@@QEAAXPEAVSGAtmospherics@2@@Z	public: void __cdecl MOXIE::SGFog::setAtmostphericsGroup(class MOXIE::SGAtmospherics * __ptr64) __ptr64
5393	?setAttribute@AudEmitter@MOXIE@@QEAA?AW4MauxStatus@2@HIM@Z	public: enum MOXIE::MauxStatus __cdecl MOXIE::AudEmitter::setAttribute(int,unsigned int,float) __ptr64
5394	?setAudioEffectParameter@@YAXPEAXIIM@Z	void __cdecl setAudioEffectParameter(void * __ptr64,unsigned int,unsigned int,float)
5395	?setAxisAngle@Quaternion@MOXIE@@QEAAXAEBVVector3@2@VRadian@2@@Z	public: void __cdecl MOXIE::Quaternion::setAxisAngle(class MOXIE::Vector3 const & __ptr64,class MOXIE::Radian) __ptr64
5396	?setBasisX@Matrix3@MOXIE@@QEAAXAEBVVector3@2@@Z	public: void __cdecl MOXIE::Matrix3::setBasisX(class MOXIE::Vector3 const & __ptr64) __ptr64
5397	?setBasisX@Matrix4@MOXIE@@QEAAXAEBVVector3@2@@Z	public: void __cdecl MOXIE::Matrix4::setBasisX(class MOXIE::Vector3 const & __ptr64) __ptr64
5398	?setBasisY@Matrix3@MOXIE@@QEAAXAEBVVector3@2@@Z	public: void __cdecl MOXIE::Matrix3::setBasisY(class MOXIE::Vector3 const & __ptr64) __ptr64
5399	?setBasisY@Matrix4@MOXIE@@QEAAXAEBVVector3@2@@Z	public: void __cdecl MOXIE::Matrix4::setBasisY(class MOXIE::Vector3 const & __ptr64) __ptr64
5400	?setBasisZ@Matrix3@MOXIE@@QEAAXAEBVVector3@2@@Z	public: void __cdecl MOXIE::Matrix3::setBasisZ(class MOXIE::Vector3 const & __ptr64) __ptr64
5401	?setBasisZ@Matrix4@MOXIE@@QEAAXAEBVVector3@2@@Z	public: void __cdecl MOXIE::Matrix4::setBasisZ(class MOXIE::Vector3 const & __ptr64) __ptr64
5402	?setBlendMode@gsaDecoder@MOXIE@@QEAAXW4GSA_BLEND_MODE@2@@Z	public: void __cdecl MOXIE::gsaDecoder::setBlendMode(enum MOXIE::GSA_BLEND_MODE) __ptr64
5403	?setBoarderPaddingSize@Surface@MOXIE@@QEAAXH@Z	public: void __cdecl MOXIE::Surface::setBoarderPaddingSize(int) __ptr64
5404	?setBoneIndex@SGAttachmentProxy@MOXIE@@QEAAXG@Z	public: void __cdecl MOXIE::SGAttachmentProxy::setBoneIndex(unsigned short) __ptr64
5405	?setBoneRadius@SGModelInstance@MOXIE@@QEAAXM@Z	public: void __cdecl MOXIE::SGModelInstance::setBoneRadius(float) __ptr64
5406	?setBoom@SGCameraController@MOXIE@@QEAAXM@Z	public: void __cdecl MOXIE::SGCameraController::setBoom(float) __ptr64
5407	?setBottomFov@FieldOfView@MOXIE@@QEAAXVRadian@2@@Z	public: void __cdecl MOXIE::FieldOfView::setBottomFov(class MOXIE::Radian) __ptr64
5408	?setBoundsDirty@SGTransform@MOXIE@@QEAAXXZ	public: void __cdecl MOXIE::SGTransform::setBoundsDirty(void) __ptr64
5409	?setBufferAsValid@gsaDecoder@MOXIE@@AEAAXI@Z	private: void __cdecl MOXIE::gsaDecoder::setBufferAsValid(unsigned int) __ptr64
5410	?setCallback@PackageFileSystem@MOXIE@@QEAAXP6AXPEAX@Z0@Z	public: void __cdecl MOXIE::PackageFileSystem::setCallback(void (__cdecl*)(void * __ptr64),void * __ptr64) __ptr64
5411	?setCamData@LApiTrackingManager@duet@@SAHPEAUlua_State@@@Z	public: static int __cdecl duet::LApiTrackingManager::setCamData(struct lua_State * __ptr64)
5412	?setCamera@LApiDuet@duet@@SAHPEAUlua_State@@@Z	public: static int __cdecl duet::LApiDuet::setCamera(struct lua_State * __ptr64)
5413	?setCamera@RenderView@MOXIE@@QEAAXPEAVCamera@2@@Z	public: void __cdecl MOXIE::RenderView::setCamera(class MOXIE::Camera * __ptr64) __ptr64
5414	?setCamera@SGCameraController@MOXIE@@QEAAXPEAVSGCamera@2@@Z	public: void __cdecl MOXIE::SGCameraController::setCamera(class MOXIE::SGCamera * __ptr64) __ptr64
5415	?setCamera@SGVideoCubePlayer@MOXIE@@QEAAXPEAVCamera@2@@Z	public: void __cdecl MOXIE::SGVideoCubePlayer::setCamera(class MOXIE::Camera * __ptr64) __ptr64
5416	?setCameraVR@RenderView@MOXIE@@QEAAXPEAVCameraVR@2@@Z	public: void __cdecl MOXIE::RenderView::setCameraVR(class MOXIE::CameraVR * __ptr64) __ptr64
5417	?setCameraZMinMax@@YAXPEAXMM@Z	void __cdecl setCameraZMinMax(void * __ptr64,float,float)
5418	?setCenterHalfSize@AABBox@MOXIE@@QEAAXAEBVVector3@2@0@Z	public: void __cdecl MOXIE::AABBox::setCenterHalfSize(class MOXIE::Vector3 const & __ptr64,class MOXIE::Vector3 const & __ptr64) __ptr64
5419	?setClearBits@RenderView@MOXIE@@QEAAXI@Z	public: void __cdecl MOXIE::RenderView::setClearBits(unsigned int) __ptr64
5420	?setClearColor@@YAXPEAXPEAM@Z	void __cdecl setClearColor(void * __ptr64,float * __ptr64)
5421	?setClearColor@RenderDeviceGL@MOXIE@@UEAAXAEBVVector4@2@@Z	public: virtual void __cdecl MOXIE::RenderDeviceGL::setClearColor(class MOXIE::Vector4 const & __ptr64) __ptr64
5422	?setClearColor@RenderDeviceGL@MOXIE@@UEAAXMMMM@Z	public: virtual void __cdecl MOXIE::RenderDeviceGL::setClearColor(float,float,float,float) __ptr64
5423	?setClearColor@RenderView@MOXIE@@QEAAXAEBVColor@2@@Z	public: void __cdecl MOXIE::RenderView::setClearColor(class MOXIE::Color const & __ptr64) __ptr64
5424	?setClearDepth@RenderDeviceGL@MOXIE@@UEAAXM@Z	public: virtual void __cdecl MOXIE::RenderDeviceGL::setClearDepth(float) __ptr64
5425	?setClearStencil@RenderDeviceGL@MOXIE@@UEAAXI@Z	public: virtual void __cdecl MOXIE::RenderDeviceGL::setClearStencil(unsigned int) __ptr64
5426	?setClipRect@RenderView@MOXIE@@QEAAXHHII@Z	public: void __cdecl MOXIE::RenderView::setClipRect(int,int,unsigned int,unsigned int) __ptr64
5427	?setCode@ShaderGL_ES2@MOXIE@@QEAAXIPEBVString@2@PEBH@Z	public: void __cdecl MOXIE::ShaderGL_ES2::setCode(unsigned int,class MOXIE::String const * __ptr64,int const * __ptr64) __ptr64
5428	?setColor@RenderDeviceGL@MOXIE@@UEAAXAEBVVector4@2@@Z	public: virtual void __cdecl MOXIE::RenderDeviceGL::setColor(class MOXIE::Vector4 const & __ptr64) __ptr64
5429	?setColor@SGFog@MOXIE@@QEAAXVVector3@2@@Z	public: void __cdecl MOXIE::SGFog::setColor(class MOXIE::Vector3) __ptr64
5430	?setColor@SGParticleEmitter@MOXIE@@QEAAXAEBVVector4@2@@Z	public: void __cdecl MOXIE::SGParticleEmitter::setColor(class MOXIE::Vector4 const & __ptr64) __ptr64
5431	?setColor@SGVideo360Player@MOXIE@@QEAAXAEBVVector4@2@@Z	public: void __cdecl MOXIE::SGVideo360Player::setColor(class MOXIE::Vector4 const & __ptr64) __ptr64
5432	?setColorCodedMipMaps@Surface@MOXIE@@SAX_N@Z	public: static void __cdecl MOXIE::Surface::setColorCodedMipMaps(bool)
5433	?setCommonPath@MaterialBaking@MOXIE@@YAXAEBVString@2@@Z	void __cdecl MOXIE::MaterialBaking::setCommonPath(class MOXIE::String const & __ptr64)
5434	?setCommonPathDist@Application@MOXIE@@QEAAXVString@2@@Z	public: void __cdecl MOXIE::Application::setCommonPathDist(class MOXIE::String) __ptr64
5435	?setCommonPathSdk@Application@MOXIE@@QEAAXVString@2@@Z	public: void __cdecl MOXIE::Application::setCommonPathSdk(class MOXIE::String) __ptr64
5436	?setConfig@LApplication@MOXIE@@QEAAXPEBD@Z	public: void __cdecl MOXIE::LApplication::setConfig(char const * __ptr64) __ptr64
5437	?setConfigValue@AudioEmitterMaux@MOXIE@@UEAAXHIM@Z	public: virtual void __cdecl MOXIE::AudioEmitterMaux::setConfigValue(int,unsigned int,float) __ptr64
5438	?setConjugate@Quaternion@MOXIE@@QEAAXAEBV12@@Z	public: void __cdecl MOXIE::Quaternion::setConjugate(class MOXIE::Quaternion const & __ptr64) __ptr64
5439	?setCount@ShaderParameter@MOXIE@@QEAAXG@Z	public: void __cdecl MOXIE::ShaderParameter::setCount(unsigned short) __ptr64
5440	?setCounter@Stat@@QEAAXI@Z	public: void __cdecl Stat::setCounter(unsigned int) __ptr64
5441	?setCross@Vector3@MOXIE@@QEAAXAEBV12@0@Z	public: void __cdecl MOXIE::Vector3::setCross(class MOXIE::Vector3 const & __ptr64,class MOXIE::Vector3 const & __ptr64) __ptr64
5442	?setCullingEnable@EnableManager@MOXIE@@QEAAX_N@Z	public: void __cdecl MOXIE::EnableManager::setCullingEnable(bool) __ptr64
5443	?setCurrentTime@Time@MOXIE@@QEAAXM@Z	public: void __cdecl MOXIE::Time::setCurrentTime(float) __ptr64
5444	?setCustom@Camera@MOXIE@@QEAAXAEBVMatrix4@2@@Z	public: void __cdecl MOXIE::Camera::setCustom(class MOXIE::Matrix4 const & __ptr64) __ptr64
5445	?setCutoff@StoryGSM@MOXIE@@QEAAXMI@Z	public: void __cdecl MOXIE::StoryGSM::setCutoff(float,unsigned int) __ptr64
5446	?setData@MaterialParameterConstant@MOXIE@@UEAAXPEAXI@Z	public: virtual void __cdecl MOXIE::MaterialParameterConstant::setData(void * __ptr64,unsigned int) __ptr64
5447	?setData@MaterialParameterTexture@MOXIE@@UEAAXPEAXI@Z	public: virtual void __cdecl MOXIE::MaterialParameterTexture::setData(void * __ptr64,unsigned int) __ptr64
5448	?setDebugCallback@gsaDecoder@MOXIE@@SAXP6AXW4GSA_DEBUG_MSG@2@PEBD@Z@Z	public: static void __cdecl MOXIE::gsaDecoder::setDebugCallback(void (__cdecl*)(enum MOXIE::GSA_DEBUG_MSG,char const * __ptr64))
5449	?setDebugMode@SGVideoCubePlayer@MOXIE@@QEAAXI@Z	public: void __cdecl MOXIE::SGVideoCubePlayer::setDebugMode(unsigned int) __ptr64
5450	?setDebugTimeline@SGVideoCubePlayer@MOXIE@@QEAAX_N@Z	public: void __cdecl MOXIE::SGVideoCubePlayer::setDebugTimeline(bool) __ptr64
5451	?setDefault@FileSystemLocator@MOXIE@@YAXPEAVFileSystem@2@@Z	void __cdecl MOXIE::FileSystemLocator::setDefault(class MOXIE::FileSystem * __ptr64)
5452	?setDefaultConfiguration@AudioSystem@MOXIE@@IEAAXXZ	protected: void __cdecl MOXIE::AudioSystem::setDefaultConfiguration(void) __ptr64
5453	?setDefaultHeight@Application@MOXIE@@QEAAXI@Z	public: void __cdecl MOXIE::Application::setDefaultHeight(unsigned int) __ptr64
5454	?setDefaultWidth@Application@MOXIE@@QEAAXI@Z	public: void __cdecl MOXIE::Application::setDefaultWidth(unsigned int) __ptr64
5455	?setDepth@SGDepth@MOXIE@@QEAA_NAEBVUri@2@@Z	public: bool __cdecl MOXIE::SGDepth::setDepth(class MOXIE::Uri const & __ptr64) __ptr64
5456	?setDirection@AudEmitter@MOXIE@@QEAAXAEBVQuaternion@2@@Z	public: void __cdecl MOXIE::AudEmitter::setDirection(class MOXIE::Quaternion const & __ptr64) __ptr64
5457	?setDirection@AudioEmitterMaux@MOXIE@@UEAAXAEAVQuaternion@2@@Z	public: virtual void __cdecl MOXIE::AudioEmitterMaux::setDirection(class MOXIE::Quaternion & __ptr64) __ptr64
5458	?setDirection@Quaternion@MOXIE@@QEAAXAEBVVector3@2@0@Z	public: void __cdecl MOXIE::Quaternion::setDirection(class MOXIE::Vector3 const & __ptr64,class MOXIE::Vector3 const & __ptr64) __ptr64
5459	?setDisplayFrameEnable@EnableManager@MOXIE@@QEAAX_N@Z	public: void __cdecl MOXIE::EnableManager::setDisplayFrameEnable(bool) __ptr64
5460	?setDisplayType@RenderManager@MOXIE@@QEAA_NW4EDisplayType@2@@Z	public: bool __cdecl MOXIE::RenderManager::setDisplayType(enum MOXIE::EDisplayType) __ptr64
5461	?setDiv@Vector2@MOXIE@@QEAAXAEBV12@M@Z	public: void __cdecl MOXIE::Vector2::setDiv(class MOXIE::Vector2 const & __ptr64,float) __ptr64
5462	?setDiv@Vector3@MOXIE@@QEAAXAEBV12@0@Z	public: void __cdecl MOXIE::Vector3::setDiv(class MOXIE::Vector3 const & __ptr64,class MOXIE::Vector3 const & __ptr64) __ptr64
5463	?setDiv@Vector3@MOXIE@@QEAAXAEBV12@M@Z	public: void __cdecl MOXIE::Vector3::setDiv(class MOXIE::Vector3 const & __ptr64,float) __ptr64
5464	?setDiv@Vector4@MOXIE@@QEAAXAEBV12@M@Z	public: void __cdecl MOXIE::Vector4::setDiv(class MOXIE::Vector4 const & __ptr64,float) __ptr64
5465	?setEase@ParticleDefinition@MOXIE@@QEAAXAEAVString@2@AEBUParticleEase@2@@Z	public: void __cdecl MOXIE::ParticleDefinition::setEase(class MOXIE::String & __ptr64,struct MOXIE::ParticleEase const & __ptr64) __ptr64
5466	?setEmitRate@SGParticleEmitter@MOXIE@@QEAAXM@Z	public: void __cdecl MOXIE::SGParticleEmitter::setEmitRate(float) __ptr64
5467	?setEmitter3dPosition@AudioSystem@MOXIE@@QEAA?AW4MauxStatus@2@IAEBVVector3@2@@Z	public: enum MOXIE::MauxStatus __cdecl MOXIE::AudioSystem::setEmitter3dPosition(unsigned int,class MOXIE::Vector3 const & __ptr64) __ptr64
5468	?setEmitter3dRotation@AudioSystem@MOXIE@@QEAA?AW4MauxStatus@2@IAEBVQuaternion@2@@Z	public: enum MOXIE::MauxStatus __cdecl MOXIE::AudioSystem::setEmitter3dRotation(unsigned int,class MOXIE::Quaternion const & __ptr64) __ptr64
5469	?setEmitter3dVelocity@AudioSystem@MOXIE@@QEAA?AW4MauxStatus@2@IAEBVVector3@2@@Z	public: enum MOXIE::MauxStatus __cdecl MOXIE::AudioSystem::setEmitter3dVelocity(unsigned int,class MOXIE::Vector3 const & __ptr64) __ptr64
5470	?setEmitterEffectParameter@AudioManager@MOXIE@@QEAAXPEAXHIM@Z	public: void __cdecl MOXIE::AudioManager::setEmitterEffectParameter(void * __ptr64,int,unsigned int,float) __ptr64
5471	?setEmitterId@AudPlayer@MOXIE@@QEAAXIW4MEMITTERTYPE@2@@Z	public: void __cdecl MOXIE::AudPlayer::setEmitterId(unsigned int,enum MOXIE::MEMITTERTYPE) __ptr64
5472	?setEmitterParameterByExtIndex@AudioSystem@MOXIE@@QEAA?AW4MauxStatus@2@IHIM@Z	public: enum MOXIE::MauxStatus __cdecl MOXIE::AudioSystem::setEmitterParameterByExtIndex(unsigned int,int,unsigned int,float) __ptr64
5473	?setEmitterPosition@AudioManager@MOXIE@@QEAAXPEAXAEAVVector3@2@@Z	public: void __cdecl MOXIE::AudioManager::setEmitterPosition(void * __ptr64,class MOXIE::Vector3 & __ptr64) __ptr64
5474	?setEmitterPosition@AudioPlayerMaux@MOXIE@@UEAAXAEBVVector3@2@@Z	public: virtual void __cdecl MOXIE::AudioPlayerMaux::setEmitterPosition(class MOXIE::Vector3 const & __ptr64) __ptr64
5475	?setEmitterPosition@Sound@MOXIE@@QEAAXAEBVVector3@2@@Z	public: void __cdecl MOXIE::Sound::setEmitterPosition(class MOXIE::Vector3 const & __ptr64) __ptr64
5476	?setEmitterRotation@AudioManager@MOXIE@@QEAAXPEAXAEAVQuaternion@2@@Z	public: void __cdecl MOXIE::AudioManager::setEmitterRotation(void * __ptr64,class MOXIE::Quaternion & __ptr64) __ptr64
5477	?setEmitterTag@AudioManager@MOXIE@@QEAAXPEAXVString@2@@Z	public: void __cdecl MOXIE::AudioManager::setEmitterTag(void * __ptr64,class MOXIE::String) __ptr64
5478	?setEmitterTag@AudioSystem@MOXIE@@QEAA?AW4MauxStatus@2@IVString@2@@Z	public: enum MOXIE::MauxStatus __cdecl MOXIE::AudioSystem::setEmitterTag(unsigned int,class MOXIE::String) __ptr64
5479	?setEmitterVelocity@AudioManager@MOXIE@@QEAAXPEAXAEAVVector3@2@@Z	public: void __cdecl MOXIE::AudioManager::setEmitterVelocity(void * __ptr64,class MOXIE::Vector3 & __ptr64) __ptr64
5480	?setEmitterVolume@AudioSystem@MOXIE@@QEAA?AW4MauxStatus@2@IM@Z	public: enum MOXIE::MauxStatus __cdecl MOXIE::AudioSystem::setEmitterVolume(unsigned int,float) __ptr64
5481	?setEnabled@SensorManager@MOXIE@@QEAAXW4ESensorType@2@_N@Z	public: void __cdecl MOXIE::SensorManager::setEnabled(enum MOXIE::ESensorType,bool) __ptr64
5482	?setEnabled@StorySubtitles@MOXIE@@QEAAX_N@Z	public: void __cdecl MOXIE::StorySubtitles::setEnabled(bool) __ptr64
5483	?setEnd@SGFog@MOXIE@@QEAAXM@Z	public: void __cdecl MOXIE::SGFog::setEnd(float) __ptr64
5484	?setEngineParameters@ShaderGL_ES2@MOXIE@@UEAAXXZ	public: virtual void __cdecl MOXIE::ShaderGL_ES2::setEngineParameters(void) __ptr64
5485	?setEnvironment@ScriptManager@MOXIE@@QEAAXPEAVLEnvironment@2@@Z	public: void __cdecl MOXIE::ScriptManager::setEnvironment(class MOXIE::LEnvironment * __ptr64) __ptr64
5486	?setErrorCorrectParams@Time@MOXIE@@QEAAX_NM@Z	public: void __cdecl MOXIE::Time::setErrorCorrectParams(bool,float) __ptr64
5487	?setErrorThreshold@VertexAnimQuantizer@MOXIE@@SAXM@Z	public: static void __cdecl MOXIE::VertexAnimQuantizer::setErrorThreshold(float)
5488	?setErrorThresholdDirect@VertexAnimQuantizer@MOXIE@@SAXM@Z	public: static void __cdecl MOXIE::VertexAnimQuantizer::setErrorThresholdDirect(float)
5489	?setErrorTime@Time@MOXIE@@QEAAXM@Z	public: void __cdecl MOXIE::Time::setErrorTime(float) __ptr64
5490	?setEuler@Camera@MOXIE@@QEAAXAEBVVector3@2@@Z	public: void __cdecl MOXIE::Camera::setEuler(class MOXIE::Vector3 const & __ptr64) __ptr64
5491	?setEuler@Matrix4@MOXIE@@QEAAXAEAVVector3@2@@Z	public: void __cdecl MOXIE::Matrix4::setEuler(class MOXIE::Vector3 & __ptr64) __ptr64
5492	?setEuler@Quaternion@MOXIE@@QEAAXMMM@Z	public: void __cdecl MOXIE::Quaternion::setEuler(float,float,float) __ptr64
5493	?setExp@Quaternion@MOXIE@@QEAAXAEBV12@@Z	public: void __cdecl MOXIE::Quaternion::setExp(class MOXIE::Quaternion const & __ptr64) __ptr64
5494	?setFBImageResourceUri@FlipbookResource@MOXIE@@QEAAXAEBVUri@2@@Z	public: void __cdecl MOXIE::FlipbookResource::setFBImageResourceUri(class MOXIE::Uri const & __ptr64) __ptr64
5495	?setFPS@FlipbookResource@MOXIE@@QEAAXM@Z	public: void __cdecl MOXIE::FlipbookResource::setFPS(float) __ptr64
5496	?setFault@CommandLine@MOXIE@@IEAAXPEAUoption_t@12@HH@Z	protected: void __cdecl MOXIE::CommandLine::setFault(struct MOXIE::CommandLine::option_t * __ptr64,int,int) __ptr64
5497	?setFixedTimeStep@Time@MOXIE@@QEAAXM@Z	public: void __cdecl MOXIE::Time::setFixedTimeStep(float) __ptr64
5498	?setFlags@RenderView@MOXIE@@QEAAXI@Z	public: void __cdecl MOXIE::RenderView::setFlags(unsigned int) __ptr64
5499	?setFlipBookUpdateEnable@EnableManager@MOXIE@@QEAAX_N@Z	public: void __cdecl MOXIE::EnableManager::setFlipBookUpdateEnable(bool) __ptr64
5500	?setFlipbook@FlipbookInstance@MOXIE@@QEAAXPEBVFBImageResource@2@@Z	public: void __cdecl MOXIE::FlipbookInstance::setFlipbook(class MOXIE::FBImageResource const * __ptr64) __ptr64
5501	?setFlipbookHandle@FlipbookSampler@MOXIE@@QEAAXAEBVResourceHandle@2@@Z	public: void __cdecl MOXIE::FlipbookSampler::setFlipbookHandle(class MOXIE::ResourceHandle const & __ptr64) __ptr64
5502	?setFogType@SGFog@MOXIE@@QEAAXW4EFogType@2@@Z	public: void __cdecl MOXIE::SGFog::setFogType(enum MOXIE::EFogType) __ptr64
5503	?setFontMap@Font@MOXIE@@QEAAXPEAVFontMap@2@@Z	public: void __cdecl MOXIE::Font::setFontMap(class MOXIE::FontMap * __ptr64) __ptr64
5504	?setFontMap@FontResource@MOXIE@@QEAAXPEAVFontMap@2@@Z	public: void __cdecl MOXIE::FontResource::setFontMap(class MOXIE::FontMap * __ptr64) __ptr64
5505	?setFov@Camera@MOXIE@@QEAAXAEBVFieldOfView@2@@Z	public: void __cdecl MOXIE::Camera::setFov(class MOXIE::FieldOfView const & __ptr64) __ptr64
5506	?setGlobalTrackingStrength@SGCameraController@MOXIE@@QEAAXM@Z	public: void __cdecl MOXIE::SGCameraController::setGlobalTrackingStrength(float) __ptr64
5507	?setGlowSettings@LApiActorVignette@duet@@SAHPEAUlua_State@@@Z	public: static int __cdecl duet::LApiActorVignette::setGlowSettings(struct lua_State * __ptr64)
5508	?setGridBounds@ParticleMap@MOXIE@@QEAAXAEBVVector3@2@0@Z	public: void __cdecl MOXIE::ParticleMap::setGridBounds(class MOXIE::Vector3 const & __ptr64,class MOXIE::Vector3 const & __ptr64) __ptr64
5509	?setGridBounds@ParticleMap@MOXIE@@QEAAXAEBVVector3@2@MMM@Z	public: void __cdecl MOXIE::ParticleMap::setGridBounds(class MOXIE::Vector3 const & __ptr64,float,float,float) __ptr64
5510	?setGridCount@ParticleMap@MOXIE@@QEAAXII@Z	public: void __cdecl MOXIE::ParticleMap::setGridCount(unsigned int,unsigned int) __ptr64
5511	?setGridSize@ParticleMap@MOXIE@@QEAAXMM@Z	public: void __cdecl MOXIE::ParticleMap::setGridSize(float,float) __ptr64
5512	?setHRTF@AudServices@MOXIE@@QEAA?AW4MauxStatus@2@PEBD@Z	public: enum MOXIE::MauxStatus __cdecl MOXIE::AudServices::setHRTF(char const * __ptr64) __ptr64
5513	?setHRTF@AudioManager@MOXIE@@QEAAXAEBVUri@2@@Z	public: void __cdecl MOXIE::AudioManager::setHRTF(class MOXIE::Uri const & __ptr64) __ptr64
5514	?setHRTF@LAudioEmitter@MOXIE@@UEAAXAEBVUri@2@@Z	public: virtual void __cdecl MOXIE::LAudioEmitter::setHRTF(class MOXIE::Uri const & __ptr64) __ptr64
5515	?setHardwareShader@ShaderParameter@MOXIE@@QEAAXG@Z	public: void __cdecl MOXIE::ShaderParameter::setHardwareShader(unsigned short) __ptr64
5516	?setHeightAxis@ParticleMap@MOXIE@@QEAAXAEBVString@2@@Z	public: void __cdecl MOXIE::ParticleMap::setHeightAxis(class MOXIE::String const & __ptr64) __ptr64
5517	?setIdentity@Matrix3@MOXIE@@QEAAXXZ	public: void __cdecl MOXIE::Matrix3::setIdentity(void) __ptr64
5518	?setIdentity@Matrix4@MOXIE@@QEAAXXZ	public: void __cdecl MOXIE::Matrix4::setIdentity(void) __ptr64
5519	?setIdentity@Quaternion@MOXIE@@QEAAXXZ	public: void __cdecl MOXIE::Quaternion::setIdentity(void) __ptr64
5520	?setIdentity@Transform@MOXIE@@QEAAXXZ	public: void __cdecl MOXIE::Transform::setIdentity(void) __ptr64
5521	?setIndex@ShaderParameter@MOXIE@@QEAAXG@Z	public: void __cdecl MOXIE::ShaderParameter::setIndex(unsigned short) __ptr64
5522	?setInitOnGrid@ParticleMap@MOXIE@@QEAAX_N@Z	public: void __cdecl MOXIE::ParticleMap::setInitOnGrid(bool) __ptr64
5523	?setInstance@Application@MOXIE@@SAXPEAV12@@Z	public: static void __cdecl MOXIE::Application::setInstance(class MOXIE::Application * __ptr64)
5524	?setInstance@Engine@MOXIE@@SAXPEAV12@@Z	public: static void __cdecl MOXIE::Engine::setInstance(class MOXIE::Engine * __ptr64)
5525	?setInverse@Matrix3@MOXIE@@QEAAXAEBV12@@Z	public: void __cdecl MOXIE::Matrix3::setInverse(class MOXIE::Matrix3 const & __ptr64) __ptr64
5526	?setInverse@Matrix4@MOXIE@@QEAAXAEBV12@@Z	public: void __cdecl MOXIE::Matrix4::setInverse(class MOXIE::Matrix4 const & __ptr64) __ptr64
5527	?setInverse@Quaternion@MOXIE@@QEAAXAEBV12@@Z	public: void __cdecl MOXIE::Quaternion::setInverse(class MOXIE::Quaternion const & __ptr64) __ptr64
5528	?setIsStreaming@ResourceManager@MOXIE@@QEAAX_N@Z	public: void __cdecl MOXIE::ResourceManager::setIsStreaming(bool) __ptr64
5529	?setIsTCLEnabled@SGCameraController@MOXIE@@QEAAX_N@Z	public: void __cdecl MOXIE::SGCameraController::setIsTCLEnabled(bool) __ptr64
5530	?setLanguage@StorySubtitles@MOXIE@@QEAAXVString@2@@Z	public: void __cdecl MOXIE::StorySubtitles::setLanguage(class MOXIE::String) __ptr64
5531	?setLaunchReason@LApplication@MOXIE@@QEAAXPEBD@Z	public: void __cdecl MOXIE::LApplication::setLaunchReason(char const * __ptr64) __ptr64
5532	?setLayerLocalT@LApiCameraRig@duet@@SAXPEAUlua_State@@AEBVlSRT@2@_N@Z	public: static void __cdecl duet::LApiCameraRig::setLayerLocalT(struct lua_State * __ptr64,class duet::lSRT const & __ptr64,bool)
5533	?setLeftFov@FieldOfView@MOXIE@@QEAAXVRadian@2@@Z	public: void __cdecl MOXIE::FieldOfView::setLeftFov(class MOXIE::Radian) __ptr64
5534	?setLerp@Quaternion@MOXIE@@QEAAXMAEBV12@0@Z	public: void __cdecl MOXIE::Quaternion::setLerp(float,class MOXIE::Quaternion const & __ptr64,class MOXIE::Quaternion const & __ptr64) __ptr64
5535	?setLerp@Vector2@MOXIE@@QEAAXMAEBV12@0@Z	public: void __cdecl MOXIE::Vector2::setLerp(float,class MOXIE::Vector2 const & __ptr64,class MOXIE::Vector2 const & __ptr64) __ptr64
5536	?setLerp@Vector3@MOXIE@@QEAAXMAEBV12@0@Z	public: void __cdecl MOXIE::Vector3::setLerp(float,class MOXIE::Vector3 const & __ptr64,class MOXIE::Vector3 const & __ptr64) __ptr64
5537	?setLerp@Vector4@MOXIE@@QEAAXMAEBV12@0@Z	public: void __cdecl MOXIE::Vector4::setLerp(float,class MOXIE::Vector4 const & __ptr64,class MOXIE::Vector4 const & __ptr64) __ptr64
5538	?setLineWidth@RenderDeviceGL@MOXIE@@UEAAXM@Z	public: virtual void __cdecl MOXIE::RenderDeviceGL::setLineWidth(float) __ptr64
5539	?setListenerHRTF@AudioSystem@MOXIE@@QEAA?AW4MauxStatus@2@PEBD@Z	public: enum MOXIE::MauxStatus __cdecl MOXIE::AudioSystem::setListenerHRTF(char const * __ptr64) __ptr64
5540	?setListenerPosition@AudEmitter@MOXIE@@QEAAXAEBVVector3@2@@Z	public: void __cdecl MOXIE::AudEmitter::setListenerPosition(class MOXIE::Vector3 const & __ptr64) __ptr64
5541	?setListenerPosition@AudioManager@MOXIE@@QEAAXAEAVVector3@2@@Z	public: void __cdecl MOXIE::AudioManager::setListenerPosition(class MOXIE::Vector3 & __ptr64) __ptr64
5542	?setListenerPosition@AudioSystem@MOXIE@@QEAA?AW4MauxStatus@2@AEBVVector3@2@@Z	public: enum MOXIE::MauxStatus __cdecl MOXIE::AudioSystem::setListenerPosition(class MOXIE::Vector3 const & __ptr64) __ptr64
5543	?setListenerRotation@AudEmitter@MOXIE@@QEAAXAEBVQuaternion@2@@Z	public: void __cdecl MOXIE::AudEmitter::setListenerRotation(class MOXIE::Quaternion const & __ptr64) __ptr64
5544	?setListenerRotation@AudioManager@MOXIE@@QEAAXAEAVQuaternion@2@@Z	public: void __cdecl MOXIE::AudioManager::setListenerRotation(class MOXIE::Quaternion & __ptr64) __ptr64
5545	?setListenerRotation@AudioSystem@MOXIE@@QEAA?AW4MauxStatus@2@AEBVQuaternion@2@@Z	public: enum MOXIE::MauxStatus __cdecl MOXIE::AudioSystem::setListenerRotation(class MOXIE::Quaternion const & __ptr64) __ptr64
5546	?setListenerVelocity@AudEmitter@MOXIE@@QEAAXAEBVVector3@2@@Z	public: void __cdecl MOXIE::AudEmitter::setListenerVelocity(class MOXIE::Vector3 const & __ptr64) __ptr64
5547	?setListenerVelocity@AudioManager@MOXIE@@QEAAXAEAVVector3@2@@Z	public: void __cdecl MOXIE::AudioManager::setListenerVelocity(class MOXIE::Vector3 & __ptr64) __ptr64
5548	?setListenerVelocity@AudioSystem@MOXIE@@QEAA?AW4MauxStatus@2@AEBVVector3@2@@Z	public: enum MOXIE::MauxStatus __cdecl MOXIE::AudioSystem::setListenerVelocity(class MOXIE::Vector3 const & __ptr64) __ptr64
5549	?setLocal@SGTransform@MOXIE@@QEAAXAEAVMatrix4@2@@Z	public: void __cdecl MOXIE::SGTransform::setLocal(class MOXIE::Matrix4 & __ptr64) __ptr64
5550	?setLocal@SGTransform@MOXIE@@QEAAXAEBVTransform@2@@Z	public: void __cdecl MOXIE::SGTransform::setLocal(class MOXIE::Transform const & __ptr64) __ptr64
5551	?setLocalBounds@SGTransform@MOXIE@@QEAAXAEBVAABBox@2@@Z	public: void __cdecl MOXIE::SGTransform::setLocalBounds(class MOXIE::AABBox const & __ptr64) __ptr64
5552	?setLocalMatrix@SGModelInstance@MOXIE@@QEAAXIAEBVMatrix4@2@@Z	public: void __cdecl MOXIE::SGModelInstance::setLocalMatrix(unsigned int,class MOXIE::Matrix4 const & __ptr64) __ptr64
5553	?setLocalRotation@SGTransform@MOXIE@@QEAAXAEBVQuaternion@2@@Z	public: void __cdecl MOXIE::SGTransform::setLocalRotation(class MOXIE::Quaternion const & __ptr64) __ptr64
5554	?setLocalScale@SGTransform@MOXIE@@QEAAXAEBVVector3@2@@Z	public: void __cdecl MOXIE::SGTransform::setLocalScale(class MOXIE::Vector3 const & __ptr64) __ptr64
5555	?setLocalTranslation@SGTransform@MOXIE@@QEAAXAEBVVector3@2@@Z	public: void __cdecl MOXIE::SGTransform::setLocalTranslation(class MOXIE::Vector3 const & __ptr64) __ptr64
5556	?setLocalVisibility@SGModelInstance@MOXIE@@QEAAXI_N@Z	public: void __cdecl MOXIE::SGModelInstance::setLocalVisibility(unsigned int,bool) __ptr64
5557	?setLocked@SceneGraph@MOXIE@@QEAAX_N@Z	public: void __cdecl MOXIE::SceneGraph::setLocked(bool) __ptr64
5558	?setLockedResolution@Application@MOXIE@@UEAAX_N@Z	public: virtual void __cdecl MOXIE::Application::setLockedResolution(bool) __ptr64
5559	?setLog@Quaternion@MOXIE@@QEAAXAEBV12@@Z	public: void __cdecl MOXIE::Quaternion::setLog(class MOXIE::Quaternion const & __ptr64) __ptr64
5560	?setLookAt@@YAXPEAXPEAM11@Z	void __cdecl setLookAt(void * __ptr64,float * __ptr64,float * __ptr64,float * __ptr64)
5561	?setLookAt@Camera@MOXIE@@QEAAXAEBVVector3@2@00@Z	public: void __cdecl MOXIE::Camera::setLookAt(class MOXIE::Vector3 const & __ptr64,class MOXIE::Vector3 const & __ptr64,class MOXIE::Vector3 const & __ptr64) __ptr64
5562	?setLookAt@SGCamera@MOXIE@@QEAAXAEBVVector3@2@00@Z	public: void __cdecl MOXIE::SGCamera::setLookAt(class MOXIE::Vector3 const & __ptr64,class MOXIE::Vector3 const & __ptr64,class MOXIE::Vector3 const & __ptr64) __ptr64
5563	?setLoopEndpoints@AudPlayer@MOXIE@@QEAA?AW4MauxStatus@2@II@Z	public: enum MOXIE::MauxStatus __cdecl MOXIE::AudPlayer::setLoopEndpoints(unsigned int,unsigned int) __ptr64
5564	?setLoopMode@AudPlayer@MOXIE@@QEAAX_N@Z	public: void __cdecl MOXIE::AudPlayer::setLoopMode(bool) __ptr64
5565	?setLoopMode@AudioDataSource@MOXIE@@QEAA?AW4MauxStatus@2@_N@Z	public: enum MOXIE::MauxStatus __cdecl MOXIE::AudioDataSource::setLoopMode(bool) __ptr64
5566	?setLoopPoints@AudioDataSource@MOXIE@@QEAA?AW4MauxStatus@2@II@Z	public: enum MOXIE::MauxStatus __cdecl MOXIE::AudioDataSource::setLoopPoints(unsigned int,unsigned int) __ptr64
5567	?setLooping@AudioPlayerMaux@MOXIE@@UEAAX_NII@Z	public: virtual void __cdecl MOXIE::AudioPlayerMaux::setLooping(bool,unsigned int,unsigned int) __ptr64
5568	?setLooping@FlipbookInstance@MOXIE@@QEAAX_N@Z	public: void __cdecl MOXIE::FlipbookInstance::setLooping(bool) __ptr64
5569	?setLooping@SGVideo360Player@MOXIE@@QEAAX_N@Z	public: void __cdecl MOXIE::SGVideo360Player::setLooping(bool) __ptr64
5570	?setLooping@Sound@MOXIE@@QEAAX_N@Z	public: void __cdecl MOXIE::Sound::setLooping(bool) __ptr64
5571	?setLuaProfilerEnable@LApiLuaProfiler@luaProfiler@MOXIE@@SAHPEAUlua_State@@@Z	public: static int __cdecl MOXIE::luaProfiler::LApiLuaProfiler::setLuaProfilerEnable(struct lua_State * __ptr64)
5572	?setMarker@SGReplay@MOXIE@@QEAAXAEBVString@2@@Z	public: void __cdecl MOXIE::SGReplay::setMarker(class MOXIE::String const & __ptr64) __ptr64
5573	?setMasterVolume@AudioManager@MOXIE@@QEAAXM@Z	public: void __cdecl MOXIE::AudioManager::setMasterVolume(float) __ptr64
5574	?setMaterial@FlipbookSampler@MOXIE@@QEAAXPEAVMaterial@2@@Z	public: void __cdecl MOXIE::FlipbookSampler::setMaterial(class MOXIE::Material * __ptr64) __ptr64
5575	?setMaterial@LApiIntroEnvControl@duet@@SAHPEAUlua_State@@@Z	public: static int __cdecl duet::LApiIntroEnvControl::setMaterial(struct lua_State * __ptr64)
5576	?setMaterial@SGVideoCubePlayer@MOXIE@@QEAAXPEAVMaterial@2@@Z	public: void __cdecl MOXIE::SGVideoCubePlayer::setMaterial(class MOXIE::Material * __ptr64) __ptr64
5577	?setMaterialDefinitionName@MaterialBaking@MOXIE@@YAXAEBVString@2@0PEAVModelResource@2@PEAVMaterial@2@@Z	void __cdecl MOXIE::MaterialBaking::setMaterialDefinitionName(class MOXIE::String const & __ptr64,class MOXIE::String const & __ptr64,class MOXIE::ModelResource * __ptr64,class MOXIE::Material * __ptr64)
5578	?setMaterialOverrideSet@RenderView@MOXIE@@QEAAXPEAPEAVMaterial@2@H@Z	public: void __cdecl MOXIE::RenderView::setMaterialOverrideSet(class MOXIE::Material * __ptr64 * __ptr64,int) __ptr64
5579	?setMaterialSkinning@MaterialBaking@MOXIE@@YAXIPEB_N@Z	void __cdecl MOXIE::MaterialBaking::setMaterialSkinning(unsigned int,bool const * __ptr64)
5580	?setMatrix@Quaternion@MOXIE@@QEAAXAEBVMatrix4@2@@Z	public: void __cdecl MOXIE::Quaternion::setMatrix(class MOXIE::Matrix4 const & __ptr64) __ptr64
5581	?setMatrix@Transform@MOXIE@@QEAAXAEBVMatrix4@2@@Z	public: void __cdecl MOXIE::Transform::setMatrix(class MOXIE::Matrix4 const & __ptr64) __ptr64
5582	?setMaxHeight@ParticleMap@MOXIE@@QEAAXM@Z	public: void __cdecl MOXIE::ParticleMap::setMaxHeight(float) __ptr64
5583	?setMaxRenderModels@ModelResource@MOXIE@@SAXI@Z	public: static void __cdecl MOXIE::ModelResource::setMaxRenderModels(unsigned int)
5584	?setMeshRenderEnable@EnableManager@MOXIE@@QEAAX_N@Z	public: void __cdecl MOXIE::EnableManager::setMeshRenderEnable(bool) __ptr64
5585	?setMetatable@LUtil@MOXIE@@SAXPEAUlua_State@@PEBD@Z	public: static void __cdecl MOXIE::LUtil::setMetatable(struct lua_State * __ptr64,char const * __ptr64)
5586	?setMinMaxPoints@AABBox@MOXIE@@QEAAXAEBVVector3@2@0@Z	public: void __cdecl MOXIE::AABBox::setMinMaxPoints(class MOXIE::Vector3 const & __ptr64,class MOXIE::Vector3 const & __ptr64) __ptr64
5587	?setModel@SGModelInstance@MOXIE@@QEAA_NAEBVResourceHandle@2@@Z	public: bool __cdecl MOXIE::SGModelInstance::setModel(class MOXIE::ResourceHandle const & __ptr64) __ptr64
5588	?setModel@SGModelInstance@MOXIE@@QEAA_NAEBVUri@2@@Z	public: bool __cdecl MOXIE::SGModelInstance::setModel(class MOXIE::Uri const & __ptr64) __ptr64
5589	?setModel@SGRenderGraph@MOXIE@@QEAAXAEBVUri@2@@Z	public: void __cdecl MOXIE::SGRenderGraph::setModel(class MOXIE::Uri const & __ptr64) __ptr64
5590	?setMosimPanned@AudioPlayerMaux@MOXIE@@UEAAX_N@Z	public: virtual void __cdecl MOXIE::AudioPlayerMaux::setMosimPanned(bool) __ptr64
5591	?setMosimPanned@Sound@MOXIE@@QEAAX_N@Z	public: void __cdecl MOXIE::Sound::setMosimPanned(bool) __ptr64
5592	?setMul3x3@Matrix4@MOXIE@@QEAAXAEBV12@0@Z	public: void __cdecl MOXIE::Matrix4::setMul3x3(class MOXIE::Matrix4 const & __ptr64,class MOXIE::Matrix4 const & __ptr64) __ptr64
5593	?setMul@Matrix3@MOXIE@@QEAAXAEBV12@0@Z	public: void __cdecl MOXIE::Matrix3::setMul(class MOXIE::Matrix3 const & __ptr64,class MOXIE::Matrix3 const & __ptr64) __ptr64
5594	?setMul@Matrix3@MOXIE@@QEAAXAEBV12@M@Z	public: void __cdecl MOXIE::Matrix3::setMul(class MOXIE::Matrix3 const & __ptr64,float) __ptr64
5595	?setMul@Matrix4@MOXIE@@QEAAXAEBV12@0@Z	public: void __cdecl MOXIE::Matrix4::setMul(class MOXIE::Matrix4 const & __ptr64,class MOXIE::Matrix4 const & __ptr64) __ptr64
5596	?setMul@Matrix4@MOXIE@@QEAAXAEBV12@M@Z	public: void __cdecl MOXIE::Matrix4::setMul(class MOXIE::Matrix4 const & __ptr64,float) __ptr64
5597	?setMul@Quaternion@MOXIE@@QEAAXAEBV12@0@Z	public: void __cdecl MOXIE::Quaternion::setMul(class MOXIE::Quaternion const & __ptr64,class MOXIE::Quaternion const & __ptr64) __ptr64
5598	?setMul@Quaternion@MOXIE@@QEAAXAEBV12@M@Z	public: void __cdecl MOXIE::Quaternion::setMul(class MOXIE::Quaternion const & __ptr64,float) __ptr64
5599	?setMul@Vector2@MOXIE@@QEAAXAEBV12@0@Z	public: void __cdecl MOXIE::Vector2::setMul(class MOXIE::Vector2 const & __ptr64,class MOXIE::Vector2 const & __ptr64) __ptr64
5600	?setMul@Vector2@MOXIE@@QEAAXAEBV12@M@Z	public: void __cdecl MOXIE::Vector2::setMul(class MOXIE::Vector2 const & __ptr64,float) __ptr64
5601	?setMul@Vector3@MOXIE@@QEAAXAEBV12@0@Z	public: void __cdecl MOXIE::Vector3::setMul(class MOXIE::Vector3 const & __ptr64,class MOXIE::Vector3 const & __ptr64) __ptr64
5602	?setMul@Vector3@MOXIE@@QEAAXAEBV12@M@Z	public: void __cdecl MOXIE::Vector3::setMul(class MOXIE::Vector3 const & __ptr64,float) __ptr64
5603	?setMul@Vector4@MOXIE@@QEAAXAEBV12@0@Z	public: void __cdecl MOXIE::Vector4::setMul(class MOXIE::Vector4 const & __ptr64,class MOXIE::Vector4 const & __ptr64) __ptr64
5604	?setMul@Vector4@MOXIE@@QEAAXAEBV12@M@Z	public: void __cdecl MOXIE::Vector4::setMul(class MOXIE::Vector4 const & __ptr64,float) __ptr64
5605	?setMute@AudioPlayerMaux@MOXIE@@UEAAX_N@Z	public: virtual void __cdecl MOXIE::AudioPlayerMaux::setMute(bool) __ptr64
5606	?setMute@Sound@MOXIE@@QEAAX_N@Z	public: void __cdecl MOXIE::Sound::setMute(bool) __ptr64
5607	?setMuted@AudPlayer@MOXIE@@QEAAX_N@Z	public: void __cdecl MOXIE::AudPlayer::setMuted(bool) __ptr64
5608	?setName@GUITheme@MOXIE@@QEAAXPEBD@Z	public: void __cdecl MOXIE::GUITheme::setName(char const * __ptr64) __ptr64
5609	?setName@Material@MOXIE@@QEAAXAEBVString@2@@Z	public: void __cdecl MOXIE::Material::setName(class MOXIE::String const & __ptr64) __ptr64
5610	?setName@ParameterData@MOXIE@@QEAAXAEBVString@2@@Z	public: void __cdecl MOXIE::ParameterData::setName(class MOXIE::String const & __ptr64) __ptr64
5611	?setName@SGNode@MOXIE@@QEAAXAEBVString@2@@Z	public: void __cdecl MOXIE::SGNode::setName(class MOXIE::String const & __ptr64) __ptr64
5612	?setName@ShaderParameter@MOXIE@@QEAAXAEBVString@2@@Z	public: void __cdecl MOXIE::ShaderParameter::setName(class MOXIE::String const & __ptr64) __ptr64
5613	?setName@Thread@MOXIE@@KAXAEBVString@2@@Z	protected: static void __cdecl MOXIE::Thread::setName(class MOXIE::String const & __ptr64)
5614	?setNearestActorData@LApiTrackingManager@duet@@SAHPEAUlua_State@@@Z	public: static int __cdecl duet::LApiTrackingManager::setNearestActorData(struct lua_State * __ptr64)
5615	?setNodeName@@YAXPEAXPEAD@Z	void __cdecl setNodeName(void * __ptr64,char * __ptr64)
5616	?setNumBits@VertexAnimQuantizer@MOXIE@@SAXH@Z	public: static void __cdecl MOXIE::VertexAnimQuantizer::setNumBits(int)
5617	?setOnStoryStateCallback@StoryManager@MOXIE@@QEAAXP6AXW4moxieStoryStatus_t@@HPEBDPEAX@Z2@Z	public: void __cdecl MOXIE::StoryManager::setOnStoryStateCallback(void (__cdecl*)(enum moxieStoryStatus_t,int,char const * __ptr64,void * __ptr64),void * __ptr64) __ptr64
5618	?setOneShot@AudPlayer@MOXIE@@QEAA?AW4MauxStatus@2@XZ	public: enum MOXIE::MauxStatus __cdecl MOXIE::AudPlayer::setOneShot(void) __ptr64
5619	?setOrthographic@Camera@MOXIE@@QEAAXMMMMMM@Z	public: void __cdecl MOXIE::Camera::setOrthographic(float,float,float,float,float,float) __ptr64
5620	?setOrthographic@SGCamera@MOXIE@@QEAAXMMMMMM@Z	public: void __cdecl MOXIE::SGCamera::setOrthographic(float,float,float,float,float,float) __ptr64
5621	?setOrthographic@SGProjector@MOXIE@@QEAAXMMMMMM@Z	public: void __cdecl MOXIE::SGProjector::setOrthographic(float,float,float,float,float,float) __ptr64
5622	?setOverlayOpacity@RenderManager@MOXIE@@QEAAXM@Z	public: void __cdecl MOXIE::RenderManager::setOverlayOpacity(float) __ptr64
5623	?setOverrideFlag@Material@MOXIE@@QEAAXI@Z	public: void __cdecl MOXIE::Material::setOverrideFlag(unsigned int) __ptr64
5624	?setOverrideFlag@MaterialPass@MOXIE@@QEAAXI@Z	public: void __cdecl MOXIE::MaterialPass::setOverrideFlag(unsigned int) __ptr64
5625	?setOwner@SGComponent@MOXIE@@UEAAXPEAVSGNode@2@@Z	public: virtual void __cdecl MOXIE::SGComponent::setOwner(class MOXIE::SGNode * __ptr64) __ptr64
5626	?setOwner@SGFogAnimator@MOXIE@@UEAAXPEAVSGNode@2@@Z	public: virtual void __cdecl MOXIE::SGFogAnimator::setOwner(class MOXIE::SGNode * __ptr64) __ptr64
5627	?setOwner@SGLightAnimator@MOXIE@@UEAAXPEAVSGNode@2@@Z	public: virtual void __cdecl MOXIE::SGLightAnimator::setOwner(class MOXIE::SGNode * __ptr64) __ptr64
5628	?setOwner@SGParticleAnimator@MOXIE@@UEAAXPEAVSGNode@2@@Z	public: virtual void __cdecl MOXIE::SGParticleAnimator::setOwner(class MOXIE::SGNode * __ptr64) __ptr64
5629	?setOwner@SGProjectorAnimator@MOXIE@@UEAAXPEAVSGNode@2@@Z	public: virtual void __cdecl MOXIE::SGProjectorAnimator::setOwner(class MOXIE::SGNode * __ptr64) __ptr64
5630	?setOwner@SGRenderGraphAnimator@MOXIE@@UEAAXPEAVSGNode@2@@Z	public: virtual void __cdecl MOXIE::SGRenderGraphAnimator::setOwner(class MOXIE::SGNode * __ptr64) __ptr64
5631	?setPackage@LApplication@MOXIE@@QEAAXPEBD@Z	public: void __cdecl MOXIE::LApplication::setPackage(char const * __ptr64) __ptr64
5632	?setPackageToPathMapping@MaterialBaking@MOXIE@@YAXAEBV?$THashTable@VString@MOXIE@@@2@@Z	void __cdecl MOXIE::MaterialBaking::setPackageToPathMapping(class MOXIE::THashTable<class MOXIE::String> const & __ptr64)
5633	?setPackagesPath@MaterialBaking@MOXIE@@YAXAEBVString@2@@Z	void __cdecl MOXIE::MaterialBaking::setPackagesPath(class MOXIE::String const & __ptr64)
5634	?setPanBalance@AudioPlayerMaux@MOXIE@@UEAAXM@Z	public: virtual void __cdecl MOXIE::AudioPlayerMaux::setPanBalance(float) __ptr64
5635	?setPanBalance@Sound@MOXIE@@QEAAXM@Z	public: void __cdecl MOXIE::Sound::setPanBalance(float) __ptr64
5636	?setPanOverTime@AudioPlayerMaux@MOXIE@@UEAAXMI@Z	public: virtual void __cdecl MOXIE::AudioPlayerMaux::setPanOverTime(float,unsigned int) __ptr64
5637	?setPanPosition@AudPlayer@MOXIE@@QEAAXMI@Z	public: void __cdecl MOXIE::AudPlayer::setPanPosition(float,unsigned int) __ptr64
5638	?setParent@SGNode@MOXIE@@QEAAXPEAV12@@Z	public: void __cdecl MOXIE::SGNode::setParent(class MOXIE::SGNode * __ptr64) __ptr64
5639	?setParticleSystem@SGParticleEmitter@MOXIE@@QEAAXAEBVResourceHandle@2@@Z	public: void __cdecl MOXIE::SGParticleEmitter::setParticleSystem(class MOXIE::ResourceHandle const & __ptr64) __ptr64
5640	?setParticleSystem@SGParticleEmitter@MOXIE@@QEAAXPEAVParticleSystemResource@2@@Z	public: void __cdecl MOXIE::SGParticleEmitter::setParticleSystem(class MOXIE::ParticleSystemResource * __ptr64) __ptr64
5641	?setParticlesEnable@EnableManager@MOXIE@@QEAAX_N@Z	public: void __cdecl MOXIE::EnableManager::setParticlesEnable(bool) __ptr64
5642	?setPassCount@Material@MOXIE@@QEAAXI@Z	public: void __cdecl MOXIE::Material::setPassCount(unsigned int) __ptr64
5643	?setPassId@RenderView@MOXIE@@QEAAXI@Z	public: void __cdecl MOXIE::RenderView::setPassId(unsigned int) __ptr64
5644	?setPaths@MaterialBaking@MOXIE@@YAXAEBVString@2@0@Z	void __cdecl MOXIE::MaterialBaking::setPaths(class MOXIE::String const & __ptr64,class MOXIE::String const & __ptr64)
5645	?setPerspective@Camera@MOXIE@@QEAAXAEBVFieldOfView@2@MM@Z	public: void __cdecl MOXIE::Camera::setPerspective(class MOXIE::FieldOfView const & __ptr64,float,float) __ptr64
5646	?setPerspective@SGCamera@MOXIE@@QEAAXAEBVFieldOfView@2@MM@Z	public: void __cdecl MOXIE::SGCamera::setPerspective(class MOXIE::FieldOfView const & __ptr64,float,float) __ptr64
5647	?setPerspective@SGProjector@MOXIE@@QEAAXAEBVFieldOfView@2@MM@Z	public: void __cdecl MOXIE::SGProjector::setPerspective(class MOXIE::FieldOfView const & __ptr64,float,float) __ptr64
5648	?setPixel@Bitmap@MOXIE@@QEAAXIIAEBVColor@2@@Z	public: void __cdecl MOXIE::Bitmap::setPixel(unsigned int,unsigned int,class MOXIE::Color const & __ptr64) __ptr64
5649	?setPlatformInfo@Engine@MOXIE@@QEAAXPEBUPlatformInfo@2@@Z	public: void __cdecl MOXIE::Engine::setPlatformInfo(struct MOXIE::PlatformInfo const * __ptr64) __ptr64
5650	?setPlayState@AudPlayer@MOXIE@@QEAA?AW4MauxStatus@2@W4MauxPlayState@2@@Z	public: enum MOXIE::MauxStatus __cdecl MOXIE::AudPlayer::setPlayState(enum MOXIE::MauxPlayState) __ptr64
5651	?setPlayState@AudioPlayerMaux@MOXIE@@UEAAXW4EPlayState@2@@Z	public: virtual void __cdecl MOXIE::AudioPlayerMaux::setPlayState(enum MOXIE::EPlayState) __ptr64
5652	?setPlayState@Sound@MOXIE@@QEAAXW4EPlayState@2@@Z	public: void __cdecl MOXIE::Sound::setPlayState(enum MOXIE::EPlayState) __ptr64
5653	?setPlayerEmitter@AudioSystem@MOXIE@@QEAA?AW4MauxStatus@2@II@Z	public: enum MOXIE::MauxStatus __cdecl MOXIE::AudioSystem::setPlayerEmitter(unsigned int,unsigned int) __ptr64
5654	?setPlayerFrameLoopPoints@AudioSystem@MOXIE@@QEAA?AW4MauxStatus@2@III@Z	public: enum MOXIE::MauxStatus __cdecl MOXIE::AudioSystem::setPlayerFrameLoopPoints(unsigned int,unsigned int,unsigned int) __ptr64
5655	?setPlayerGroupAffinity@AudioSystem@MOXIE@@QEAA?AW4MauxStatus@2@II@Z	public: enum MOXIE::MauxStatus __cdecl MOXIE::AudioSystem::setPlayerGroupAffinity(unsigned int,unsigned int) __ptr64
5656	?setPlayerLooping@AudioSystem@MOXIE@@QEAA?AW4MauxStatus@2@I_N@Z	public: enum MOXIE::MauxStatus __cdecl MOXIE::AudioSystem::setPlayerLooping(unsigned int,bool) __ptr64
5657	?setPlayerMaxCount@AudioSystem@MOXIE@@QEAA?AW4MauxStatus@2@I@Z	public: enum MOXIE::MauxStatus __cdecl MOXIE::AudioSystem::setPlayerMaxCount(unsigned int) __ptr64
5658	?setPlayerMuted@AudioSystem@MOXIE@@QEAA?AW4MauxStatus@2@I_N@Z	public: enum MOXIE::MauxStatus __cdecl MOXIE::AudioSystem::setPlayerMuted(unsigned int,bool) __ptr64
5659	?setPlayerPanPosition@AudioSystem@MOXIE@@QEAA?AW4MauxStatus@2@IM@Z	public: enum MOXIE::MauxStatus __cdecl MOXIE::AudioSystem::setPlayerPanPosition(unsigned int,float) __ptr64
5660	?setPlayerPanPositionTimed@AudioSystem@MOXIE@@QEAA?AW4MauxStatus@2@IMM@Z	public: enum MOXIE::MauxStatus __cdecl MOXIE::AudioSystem::setPlayerPanPositionTimed(unsigned int,float,float) __ptr64
5661	?setPlayerQuantizationMaster@AudioSystem@MOXIE@@QEAA?AW4MauxStatus@2@IIM@Z	public: enum MOXIE::MauxStatus __cdecl MOXIE::AudioSystem::setPlayerQuantizationMaster(unsigned int,unsigned int,float) __ptr64
5662	?setPlayerRate@AudioSystem@MOXIE@@QEAA?AW4MauxStatus@2@IM@Z	public: enum MOXIE::MauxStatus __cdecl MOXIE::AudioSystem::setPlayerRate(unsigned int,float) __ptr64
5663	?setPlayerResetMode@AudioManager@MOXIE@@QEAAX_N@Z	public: void __cdecl MOXIE::AudioManager::setPlayerResetMode(bool) __ptr64
5664	?setPlayerResetMode@AudioSystem@MOXIE@@QEAAX_N@Z	public: void __cdecl MOXIE::AudioSystem::setPlayerResetMode(bool) __ptr64
5665	?setPlayerSamplePosition@AudioSystem@MOXIE@@QEAA?AW4MauxStatus@2@II@Z	public: enum MOXIE::MauxStatus __cdecl MOXIE::AudioSystem::setPlayerSamplePosition(unsigned int,unsigned int) __ptr64
5666	?setPlayerState@AudioSystem@MOXIE@@QEAA?AW4MauxStatus@2@IW4MauxPlayState@2@@Z	public: enum MOXIE::MauxStatus __cdecl MOXIE::AudioSystem::setPlayerState(unsigned int,enum MOXIE::MauxPlayState) __ptr64
5667	?setPlayerTag@AudioSystem@MOXIE@@QEAA?AW4MauxStatus@2@IVString@2@@Z	public: enum MOXIE::MauxStatus __cdecl MOXIE::AudioSystem::setPlayerTag(unsigned int,class MOXIE::String) __ptr64
5668	?setPlayerTimeLoopPoints@AudioSystem@MOXIE@@QEAA?AW4MauxStatus@2@IMM@Z	public: enum MOXIE::MauxStatus __cdecl MOXIE::AudioSystem::setPlayerTimeLoopPoints(unsigned int,float,float) __ptr64
5669	?setPlayerTimePosition@AudioSystem@MOXIE@@QEAA?AW4MauxStatus@2@IM@Z	public: enum MOXIE::MauxStatus __cdecl MOXIE::AudioSystem::setPlayerTimePosition(unsigned int,float) __ptr64
5670	?setPlayerVolume@AudioSystem@MOXIE@@QEAA?AW4MauxStatus@2@IM@Z	public: enum MOXIE::MauxStatus __cdecl MOXIE::AudioSystem::setPlayerVolume(unsigned int,float) __ptr64
5671	?setPlayerVolumeTimed@AudioSystem@MOXIE@@QEAA?AW4MauxStatus@2@IMM@Z	public: enum MOXIE::MauxStatus __cdecl MOXIE::AudioSystem::setPlayerVolumeTimed(unsigned int,float,float) __ptr64
5672	?setPointSize@RenderDeviceGL@MOXIE@@UEAAXM@Z	public: virtual void __cdecl MOXIE::RenderDeviceGL::setPointSize(float) __ptr64
5673	?setPosition@AudEmitter@MOXIE@@QEAAXAEBVVector3@2@@Z	public: void __cdecl MOXIE::AudEmitter::setPosition(class MOXIE::Vector3 const & __ptr64) __ptr64
5674	?setPosition@AudioEmitterMaux@MOXIE@@UEAAXAEAVVector3@2@@Z	public: virtual void __cdecl MOXIE::AudioEmitterMaux::setPosition(class MOXIE::Vector3 & __ptr64) __ptr64
5675	?setPosition@LAudioEmitter@MOXIE@@UEAAXVVector3@2@@Z	public: virtual void __cdecl MOXIE::LAudioEmitter::setPosition(class MOXIE::Vector3) __ptr64
5676	?setPosition@MemoryStream@MOXIE@@QEAAXI@Z	public: void __cdecl MOXIE::MemoryStream::setPosition(unsigned int) __ptr64
5677	?setPrecisionFilterMinMax@SGCameraController@MOXIE@@QEAAXMM@Z	public: void __cdecl MOXIE::SGCameraController::setPrecisionFilterMinMax(float,float) __ptr64
5678	?setPriority@Thread@MOXIE@@QEAA_NAEBW4Priority@12@@Z	public: bool __cdecl MOXIE::Thread::setPriority(enum MOXIE::Thread::Priority const & __ptr64) __ptr64
5679	?setPrivateParameter@ShaderGL_ES2@MOXIE@@QEAAXIIPEBII@Z	public: void __cdecl MOXIE::ShaderGL_ES2::setPrivateParameter(unsigned int,unsigned int,unsigned int const * __ptr64,unsigned int) __ptr64
5680	?setPrivateParameter@ShaderGL_ES2@MOXIE@@UEAAXIIPEAPEBVTexture@2@PEBTSamplerState@2@I@Z	public: virtual void __cdecl MOXIE::ShaderGL_ES2::setPrivateParameter(unsigned int,unsigned int,class MOXIE::Texture const * __ptr64 * __ptr64,union MOXIE::SamplerState const * __ptr64,unsigned int) __ptr64
5681	?setPrivateParameter@ShaderGL_ES2@MOXIE@@UEAAXIIPEBMI@Z	public: virtual void __cdecl MOXIE::ShaderGL_ES2::setPrivateParameter(unsigned int,unsigned int,float const * __ptr64,unsigned int) __ptr64
5682	?setPrivateParameterCount@ShaderGL_ES2@MOXIE@@UEAAXI@Z	public: virtual void __cdecl MOXIE::ShaderGL_ES2::setPrivateParameterCount(unsigned int) __ptr64
5683	?setProfileStats@VideoCubeTile@MOXIE@@QEAAXPEAUProfileStats@12@@Z	public: void __cdecl MOXIE::VideoCubeTile::setProfileStats(struct MOXIE::VideoCubeTile::ProfileStats * __ptr64) __ptr64
5684	?setProjectiveOffset@SGCameraController@MOXIE@@QEAAXVVector3@2@@Z	public: void __cdecl MOXIE::SGCameraController::setProjectiveOffset(class MOXIE::Vector3) __ptr64
5685	?setProjectiveOffset@SGCameraController@MOXIE@@QEAAXVVector3@2@MM@Z	public: void __cdecl MOXIE::SGCameraController::setProjectiveOffset(class MOXIE::Vector3,float,float) __ptr64
5686	?setProjectiveRemappingStrength@SGCameraController@MOXIE@@QEAAXM@Z	public: void __cdecl MOXIE::SGCameraController::setProjectiveRemappingStrength(float) __ptr64
5687	?setPublic@ShaderParameter@MOXIE@@QEAAX_N@Z	public: void __cdecl MOXIE::ShaderParameter::setPublic(bool) __ptr64
5688	?setPublicParameter@ShaderGL_ES2@MOXIE@@UEAAXIIPEAPEBVTexture@2@I@Z	public: virtual void __cdecl MOXIE::ShaderGL_ES2::setPublicParameter(unsigned int,unsigned int,class MOXIE::Texture const * __ptr64 * __ptr64,unsigned int) __ptr64
5689	?setPublicParameter@ShaderGL_ES2@MOXIE@@UEAAXIIPEAPEBVTexture@2@PEBTSamplerState@2@I@Z	public: virtual void __cdecl MOXIE::ShaderGL_ES2::setPublicParameter(unsigned int,unsigned int,class MOXIE::Texture const * __ptr64 * __ptr64,union MOXIE::SamplerState const * __ptr64,unsigned int) __ptr64
5690	?setPublicParameter@ShaderGL_ES2@MOXIE@@UEAAXIIPEBHI@Z	public: virtual void __cdecl MOXIE::ShaderGL_ES2::setPublicParameter(unsigned int,unsigned int,int const * __ptr64,unsigned int) __ptr64
5691	?setPublicParameter@ShaderGL_ES2@MOXIE@@UEAAXIIPEBMI@Z	public: virtual void __cdecl MOXIE::ShaderGL_ES2::setPublicParameter(unsigned int,unsigned int,float const * __ptr64,unsigned int) __ptr64
5692	?setPublicParameterCount@ShaderGL_ES2@MOXIE@@UEAAXI@Z	public: virtual void __cdecl MOXIE::ShaderGL_ES2::setPublicParameterCount(unsigned int) __ptr64
5693	?setQualityLevel@SGVideoCubePlayer@MOXIE@@QEAAXI@Z	public: void __cdecl MOXIE::SGVideoCubePlayer::setQualityLevel(unsigned int) __ptr64
5694	?setQuantization@AudPlayer@MOXIE@@QEAA?AW4MauxStatus@2@HI@Z	public: enum MOXIE::MauxStatus __cdecl MOXIE::AudPlayer::setQuantization(int,unsigned int) __ptr64
5695	?setQuantization@AudioPlayerMaux@MOXIE@@UEAAXMM@Z	public: virtual void __cdecl MOXIE::AudioPlayerMaux::setQuantization(float,float) __ptr64
5696	?setQuantizationMaster@AudPlayer@MOXIE@@QEAA?AW4MauxStatus@2@PEAV12@M@Z	public: enum MOXIE::MauxStatus __cdecl MOXIE::AudPlayer::setQuantizationMaster(class MOXIE::AudPlayer * __ptr64,float) __ptr64
5697	?setQuantizationMaster@AudioPlayerMaux@MOXIE@@UEAAXPEAVAudioPlayer@2@M@Z	public: virtual void __cdecl MOXIE::AudioPlayerMaux::setQuantizationMaster(class MOXIE::AudioPlayer * __ptr64,float) __ptr64
5698	?setRangeAndNumBits@VertexAnimQuantizer@MOXIE@@SAXHMM@Z	public: static void __cdecl MOXIE::VertexAnimQuantizer::setRangeAndNumBits(int,float,float)
5699	?setRate@AudioPlayerMaux@MOXIE@@UEAAXM@Z	public: virtual void __cdecl MOXIE::AudioPlayerMaux::setRate(float) __ptr64
5700	?setRate@Sound@MOXIE@@QEAAXM@Z	public: void __cdecl MOXIE::Sound::setRate(float) __ptr64
5701	?setReadPointer@BitStream@MOXIE@@QEAAXPEAE@Z	public: void __cdecl MOXIE::BitStream::setReadPointer(unsigned char * __ptr64) __ptr64
5702	?setRecordFile@LApplication@MOXIE@@QEAAXPEBD@Z	public: void __cdecl MOXIE::LApplication::setRecordFile(char const * __ptr64) __ptr64
5703	?setRenderCallback@RenderManager@MOXIE@@QEAAXP6AXXZ@Z	public: void __cdecl MOXIE::RenderManager::setRenderCallback(void (__cdecl*)(void)) __ptr64
5704	?setRenderFlags@SGNode@MOXIE@@QEAAXI@Z	public: void __cdecl MOXIE::SGNode::setRenderFlags(unsigned int) __ptr64
5705	?setRenderGroup@MaterialPass@MOXIE@@QEAAXI@Z	public: void __cdecl MOXIE::MaterialPass::setRenderGroup(unsigned int) __ptr64
5706	?setRenderGroupFilter@RenderDispatcher@MOXIE@@QEAAXII@Z	public: void __cdecl MOXIE::RenderDispatcher::setRenderGroupFilter(unsigned int,unsigned int) __ptr64
5707	?setRenderMode@@YAXPEAX_N@Z	void __cdecl setRenderMode(void * __ptr64,bool)
5708	?setRenderState@RenderDeviceGL@MOXIE@@UEAAXAEBURenderState@2@@Z	public: virtual void __cdecl MOXIE::RenderDeviceGL::setRenderState(struct MOXIE::RenderState const & __ptr64) __ptr64
5709	?setRenderStateCached@RenderDeviceGL@MOXIE@@IEAAXAEBURenderState@2@PEAU32@@Z	protected: void __cdecl MOXIE::RenderDeviceGL::setRenderStateCached(struct MOXIE::RenderState const & __ptr64,struct MOXIE::RenderState * __ptr64) __ptr64
5710	?setRenderStates@MaterialPass@MOXIE@@QEAAXAEBURenderState@2@@Z	public: void __cdecl MOXIE::MaterialPass::setRenderStates(struct MOXIE::RenderState const & __ptr64) __ptr64
5711	?setRenderTarget@RenderView@MOXIE@@QEAAXPEAVRenderTarget@2@@Z	public: void __cdecl MOXIE::RenderView::setRenderTarget(class MOXIE::RenderTarget * __ptr64) __ptr64
5712	?setRenderTarget@RenderView@MOXIE@@QEAAXW4ERenderEye@2@PEAVRenderTarget@2@@Z	public: void __cdecl MOXIE::RenderView::setRenderTarget(enum MOXIE::ERenderEye,class MOXIE::RenderTarget * __ptr64) __ptr64
5713	?setRenderTargetSampleOverride@RenderView@MOXIE@@QEAAXI@Z	public: void __cdecl MOXIE::RenderView::setRenderTargetSampleOverride(unsigned int) __ptr64
5714	?setRenderTargetScale@RenderView@MOXIE@@QEAAXM@Z	public: void __cdecl MOXIE::RenderView::setRenderTargetScale(float) __ptr64
5715	?setReplayFile@LApplication@MOXIE@@QEAAXPEBD@Z	public: void __cdecl MOXIE::LApplication::setReplayFile(char const * __ptr64) __ptr64
5716	?setRequiredVertexAttributes@ShaderGL_ES2@MOXIE@@QEAAXI@Z	public: void __cdecl MOXIE::ShaderGL_ES2::setRequiredVertexAttributes(unsigned int) __ptr64
5717	?setResourceResidentThreshold@AudioManager@MOXIE@@QEAAXM@Z	public: void __cdecl MOXIE::AudioManager::setResourceResidentThreshold(float) __ptr64
5718	?setResourceResidentThreshold@AudioSystem@MOXIE@@QEAAXM@Z	public: void __cdecl MOXIE::AudioSystem::setResourceResidentThreshold(float) __ptr64
5719	?setRightFov@FieldOfView@MOXIE@@QEAAXVRadian@2@@Z	public: void __cdecl MOXIE::FieldOfView::setRightFov(class MOXIE::Radian) __ptr64
5720	?setRootDir@LApplication@MOXIE@@QEAAXPEBD@Z	public: void __cdecl MOXIE::LApplication::setRootDir(char const * __ptr64) __ptr64
5721	?setRotation@Matrix4@MOXIE@@QEAAXAEBVMatrix3@2@@Z	public: void __cdecl MOXIE::Matrix4::setRotation(class MOXIE::Matrix3 const & __ptr64) __ptr64
5722	?setRotation@Transform@MOXIE@@QEAAXAEBVQuaternion@2@@Z	public: void __cdecl MOXIE::Transform::setRotation(class MOXIE::Quaternion const & __ptr64) __ptr64
5723	?setRotation@Transform@MOXIE@@QEAAXAEBVVector3@2@VRadian@2@@Z	public: void __cdecl MOXIE::Transform::setRotation(class MOXIE::Vector3 const & __ptr64,class MOXIE::Radian) __ptr64
5724	?setSampleMode@gsaDecoder@MOXIE@@QEAAXW4GSA_SAMPLE_MODE@2@@Z	public: void __cdecl MOXIE::gsaDecoder::setSampleMode(enum MOXIE::GSA_SAMPLE_MODE) __ptr64
5725	?setSamplerState2D@RenderDeviceGL@MOXIE@@UEAAXIAEBTSamplerState@2@I@Z	public: virtual void __cdecl MOXIE::RenderDeviceGL::setSamplerState2D(unsigned int,union MOXIE::SamplerState const & __ptr64,unsigned int) __ptr64
5726	?setSamplerState3D@RenderDeviceGL@MOXIE@@UEAAXIAEBTSamplerState@2@I@Z	public: virtual void __cdecl MOXIE::RenderDeviceGL::setSamplerState3D(unsigned int,union MOXIE::SamplerState const & __ptr64,unsigned int) __ptr64
5727	?setSamplerState@MaterialParameterTexture@MOXIE@@QEAAXPEBTSamplerState@2@@Z	public: void __cdecl MOXIE::MaterialParameterTexture::setSamplerState(union MOXIE::SamplerState const * __ptr64) __ptr64
5728	?setSamplerStateCube@RenderDeviceGL@MOXIE@@UEAAXIAEBTSamplerState@2@I@Z	public: virtual void __cdecl MOXIE::RenderDeviceGL::setSamplerStateCube(unsigned int,union MOXIE::SamplerState const & __ptr64,unsigned int) __ptr64
5729	?setScale@Matrix4@MOXIE@@QEAAXAEBVVector3@2@@Z	public: void __cdecl MOXIE::Matrix4::setScale(class MOXIE::Vector3 const & __ptr64) __ptr64
5730	?setScale@Transform@MOXIE@@QEAAXAEBVVector3@2@@Z	public: void __cdecl MOXIE::Transform::setScale(class MOXIE::Vector3 const & __ptr64) __ptr64
5731	?setScene@LApiDuet@duet@@SAHPEAUlua_State@@@Z	public: static int __cdecl duet::LApiDuet::setScene(struct lua_State * __ptr64)
5732	?setScene@LApiLuaProfiler@luaProfiler@MOXIE@@SAHPEAUlua_State@@@Z	public: static int __cdecl MOXIE::luaProfiler::LApiLuaProfiler::setScene(struct lua_State * __ptr64)
5733	?setScene@LApplication@MOXIE@@QEAAXPEBD@Z	public: void __cdecl MOXIE::LApplication::setScene(char const * __ptr64) __ptr64
5734	?setSceneGraph@SGNode@MOXIE@@IEAAXPEAVSceneGraph@2@@Z	protected: void __cdecl MOXIE::SGNode::setSceneGraph(class MOXIE::SceneGraph * __ptr64) __ptr64
5735	?setSeekPosition@AudioPlayerMaux@MOXIE@@UEAAXI@Z	public: virtual void __cdecl MOXIE::AudioPlayerMaux::setSeekPosition(unsigned int) __ptr64
5736	?setSeekPosition@Sound@MOXIE@@QEAAXI@Z	public: void __cdecl MOXIE::Sound::setSeekPosition(unsigned int) __ptr64
5737	?setSegment@LApplication@MOXIE@@QEAAXPEBD@Z	public: void __cdecl MOXIE::LApplication::setSegment(char const * __ptr64) __ptr64
5738	?setSegmentName@luaProfiler@MOXIE@@YAXAEBVString@2@@Z	void __cdecl MOXIE::luaProfiler::setSegmentName(class MOXIE::String const & __ptr64)
5739	?setSensorFusionEnabled@SensorManager@MOXIE@@QEAAX_N@Z	public: void __cdecl MOXIE::SensorManager::setSensorFusionEnabled(bool) __ptr64
5740	?setSensorFusionLowpassFilterCurve@SensorManager@MOXIE@@QEAAXMMMMVVector2@2@0@Z	public: void __cdecl MOXIE::SensorManager::setSensorFusionLowpassFilterCurve(float,float,float,float,class MOXIE::Vector2,class MOXIE::Vector2) __ptr64
5741	?setSensorFusionLowpassFilterEnabled@SensorManager@MOXIE@@QEAAX_N@Z	public: void __cdecl MOXIE::SensorManager::setSensorFusionLowpassFilterEnabled(bool) __ptr64
5742	?setSensorRotation@LApiInputLayer@duet@@SAHPEAUlua_State@@@Z	public: static int __cdecl duet::LApiInputLayer::setSensorRotation(struct lua_State * __ptr64)
5743	?setShader@MaterialPass@MOXIE@@QEAAXPEAVShader@2@@Z	public: void __cdecl MOXIE::MaterialPass::setShader(class MOXIE::Shader * __ptr64) __ptr64
5744	?setShaderHandle@MaterialPass@MOXIE@@QEAAXXZ	public: void __cdecl MOXIE::MaterialPass::setShaderHandle(void) __ptr64
5745	?setShaderURI@MaterialPass@MOXIE@@QEAAXAEBVUri@2@@Z	public: void __cdecl MOXIE::MaterialPass::setShaderURI(class MOXIE::Uri const & __ptr64) __ptr64
5746	?setSharedDir@LApplication@MOXIE@@QEAAXPEBD@Z	public: void __cdecl MOXIE::LApplication::setSharedDir(char const * __ptr64) __ptr64
5747	?setSingleMaterialParameter@@YA_NPEAXPEAUMaterialDefinition@@HPEAUMaterialParam@@PEATMaterialParamData@@_N@Z	bool __cdecl setSingleMaterialParameter(void * __ptr64,struct MaterialDefinition * __ptr64,int,struct MaterialParam * __ptr64,union MaterialParamData * __ptr64,bool)
5748	?setSlerp@Quaternion@MOXIE@@QEAAXMAEBV12@0@Z	public: void __cdecl MOXIE::Quaternion::setSlerp(float,class MOXIE::Quaternion const & __ptr64,class MOXIE::Quaternion const & __ptr64) __ptr64
5749	?setSound@SGVideo360Player@MOXIE@@QEAAXPEAVSound@2@@Z	public: void __cdecl MOXIE::SGVideo360Player::setSound(class MOXIE::Sound * __ptr64) __ptr64
5750	?setSoundLoops@AudioManager@MOXIE@@QEAAXPEAX_N@Z	public: void __cdecl MOXIE::AudioManager::setSoundLoops(void * __ptr64,bool) __ptr64
5751	?setSoundPanPosition@AudioManager@MOXIE@@QEAAXPEAXMI@Z	public: void __cdecl MOXIE::AudioManager::setSoundPanPosition(void * __ptr64,float,unsigned int) __ptr64
5752	?setSoundPlay@AudioManager@MOXIE@@QEAAXPEAXW4LPLAYSTATE@2@00M@Z	public: void __cdecl MOXIE::AudioManager::setSoundPlay(void * __ptr64,enum MOXIE::LPLAYSTATE,void * __ptr64,void * __ptr64,float) __ptr64
5753	?setSoundQuantization@AudioManager@MOXIE@@QEAAXPEAXMM@Z	public: void __cdecl MOXIE::AudioManager::setSoundQuantization(void * __ptr64,float,float) __ptr64
5754	?setSoundTag@AudioManager@MOXIE@@QEAAXPEAXVString@2@@Z	public: void __cdecl MOXIE::AudioManager::setSoundTag(void * __ptr64,class MOXIE::String) __ptr64
5755	?setSoundTimePosition@AudioManager@MOXIE@@QEAAXPEAXI@Z	public: void __cdecl MOXIE::AudioManager::setSoundTimePosition(void * __ptr64,unsigned int) __ptr64
5756	?setSoundVolume@AudioManager@MOXIE@@QEAAXPEAXMI@Z	public: void __cdecl MOXIE::AudioManager::setSoundVolume(void * __ptr64,float,unsigned int) __ptr64
5757	?setSource@ShaderParameter@MOXIE@@QEAAXE@Z	public: void __cdecl MOXIE::ShaderParameter::setSource(unsigned char) __ptr64
5758	?setSourceShader@ShaderGL_ES2@MOXIE@@QEAAXAEBVUri@2@@Z	public: void __cdecl MOXIE::ShaderGL_ES2::setSourceShader(class MOXIE::Uri const & __ptr64) __ptr64
5759	?setSpeed@SGDebugCameraController@MOXIE@@QEAAXHM@Z	public: void __cdecl MOXIE::SGDebugCameraController::setSpeed(int,float) __ptr64
5760	?setStart@SGFog@MOXIE@@QEAAXM@Z	public: void __cdecl MOXIE::SGFog::setStart(float) __ptr64
5761	?setStatLogger@Engine@MOXIE@@QEAAX_N@Z	public: void __cdecl MOXIE::Engine::setStatLogger(bool) __ptr64
5762	?setState@StoryFSM@MOXIE@@QEAA_NPEBD@Z	public: bool __cdecl MOXIE::StoryFSM::setState(char const * __ptr64) __ptr64
5763	?setStatus@ParticleSystemResource@MOXIE@@QEAAXW4EStatus@Resource@2@@Z	public: void __cdecl MOXIE::ParticleSystemResource::setStatus(enum MOXIE::Resource::EStatus) __ptr64
5764	?setStatus@PipelineStateResource@MOXIE@@QEAAXW4EStatus@Resource@2@@Z	public: void __cdecl MOXIE::PipelineStateResource::setStatus(enum MOXIE::Resource::EStatus) __ptr64
5765	?setStatus@Resource@MOXIE@@QEAAXW4EStatus@12@@Z	public: void __cdecl MOXIE::Resource::setStatus(enum MOXIE::Resource::EStatus) __ptr64
5766	?setStereoDisplay@StoryPlayer@MOXIE@@IEAA_N_N@Z	protected: bool __cdecl MOXIE::StoryPlayer::setStereoDisplay(bool) __ptr64
5767	?setStoryPathDist@Application@MOXIE@@QEAAXVString@2@@Z	public: void __cdecl MOXIE::Application::setStoryPathDist(class MOXIE::String) __ptr64
5768	?setSub@Matrix3@MOXIE@@QEAAXAEBV12@0@Z	public: void __cdecl MOXIE::Matrix3::setSub(class MOXIE::Matrix3 const & __ptr64,class MOXIE::Matrix3 const & __ptr64) __ptr64
5769	?setSub@Matrix4@MOXIE@@QEAAXAEBV12@0@Z	public: void __cdecl MOXIE::Matrix4::setSub(class MOXIE::Matrix4 const & __ptr64,class MOXIE::Matrix4 const & __ptr64) __ptr64
5770	?setSub@Vector2@MOXIE@@QEAAXAEBV12@0@Z	public: void __cdecl MOXIE::Vector2::setSub(class MOXIE::Vector2 const & __ptr64,class MOXIE::Vector2 const & __ptr64) __ptr64
5771	?setSub@Vector3@MOXIE@@QEAAXAEBV12@0@Z	public: void __cdecl MOXIE::Vector3::setSub(class MOXIE::Vector3 const & __ptr64,class MOXIE::Vector3 const & __ptr64) __ptr64
5772	?setSub@Vector4@MOXIE@@QEAAXAEBV12@0@Z	public: void __cdecl MOXIE::Vector4::setSub(class MOXIE::Vector4 const & __ptr64,class MOXIE::Vector4 const & __ptr64) __ptr64
5773	?setTag@AudEmitter@MOXIE@@QEAAXVString@2@@Z	public: void __cdecl MOXIE::AudEmitter::setTag(class MOXIE::String) __ptr64
5774	?setTag@AudPlayer@MOXIE@@QEAAXVString@2@@Z	public: void __cdecl MOXIE::AudPlayer::setTag(class MOXIE::String) __ptr64
5775	?setTag@AudioEmitterMaux@MOXIE@@UEAAXVString@2@@Z	public: virtual void __cdecl MOXIE::AudioEmitterMaux::setTag(class MOXIE::String) __ptr64
5776	?setTag@AudioPlayerMaux@MOXIE@@UEAAXVString@2@@Z	public: virtual void __cdecl MOXIE::AudioPlayerMaux::setTag(class MOXIE::String) __ptr64
5777	?setTargetCentering@SGCameraController@MOXIE@@QEAAXM@Z	public: void __cdecl MOXIE::SGCameraController::setTargetCentering(float) __ptr64
5778	?setTexture@Font@MOXIE@@QEAAXPEAVTexture@2@@Z	public: void __cdecl MOXIE::Font::setTexture(class MOXIE::Texture * __ptr64) __ptr64
5779	?setTextureTransform@Material@MOXIE@@QEAAXHMAEBVVector2@2@0@Z	public: void __cdecl MOXIE::Material::setTextureTransform(int,float,class MOXIE::Vector2 const & __ptr64,class MOXIE::Vector2 const & __ptr64) __ptr64
5780	?setTextureURI@MaterialParameterTexture@MOXIE@@QEAAXAEBVUri@2@@Z	public: void __cdecl MOXIE::MaterialParameterTexture::setTextureURI(class MOXIE::Uri const & __ptr64) __ptr64
5781	?setTimeScale@SGParticleEmitter@MOXIE@@QEAAXM@Z	public: void __cdecl MOXIE::SGParticleEmitter::setTimeScale(float) __ptr64
5782	?setTimeScale@Time@MOXIE@@QEAAXM@Z	public: void __cdecl MOXIE::Time::setTimeScale(float) __ptr64
5783	?setToolsRoot@@YAXPEAD@Z	void __cdecl setToolsRoot(char * __ptr64)
5784	?setTopFov@FieldOfView@MOXIE@@QEAAXVRadian@2@@Z	public: void __cdecl MOXIE::FieldOfView::setTopFov(class MOXIE::Radian) __ptr64
5785	?setTransform@ShaderGL_ES2@MOXIE@@UEAAXHIAEBVMatrix4@2@@Z	public: virtual void __cdecl MOXIE::ShaderGL_ES2::setTransform(int,unsigned int,class MOXIE::Matrix4 const & __ptr64) __ptr64
5786	?setTransformAndInverse@ShaderGL_ES2@MOXIE@@UEAAXHIAEBVMatrix4@2@@Z	public: virtual void __cdecl MOXIE::ShaderGL_ES2::setTransformAndInverse(int,unsigned int,class MOXIE::Matrix4 const & __ptr64) __ptr64
5787	?setTransformDirty@SGTransform@MOXIE@@QEAAXXZ	public: void __cdecl MOXIE::SGTransform::setTransformDirty(void) __ptr64
5788	?setTransforms@ShaderGL_ES2@MOXIE@@UEAAXHIPEBVMatrix4@2@I@Z	public: virtual void __cdecl MOXIE::ShaderGL_ES2::setTransforms(int,unsigned int,class MOXIE::Matrix4 const * __ptr64,unsigned int) __ptr64
5789	?setTranslation@Matrix4@MOXIE@@QEAAXAEBVVector3@2@@Z	public: void __cdecl MOXIE::Matrix4::setTranslation(class MOXIE::Vector3 const & __ptr64) __ptr64
5790	?setTranslation@Transform@MOXIE@@QEAAXAEBVVector3@2@@Z	public: void __cdecl MOXIE::Transform::setTranslation(class MOXIE::Vector3 const & __ptr64) __ptr64
5791	?setType@LuaParameter@MOXIE@@QEAAXH@Z	public: void __cdecl MOXIE::LuaParameter::setType(int) __ptr64
5792	?setType@ShaderOption@MOXIE@@QEAAXH@Z	public: void __cdecl MOXIE::ShaderOption::setType(int) __ptr64
5793	?setType@ShaderParameter@MOXIE@@QEAAXAEBVString@2@@Z	public: void __cdecl MOXIE::ShaderParameter::setType(class MOXIE::String const & __ptr64) __ptr64
5794	?setType@ShaderParameter@MOXIE@@QEAAXE@Z	public: void __cdecl MOXIE::ShaderParameter::setType(unsigned char) __ptr64
5795	?setUniqueID@ShaderGL_ES2@MOXIE@@UEAAXI@Z	public: virtual void __cdecl MOXIE::ShaderGL_ES2::setUniqueID(unsigned int) __ptr64
5796	?setUpdateFlags@SGNode@MOXIE@@QEAAXI@Z	public: void __cdecl MOXIE::SGNode::setUpdateFlags(unsigned int) __ptr64
5797	?setUseOnlyPriorityLights@SGModelInstance@MOXIE@@QEAAX_N@Z	public: void __cdecl MOXIE::SGModelInstance::setUseOnlyPriorityLights(bool) __ptr64
5798	?setUserData@BSCF_Reader@MOXIE@@QEAAXPEAX@Z	public: void __cdecl MOXIE::BSCF_Reader::setUserData(void * __ptr64) __ptr64
5799	?setValue@CommandLine@MOXIE@@KA?AUarg_t@12@AEBVString@2@@Z	protected: static struct MOXIE::CommandLine::arg_t __cdecl MOXIE::CommandLine::setValue(class MOXIE::String const & __ptr64)
5800	?setValue@CommandLine@MOXIE@@KA?AUarg_t@12@H@Z	protected: static struct MOXIE::CommandLine::arg_t __cdecl MOXIE::CommandLine::setValue(int)
5801	?setValue@CommandLine@MOXIE@@KA?AUarg_t@12@I@Z	protected: static struct MOXIE::CommandLine::arg_t __cdecl MOXIE::CommandLine::setValue(unsigned int)
5802	?setValue@CommandLine@MOXIE@@KA?AUarg_t@12@M@Z	protected: static struct MOXIE::CommandLine::arg_t __cdecl MOXIE::CommandLine::setValue(float)
5803	?setValue@CommandLine@MOXIE@@KA?AUarg_t@12@PEBD@Z	protected: static struct MOXIE::CommandLine::arg_t __cdecl MOXIE::CommandLine::setValue(char const * __ptr64)
5804	?setValue@CommandLine@MOXIE@@KA?AUarg_t@12@_N@Z	protected: static struct MOXIE::CommandLine::arg_t __cdecl MOXIE::CommandLine::setValue(bool)
5805	?setValue@LuaParameter@MOXIE@@QEAAXAEBVString@2@H@Z	public: void __cdecl MOXIE::LuaParameter::setValue(class MOXIE::String const & __ptr64,int) __ptr64
5806	?setValue@LuaParameter@MOXIE@@QEAAXHH@Z	public: void __cdecl MOXIE::LuaParameter::setValue(int,int) __ptr64
5807	?setValue@LuaParameter@MOXIE@@QEAAXIH@Z	public: void __cdecl MOXIE::LuaParameter::setValue(unsigned int,int) __ptr64
5808	?setValue@LuaParameter@MOXIE@@QEAAXMH@Z	public: void __cdecl MOXIE::LuaParameter::setValue(float,int) __ptr64
5809	?setValue@LuaParameter@MOXIE@@QEAAXPEAVLuaTable@2@H@Z	public: void __cdecl MOXIE::LuaParameter::setValue(class MOXIE::LuaTable * __ptr64,int) __ptr64
5810	?setValue@LuaParameter@MOXIE@@QEAAX_NH@Z	public: void __cdecl MOXIE::LuaParameter::setValue(bool,int) __ptr64
5811	?setValue@ShaderOption@MOXIE@@QEAAXAEBVString@2@@Z	public: void __cdecl MOXIE::ShaderOption::setValue(class MOXIE::String const & __ptr64) __ptr64
5812	?setValue@ShaderOption@MOXIE@@QEAAXH@Z	public: void __cdecl MOXIE::ShaderOption::setValue(int) __ptr64
5813	?setValue@ShaderOption@MOXIE@@QEAAXI@Z	public: void __cdecl MOXIE::ShaderOption::setValue(unsigned int) __ptr64
5814	?setValue@ShaderOption@MOXIE@@QEAAXPEBD@Z	public: void __cdecl MOXIE::ShaderOption::setValue(char const * __ptr64) __ptr64
5815	?setValue@ShaderOption@MOXIE@@QEAAX_N@Z	public: void __cdecl MOXIE::ShaderOption::setValue(bool) __ptr64
5816	?setVelocity@AudEmitter@MOXIE@@QEAAXAEBVVector3@2@@Z	public: void __cdecl MOXIE::AudEmitter::setVelocity(class MOXIE::Vector3 const & __ptr64) __ptr64
5817	?setVertexAnim@Animator@MOXIE@@QEAAX_N@Z	public: void __cdecl MOXIE::Animator::setVertexAnim(bool) __ptr64
5818	?setVertexData@ShaderGL_ES2@MOXIE@@UEBAXPEAVVertexData@2@@Z	public: virtual void __cdecl MOXIE::ShaderGL_ES2::setVertexData(class MOXIE::VertexData * __ptr64)const __ptr64
5819	?setViewFlags@SGNode@MOXIE@@QEAAXI@Z	public: void __cdecl MOXIE::SGNode::setViewFlags(unsigned int) __ptr64
5820	?setViewIndex@RenderView@MOXIE@@QEAAXH@Z	public: void __cdecl MOXIE::RenderView::setViewIndex(int) __ptr64
5821	?setViewKey@Camera@MOXIE@@QEAAXI@Z	public: void __cdecl MOXIE::Camera::setViewKey(unsigned int) __ptr64
5822	?setViewMatrix@@YAXPEAXPEAM@Z	void __cdecl setViewMatrix(void * __ptr64,float * __ptr64)
5823	?setViewMatrix@Camera@MOXIE@@QEAAXAEBVMatrix4@2@@Z	public: void __cdecl MOXIE::Camera::setViewMatrix(class MOXIE::Matrix4 const & __ptr64) __ptr64
5824	?setViewport@RenderDeviceGL@MOXIE@@UEAAXAEBVViewport@2@_N@Z	public: virtual void __cdecl MOXIE::RenderDeviceGL::setViewport(class MOXIE::Viewport const & __ptr64,bool) __ptr64
5825	?setVisible@@YAXPEAX_N@Z	void __cdecl setVisible(void * __ptr64,bool)
5826	?setVisible@RenderDebug@MOXIE@@QEAAX_N@Z	public: void __cdecl MOXIE::RenderDebug::setVisible(bool) __ptr64
5827	?setVisible@SGNode@MOXIE@@QEAAX_N@Z	public: void __cdecl MOXIE::SGNode::setVisible(bool) __ptr64
5828	?setVolume@AudPlayer@MOXIE@@QEAAXMI@Z	public: void __cdecl MOXIE::AudPlayer::setVolume(float,unsigned int) __ptr64
5829	?setVolume@AudioPlayerMaux@MOXIE@@UEAAXM@Z	public: virtual void __cdecl MOXIE::AudioPlayerMaux::setVolume(float) __ptr64
5830	?setVolume@Sound@MOXIE@@QEAAXM@Z	public: void __cdecl MOXIE::Sound::setVolume(float) __ptr64
5831	?setVolumeOverTime@AudioPlayerMaux@MOXIE@@UEAAXMI@Z	public: virtual void __cdecl MOXIE::AudioPlayerMaux::setVolumeOverTime(float,unsigned int) __ptr64
5832	?setVolumeOverTime@Sound@MOXIE@@QEAAXMI@Z	public: void __cdecl MOXIE::Sound::setVolumeOverTime(float,unsigned int) __ptr64
5833	?setW@Vector4@MOXIE@@QEAAXM@Z	public: void __cdecl MOXIE::Vector4::setW(float) __ptr64
5834	?setWarmup@SGParticleEmitter@MOXIE@@QEAAX_N@Z	public: void __cdecl MOXIE::SGParticleEmitter::setWarmup(bool) __ptr64
5835	?setWireframeOverlayEnable@EnableManager@MOXIE@@QEAAX_N@Z	public: void __cdecl MOXIE::EnableManager::setWireframeOverlayEnable(bool) __ptr64
5836	?setWorldT@LApiCameraRig@duet@@SAHPEAUlua_State@@@Z	public: static int __cdecl duet::LApiCameraRig::setWorldT(struct lua_State * __ptr64)
5837	?setX@Vector2@MOXIE@@QEAAXM@Z	public: void __cdecl MOXIE::Vector2::setX(float) __ptr64
5838	?setX@Vector3@MOXIE@@QEAAXM@Z	public: void __cdecl MOXIE::Vector3::setX(float) __ptr64
5839	?setX@Vector4@MOXIE@@QEAAXM@Z	public: void __cdecl MOXIE::Vector4::setX(float) __ptr64
5840	?setY@Vector2@MOXIE@@QEAAXM@Z	public: void __cdecl MOXIE::Vector2::setY(float) __ptr64
5841	?setY@Vector3@MOXIE@@QEAAXM@Z	public: void __cdecl MOXIE::Vector3::setY(float) __ptr64
5842	?setY@Vector4@MOXIE@@QEAAXM@Z	public: void __cdecl MOXIE::Vector4::setY(float) __ptr64
5843	?setZ@Vector3@MOXIE@@QEAAXM@Z	public: void __cdecl MOXIE::Vector3::setZ(float) __ptr64
5844	?setZ@Vector4@MOXIE@@QEAAXM@Z	public: void __cdecl MOXIE::Vector4::setZ(float) __ptr64
5845	?setZFar@Camera@MOXIE@@QEAAXM@Z	public: void __cdecl MOXIE::Camera::setZFar(float) __ptr64
5846	?setZNear@Camera@MOXIE@@QEAAXM@Z	public: void __cdecl MOXIE::Camera::setZNear(float) __ptr64
5847	?setZero@Matrix3@MOXIE@@QEAAXXZ	public: void __cdecl MOXIE::Matrix3::setZero(void) __ptr64
5848	?setZero@Matrix4@MOXIE@@QEAAXXZ	public: void __cdecl MOXIE::Matrix4::setZero(void) __ptr64
5849	?setZeroInitialize@Buffer@@QEAAX_N@Z	public: void __cdecl Buffer::setZeroInitialize(bool) __ptr64
5850	?setZeroInitialize@Buffer@MOXIE@@QEAAX_N@Z	public: void __cdecl MOXIE::Buffer::setZeroInitialize(bool) __ptr64
5851	?setcwd@InternalFileSystem@MOXIE@@UEAA_NPEBD@Z	public: virtual bool __cdecl MOXIE::InternalFileSystem::setcwd(char const * __ptr64) __ptr64
5852	?setcwd@LocalFileSystem@MOXIE@@UEAA_NPEBD@Z	public: virtual bool __cdecl MOXIE::LocalFileSystem::setcwd(char const * __ptr64) __ptr64
5853	?setcwd@NestedFileSystem@MOXIE@@UEAA_NPEBD@Z	public: virtual bool __cdecl MOXIE::NestedFileSystem::setcwd(char const * __ptr64) __ptr64
5854	?setcwd@NetworkFileSystem@MOXIE@@UEAA_NPEBD@Z	public: virtual bool __cdecl MOXIE::NetworkFileSystem::setcwd(char const * __ptr64) __ptr64
5855	?setcwd@PackageFileSystem@MOXIE@@UEAA_NPEBD@Z	public: virtual bool __cdecl MOXIE::PackageFileSystem::setcwd(char const * __ptr64) __ptr64
5856	?setupDebugRendering@SGVideoCubePlayer@MOXIE@@AEAAXXZ	private: void __cdecl MOXIE::SGVideoCubePlayer::setupDebugRendering(void) __ptr64
5857	?setupForVR@RenderView@MOXIE@@QEAAXXZ	public: void __cdecl MOXIE::RenderView::setupForVR(void) __ptr64
5858	?setupRenderGraphDisplay@RenderManager@MOXIE@@QEAAXXZ	public: void __cdecl MOXIE::RenderManager::setupRenderGraphDisplay(void) __ptr64
5859	?shaderBegin@ShaderParser@MOXIE@@CAXH@Z	private: static void __cdecl MOXIE::ShaderParser::shaderBegin(int)
5860	?shaderEnd@ShaderParser@MOXIE@@CAXH@Z	private: static void __cdecl MOXIE::ShaderParser::shaderEnd(int)
5861	?shouldCodeBeIncluded@ShaderParser@MOXIE@@CA_NHH@Z	private: static bool __cdecl MOXIE::ShaderParser::shouldCodeBeIncluded(int,int)
5862	?show@LApiActorVignette@duet@@SAHPEAUlua_State@@@Z	public: static int __cdecl duet::LApiActorVignette::show(struct lua_State * __ptr64)
5863	?showOverlay@StoryPlayer@MOXIE@@IEAAXXZ	protected: void __cdecl MOXIE::StoryPlayer::showOverlay(void) __ptr64
5864	?shutdown@Engine@MOXIE@@IEAAXXZ	protected: void __cdecl MOXIE::Engine::shutdown(void) __ptr64
5865	?shutdownAll@Locator@MOXIE@@SA_NXZ	public: static bool __cdecl MOXIE::Locator::shutdownAll(void)
5866	?signal@Condition@MOXIE@@QEAAXXZ	public: void __cdecl MOXIE::Condition::signal(void) __ptr64
5867	?size@BufferObject@MOXIE@@QEBAIXZ	public: unsigned int __cdecl MOXIE::BufferObject::size(void)const __ptr64
5868	?size@FileStream@MOXIE@@QEAAIXZ	public: unsigned int __cdecl MOXIE::FileStream::size(void) __ptr64
5869	?size@FramePool@MOXIE@@QEBAIXZ	public: unsigned int __cdecl MOXIE::FramePool::size(void)const __ptr64
5870	?size@InternalFileSystem@MOXIE@@UEAAHPEBD@Z	public: virtual int __cdecl MOXIE::InternalFileSystem::size(char const * __ptr64) __ptr64
5871	?size@LocalFileSystem@MOXIE@@UEAAHPEBD@Z	public: virtual int __cdecl MOXIE::LocalFileSystem::size(char const * __ptr64) __ptr64
5872	?size@NestedFileSystem@MOXIE@@UEAAHPEBD@Z	public: virtual int __cdecl MOXIE::NestedFileSystem::size(char const * __ptr64) __ptr64
5873	?size@NetworkFileSystem@MOXIE@@UEAAHPEBD@Z	public: virtual int __cdecl MOXIE::NetworkFileSystem::size(char const * __ptr64) __ptr64
5874	?size@PackageFileSystem@MOXIE@@UEAAHPEBD@Z	public: virtual int __cdecl MOXIE::PackageFileSystem::size(char const * __ptr64) __ptr64
5875	?size@PixelFormat@MOXIE@@SAGW4EPixelFormat@2@@Z	public: static unsigned short __cdecl MOXIE::PixelFormat::size(enum MOXIE::EPixelFormat)
5876	?size@StackAllocator@MOXIE@@QEBAIXZ	public: unsigned int __cdecl MOXIE::StackAllocator::size(void)const __ptr64
5877	?size@String@MOXIE@@QEBAIXZ	public: unsigned int __cdecl MOXIE::String::size(void)const __ptr64
5878	?sleep@Thread@MOXIE@@SAXI@Z	public: static void __cdecl MOXIE::Thread::sleep(unsigned int)
5879	?slice@String@MOXIE@@QEBA?AV12@HH@Z	public: class MOXIE::String __cdecl MOXIE::String::slice(int,int)const __ptr64
5880	?sort@RenderDispatcher@MOXIE@@QEAAXXZ	public: void __cdecl MOXIE::RenderDispatcher::sort(void) __ptr64
5881	?spawn@SceneGraphResource@MOXIE@@QEAAPEAVSGNode@2@XZ	public: class MOXIE::SGNode * __ptr64 __cdecl MOXIE::SceneGraphResource::spawn(void) __ptr64
5882	?split@String@MOXIE@@QEBAIPEBDPEAPEAV12@@Z	public: unsigned int __cdecl MOXIE::String::split(char const * __ptr64,class MOXIE::String * __ptr64 * __ptr64)const __ptr64
5883	?splitFilenameExtFromPath@MaterialBaking@MOXIE@@YAXAEBVString@2@AEAV32@1@Z	void __cdecl MOXIE::MaterialBaking::splitFilenameExtFromPath(class MOXIE::String const & __ptr64,class MOXIE::String & __ptr64,class MOXIE::String & __ptr64)
5884	?splitUri@Uri@MOXIE@@AEAA_NPEAD_N@Z	private: bool __cdecl MOXIE::Uri::splitUri(char * __ptr64,bool) __ptr64
5885	?srdnoise2@SimplexNoise@MOXIE@@QEAAMMMMPEAM0@Z	public: float __cdecl MOXIE::SimplexNoise::srdnoise2(float,float,float,float * __ptr64,float * __ptr64) __ptr64
5886	?srdnoise3@SimplexNoise@MOXIE@@QEAAMMMMMPEAM00@Z	public: float __cdecl MOXIE::SimplexNoise::srdnoise3(float,float,float,float,float * __ptr64,float * __ptr64,float * __ptr64) __ptr64
5887	?stackDump@LUtil@MOXIE@@SAXPEAUlua_State@@PEBD@Z	public: static void __cdecl MOXIE::LUtil::stackDump(struct lua_State * __ptr64,char const * __ptr64)
5888	?start@PlatformAudioDriverDirectSound@MOXIE@@UEAA?AW4EAudioDrvStatus@2@XZ	public: virtual enum MOXIE::EAudioDrvStatus __cdecl MOXIE::PlatformAudioDriverDirectSound::start(void) __ptr64
5889	?start@ResourceMonitor@MOXIE@@QEAAXXZ	public: void __cdecl MOXIE::ResourceMonitor::start(void) __ptr64
5890	?start@Thread@MOXIE@@QEAA_NXZ	public: bool __cdecl MOXIE::Thread::start(void) __ptr64
5891	?start@Time@MOXIE@@QEAAXXZ	public: void __cdecl MOXIE::Time::start(void) __ptr64
5892	?startMixdown@AudEmitter@MOXIE@@QEAAXXZ	public: void __cdecl MOXIE::AudEmitter::startMixdown(void) __ptr64
5893	?startPlayingFrom@FlipbookSampler@MOXIE@@QEAAXI@Z	public: void __cdecl MOXIE::FlipbookSampler::startPlayingFrom(unsigned int) __ptr64
5894	?startSensorClient@SGCameraController@MOXIE@@QEAA_NXZ	public: bool __cdecl MOXIE::SGCameraController::startSensorClient(void) __ptr64
5895	?startSensorServer@SGCameraController@MOXIE@@QEAAXXZ	public: void __cdecl MOXIE::SGCameraController::startSensorServer(void) __ptr64
5896	?startThread@SGVideoCubePlayer@MOXIE@@AEAAXXZ	private: void __cdecl MOXIE::SGVideoCubePlayer::startThread(void) __ptr64
5897	?startswith@String@MOXIE@@QEBA_NAEBV12@@Z	public: bool __cdecl MOXIE::String::startswith(class MOXIE::String const & __ptr64)const __ptr64
5898	?startswith@String@MOXIE@@QEBA_NPEBD@Z	public: bool __cdecl MOXIE::String::startswith(char const * __ptr64)const __ptr64
5899	?startswith@String@MOXIE@@SA_NPEBD0@Z	public: static bool __cdecl MOXIE::String::startswith(char const * __ptr64,char const * __ptr64)
5900	?startup@Engine@MOXIE@@IEAAXXZ	protected: void __cdecl MOXIE::Engine::startup(void) __ptr64
5901	?startupAll@Locator@MOXIE@@SA_NXZ	public: static bool __cdecl MOXIE::Locator::startupAll(void)
5902	?status@InternalFileSystem@MOXIE@@UEAA?AW4EStatus@FileSystem@2@XZ	public: virtual enum MOXIE::FileSystem::EStatus __cdecl MOXIE::InternalFileSystem::status(void) __ptr64
5903	?status@LocalFileSystem@MOXIE@@UEAA?AW4EStatus@FileSystem@2@XZ	public: virtual enum MOXIE::FileSystem::EStatus __cdecl MOXIE::LocalFileSystem::status(void) __ptr64
5904	?status@NestedFileSystem@MOXIE@@UEAA?AW4EStatus@FileSystem@2@XZ	public: virtual enum MOXIE::FileSystem::EStatus __cdecl MOXIE::NestedFileSystem::status(void) __ptr64
5905	?status@NetworkFileSystem@MOXIE@@UEAA?AW4EStatus@FileSystem@2@XZ	public: virtual enum MOXIE::FileSystem::EStatus __cdecl MOXIE::NetworkFileSystem::status(void) __ptr64
5906	?status@PackageFileSystem@MOXIE@@UEAA?AW4EStatus@FileSystem@2@XZ	public: virtual enum MOXIE::FileSystem::EStatus __cdecl MOXIE::PackageFileSystem::status(void) __ptr64
5907	?status@ResourceHandle@MOXIE@@QEBA?AW4EStatus@Resource@2@XZ	public: enum MOXIE::Resource::EStatus __cdecl MOXIE::ResourceHandle::status(void)const __ptr64
5908	?step@Time@MOXIE@@QEAAXXZ	public: void __cdecl MOXIE::Time::step(void) __ptr64
5909	?stop@PlatformAudioDriverDirectSound@MOXIE@@UEAA?AW4EAudioDrvStatus@2@XZ	public: virtual enum MOXIE::EAudioDrvStatus __cdecl MOXIE::PlatformAudioDriverDirectSound::stop(void) __ptr64
5910	?stop@ResourceMonitor@MOXIE@@QEAAXXZ	public: void __cdecl MOXIE::ResourceMonitor::stop(void) __ptr64
5911	?stop@SGVideoCubePlayer@MOXIE@@UEAAXXZ	public: virtual void __cdecl MOXIE::SGVideoCubePlayer::stop(void) __ptr64
5912	?stop@SGVideoCubeRectPlayer@MOXIE@@UEAAXXZ	public: virtual void __cdecl MOXIE::SGVideoCubeRectPlayer::stop(void) __ptr64
5913	?stop@SGVideoLatLongPlayer@MOXIE@@UEAAXXZ	public: virtual void __cdecl MOXIE::SGVideoLatLongPlayer::stop(void) __ptr64
5914	?stop@StoryPlayer@MOXIE@@IEAA_NXZ	protected: bool __cdecl MOXIE::StoryPlayer::stop(void) __ptr64
5915	?stop@StorySubtitles@MOXIE@@QEAAXVString@2@@Z	public: void __cdecl MOXIE::StorySubtitles::stop(class MOXIE::String) __ptr64
5916	?stop@Time@MOXIE@@QEAAXXZ	public: void __cdecl MOXIE::Time::stop(void) __ptr64
5917	?stop@VideoCubeManager@MOXIE@@QEAAXXZ	public: void __cdecl MOXIE::VideoCubeManager::stop(void) __ptr64
5918	?stopSensorClient@SGCameraController@MOXIE@@QEAAXXZ	public: void __cdecl MOXIE::SGCameraController::stopSensorClient(void) __ptr64
5919	?stopThread@SGVideoCubePlayer@MOXIE@@AEAAXXZ	private: void __cdecl MOXIE::SGVideoCubePlayer::stopThread(void) __ptr64
5920	?storeDefaultFrameBuffer@RenderDevice@MOXIE@@SAIXZ	public: static unsigned int __cdecl MOXIE::RenderDevice::storeDefaultFrameBuffer(void)
5921	?stripPath@MOXIE@@YAPEBDPEBD@Z	char const * __ptr64 __cdecl MOXIE::stripPath(char const * __ptr64)
5922	?structAddLine@ShaderParser@MOXIE@@CAXAEBVString@2@@Z	private: static void __cdecl MOXIE::ShaderParser::structAddLine(class MOXIE::String const & __ptr64)
5923	?structBegin@ShaderParser@MOXIE@@CAXAEBVString@2@@Z	private: static void __cdecl MOXIE::ShaderParser::structBegin(class MOXIE::String const & __ptr64)
5924	?structEnd@ShaderParser@MOXIE@@CAXXZ	private: static void __cdecl MOXIE::ShaderParser::structEnd(void)
5925	?structExists@ShaderParser@MOXIE@@SA_NAEBVString@2@@Z	public: static bool __cdecl MOXIE::ShaderParser::structExists(class MOXIE::String const & __ptr64)
5926	?sub@Matrix3@MOXIE@@QEAAXAEBV12@@Z	public: void __cdecl MOXIE::Matrix3::sub(class MOXIE::Matrix3 const & __ptr64) __ptr64
5927	?sub@Matrix4@MOXIE@@QEAAXAEBV12@@Z	public: void __cdecl MOXIE::Matrix4::sub(class MOXIE::Matrix4 const & __ptr64) __ptr64
5928	?sub@Vector2@MOXIE@@QEAAXAEBV12@@Z	public: void __cdecl MOXIE::Vector2::sub(class MOXIE::Vector2 const & __ptr64) __ptr64
5929	?sub@Vector3@MOXIE@@QEAAXAEBV12@@Z	public: void __cdecl MOXIE::Vector3::sub(class MOXIE::Vector3 const & __ptr64) __ptr64
5930	?sub@Vector4@MOXIE@@QEAAXAEBV12@@Z	public: void __cdecl MOXIE::Vector4::sub(class MOXIE::Vector4 const & __ptr64) __ptr64
5931	?submit@RenderDispatcher@MOXIE@@QEAAX_KAEAVCommandBuffer@12@@Z	public: void __cdecl MOXIE::RenderDispatcher::submit(unsigned __int64,class MOXIE::RenderDispatcher::CommandBuffer & __ptr64) __ptr64
5932	?supportsVAO@RenderDeviceGL@MOXIE@@QEBA_NXZ	public: bool __cdecl MOXIE::RenderDeviceGL::supportsVAO(void)const __ptr64
5933	?swap@RenderDeviceGL@MOXIE@@UEAAXXZ	public: virtual void __cdecl MOXIE::RenderDeviceGL::swap(void) __ptr64
5934	?sync@RenderDeviceGL@MOXIE@@UEAAXXZ	public: virtual void __cdecl MOXIE::RenderDeviceGL::sync(void) __ptr64
5935	?syncParameters@MaterialPass@MOXIE@@QEAAXXZ	public: void __cdecl MOXIE::MaterialPass::syncParameters(void) __ptr64
5936	?syncRenderStates@MaterialPass@MOXIE@@QEAAXXZ	public: void __cdecl MOXIE::MaterialPass::syncRenderStates(void) __ptr64
5937	?tell@FileStream@MOXIE@@QEBAHXZ	public: int __cdecl MOXIE::FileStream::tell(void)const __ptr64
5938	?tell@InternalFileSystem@MOXIE@@UEAAH_K@Z	public: virtual int __cdecl MOXIE::InternalFileSystem::tell(unsigned __int64) __ptr64
5939	?tell@LocalFileSystem@MOXIE@@UEAAH_K@Z	public: virtual int __cdecl MOXIE::LocalFileSystem::tell(unsigned __int64) __ptr64
5940	?tell@NestedFileSystem@MOXIE@@UEAAH_K@Z	public: virtual int __cdecl MOXIE::NestedFileSystem::tell(unsigned __int64) __ptr64
5941	?tell@NetworkFileSystem@MOXIE@@UEAAH_K@Z	public: virtual int __cdecl MOXIE::NetworkFileSystem::tell(unsigned __int64) __ptr64
5942	?tell@PackageFileSystem@MOXIE@@UEAAH_K@Z	public: virtual int __cdecl MOXIE::PackageFileSystem::tell(unsigned __int64) __ptr64
5943	?tell@ZipEntry@MOXIE@@QEBA_JXZ	public: __int64 __cdecl MOXIE::ZipEntry::tell(void)const __ptr64
5944	?tellFrame@AudioDataSource@MOXIE@@QEBAIXZ	public: unsigned int __cdecl MOXIE::AudioDataSource::tellFrame(void)const __ptr64
5945	?tellRaw@AudioDataSource@MOXIE@@QEBAHXZ	public: int __cdecl MOXIE::AudioDataSource::tellRaw(void)const __ptr64
5946	?terminate@AudEmitter@MOXIE@@QEAAXXZ	public: void __cdecl MOXIE::AudEmitter::terminate(void) __ptr64
5947	?terminate@AudPlayer@MOXIE@@QEAAXXZ	public: void __cdecl MOXIE::AudPlayer::terminate(void) __ptr64
5948	?terminate@Engine@MOXIE@@QEAAXXZ	public: void __cdecl MOXIE::Engine::terminate(void) __ptr64
5949	?terminate@EngineLocator@MOXIE@@SAXXZ	public: static void __cdecl MOXIE::EngineLocator::terminate(void)
5950	?terminate@FileSystemLocator@MOXIE@@YAXXZ	void __cdecl MOXIE::FileSystemLocator::terminate(void)
5951	?terminate@Locator@MOXIE@@SAXXZ	public: static void __cdecl MOXIE::Locator::terminate(void)
5952	?terminate@Log@MOXIE@@YAXXZ	void __cdecl MOXIE::Log::terminate(void)
5953	?terminate@PackageFileSystem@MOXIE@@QEAAXXZ	public: void __cdecl MOXIE::PackageFileSystem::terminate(void) __ptr64
5954	?terminate@PlatformAudioDriverDirectSound@MOXIE@@UEAAXXZ	public: virtual void __cdecl MOXIE::PlatformAudioDriverDirectSound::terminate(void) __ptr64
5955	?terminate@RenderDeviceGL@MOXIE@@MEAAXXZ	protected: virtual void __cdecl MOXIE::RenderDeviceGL::terminate(void) __ptr64
5956	?terminate@Thread@MOXIE@@QEAA_NXZ	public: bool __cdecl MOXIE::Thread::terminate(void) __ptr64
5957	?test@BitStream@MOXIE@@SA_NXZ	public: static bool __cdecl MOXIE::BitStream::test(void)
5958	?threadProc@Thread@MOXIE@@KAIPEAX@Z	protected: static unsigned int __cdecl MOXIE::Thread::threadProc(void * __ptr64)
5959	?threadRun@JobQueue@MOXIE@@AEAAXXZ	private: void __cdecl MOXIE::JobQueue::threadRun(void) __ptr64
5960	?threadStart@JobQueue@MOXIE@@AEAAXXZ	private: void __cdecl MOXIE::JobQueue::threadStart(void) __ptr64
5961	?tick@Time@MOXIE@@QEAA_KXZ	public: unsigned __int64 __cdecl MOXIE::Time::tick(void) __ptr64
5962	?timedWait@Condition@MOXIE@@QEAA_NII@Z	public: bool __cdecl MOXIE::Condition::timedWait(unsigned int,unsigned int) __ptr64
5963	?toClipSpace@LApiUtil@duet@@SAHPEAUlua_State@@@Z	public: static int __cdecl duet::LApiUtil::toClipSpace(struct lua_State * __ptr64)
5964	?toggleFullscreen@Win32Utils@@SA_NAEAUWindowInfo@1@@Z	public: static bool __cdecl Win32Utils::toggleFullscreen(struct Win32Utils::WindowInfo & __ptr64)
5965	?tokenIs@Lexer@MOXIE@@QEAA_NW4ELexType@2@PEBD_N@Z	public: bool __cdecl MOXIE::Lexer::tokenIs(enum MOXIE::ELexType,char const * __ptr64,bool) __ptr64
5966	?trace@Matrix3@MOXIE@@QEBAMXZ	public: float __cdecl MOXIE::Matrix3::trace(void)const __ptr64
5967	?trace@Matrix4@MOXIE@@QEBAMXZ	public: float __cdecl MOXIE::Matrix4::trace(void)const __ptr64
5968	?track@MemoryTracker@@QEAAPEAXPEAXIPEADI_N@Z	public: void * __ptr64 __cdecl MemoryTracker::track(void * __ptr64,unsigned int,char * __ptr64,unsigned int,bool) __ptr64
5969	?track@UriManager@MOXIE@@QEAAXAEBVUri@2@@Z	public: void __cdecl MOXIE::UriManager::track(class MOXIE::Uri const & __ptr64) __ptr64
5970	?transformChanged@SGCamera@MOXIE@@MEAAXXZ	protected: virtual void __cdecl MOXIE::SGCamera::transformChanged(void) __ptr64
5971	?transformChanged@SGTransform@MOXIE@@MEAAXXZ	protected: virtual void __cdecl MOXIE::SGTransform::transformChanged(void) __ptr64
5972	?transformed@AABBox@MOXIE@@QEBA?AV12@AEBVMatrix4@2@@Z	public: class MOXIE::AABBox __cdecl MOXIE::AABBox::transformed(class MOXIE::Matrix4 const & __ptr64)const __ptr64
5973	?transformed@AABBox@MOXIE@@QEBA?AV12@AEBVTransform@2@@Z	public: class MOXIE::AABBox __cdecl MOXIE::AABBox::transformed(class MOXIE::Transform const & __ptr64)const __ptr64
5974	?translate@AABBox@MOXIE@@QEAAXAEBVVector3@2@@Z	public: void __cdecl MOXIE::AABBox::translate(class MOXIE::Vector3 const & __ptr64) __ptr64
5975	?translate@Matrix4@MOXIE@@QEAAXAEBVVector3@2@@Z	public: void __cdecl MOXIE::Matrix4::translate(class MOXIE::Vector3 const & __ptr64) __ptr64
5976	?translate@SGTransform@MOXIE@@QEAAXAEBVVector3@2@@Z	public: void __cdecl MOXIE::SGTransform::translate(class MOXIE::Vector3 const & __ptr64) __ptr64
5977	?translate@Transform@MOXIE@@QEAAXAEBVVector3@2@@Z	public: void __cdecl MOXIE::Transform::translate(class MOXIE::Vector3 const & __ptr64) __ptr64
5978	?transpose3x3@Matrix4@MOXIE@@QEAAXXZ	public: void __cdecl MOXIE::Matrix4::transpose3x3(void) __ptr64
5979	?transpose@Matrix3@MOXIE@@QEAAXXZ	public: void __cdecl MOXIE::Matrix3::transpose(void) __ptr64
5980	?transpose@Matrix4@MOXIE@@QEAAXXZ	public: void __cdecl MOXIE::Matrix4::transpose(void) __ptr64
5981	?transposeMatrix@@YAXPEAM0@Z	void __cdecl transposeMatrix(float * __ptr64,float * __ptr64)
5982	?trim@String@MOXIE@@QEAAXXZ	public: void __cdecl MOXIE::String::trim(void) __ptr64
5983	?trimwhitespace@MOXIE@@YAHPEADHPEBD@Z	int __cdecl MOXIE::trimwhitespace(char * __ptr64,int,char const * __ptr64)
5984	?tryLock@Mutex@MOXIE@@QEAA_NXZ	public: bool __cdecl MOXIE::Mutex::tryLock(void) __ptr64
5985	?unbindTextures@RenderDeviceGL@MOXIE@@UEAAXI@Z	public: virtual void __cdecl MOXIE::RenderDeviceGL::unbindTextures(unsigned int) __ptr64
5986	?ungetChar@Lexer@MOXIE@@QEAADXZ	public: char __cdecl MOXIE::Lexer::ungetChar(void) __ptr64
5987	?unitTest_Matrix@LApiDuet@duet@@SAHPEAUlua_State@@@Z	public: static int __cdecl duet::LApiDuet::unitTest_Matrix(struct lua_State * __ptr64)
5988	?unitTest_Quaternion@LApiDuet@duet@@SAHPEAUlua_State@@@Z	public: static int __cdecl duet::LApiDuet::unitTest_Quaternion(struct lua_State * __ptr64)
5989	?unitTest_SRT@LApiDuet@duet@@SAHPEAUlua_State@@@Z	public: static int __cdecl duet::LApiDuet::unitTest_SRT(struct lua_State * __ptr64)
5990	?unitTest_Vector@LApiDuet@duet@@SAHPEAUlua_State@@@Z	public: static int __cdecl duet::LApiDuet::unitTest_Vector(struct lua_State * __ptr64)
5991	?unload@Resource@MOXIE@@QEAAXXZ	public: void __cdecl MOXIE::Resource::unload(void) __ptr64
5992	?unloadResource@AudioSystem@MOXIE@@QEAA?AW4MauxStatus@2@I@Z	public: enum MOXIE::MauxStatus __cdecl MOXIE::AudioSystem::unloadResource(unsigned int) __ptr64
5993	?unlock@AudServices@MOXIE@@QEAAXXZ	public: void __cdecl MOXIE::AudServices::unlock(void) __ptr64
5994	?unlock@Mutex@MOXIE@@QEAAXXZ	public: void __cdecl MOXIE::Mutex::unlock(void) __ptr64
5995	?unlockMixBuffer@gsaDecoder@MOXIE@@CAXXZ	private: static void __cdecl MOXIE::gsaDecoder::unlockMixBuffer(void)
5996	?unpackVectorFromU64@gsaDecoder@MOXIE@@QEAAX_KPEAMII@Z	public: void __cdecl MOXIE::gsaDecoder::unpackVectorFromU64(unsigned __int64,float * __ptr64,unsigned int,unsigned int) __ptr64
5997	?unproject@RenderDevice@MOXIE@@QEBA?AVRay@2@AEBVCamera@2@AEBVViewport@2@AEBVVector2@2@@Z	public: class MOXIE::Ray __cdecl MOXIE::RenderDevice::unproject(class MOXIE::Camera const & __ptr64,class MOXIE::Viewport const & __ptr64,class MOXIE::Vector2 const & __ptr64)const __ptr64
5998	?unprojectFromScreen@@YAXPEAXPEAM11@Z	void __cdecl unprojectFromScreen(void * __ptr64,float * __ptr64,float * __ptr64,float * __ptr64)
5999	?unregisterArchiveFiles@StoryManager@MOXIE@@QEAAXI@Z	public: void __cdecl MOXIE::StoryManager::unregisterArchiveFiles(unsigned int) __ptr64
6000	?unregisterCallback@AudPlayer@MOXIE@@QEAA?AW4MauxStatus@2@W4EPlayerCallback@2@P6AXPEAX0II@Z1I@Z	public: enum MOXIE::MauxStatus __cdecl MOXIE::AudPlayer::unregisterCallback(enum MOXIE::EPlayerCallback,void (__cdecl*)(void * __ptr64,enum MOXIE::EPlayerCallback,unsigned int,unsigned int),void * __ptr64,unsigned int) __ptr64
6001	?unregisterFile@NetworkFileSystem@MOXIE@@QEAAXPEBD@Z	public: void __cdecl MOXIE::NetworkFileSystem::unregisterFile(char const * __ptr64) __ptr64
6002	?unregisterPlayer@VideoCubeManager@MOXIE@@QEAAXPEAVSGVideo360Player@2@@Z	public: void __cdecl MOXIE::VideoCubeManager::unregisterPlayer(class MOXIE::SGVideo360Player * __ptr64) __ptr64
6003	?unregisterPlayerCallback@AudioSystem@MOXIE@@QEAA?AW4MauxStatus@2@IW4EPlayerCallback@2@P6AXPEAX0II@Z1I@Z	public: enum MOXIE::MauxStatus __cdecl MOXIE::AudioSystem::unregisterPlayerCallback(unsigned int,enum MOXIE::EPlayerCallback,void (__cdecl*)(void * __ptr64,enum MOXIE::EPlayerCallback,unsigned int,unsigned int),void * __ptr64,unsigned int) __ptr64
6004	?untrack@MemoryTracker@@QEAAPEAXPEAXPEADI_N@Z	public: void * __ptr64 __cdecl MemoryTracker::untrack(void * __ptr64,char * __ptr64,unsigned int,bool) __ptr64
6005	?update@BobberField@MOXIE@@UEAAXAEBVMatrix4@2@@Z	public: virtual void __cdecl MOXIE::BobberField::update(class MOXIE::Matrix4 const & __ptr64) __ptr64
6006	?update@Camera@MOXIE@@IEAAXXZ	protected: void __cdecl MOXIE::Camera::update(void) __ptr64
6007	?update@DefaultAnimMixer@MOXIE@@UEAAXPEAVAnimator@2@PEAPEAVAnimation@2@I@Z	public: virtual void __cdecl MOXIE::DefaultAnimMixer::update(class MOXIE::Animator * __ptr64,class MOXIE::Animation * __ptr64 * __ptr64,unsigned int) __ptr64
6008	?update@Engine@MOXIE@@QEAAXXZ	public: void __cdecl MOXIE::Engine::update(void) __ptr64
6009	?update@ForceField@MOXIE@@UEAAXAEBVMatrix4@2@@Z	public: virtual void __cdecl MOXIE::ForceField::update(class MOXIE::Matrix4 const & __ptr64) __ptr64
6010	?update@LApiActorVignette@duet@@SAHPEAUlua_State@@@Z	public: static int __cdecl duet::LApiActorVignette::update(struct lua_State * __ptr64)
6011	?update@MaterialBaking@MOXIE@@YA_NAEBVString@2@0PEAVModelResource@2@PEAVMaterial@2@@Z	bool __cdecl MOXIE::MaterialBaking::update(class MOXIE::String const & __ptr64,class MOXIE::String const & __ptr64,class MOXIE::ModelResource * __ptr64,class MOXIE::Material * __ptr64)
6012	?update@SGDebugCameraController@MOXIE@@UEAAXXZ	public: virtual void __cdecl MOXIE::SGDebugCameraController::update(void) __ptr64
6013	?update@SGNode@MOXIE@@UEAAXI@Z	public: virtual void __cdecl MOXIE::SGNode::update(unsigned int) __ptr64
6014	?update@SceneGraph@MOXIE@@QEAAXI@Z	public: void __cdecl MOXIE::SceneGraph::update(unsigned int) __ptr64
6015	?update@StorySubtitles@MOXIE@@QEAAXXZ	public: void __cdecl MOXIE::StorySubtitles::update(void) __ptr64
6016	?update@TornadoField@MOXIE@@UEAAXAEBVMatrix4@2@@Z	public: virtual void __cdecl MOXIE::TornadoField::update(class MOXIE::Matrix4 const & __ptr64) __ptr64
6017	?update@TurbulenceField2D@MOXIE@@UEAAXAEBVMatrix4@2@@Z	public: virtual void __cdecl MOXIE::TurbulenceField2D::update(class MOXIE::Matrix4 const & __ptr64) __ptr64
6018	?update@TurbulenceField3D@MOXIE@@UEAAXAEBVMatrix4@2@@Z	public: virtual void __cdecl MOXIE::TurbulenceField3D::update(class MOXIE::Matrix4 const & __ptr64) __ptr64
6019	?update@VertexAnimator@MOXIE@@SAXAEBV?$TArray@UVertexAnimatedMesh@MOXIE@@@2@PEBVAnimation@2@IPEAVAnimator@2@MPEA_NI@Z	public: static void __cdecl MOXIE::VertexAnimator::update(class MOXIE::TArray<struct MOXIE::VertexAnimatedMesh> const & __ptr64,class MOXIE::Animation const * __ptr64,unsigned int,class MOXIE::Animator * __ptr64,float,bool * __ptr64,unsigned int)
6020	?update@VortexField@MOXIE@@UEAAXAEBVMatrix4@2@@Z	public: virtual void __cdecl MOXIE::VortexField::update(class MOXIE::Matrix4 const & __ptr64) __ptr64
6021	?updateActor@LApiActorMover@duet@@SA_NPEAUlua_State@@AEBVString@MOXIE@@AEBVlSRT@2@MI@Z	public: static bool __cdecl duet::LApiActorMover::updateActor(struct lua_State * __ptr64,class MOXIE::String const & __ptr64,class duet::lSRT const & __ptr64,float,unsigned int)
6022	?updateAll@Locator@MOXIE@@SAXXZ	public: static void __cdecl MOXIE::Locator::updateAll(void)
6023	?updateAnimation@Animator@MOXIE@@QEAAXXZ	public: void __cdecl MOXIE::Animator::updateAnimation(void) __ptr64
6024	?updateAnimation@FlipbookAnimator@MOXIE@@QEAAXXZ	public: void __cdecl MOXIE::FlipbookAnimator::updateAnimation(void) __ptr64
6025	?updateBegin@LApiDuet@duet@@SAHPEAUlua_State@@@Z	public: static int __cdecl duet::LApiDuet::updateBegin(struct lua_State * __ptr64)
6026	?updateBoundsIfDirty@SGTransform@MOXIE@@IEAAXXZ	protected: void __cdecl MOXIE::SGTransform::updateBoundsIfDirty(void) __ptr64
6027	?updateCameraFrustum@LApiActorsLayer@duet@@SAHPEAUlua_State@@@Z	public: static int __cdecl duet::LApiActorsLayer::updateCameraFrustum(struct lua_State * __ptr64)
6028	?updateCameraViewMatrix@@YAXPEAXPEAM@Z	void __cdecl updateCameraViewMatrix(void * __ptr64,float * __ptr64)
6029	?updateComponents@SGGroup@MOXIE@@UEAAXI@Z	public: virtual void __cdecl MOXIE::SGGroup::updateComponents(unsigned int) __ptr64
6030	?updateComponents@SGNode@MOXIE@@UEAAXI@Z	public: virtual void __cdecl MOXIE::SGNode::updateComponents(unsigned int) __ptr64
6031	?updateDataKey@MaterialParameterConstant@MOXIE@@UEAAXXZ	public: virtual void __cdecl MOXIE::MaterialParameterConstant::updateDataKey(void) __ptr64
6032	?updateDataKey@MaterialParameterTexture@MOXIE@@UEAAXXZ	public: virtual void __cdecl MOXIE::MaterialParameterTexture::updateDataKey(void) __ptr64
6033	?updateDeltaYaw@LApiSegmentManager@duet@@SAHPEAUlua_State@@@Z	public: static int __cdecl duet::LApiSegmentManager::updateDeltaYaw(struct lua_State * __ptr64)
6034	?updateEnd@LApiDuet@duet@@SAHPEAUlua_State@@@Z	public: static int __cdecl duet::LApiDuet::updateEnd(struct lua_State * __ptr64)
6035	?updateFlags@SGNode@MOXIE@@IEAAXXZ	protected: void __cdecl MOXIE::SGNode::updateFlags(void) __ptr64
6036	?updateFocusDriver@LApiParticlesController@duet@@SAHPEAUlua_State@@@Z	public: static int __cdecl duet::LApiParticlesController::updateFocusDriver(struct lua_State * __ptr64)
6037	?updateIndexBuffer@RenderDeviceGL@MOXIE@@UEAAXPEAVIndexBuffer@2@IIPEBX@Z	public: virtual void __cdecl MOXIE::RenderDeviceGL::updateIndexBuffer(class MOXIE::IndexBuffer * __ptr64,unsigned int,unsigned int,void const * __ptr64) __ptr64
6038	?updateIndexBuffer@VertexData@MOXIE@@QEAAXPEAVRenderDevice@2@PEBXII@Z	public: void __cdecl MOXIE::VertexData::updateIndexBuffer(class MOXIE::RenderDevice * __ptr64,void const * __ptr64,unsigned int,unsigned int) __ptr64
6039	?updateInput@SGDebugCameraController@MOXIE@@QEAAXXZ	public: void __cdecl MOXIE::SGDebugCameraController::updateInput(void) __ptr64
6040	?updateLayersNative@LApiCameraRig@duet@@SAHPEAUlua_State@@@Z	public: static int __cdecl duet::LApiCameraRig::updateLayersNative(struct lua_State * __ptr64)
6041	?updateMaterial@LApiIntroEnvControl@duet@@SAHPEAUlua_State@@@Z	public: static int __cdecl duet::LApiIntroEnvControl::updateMaterial(struct lua_State * __ptr64)
6042	?updateModelMatrices@SGModelInstance@MOXIE@@QEAAXXZ	public: void __cdecl MOXIE::SGModelInstance::updateModelMatrices(void) __ptr64
6043	?updateOffscreenTimer@LApiActorsLayer@duet@@SAHPEAUlua_State@@@Z	public: static int __cdecl duet::LApiActorsLayer::updateOffscreenTimer(struct lua_State * __ptr64)
6044	?updateOpenVolume@NetworkFileSystem@MOXIE@@IEAAPEAVZipEntry@2@AEBUVolumedFile@12@PEAUFile@12@PEA_K@Z	protected: class MOXIE::ZipEntry * __ptr64 __cdecl MOXIE::NetworkFileSystem::updateOpenVolume(struct MOXIE::NetworkFileSystem::VolumedFile const & __ptr64,struct MOXIE::NetworkFileSystem::File * __ptr64,unsigned __int64 * __ptr64) __ptr64
6045	?updateOption@MaterialBaking@MOXIE@@YAXAEBVString@2@000PEAVModelResource@2@PEAVMaterial@2@@Z	void __cdecl MOXIE::MaterialBaking::updateOption(class MOXIE::String const & __ptr64,class MOXIE::String const & __ptr64,class MOXIE::String const & __ptr64,class MOXIE::String const & __ptr64,class MOXIE::ModelResource * __ptr64,class MOXIE::Material * __ptr64)
6046	?updateOption@MaterialBaking@MOXIE@@YAXAEBVString@2@H00PEAVModelResource@2@PEAVMaterial@2@@Z	void __cdecl MOXIE::MaterialBaking::updateOption(class MOXIE::String const & __ptr64,int,class MOXIE::String const & __ptr64,class MOXIE::String const & __ptr64,class MOXIE::ModelResource * __ptr64,class MOXIE::Material * __ptr64)
6047	?updateOption@MaterialBaking@MOXIE@@YAXAEBVString@2@M00PEAVModelResource@2@PEAVMaterial@2@@Z	void __cdecl MOXIE::MaterialBaking::updateOption(class MOXIE::String const & __ptr64,float,class MOXIE::String const & __ptr64,class MOXIE::String const & __ptr64,class MOXIE::ModelResource * __ptr64,class MOXIE::Material * __ptr64)
6048	?updateParameter@MaterialBaking@MOXIE@@YAXAEBVString@2@000PEAVModelResource@2@PEAVMaterial@2@@Z	void __cdecl MOXIE::MaterialBaking::updateParameter(class MOXIE::String const & __ptr64,class MOXIE::String const & __ptr64,class MOXIE::String const & __ptr64,class MOXIE::String const & __ptr64,class MOXIE::ModelResource * __ptr64,class MOXIE::Material * __ptr64)
6049	?updateParameter@MaterialBaking@MOXIE@@YAXAEBVString@2@H00PEAVModelResource@2@PEAVMaterial@2@@Z	void __cdecl MOXIE::MaterialBaking::updateParameter(class MOXIE::String const & __ptr64,int,class MOXIE::String const & __ptr64,class MOXIE::String const & __ptr64,class MOXIE::ModelResource * __ptr64,class MOXIE::Material * __ptr64)
6050	?updateParameter@MaterialBaking@MOXIE@@YAXAEBVString@2@PEBM00PEAVModelResource@2@PEAVMaterial@2@@Z	void __cdecl MOXIE::MaterialBaking::updateParameter(class MOXIE::String const & __ptr64,float const * __ptr64,class MOXIE::String const & __ptr64,class MOXIE::String const & __ptr64,class MOXIE::ModelResource * __ptr64,class MOXIE::Material * __ptr64)
6051	?updateParameterChannel@MaterialBaking@MOXIE@@YAXAEBVString@2@H00PEAVModelResource@2@PEAVMaterial@2@@Z	void __cdecl MOXIE::MaterialBaking::updateParameterChannel(class MOXIE::String const & __ptr64,int,class MOXIE::String const & __ptr64,class MOXIE::String const & __ptr64,class MOXIE::ModelResource * __ptr64,class MOXIE::Material * __ptr64)
6052	?updateProfileStats@SGVideoCubePlayer@MOXIE@@QEAAXXZ	public: void __cdecl MOXIE::SGVideoCubePlayer::updateProfileStats(void) __ptr64
6053	?updateSchedule@StoryGSM@MOXIE@@QEAA_NXZ	public: bool __cdecl MOXIE::StoryGSM::updateSchedule(void) __ptr64
6054	?updateStats@LApplication@MOXIE@@IEAAXXZ	protected: void __cdecl MOXIE::LApplication::updateStats(void) __ptr64
6055	?updateSurfaceWithPadding@Surface@MOXIE@@AEAAXXZ	private: void __cdecl MOXIE::Surface::updateSurfaceWithPadding(void) __ptr64
6056	?updateTexture@RenderDeviceGL@MOXIE@@UEAAXPEAVTexture@2@AEBVSurface@2@@Z	public: virtual void __cdecl MOXIE::RenderDeviceGL::updateTexture(class MOXIE::Texture * __ptr64,class MOXIE::Surface const & __ptr64) __ptr64
6057	?updateTexture@RenderDeviceGL@MOXIE@@UEAAXPEAVTexture@2@PEBXIHHHII@Z	public: virtual void __cdecl MOXIE::RenderDeviceGL::updateTexture(class MOXIE::Texture * __ptr64,void const * __ptr64,unsigned int,int,int,int,unsigned int,unsigned int) __ptr64
6058	?updateTextures@SGVideoCubePlayer@MOXIE@@QEAAXXZ	public: void __cdecl MOXIE::SGVideoCubePlayer::updateTextures(void) __ptr64
6059	?updateTransformIfDirty@SGTransform@MOXIE@@IEAAXXZ	protected: void __cdecl MOXIE::SGTransform::updateTransformIfDirty(void) __ptr64
6060	?updateVertexBuffer@RenderDeviceGL@MOXIE@@UEAAXPEAVVertexBuffer@2@IIPEBX@Z	public: virtual void __cdecl MOXIE::RenderDeviceGL::updateVertexBuffer(class MOXIE::VertexBuffer * __ptr64,unsigned int,unsigned int,void const * __ptr64) __ptr64
6061	?updateVertexBuffer@VertexData@MOXIE@@QEAAXPEAVRenderDevice@2@W4EVertexAttribute@2@PEBXII@Z	public: void __cdecl MOXIE::VertexData::updateVertexBuffer(class MOXIE::RenderDevice * __ptr64,enum MOXIE::EVertexAttribute,void const * __ptr64,unsigned int,unsigned int) __ptr64
6062	?updateViewMatrix@SGCamera@MOXIE@@QEAAXXZ	public: void __cdecl MOXIE::SGCamera::updateViewMatrix(void) __ptr64
6063	?uploadTextures@VideoCubeManager@MOXIE@@QEAAXXZ	public: void __cdecl MOXIE::VideoCubeManager::uploadTextures(void) __ptr64
6064	?used@FramePool@MOXIE@@QEBAIXZ	public: unsigned int __cdecl MOXIE::FramePool::used(void)const __ptr64
6065	?validate@@YA_NPEBDII@Z	bool __cdecl validate(char const * __ptr64,unsigned int,unsigned int)
6066	?validateMaterialLinks@MaterialBaking@MOXIE@@YA_NAEBVString@2@PEAVModelResource@2@@Z	bool __cdecl MOXIE::MaterialBaking::validateMaterialLinks(class MOXIE::String const & __ptr64,class MOXIE::ModelResource * __ptr64)
6067	?validateThread@Engine@MOXIE@@QEAA_NXZ	public: bool __cdecl MOXIE::Engine::validateThread(void) __ptr64
6068	?verify@MemoryTracker@@QEAA_NXZ	public: bool __cdecl MemoryTracker::verify(void) __ptr64
6069	?verifyInternal@Matrix3@MOXIE@@QEAA_NXZ	public: bool __cdecl MOXIE::Matrix3::verifyInternal(void) __ptr64
6070	?verifyInternal@Vector2@MOXIE@@QEAA_NXZ	public: bool __cdecl MOXIE::Vector2::verifyInternal(void) __ptr64
6071	?verifyInternal@Vector3@MOXIE@@QEAA_NXZ	public: bool __cdecl MOXIE::Vector3::verifyInternal(void) __ptr64
6072	?verifyInternal@Vector4@MOXIE@@QEAA_NXZ	public: bool __cdecl MOXIE::Vector4::verifyInternal(void) __ptr64
6073	?verifyVertexAttributeIndices@ShaderGL_ES2@MOXIE@@AEAA_NXZ	private: bool __cdecl MOXIE::ShaderGL_ES2::verifyVertexAttributeIndices(void) __ptr64
6074	?vprintf@FileStream@MOXIE@@QEAAHPEBDPEAD@Z	public: int __cdecl MOXIE::FileStream::vprintf(char const * __ptr64,char * __ptr64) __ptr64
6075	?vprintf@InternalFileSystem@MOXIE@@UEAAH_KPEBDPEAD@Z	public: virtual int __cdecl MOXIE::InternalFileSystem::vprintf(unsigned __int64,char const * __ptr64,char * __ptr64) __ptr64
6076	?vprintf@LocalFileSystem@MOXIE@@UEAAH_KPEBDPEAD@Z	public: virtual int __cdecl MOXIE::LocalFileSystem::vprintf(unsigned __int64,char const * __ptr64,char * __ptr64) __ptr64
6077	?vprintf@NestedFileSystem@MOXIE@@UEAAH_KPEBDPEAD@Z	public: virtual int __cdecl MOXIE::NestedFileSystem::vprintf(unsigned __int64,char const * __ptr64,char * __ptr64) __ptr64
6078	?vprintf@NetworkFileSystem@MOXIE@@UEAAH_KPEBDPEAD@Z	public: virtual int __cdecl MOXIE::NetworkFileSystem::vprintf(unsigned __int64,char const * __ptr64,char * __ptr64) __ptr64
6079	?vprintf@PackageFileSystem@MOXIE@@UEAAH_KPEBDPEAD@Z	public: virtual int __cdecl MOXIE::PackageFileSystem::vprintf(unsigned __int64,char const * __ptr64,char * __ptr64) __ptr64
6080	?vscprintf@MOXIE@@YAHPEBDPEAD@Z	int __cdecl MOXIE::vscprintf(char const * __ptr64,char * __ptr64)
6081	?wait@Condition@MOXIE@@QEAAXXZ	public: void __cdecl MOXIE::Condition::wait(void) __ptr64
6082	?wait@PackageFileSystem@MOXIE@@QEAA_NI@Z	public: bool __cdecl MOXIE::PackageFileSystem::wait(unsigned int) __ptr64
6083	?wait@PackageFileSystem@MOXIE@@QEAA_NPEBD@Z	public: bool __cdecl MOXIE::PackageFileSystem::wait(char const * __ptr64) __ptr64
6084	?wait@PackageFileSystem@MOXIE@@QEAA_NXZ	public: bool __cdecl MOXIE::PackageFileSystem::wait(void) __ptr64
6085	?waitForDownload@Resource@MOXIE@@QEAAXAEBVUri@2@_N@Z	public: void __cdecl MOXIE::Resource::waitForDownload(class MOXIE::Uri const & __ptr64,bool) __ptr64
6086	?waitForPrefetch@Resource@MOXIE@@QEAAXXZ	public: void __cdecl MOXIE::Resource::waitForPrefetch(void) __ptr64
6087	?warning@Log@MOXIE@@YAXPEBDZZ	void __cdecl MOXIE::Log::warning(char const * __ptr64,...)
6088	?wasCoerced@Resource@MOXIE@@QEBA_NXZ	public: bool __cdecl MOXIE::Resource::wasCoerced(void)const __ptr64
6089	?wasCoerced@ResourceHandle@MOXIE@@QEBA_NXZ	public: bool __cdecl MOXIE::ResourceHandle::wasCoerced(void)const __ptr64
6090	?wasDisplayModeSpecified@Application@MOXIE@@QEBA_NXZ	public: bool __cdecl MOXIE::Application::wasDisplayModeSpecified(void)const __ptr64
6091	?wndProc@Win32Utils@@SA_JPEAUHWND__@@I_K_J@Z	public: static __int64 __cdecl Win32Utils::wndProc(struct HWND__ * __ptr64,unsigned int,unsigned __int64,__int64)
6092	?worldToLocal@SGTransform@MOXIE@@IEAA?AVTransform@2@AEBV32@@Z	protected: class MOXIE::Transform __cdecl MOXIE::SGTransform::worldToLocal(class MOXIE::Transform const & __ptr64) __ptr64
6093	?write@AnimResource@MOXIE@@UEAAXPEAVStream@2@@Z	public: virtual void __cdecl MOXIE::AnimResource::write(class MOXIE::Stream * __ptr64) __ptr64
6094	?write@BobberField@MOXIE@@UEBAXPEAVFileStream@2@@Z	public: virtual void __cdecl MOXIE::BobberField::write(class MOXIE::FileStream * __ptr64)const __ptr64
6095	?write@FlipbookResource@MOXIE@@QEAAXPEAVStream@2@II@Z	public: void __cdecl MOXIE::FlipbookResource::write(class MOXIE::Stream * __ptr64,unsigned int,unsigned int) __ptr64
6096	?write@FontMap@MOXIE@@QEBAXPEAVStream@2@@Z	public: void __cdecl MOXIE::FontMap::write(class MOXIE::Stream * __ptr64)const __ptr64
6097	?write@ForceField@MOXIE@@UEBAXPEAVFileStream@2@@Z	public: virtual void __cdecl MOXIE::ForceField::write(class MOXIE::FileStream * __ptr64)const __ptr64
6098	?write@HString@MOXIE@@QEBAXPEAVStream@2@@Z	public: void __cdecl MOXIE::HString::write(class MOXIE::Stream * __ptr64)const __ptr64
6099	?write@InternalFileSystem@MOXIE@@UEAAHPEBXII_K@Z	public: virtual int __cdecl MOXIE::InternalFileSystem::write(void const * __ptr64,unsigned int,unsigned int,unsigned __int64) __ptr64
6100	?write@LocalFileSystem@MOXIE@@UEAAHPEBXII_K@Z	public: virtual int __cdecl MOXIE::LocalFileSystem::write(void const * __ptr64,unsigned int,unsigned int,unsigned __int64) __ptr64
6101	?write@Material@MOXIE@@QEBAXPEAVStream@2@@Z	public: void __cdecl MOXIE::Material::write(class MOXIE::Stream * __ptr64)const __ptr64
6102	?write@MaterialParameter@MOXIE@@UEBAXPEAVStream@2@@Z	public: virtual void __cdecl MOXIE::MaterialParameter::write(class MOXIE::Stream * __ptr64)const __ptr64
6103	?write@MaterialParameterConstant@MOXIE@@UEBAXPEAVStream@2@@Z	public: virtual void __cdecl MOXIE::MaterialParameterConstant::write(class MOXIE::Stream * __ptr64)const __ptr64
6104	?write@MaterialParameterTexture@MOXIE@@UEBAXPEAVStream@2@@Z	public: virtual void __cdecl MOXIE::MaterialParameterTexture::write(class MOXIE::Stream * __ptr64)const __ptr64
6105	?write@MaterialPass@MOXIE@@QEBAXPEAVStream@2@@Z	public: void __cdecl MOXIE::MaterialPass::write(class MOXIE::Stream * __ptr64)const __ptr64
6106	?write@ModelResource@MOXIE@@QEAAXPEAVStream@2@PEBIPEBQEBEPEBW4SurfaceType@2@PEBDI@Z	public: void __cdecl MOXIE::ModelResource::write(class MOXIE::Stream * __ptr64,unsigned int const * __ptr64,unsigned char const * __ptr64 const * __ptr64,enum MOXIE::SurfaceType const * __ptr64,char const * __ptr64,unsigned int) __ptr64
6107	?write@NestedFileSystem@MOXIE@@UEAAHPEBXII_K@Z	public: virtual int __cdecl MOXIE::NestedFileSystem::write(void const * __ptr64,unsigned int,unsigned int,unsigned __int64) __ptr64
6108	?write@NetworkFileSystem@MOXIE@@UEAAHPEBXII_K@Z	public: virtual int __cdecl MOXIE::NetworkFileSystem::write(void const * __ptr64,unsigned int,unsigned int,unsigned __int64) __ptr64
6109	?write@PackageFileSystem@MOXIE@@UEAAHPEBXII_K@Z	public: virtual int __cdecl MOXIE::PackageFileSystem::write(void const * __ptr64,unsigned int,unsigned int,unsigned __int64) __ptr64
6110	?write@ParameterData@MOXIE@@UEBAXPEAVStream@2@@Z	public: virtual void __cdecl MOXIE::ParameterData::write(class MOXIE::Stream * __ptr64)const __ptr64
6111	?write@ParameterTexture2D@MOXIE@@UEBAXPEAVStream@2@@Z	public: virtual void __cdecl MOXIE::ParameterTexture2D::write(class MOXIE::Stream * __ptr64)const __ptr64
6112	?write@ParameterTexture2DMS@MOXIE@@UEBAXPEAVStream@2@@Z	public: virtual void __cdecl MOXIE::ParameterTexture2DMS::write(class MOXIE::Stream * __ptr64)const __ptr64
6113	?write@ParameterTextureCubemap@MOXIE@@UEBAXPEAVStream@2@@Z	public: virtual void __cdecl MOXIE::ParameterTextureCubemap::write(class MOXIE::Stream * __ptr64)const __ptr64
6114	?write@ParticleCollider@MOXIE@@UEBAXPEAVFileStream@2@@Z	public: virtual void __cdecl MOXIE::ParticleCollider::write(class MOXIE::FileStream * __ptr64)const __ptr64
6115	?write@ParticleDefinition@MOXIE@@QEBAXPEAVFileStream@2@@Z	public: void __cdecl MOXIE::ParticleDefinition::write(class MOXIE::FileStream * __ptr64)const __ptr64
6116	?write@ParticleField@MOXIE@@UEBAXPEAVFileStream@2@@Z	public: virtual void __cdecl MOXIE::ParticleField::write(class MOXIE::FileStream * __ptr64)const __ptr64
6117	?write@ParticleSystemResource@MOXIE@@QEBAXPEAVFileStream@2@@Z	public: void __cdecl MOXIE::ParticleSystemResource::write(class MOXIE::FileStream * __ptr64)const __ptr64
6118	?write@PlaneCollider@MOXIE@@UEBAXPEAVFileStream@2@@Z	public: virtual void __cdecl MOXIE::PlaneCollider::write(class MOXIE::FileStream * __ptr64)const __ptr64
6119	?write@ResourceHandle@MOXIE@@QEBAXPEAVStream@2@@Z	public: void __cdecl MOXIE::ResourceHandle::write(class MOXIE::Stream * __ptr64)const __ptr64
6120	?write@SGAnimator@MOXIE@@UEBAXPEAVStream@2@@Z	public: virtual void __cdecl MOXIE::SGAnimator::write(class MOXIE::Stream * __ptr64)const __ptr64
6121	?write@SGAttachmentProxy@MOXIE@@UEBAXPEAVStream@2@@Z	public: virtual void __cdecl MOXIE::SGAttachmentProxy::write(class MOXIE::Stream * __ptr64)const __ptr64
6122	?write@SGComponent@MOXIE@@QEBAXPEAVStream@2@@Z	public: void __cdecl MOXIE::SGComponent::write(class MOXIE::Stream * __ptr64)const __ptr64
6123	?write@SGCustomAnimator@MOXIE@@UEBAXPEAVStream@2@@Z	public: virtual void __cdecl MOXIE::SGCustomAnimator::write(class MOXIE::Stream * __ptr64)const __ptr64
6124	?write@SGModelInstance@MOXIE@@UEBAXPEAVStream@2@@Z	public: virtual void __cdecl MOXIE::SGModelInstance::write(class MOXIE::Stream * __ptr64)const __ptr64
6125	?write@SGNode@MOXIE@@QEBAXPEAVStream@2@@Z	public: void __cdecl MOXIE::SGNode::write(class MOXIE::Stream * __ptr64)const __ptr64
6126	?write@SGTransform@MOXIE@@UEBAXPEAVStream@2@@Z	public: virtual void __cdecl MOXIE::SGTransform::write(class MOXIE::Stream * __ptr64)const __ptr64
6127	?write@ShaderGL_ES2@MOXIE@@UEBAXPEAVStream@2@@Z	public: virtual void __cdecl MOXIE::ShaderGL_ES2::write(class MOXIE::Stream * __ptr64)const __ptr64
6128	?write@Stream@MOXIE@@QEAAXPEBCI@Z	public: void __cdecl MOXIE::Stream::write(signed char const * __ptr64,unsigned int) __ptr64
6129	?write@Stream@MOXIE@@QEAAXPEBDI@Z	public: void __cdecl MOXIE::Stream::write(char const * __ptr64,unsigned int) __ptr64
6130	?write@Stream@MOXIE@@QEAAXPEBEI@Z	public: void __cdecl MOXIE::Stream::write(unsigned char const * __ptr64,unsigned int) __ptr64
6131	?write@Stream@MOXIE@@QEAAXPEBFI@Z	public: void __cdecl MOXIE::Stream::write(short const * __ptr64,unsigned int) __ptr64
6132	?write@Stream@MOXIE@@QEAAXPEBGI@Z	public: void __cdecl MOXIE::Stream::write(unsigned short const * __ptr64,unsigned int) __ptr64
6133	?write@Stream@MOXIE@@QEAAXPEBHI@Z	public: void __cdecl MOXIE::Stream::write(int const * __ptr64,unsigned int) __ptr64
6134	?write@Stream@MOXIE@@QEAAXPEBII@Z	public: void __cdecl MOXIE::Stream::write(unsigned int const * __ptr64,unsigned int) __ptr64
6135	?write@Stream@MOXIE@@QEAAXPEBMI@Z	public: void __cdecl MOXIE::Stream::write(float const * __ptr64,unsigned int) __ptr64
6136	?write@Stream@MOXIE@@QEAAXPEBNI@Z	public: void __cdecl MOXIE::Stream::write(double const * __ptr64,unsigned int) __ptr64
6137	?write@Stream@MOXIE@@QEAAXPEB_NI@Z	public: void __cdecl MOXIE::Stream::write(bool const * __ptr64,unsigned int) __ptr64
6138	?write@String@MOXIE@@QEBAXPEAVStream@2@@Z	public: void __cdecl MOXIE::String::write(class MOXIE::Stream * __ptr64)const __ptr64
6139	?write@SymbolTable@MOXIE@@SA_NXZ	public: static bool __cdecl MOXIE::SymbolTable::write(void)
6140	?write@TcpSocket@MOXIE@@QEAA_NPEBXI@Z	public: bool __cdecl MOXIE::TcpSocket::write(void const * __ptr64,unsigned int) __ptr64
6141	?write@TornadoField@MOXIE@@UEBAXPEAVFileStream@2@@Z	public: virtual void __cdecl MOXIE::TornadoField::write(class MOXIE::FileStream * __ptr64)const __ptr64
6142	?write@Transform@MOXIE@@QEBAXPEAVStream@2@@Z	public: void __cdecl MOXIE::Transform::write(class MOXIE::Stream * __ptr64)const __ptr64
6143	?write@TurbulenceField2D@MOXIE@@UEBAXPEAVFileStream@2@@Z	public: virtual void __cdecl MOXIE::TurbulenceField2D::write(class MOXIE::FileStream * __ptr64)const __ptr64
6144	?write@TurbulenceField3D@MOXIE@@UEBAXPEAVFileStream@2@@Z	public: virtual void __cdecl MOXIE::TurbulenceField3D::write(class MOXIE::FileStream * __ptr64)const __ptr64
6145	?write@Uri@MOXIE@@QEBAXPEAVStream@2@@Z	public: void __cdecl MOXIE::Uri::write(class MOXIE::Stream * __ptr64)const __ptr64
6146	?write@VertexAnimationLoader@MOXIE@@YAXPEAVStream@2@AEBV?$TArray@UVertexAnimatedMesh@MOXIE@@@2@MI_N@Z	void __cdecl MOXIE::VertexAnimationLoader::write(class MOXIE::Stream * __ptr64,class MOXIE::TArray<struct MOXIE::VertexAnimatedMesh> const & __ptr64,float,unsigned int,bool)
6147	?write@VortexField@MOXIE@@UEBAXPEAVFileStream@2@@Z	public: virtual void __cdecl MOXIE::VortexField::write(class MOXIE::FileStream * __ptr64)const __ptr64
6148	?writeArrayGeneric@BitStream@MOXIE@@AEAAXPEBEIIH@Z	private: void __cdecl MOXIE::BitStream::writeArrayGeneric(unsigned char const * __ptr64,unsigned int,unsigned int,int) __ptr64
6149	?writeArrayU32@BitStream@MOXIE@@AEAAXPEBIIH@Z	private: void __cdecl MOXIE::BitStream::writeArrayU32(unsigned int const * __ptr64,unsigned int,int) __ptr64
6150	?writeBinaryFile@FileSystem@MOXIE@@UEAA_NPEBDPEBXI@Z	public: virtual bool __cdecl MOXIE::FileSystem::writeBinaryFile(char const * __ptr64,void const * __ptr64,unsigned int) __ptr64
6151	?writeBinaryFile@NestedFileSystem@MOXIE@@UEAA_NPEBDPEBXI@Z	public: virtual bool __cdecl MOXIE::NestedFileSystem::writeBinaryFile(char const * __ptr64,void const * __ptr64,unsigned int) __ptr64
6152	?writeBinaryFile@NetworkFileSystem@MOXIE@@UEAA_NPEBDPEBXI@Z	public: virtual bool __cdecl MOXIE::NetworkFileSystem::writeBinaryFile(char const * __ptr64,void const * __ptr64,unsigned int) __ptr64
6153	?writeBinaryHeader@Resource@MOXIE@@IEBAXPEAVStream@2@I@Z	protected: void __cdecl MOXIE::Resource::writeBinaryHeader(class MOXIE::Stream * __ptr64,unsigned int)const __ptr64
6154	?writeBit@BitStream@MOXIE@@QEAAXI@Z	public: void __cdecl MOXIE::BitStream::writeBit(unsigned int) __ptr64
6155	?writeBitmap@FontMap@MOXIE@@QEBAXPEAVStream@2@PEBUBitmap@12@@Z	public: void __cdecl MOXIE::FontMap::writeBitmap(class MOXIE::Stream * __ptr64,struct MOXIE::FontMap::Bitmap const * __ptr64)const __ptr64
6156	?writeBoneGroup@ModelResource@MOXIE@@QEAAXPEAVStream@2@PEAVBoneGroup@12@@Z	public: void __cdecl MOXIE::ModelResource::writeBoneGroup(class MOXIE::Stream * __ptr64,class MOXIE::ModelResource::BoneGroup * __ptr64) __ptr64
6157	?writeBuffer@FileStream@MOXIE@@UEAAIPEBXII@Z	public: virtual unsigned int __cdecl MOXIE::FileStream::writeBuffer(void const * __ptr64,unsigned int,unsigned int) __ptr64
6158	?writeBuffer@MemoryStream@MOXIE@@UEAAIPEBXII@Z	public: virtual unsigned int __cdecl MOXIE::MemoryStream::writeBuffer(void const * __ptr64,unsigned int,unsigned int) __ptr64
6159	?writeBuffer@TcpStream@MOXIE@@YA_NAEAVTcpSocket@2@PEBXI@Z	bool __cdecl MOXIE::TcpStream::writeBuffer(class MOXIE::TcpSocket & __ptr64,void const * __ptr64,unsigned int)
6160	?writeChannel@AnimResource@MOXIE@@UEAAXPEAVStream@2@PEAUTrack@12@PEAUChannel@12@@Z	public: virtual void __cdecl MOXIE::AnimResource::writeChannel(class MOXIE::Stream * __ptr64,struct MOXIE::AnimResource::Track * __ptr64,struct MOXIE::AnimResource::Channel * __ptr64) __ptr64
6161	?writeChunks@StoryManifest@MOXIE@@AEAAXAEAVFileStream@2@PEBD@Z	private: void __cdecl MOXIE::StoryManifest::writeChunks(class MOXIE::FileStream & __ptr64,char const * __ptr64) __ptr64
6162	?writeCustomChannel@AnimResource@MOXIE@@UEAAXPEAVStream@2@PEAUTrack@12@PEAUCustomChannel@12@@Z	public: virtual void __cdecl MOXIE::AnimResource::writeCustomChannel(class MOXIE::Stream * __ptr64,struct MOXIE::AnimResource::Track * __ptr64,struct MOXIE::AnimResource::CustomChannel * __ptr64) __ptr64
6163	?writeError@FileStream@MOXIE@@UEAAXUWriteError_t@Stream@2@@Z	public: virtual void __cdecl MOXIE::FileStream::writeError(struct MOXIE::Stream::WriteError_t) __ptr64
6164	?writeError@MemoryStream@MOXIE@@UEAAXUWriteError_t@Stream@2@@Z	public: virtual void __cdecl MOXIE::MemoryStream::writeError(struct MOXIE::Stream::WriteError_t) __ptr64
6165	?writeGlyph@FontMap@MOXIE@@QEBAXPEAVStream@2@PEAUGlyph@12@@Z	public: void __cdecl MOXIE::FontMap::writeGlyph(class MOXIE::Stream * __ptr64,struct MOXIE::FontMap::Glyph * __ptr64)const __ptr64
6166	?writeHardwareShaders@ShaderParser@MOXIE@@SA_NPEBDPEAVShaderOptionTable@2@_NPEAH@Z	public: static bool __cdecl MOXIE::ShaderParser::writeHardwareShaders(char const * __ptr64,class MOXIE::ShaderOptionTable * __ptr64,bool,int * __ptr64)
6167	?writeMesh@ModelResource@MOXIE@@QEAAXPEAVStream@2@PEAVMesh@12@PEBEW4SurfaceType@2@I@Z	public: void __cdecl MOXIE::ModelResource::writeMesh(class MOXIE::Stream * __ptr64,class MOXIE::ModelResource::Mesh * __ptr64,unsigned char const * __ptr64,enum MOXIE::SurfaceType,unsigned int) __ptr64
6168	?writeOptionListComments@ShaderParser@MOXIE@@CAHPEAU_iobuf@@PEAVShaderOptionTable@2@@Z	private: static int __cdecl MOXIE::ShaderParser::writeOptionListComments(struct _iobuf * __ptr64,class MOXIE::ShaderOptionTable * __ptr64)
6169	?writeProgramBinary@ShaderCache@MOXIE@@QEAAXII@Z	public: void __cdecl MOXIE::ShaderCache::writeProgramBinary(unsigned int,unsigned int) __ptr64
6170	?writeResources@StoryManifest@MOXIE@@AEAAXAEAVFileStream@2@@Z	private: void __cdecl MOXIE::StoryManifest::writeResources(class MOXIE::FileStream & __ptr64) __ptr64
6171	?writeStateMachines@StoryManifest@MOXIE@@AEAAXAEAVFileStream@2@@Z	private: void __cdecl MOXIE::StoryManifest::writeStateMachines(class MOXIE::FileStream & __ptr64) __ptr64
6172	?writeStates@StoryManifest@MOXIE@@AEAAXAEAVFileStream@2@PEAUfsm_t@12@@Z	private: void __cdecl MOXIE::StoryManifest::writeStates(class MOXIE::FileStream & __ptr64,struct MOXIE::StoryManifest::fsm_t * __ptr64) __ptr64
6173	?writeString@TcpStream@MOXIE@@YAXAEAVTcpSocket@2@PEBD@Z	void __cdecl MOXIE::TcpStream::writeString(class MOXIE::TcpSocket & __ptr64,char const * __ptr64)
6174	?writeTextFile@FileSystem@MOXIE@@UEAA_NPEBD0@Z	public: virtual bool __cdecl MOXIE::FileSystem::writeTextFile(char const * __ptr64,char const * __ptr64) __ptr64
6175	?writeTextFile@NestedFileSystem@MOXIE@@UEAA_NPEBD0@Z	public: virtual bool __cdecl MOXIE::NestedFileSystem::writeTextFile(char const * __ptr64,char const * __ptr64) __ptr64
6176	?writeTextFile@NetworkFileSystem@MOXIE@@UEAA_NPEBD0@Z	public: virtual bool __cdecl MOXIE::NetworkFileSystem::writeTextFile(char const * __ptr64,char const * __ptr64) __ptr64
6177	?writeToPos@BitStream@MOXIE@@QEAAX_KIH@Z	public: void __cdecl MOXIE::BitStream::writeToPos(unsigned __int64,unsigned int,int) __ptr64
6178	?writeTrack@AnimResource@MOXIE@@UEAAXPEAVStream@2@PEAUTrack@12@@Z	public: virtual void __cdecl MOXIE::AnimResource::writeTrack(class MOXIE::Stream * __ptr64,struct MOXIE::AnimResource::Track * __ptr64) __ptr64
6179	?writeTransitions@StoryManifest@MOXIE@@AEAAXAEAVFileStream@2@PEAUfsm_t@12@@Z	private: void __cdecl MOXIE::StoryManifest::writeTransitions(class MOXIE::FileStream & __ptr64,struct MOXIE::StoryManifest::fsm_t * __ptr64) __ptr64
6180	?writeU32@BitStream@MOXIE@@AEAAXIH@Z	private: void __cdecl MOXIE::BitStream::writeU32(unsigned int,int) __ptr64
6181	?writeValue@CSV@@QEAAXPEAU_iobuf@@UVariant@1@@Z	public: void __cdecl CSV::writeValue(struct _iobuf * __ptr64,struct CSV::Variant) __ptr64
6182	?yield@Thread@MOXIE@@SAXXZ	public: static void __cdecl MOXIE::Thread::yield(void)
6183	?zipRead@PackageFileSystem@MOXIE@@CAHPEAUio@zran@@PEAXH@Z	private: static int __cdecl MOXIE::PackageFileSystem::zipRead(struct zran::io * __ptr64,void * __ptr64,int)
6184	?zipSeek@PackageFileSystem@MOXIE@@CA_NPEAUio@zran@@H@Z	private: static bool __cdecl MOXIE::PackageFileSystem::zipSeek(struct zran::io * __ptr64,int)
6185	moxieGetApiLevel	moxieGetApiLevel
6186	moxieGetCompatibleManifest	moxieGetCompatibleManifest
6187	moxieGetPlayerState	moxieGetPlayerState
6188	moxieIsPlayerIdle	moxieIsPlayerIdle
6189	moxieIsPlayerPaused	moxieIsPlayerPaused
6190	moxieIsPlayerPlaying	moxieIsPlayerPlaying
6191	moxieIsPlayerPreparing	moxieIsPlayerPreparing
6192	moxieIsPlayerReady	moxieIsPlayerReady
6193	moxieKeyboardDown	moxieKeyboardDown
6194	moxieKeyboardUp	moxieKeyboardUp
6195	moxieLoad	moxieLoad
6196	moxieMouseButton	moxieMouseButton
6197	moxieMouseButtonDblClick	moxieMouseButtonDblClick
6198	moxieMouseMove	moxieMouseMove
6199	moxieMouseScroll	moxieMouseScroll
6200	moxieSetDeviceRotation	moxieSetDeviceRotation
6201	moxieSetStereoDisplay	moxieSetStereoDisplay
6202	moxieStoryClear	moxieStoryClear
6203	moxieStoryDownload	moxieStoryDownload
6204	moxieStoryPause	moxieStoryPause
6205	moxieStoryPlay	moxieStoryPlay
6206	moxieStoryPrepare	moxieStoryPrepare
6207	moxieStoryResume	moxieStoryResume
6208	moxieStoryStop	moxieStoryStop
6209	moxieTouchBegin	moxieTouchBegin
6210	moxieTouchEnd	moxieTouchEnd
6211	moxieTouchMove	moxieTouchMove
6212	moxieUnload	moxieUnload
6213	moxieWindowDraw	moxieWindowDraw
6214	moxieWindowReshape	moxieWindowReshape
6215	moxie_get_api_level	moxie_get_api_level
6216	moxie_get_compatible_manifest	moxie_get_compatible_manifest
6217	moxie_get_player_state	moxie_get_player_state
6218	moxie_get_version	moxie_get_version
6219	moxie_on_event	moxie_on_event
6220	moxie_shutdown	moxie_shutdown
6221	moxie_startup	moxie_startup
