# ordinal	mangled	demangled
1	?$TSS0@?1??_RTTI@AnalyticsManager@MOXIE@@SAPEBVRTTI@3@XZ@4HA	int `public: static class MOXIE::RTTI const * __ptr64 __cdecl MOXIE::AnalyticsManager::_RTTI(void)'::`2'::$TSS0
2	?$TSS0@?1??_RTTI@AnimResource@MOXIE@@SAPEBVRTTI@3@XZ@4HA	int `public: static class MOXIE::RTTI const * __ptr64 __cdecl MOXIE::AnimResource::_RTTI(void)'::`2'::$TSS0
3	?$TSS0@?1??_RTTI@AudioDevice@MOXIE@@SAPEBVRTTI@3@XZ@4HA	int `public: static class MOXIE::RTTI const * __ptr64 __cdecl MOXIE::AudioDevice::_RTTI(void)'::`2'::$TSS0
4	?$TSS0@?1??_RTTI@AudioEmitter3D@MOXIE@@SAPEBVRTTI@3@XZ@4HA	int `public: static class MOXIE::RTTI const * __ptr64 __cdecl MOXIE::AudioEmitter3D::_RTTI(void)'::`2'::$TSS0
5	?$TSS0@?1??_RTTI@AudioEmitter@MOXIE@@SAPEAVRTTI@3@XZ@4HA	int `public: static class MOXIE::RTTI * __ptr64 __cdecl MOXIE::AudioEmitter::_RTTI(void)'::`2'::$TSS0
6	?$TSS0@?1??_RTTI@AudioManager@MOXIE@@SAPEBVRTTI@3@XZ@4HA	int `public: static class MOXIE::RTTI const * __ptr64 __cdecl MOXIE::AudioManager::_RTTI(void)'::`2'::$TSS0
7	?$TSS0@?1??_RTTI@AudioResource@MOXIE@@SAPEBVRTTI@3@XZ@4HA	int `public: static class MOXIE::RTTI const * __ptr64 __cdecl MOXIE::AudioResource::_RTTI(void)'::`2'::$TSS0
8	?$TSS0@?1??_RTTI@AudioSystem@MOXIE@@SAPEBVRTTI@3@XZ@4HA	int `public: static class MOXIE::RTTI const * __ptr64 __cdecl MOXIE::AudioSystem::_RTTI(void)'::`2'::$TSS0
9	?$TSS0@?1??_RTTI@BufferObject@MOXIE@@SAPEAVRTTI@3@XZ@4HA	int `public: static class MOXIE::RTTI * __ptr64 __cdecl MOXIE::BufferObject::_RTTI(void)'::`2'::$TSS0
10	?$TSS0@?1??_RTTI@EnableManager@MOXIE@@SAPEBVRTTI@3@XZ@4HA	int `public: static class MOXIE::RTTI const * __ptr64 __cdecl MOXIE::EnableManager::_RTTI(void)'::`2'::$TSS0
11	?$TSS0@?1??_RTTI@FileSystem@MOXIE@@SAPEAVRTTI@3@XZ@4HA	int `public: static class MOXIE::RTTI * __ptr64 __cdecl MOXIE::FileSystem::_RTTI(void)'::`2'::$TSS0
12	?$TSS0@?1??_RTTI@FlipbookResource@MOXIE@@SAPEBVRTTI@3@XZ@4HA	int `public: static class MOXIE::RTTI const * __ptr64 __cdecl MOXIE::FlipbookResource::_RTTI(void)'::`2'::$TSS0
13	?$TSS0@?1??_RTTI@Font@MOXIE@@SAPEAVRTTI@3@XZ@4HA	int `public: static class MOXIE::RTTI * __ptr64 __cdecl MOXIE::Font::_RTTI(void)'::`2'::$TSS0
14	?$TSS0@?1??_RTTI@FontResource@MOXIE@@SAPEBVRTTI@3@XZ@4HA	int `public: static class MOXIE::RTTI const * __ptr64 __cdecl MOXIE::FontResource::_RTTI(void)'::`2'::$TSS0
15	?$TSS0@?1??_RTTI@GlobalTime@MOXIE@@SAPEBVRTTI@3@XZ@4HA	int `public: static class MOXIE::RTTI const * __ptr64 __cdecl MOXIE::GlobalTime::_RTTI(void)'::`2'::$TSS0
16	?$TSS0@?1??_RTTI@IService@MOXIE@@SAPEAVRTTI@3@XZ@4HA	int `public: static class MOXIE::RTTI * __ptr64 __cdecl MOXIE::IService::_RTTI(void)'::`2'::$TSS0
17	?$TSS0@?1??_RTTI@IndexBuffer@MOXIE@@SAPEBVRTTI@3@XZ@4HA	int `public: static class MOXIE::RTTI const * __ptr64 __cdecl MOXIE::IndexBuffer::_RTTI(void)'::`2'::$TSS0
18	?$TSS0@?1??_RTTI@InputManager@MOXIE@@SAPEBVRTTI@3@XZ@4HA	int `public: static class MOXIE::RTTI const * __ptr64 __cdecl MOXIE::InputManager::_RTTI(void)'::`2'::$TSS0
19	?$TSS0@?1??_RTTI@LAllocator@MOXIE@@SAPEAVRTTI@3@XZ@4HA	int `public: static class MOXIE::RTTI * __ptr64 __cdecl MOXIE::LAllocator::_RTTI(void)'::`2'::$TSS0
20	?$TSS0@?1??_RTTI@LApi@MOXIE@@SAPEAVRTTI@3@XZ@4HA	int `public: static class MOXIE::RTTI * __ptr64 __cdecl MOXIE::LApi::_RTTI(void)'::`2'::$TSS0
21	?$TSS0@?1??_RTTI@LApiActorClampLayer@duet@@SAPEBVRTTI@MOXIE@@XZ@4HA	int `public: static class MOXIE::RTTI const * __ptr64 __cdecl duet::LApiActorClampLayer::_RTTI(void)'::`2'::$TSS0
22	?$TSS0@?1??_RTTI@LApiActorMover@duet@@SAPEBVRTTI@MOXIE@@XZ@4HA	int `public: static class MOXIE::RTTI const * __ptr64 __cdecl duet::LApiActorMover::_RTTI(void)'::`2'::$TSS0
23	?$TSS0@?1??_RTTI@LApiActorMoverLayer@duet@@SAPEBVRTTI@MOXIE@@XZ@4HA	int `public: static class MOXIE::RTTI const * __ptr64 __cdecl duet::LApiActorMoverLayer::_RTTI(void)'::`2'::$TSS0
24	?$TSS0@?1??_RTTI@LApiActorVignette@duet@@SAPEBVRTTI@MOXIE@@XZ@4HA	int `public: static class MOXIE::RTTI const * __ptr64 __cdecl duet::LApiActorVignette::_RTTI(void)'::`2'::$TSS0
25	?$TSS0@?1??_RTTI@LApiActorsLayer@duet@@SAPEBVRTTI@MOXIE@@XZ@4HA	int `public: static class MOXIE::RTTI const * __ptr64 __cdecl duet::LApiActorsLayer::_RTTI(void)'::`2'::$TSS0
26	?$TSS0@?1??_RTTI@LApiBoomLayer@duet@@SAPEBVRTTI@MOXIE@@XZ@4HA	int `public: static class MOXIE::RTTI const * __ptr64 __cdecl duet::LApiBoomLayer::_RTTI(void)'::`2'::$TSS0
27	?$TSS0@?1??_RTTI@LApiBoundsLayer@duet@@SAPEBVRTTI@MOXIE@@XZ@4HA	int `public: static class MOXIE::RTTI const * __ptr64 __cdecl duet::LApiBoundsLayer::_RTTI(void)'::`2'::$TSS0
28	?$TSS0@?1??_RTTI@LApiCameraRig@duet@@SAPEBVRTTI@MOXIE@@XZ@4HA	int `public: static class MOXIE::RTTI const * __ptr64 __cdecl duet::LApiCameraRig::_RTTI(void)'::`2'::$TSS0
29	?$TSS0@?1??_RTTI@LApiDuet@duet@@SAPEBVRTTI@MOXIE@@XZ@4HA	int `public: static class MOXIE::RTTI const * __ptr64 __cdecl duet::LApiDuet::_RTTI(void)'::`2'::$TSS0
30	?$TSS0@?1??_RTTI@LApiDuetScene@duet@@SAPEBVRTTI@MOXIE@@XZ@4HA	int `public: static class MOXIE::RTTI const * __ptr64 __cdecl duet::LApiDuetScene::_RTTI(void)'::`2'::$TSS0
31	?$TSS0@?1??_RTTI@LApiFlipbookDriver@duet@@SAPEBVRTTI@MOXIE@@XZ@4HA	int `public: static class MOXIE::RTTI const * __ptr64 __cdecl duet::LApiFlipbookDriver::_RTTI(void)'::`2'::$TSS0
32	?$TSS0@?1??_RTTI@LApiGlowAlpha@duet@@SAPEBVRTTI@MOXIE@@XZ@4HA	int `public: static class MOXIE::RTTI const * __ptr64 __cdecl duet::LApiGlowAlpha::_RTTI(void)'::`2'::$TSS0
33	?$TSS0@?1??_RTTI@LApiGlowFader@duet@@SAPEBVRTTI@MOXIE@@XZ@4HA	int `public: static class MOXIE::RTTI const * __ptr64 __cdecl duet::LApiGlowFader::_RTTI(void)'::`2'::$TSS0
34	?$TSS0@?1??_RTTI@LApiInputLayer@duet@@SAPEBVRTTI@MOXIE@@XZ@4HA	int `public: static class MOXIE::RTTI const * __ptr64 __cdecl duet::LApiInputLayer::_RTTI(void)'::`2'::$TSS0
35	?$TSS0@?1??_RTTI@LApiIntroEnvControl@duet@@SAPEBVRTTI@MOXIE@@XZ@4HA	int `public: static class MOXIE::RTTI const * __ptr64 __cdecl duet::LApiIntroEnvControl::_RTTI(void)'::`2'::$TSS0
36	?$TSS0@?1??_RTTI@LApiLookAtDetector@duet@@SAPEBVRTTI@MOXIE@@XZ@4HA	int `public: static class MOXIE::RTTI const * __ptr64 __cdecl duet::LApiLookAtDetector::_RTTI(void)'::`2'::$TSS0
37	?$TSS0@?1??_RTTI@LApiLookAtLayer@duet@@SAPEBVRTTI@MOXIE@@XZ@4HA	int `public: static class MOXIE::RTTI const * __ptr64 __cdecl duet::LApiLookAtLayer::_RTTI(void)'::`2'::$TSS0
38	?$TSS0@?1??_RTTI@LApiMasterBlender@duet@@SAPEBVRTTI@MOXIE@@XZ@4HA	int `public: static class MOXIE::RTTI const * __ptr64 __cdecl duet::LApiMasterBlender::_RTTI(void)'::`2'::$TSS0
39	?$TSS0@?1??_RTTI@LApiParticlesController@duet@@SAPEBVRTTI@MOXIE@@XZ@4HA	int `public: static class MOXIE::RTTI const * __ptr64 __cdecl duet::LApiParticlesController::_RTTI(void)'::`2'::$TSS0
40	?$TSS0@?1??_RTTI@LApiProxyLayer@duet@@SAPEBVRTTI@MOXIE@@XZ@4HA	int `public: static class MOXIE::RTTI const * __ptr64 __cdecl duet::LApiProxyLayer::_RTTI(void)'::`2'::$TSS0
41	?$TSS0@?1??_RTTI@LApiSegmentManager@duet@@SAPEBVRTTI@MOXIE@@XZ@4HA	int `public: static class MOXIE::RTTI const * __ptr64 __cdecl duet::LApiSegmentManager::_RTTI(void)'::`2'::$TSS0
42	?$TSS0@?1??_RTTI@LApiSoftTrack@duet@@SAPEBVRTTI@MOXIE@@XZ@4HA	int `public: static class MOXIE::RTTI const * __ptr64 __cdecl duet::LApiSoftTrack::_RTTI(void)'::`2'::$TSS0
43	?$TSS0@?1??_RTTI@LApiStarBlendLayer@duet@@SAPEBVRTTI@MOXIE@@XZ@4HA	int `public: static class MOXIE::RTTI const * __ptr64 __cdecl duet::LApiStarBlendLayer::_RTTI(void)'::`2'::$TSS0
44	?$TSS0@?1??_RTTI@LApiTrackingLayer@duet@@SAPEBVRTTI@MOXIE@@XZ@4HA	int `public: static class MOXIE::RTTI const * __ptr64 __cdecl duet::LApiTrackingLayer::_RTTI(void)'::`2'::$TSS0
45	?$TSS0@?1??_RTTI@LApiTrackingManager@duet@@SAPEBVRTTI@MOXIE@@XZ@4HA	int `public: static class MOXIE::RTTI const * __ptr64 __cdecl duet::LApiTrackingManager::_RTTI(void)'::`2'::$TSS0
46	?$TSS0@?1??_RTTI@LApiTrackingTarget@duet@@SAPEBVRTTI@MOXIE@@XZ@4HA	int `public: static class MOXIE::RTTI const * __ptr64 __cdecl duet::LApiTrackingTarget::_RTTI(void)'::`2'::$TSS0
47	?$TSS0@?1??_RTTI@LApiUtil@duet@@SAPEBVRTTI@MOXIE@@XZ@4HA	int `public: static class MOXIE::RTTI const * __ptr64 __cdecl duet::LApiUtil::_RTTI(void)'::`2'::$TSS0
48	?$TSS0@?1??_RTTI@LBlockAllocator@MOXIE@@SAPEBVRTTI@3@XZ@4HA	int `public: static class MOXIE::RTTI const * __ptr64 __cdecl MOXIE::LBlockAllocator::_RTTI(void)'::`2'::$TSS0
49	?$TSS0@?1??_RTTI@LComponent@MOXIE@@SAPEBVRTTI@3@XZ@4HA	int `public: static class MOXIE::RTTI const * __ptr64 __cdecl MOXIE::LComponent::_RTTI(void)'::`2'::$TSS0
50	?$TSS0@?1??_RTTI@LocalFileSystem@MOXIE@@SAPEBVRTTI@3@XZ@4HA	int `public: static class MOXIE::RTTI const * __ptr64 __cdecl MOXIE::LocalFileSystem::_RTTI(void)'::`2'::$TSS0
51	?$TSS0@?1??_RTTI@ModelResource@MOXIE@@SAPEBVRTTI@3@XZ@4HA	int `public: static class MOXIE::RTTI const * __ptr64 __cdecl MOXIE::ModelResource::_RTTI(void)'::`2'::$TSS0
52	?$TSS0@?1??_RTTI@NetworkFileSystem@MOXIE@@SAPEBVRTTI@3@XZ@4HA	int `public: static class MOXIE::RTTI const * __ptr64 __cdecl MOXIE::NetworkFileSystem::_RTTI(void)'::`2'::$TSS0
53	?$TSS0@?1??_RTTI@ParticleSystemResource@MOXIE@@SAPEBVRTTI@3@XZ@4HA	int `public: static class MOXIE::RTTI const * __ptr64 __cdecl MOXIE::ParticleSystemResource::_RTTI(void)'::`2'::$TSS0
54	?$TSS0@?1??_RTTI@PhysicsManager@MOXIE@@SAPEBVRTTI@3@XZ@4HA	int `public: static class MOXIE::RTTI const * __ptr64 __cdecl MOXIE::PhysicsManager::_RTTI(void)'::`2'::$TSS0
55	?$TSS0@?1??_RTTI@RenderDebug@MOXIE@@SAPEBVRTTI@3@XZ@4HA	int `public: static class MOXIE::RTTI const * __ptr64 __cdecl MOXIE::RenderDebug::_RTTI(void)'::`2'::$TSS0
56	?$TSS0@?1??_RTTI@RenderDevice@MOXIE@@SAPEBVRTTI@3@XZ@4HA	int `public: static class MOXIE::RTTI const * __ptr64 __cdecl MOXIE::RenderDevice::_RTTI(void)'::`2'::$TSS0
57	?$TSS0@?1??_RTTI@RenderManager@MOXIE@@SAPEBVRTTI@3@XZ@4HA	int `public: static class MOXIE::RTTI const * __ptr64 __cdecl MOXIE::RenderManager::_RTTI(void)'::`2'::$TSS0
58	?$TSS0@?1??_RTTI@RenderTarget@MOXIE@@SAPEAVRTTI@3@XZ@4HA	int `public: static class MOXIE::RTTI * __ptr64 __cdecl MOXIE::RenderTarget::_RTTI(void)'::`2'::$TSS0
59	?$TSS0@?1??_RTTI@ReplayManager@MOXIE@@SAPEBVRTTI@3@XZ@4HA	int `public: static class MOXIE::RTTI const * __ptr64 __cdecl MOXIE::ReplayManager::_RTTI(void)'::`2'::$TSS0
60	?$TSS0@?1??_RTTI@Resource@MOXIE@@SAPEAVRTTI@3@XZ@4HA	int `public: static class MOXIE::RTTI * __ptr64 __cdecl MOXIE::Resource::_RTTI(void)'::`2'::$TSS0
61	?$TSS0@?1??_RTTI@ResourceManager@MOXIE@@SAPEBVRTTI@3@XZ@4HA	int `public: static class MOXIE::RTTI const * __ptr64 __cdecl MOXIE::ResourceManager::_RTTI(void)'::`2'::$TSS0
62	?$TSS0@?1??_RTTI@SGAnimator@MOXIE@@SAPEBVRTTI@3@XZ@4HA	int `public: static class MOXIE::RTTI const * __ptr64 __cdecl MOXIE::SGAnimator::_RTTI(void)'::`2'::$TSS0
63	?$TSS0@?1??_RTTI@SGCamera@MOXIE@@SAPEBVRTTI@3@XZ@4HA	int `public: static class MOXIE::RTTI const * __ptr64 __cdecl MOXIE::SGCamera::_RTTI(void)'::`2'::$TSS0
64	?$TSS0@?1??_RTTI@SGCameraController@MOXIE@@SAPEBVRTTI@3@XZ@4HA	int `public: static class MOXIE::RTTI const * __ptr64 __cdecl MOXIE::SGCameraController::_RTTI(void)'::`2'::$TSS0
65	?$TSS0@?1??_RTTI@SGComponent@MOXIE@@SAPEAVRTTI@3@XZ@4HA	int `public: static class MOXIE::RTTI * __ptr64 __cdecl MOXIE::SGComponent::_RTTI(void)'::`2'::$TSS0
66	?$TSS0@?1??_RTTI@SGDebugCameraController@MOXIE@@SAPEBVRTTI@3@XZ@4HA	int `public: static class MOXIE::RTTI const * __ptr64 __cdecl MOXIE::SGDebugCameraController::_RTTI(void)'::`2'::$TSS0
67	?$TSS0@?1??_RTTI@SGFlipbookDriver@MOXIE@@SAPEBVRTTI@3@XZ@4HA	int `public: static class MOXIE::RTTI const * __ptr64 __cdecl MOXIE::SGFlipbookDriver::_RTTI(void)'::`2'::$TSS0
68	?$TSS0@?1??_RTTI@SGGroup@MOXIE@@SAPEBVRTTI@3@XZ@4HA	int `public: static class MOXIE::RTTI const * __ptr64 __cdecl MOXIE::SGGroup::_RTTI(void)'::`2'::$TSS0
69	?$TSS0@?1??_RTTI@SGLight@MOXIE@@SAPEBVRTTI@3@XZ@4HA	int `public: static class MOXIE::RTTI const * __ptr64 __cdecl MOXIE::SGLight::_RTTI(void)'::`2'::$TSS0
70	?$TSS0@?1??_RTTI@SGMaterial@MOXIE@@SAPEBVRTTI@3@XZ@4HA	int `public: static class MOXIE::RTTI const * __ptr64 __cdecl MOXIE::SGMaterial::_RTTI(void)'::`2'::$TSS0
71	?$TSS0@?1??_RTTI@SGModelInstance@MOXIE@@SAPEBVRTTI@3@XZ@4HA	int `public: static class MOXIE::RTTI const * __ptr64 __cdecl MOXIE::SGModelInstance::_RTTI(void)'::`2'::$TSS0
72	?$TSS0@?1??_RTTI@SGNode@MOXIE@@SAPEAVRTTI@3@XZ@4HA	int `public: static class MOXIE::RTTI * __ptr64 __cdecl MOXIE::SGNode::_RTTI(void)'::`2'::$TSS0
73	?$TSS0@?1??_RTTI@SGParticleEmitter@MOXIE@@SAPEBVRTTI@3@XZ@4HA	int `public: static class MOXIE::RTTI const * __ptr64 __cdecl MOXIE::SGParticleEmitter::_RTTI(void)'::`2'::$TSS0
74	?$TSS0@?1??_RTTI@SGReplay@MOXIE@@SAPEBVRTTI@3@XZ@4HA	int `public: static class MOXIE::RTTI const * __ptr64 __cdecl MOXIE::SGReplay::_RTTI(void)'::`2'::$TSS0
75	?$TSS0@?1??_RTTI@SGTransform@MOXIE@@SAPEBVRTTI@3@XZ@4HA	int `public: static class MOXIE::RTTI const * __ptr64 __cdecl MOXIE::SGTransform::_RTTI(void)'::`2'::$TSS0
76	?$TSS0@?1??_RTTI@SGVideoCubePlayer@MOXIE@@SAPEBVRTTI@3@XZ@4HA	int `public: static class MOXIE::RTTI const * __ptr64 __cdecl MOXIE::SGVideoCubePlayer::_RTTI(void)'::`2'::$TSS0
77	?$TSS0@?1??_RTTI@SceneGraphResource@MOXIE@@SAPEBVRTTI@3@XZ@4HA	int `public: static class MOXIE::RTTI const * __ptr64 __cdecl MOXIE::SceneGraphResource::_RTTI(void)'::`2'::$TSS0
78	?$TSS0@?1??_RTTI@SceneManager@MOXIE@@SAPEBVRTTI@3@XZ@4HA	int `public: static class MOXIE::RTTI const * __ptr64 __cdecl MOXIE::SceneManager::_RTTI(void)'::`2'::$TSS0
79	?$TSS0@?1??_RTTI@ScriptManager@MOXIE@@SAPEBVRTTI@3@XZ@4HA	int `public: static class MOXIE::RTTI const * __ptr64 __cdecl MOXIE::ScriptManager::_RTTI(void)'::`2'::$TSS0
80	?$TSS0@?1??_RTTI@SensorManager@MOXIE@@SAPEBVRTTI@3@XZ@4HA	int `public: static class MOXIE::RTTI const * __ptr64 __cdecl MOXIE::SensorManager::_RTTI(void)'::`2'::$TSS0
81	?$TSS0@?1??_RTTI@Shader@MOXIE@@SAPEAVRTTI@3@XZ@4HA	int `public: static class MOXIE::RTTI * __ptr64 __cdecl MOXIE::Shader::_RTTI(void)'::`2'::$TSS0
82	?$TSS0@?1??_RTTI@ShaderFxResource@MOXIE@@SAPEBVRTTI@3@XZ@4HA	int `public: static class MOXIE::RTTI const * __ptr64 __cdecl MOXIE::ShaderFxResource::_RTTI(void)'::`2'::$TSS0
83	?$TSS0@?1??_RTTI@StatManager@MOXIE@@SAPEBVRTTI@3@XZ@4HA	int `public: static class MOXIE::RTTI const * __ptr64 __cdecl MOXIE::StatManager::_RTTI(void)'::`2'::$TSS0
84	?$TSS0@?1??_RTTI@TextureResource@MOXIE@@SAPEBVRTTI@3@XZ@4HA	int `public: static class MOXIE::RTTI const * __ptr64 __cdecl MOXIE::TextureResource::_RTTI(void)'::`2'::$TSS0
85	?$TSS0@?1??_RTTI@UriManager@MOXIE@@SAPEBVRTTI@3@XZ@4HA	int `public: static class MOXIE::RTTI const * __ptr64 __cdecl MOXIE::UriManager::_RTTI(void)'::`2'::$TSS0
86	?$TSS0@?1??_RTTI@VertexBuffer@MOXIE@@SAPEBVRTTI@3@XZ@4HA	int `public: static class MOXIE::RTTI const * __ptr64 __cdecl MOXIE::VertexBuffer::_RTTI(void)'::`2'::$TSS0
87	?$TSS0@?1??_RTTI@VideoCubeResource@MOXIE@@SAPEBVRTTI@3@XZ@4HA	int `public: static class MOXIE::RTTI const * __ptr64 __cdecl MOXIE::VideoCubeResource::_RTTI(void)'::`2'::$TSS0
88	?$TSS0@?1??backtrace@LUtil@MOXIE@@SAPEBDPEAUlua_State@@@Z@4HA	int `public: static char const * __ptr64 __cdecl MOXIE::LUtil::backtrace(struct lua_State * __ptr64)'::`2'::$TSS0
89	?$TSS0@?1??error@LUtil@MOXIE@@SAPEBDPEAUlua_State@@@Z@4HA	int `public: static char const * __ptr64 __cdecl MOXIE::LUtil::error(struct lua_State * __ptr64)'::`2'::$TSS0
90	?$TSS0@?1??getAxisW@Vector4@MOXIE@@SAAEBV23@XZ@4HA	int `public: static class MOXIE::Vector4 const & __ptr64 __cdecl MOXIE::Vector4::getAxisW(void)'::`2'::$TSS0
91	?$TSS0@?1??getAxisX@Vector2@MOXIE@@SAAEBV23@XZ@4HA	int `public: static class MOXIE::Vector2 const & __ptr64 __cdecl MOXIE::Vector2::getAxisX(void)'::`2'::$TSS0
92	?$TSS0@?1??getAxisX@Vector3@MOXIE@@SAAEBV23@XZ@4HA	int `public: static class MOXIE::Vector3 const & __ptr64 __cdecl MOXIE::Vector3::getAxisX(void)'::`2'::$TSS0
93	?$TSS0@?1??getAxisX@Vector4@MOXIE@@SAAEBV23@XZ@4HA	int `public: static class MOXIE::Vector4 const & __ptr64 __cdecl MOXIE::Vector4::getAxisX(void)'::`2'::$TSS0
94	?$TSS0@?1??getAxisY@Vector2@MOXIE@@SAAEBV23@XZ@4HA	int `public: static class MOXIE::Vector2 const & __ptr64 __cdecl MOXIE::Vector2::getAxisY(void)'::`2'::$TSS0
95	?$TSS0@?1??getAxisY@Vector3@MOXIE@@SAAEBV23@XZ@4HA	int `public: static class MOXIE::Vector3 const & __ptr64 __cdecl MOXIE::Vector3::getAxisY(void)'::`2'::$TSS0
96	?$TSS0@?1??getAxisY@Vector4@MOXIE@@SAAEBV23@XZ@4HA	int `public: static class MOXIE::Vector4 const & __ptr64 __cdecl MOXIE::Vector4::getAxisY(void)'::`2'::$TSS0
97	?$TSS0@?1??getAxisZ@Vector3@MOXIE@@SAAEBV23@XZ@4HA	int `public: static class MOXIE::Vector3 const & __ptr64 __cdecl MOXIE::Vector3::getAxisZ(void)'::`2'::$TSS0
98	?$TSS0@?1??getAxisZ@Vector4@MOXIE@@SAAEBV23@XZ@4HA	int `public: static class MOXIE::Vector4 const & __ptr64 __cdecl MOXIE::Vector4::getAxisZ(void)'::`2'::$TSS0
99	?$TSS0@?1??getIdentity@Matrix3@MOXIE@@SAAEBV23@XZ@4HA	int `public: static class MOXIE::Matrix3 const & __ptr64 __cdecl MOXIE::Matrix3::getIdentity(void)'::`2'::$TSS0
100	?$TSS0@?1??getIdentity@Matrix4@MOXIE@@SAAEBV23@XZ@4HA	int `public: static class MOXIE::Matrix4 const & __ptr64 __cdecl MOXIE::Matrix4::getIdentity(void)'::`2'::$TSS0
101	?$TSS0@?1??getIdentity@Quaternion@MOXIE@@SAAEBV23@XZ@4HA	int `public: static class MOXIE::Quaternion const & __ptr64 __cdecl MOXIE::Quaternion::getIdentity(void)'::`2'::$TSS0
102	?$TSS0@?1??getIdentity@Transform@MOXIE@@SAAEBV23@XZ@4HA	int `public: static class MOXIE::Transform const & __ptr64 __cdecl MOXIE::Transform::getIdentity(void)'::`2'::$TSS0
103	?$TSS0@?1??getInstance@DefaultAnimMixer@MOXIE@@SAPEAV23@XZ@4HA	int `public: static class MOXIE::DefaultAnimMixer * __ptr64 __cdecl MOXIE::DefaultAnimMixer::getInstance(void)'::`2'::$TSS0
104	?$TSS0@?1??getMaxInvalid@AABBox@MOXIE@@SAAEBVVector3@3@XZ@4HA	int `public: static class MOXIE::Vector3 const & __ptr64 __cdecl MOXIE::AABBox::getMaxInvalid(void)'::`2'::$TSS0
105	?$TSS0@?1??getMinInvalid@AABBox@MOXIE@@SAAEBVVector3@3@XZ@4HA	int `public: static class MOXIE::Vector3 const & __ptr64 __cdecl MOXIE::AABBox::getMinInvalid(void)'::`2'::$TSS0
106	?$TSS0@?1??getOne@Vector2@MOXIE@@SAAEBV23@XZ@4HA	int `public: static class MOXIE::Vector2 const & __ptr64 __cdecl MOXIE::Vector2::getOne(void)'::`2'::$TSS0
107	?$TSS0@?1??getOne@Vector3@MOXIE@@SAAEBV23@XZ@4HA	int `public: static class MOXIE::Vector3 const & __ptr64 __cdecl MOXIE::Vector3::getOne(void)'::`2'::$TSS0
108	?$TSS0@?1??getOne@Vector4@MOXIE@@SAAEBV23@XZ@4HA	int `public: static class MOXIE::Vector4 const & __ptr64 __cdecl MOXIE::Vector4::getOne(void)'::`2'::$TSS0
109	?$TSS0@?1??getZero@Matrix3@MOXIE@@SAAEBV23@XZ@4HA	int `public: static class MOXIE::Matrix3 const & __ptr64 __cdecl MOXIE::Matrix3::getZero(void)'::`2'::$TSS0
110	?$TSS0@?1??getZero@Matrix4@MOXIE@@SAAEBV23@XZ@4HA	int `public: static class MOXIE::Matrix4 const & __ptr64 __cdecl MOXIE::Matrix4::getZero(void)'::`2'::$TSS0
111	?$TSS0@?1??getZero@Vector2@MOXIE@@SAAEBV23@XZ@4HA	int `public: static class MOXIE::Vector2 const & __ptr64 __cdecl MOXIE::Vector2::getZero(void)'::`2'::$TSS0
112	?$TSS0@?1??getZero@Vector3@MOXIE@@SAAEBV23@XZ@4HA	int `public: static class MOXIE::Vector3 const & __ptr64 __cdecl MOXIE::Vector3::getZero(void)'::`2'::$TSS0
113	?$TSS0@?1??getZero@Vector4@MOXIE@@SAAEBV23@XZ@4HA	int `public: static class MOXIE::Vector4 const & __ptr64 __cdecl MOXIE::Vector4::getZero(void)'::`2'::$TSS0
114	?$TSS0@?1??invalid@ShaderParam@MOXIE@@SAAEAV23@XZ@4HA	int `public: static class MOXIE::ShaderParam & __ptr64 __cdecl MOXIE::ShaderParam::invalid(void)'::`2'::$TSS0
115	?$TSS0@?1??invalid@Sound@MOXIE@@SAAEAV23@XZ@4HA	int `public: static class MOXIE::Sound & __ptr64 __cdecl MOXIE::Sound::invalid(void)'::`2'::$TSS0
116	??0?$EngineService@VAnalyticsManager@MOXIE@@@MOXIE@@QEAA@AEBV01@@Z	public: __cdecl MOXIE::EngineService<class MOXIE::AnalyticsManager>::EngineService<class MOXIE::AnalyticsManager>(class MOXIE::EngineService<class MOXIE::AnalyticsManager> const & __ptr64) __ptr64
117	??0?$EngineService@VAnalyticsManager@MOXIE@@@MOXIE@@QEAA@XZ	public: __cdecl MOXIE::EngineService<class MOXIE::AnalyticsManager>::EngineService<class MOXIE::AnalyticsManager>(void) __ptr64
118	??0?$EngineService@VAudioDevice@MOXIE@@@MOXIE@@QEAA@AEBV01@@Z	public: __cdecl MOXIE::EngineService<class MOXIE::AudioDevice>::EngineService<class MOXIE::AudioDevice>(class MOXIE::EngineService<class MOXIE::AudioDevice> const & __ptr64) __ptr64
119	??0?$EngineService@VAudioDevice@MOXIE@@@MOXIE@@QEAA@XZ	public: __cdecl MOXIE::EngineService<class MOXIE::AudioDevice>::EngineService<class MOXIE::AudioDevice>(void) __ptr64
120	??0?$EngineService@VAudioManager@MOXIE@@@MOXIE@@QEAA@AEBV01@@Z	public: __cdecl MOXIE::EngineService<class MOXIE::AudioManager>::EngineService<class MOXIE::AudioManager>(class MOXIE::EngineService<class MOXIE::AudioManager> const & __ptr64) __ptr64
121	??0?$EngineService@VAudioManager@MOXIE@@@MOXIE@@QEAA@XZ	public: __cdecl MOXIE::EngineService<class MOXIE::AudioManager>::EngineService<class MOXIE::AudioManager>(void) __ptr64
122	??0?$EngineService@VAudioSystem@MOXIE@@@MOXIE@@QEAA@AEBV01@@Z	public: __cdecl MOXIE::EngineService<class MOXIE::AudioSystem>::EngineService<class MOXIE::AudioSystem>(class MOXIE::EngineService<class MOXIE::AudioSystem> const & __ptr64) __ptr64
123	??0?$EngineService@VAudioSystem@MOXIE@@@MOXIE@@QEAA@XZ	public: __cdecl MOXIE::EngineService<class MOXIE::AudioSystem>::EngineService<class MOXIE::AudioSystem>(void) __ptr64
124	??0?$EngineService@VEnableManager@MOXIE@@@MOXIE@@QEAA@AEBV01@@Z	public: __cdecl MOXIE::EngineService<class MOXIE::EnableManager>::EngineService<class MOXIE::EnableManager>(class MOXIE::EngineService<class MOXIE::EnableManager> const & __ptr64) __ptr64
125	??0?$EngineService@VEnableManager@MOXIE@@@MOXIE@@QEAA@XZ	public: __cdecl MOXIE::EngineService<class MOXIE::EnableManager>::EngineService<class MOXIE::EnableManager>(void) __ptr64
126	??0?$EngineService@VInputManager@MOXIE@@@MOXIE@@QEAA@AEBV01@@Z	public: __cdecl MOXIE::EngineService<class MOXIE::InputManager>::EngineService<class MOXIE::InputManager>(class MOXIE::EngineService<class MOXIE::InputManager> const & __ptr64) __ptr64
127	??0?$EngineService@VInputManager@MOXIE@@@MOXIE@@QEAA@XZ	public: __cdecl MOXIE::EngineService<class MOXIE::InputManager>::EngineService<class MOXIE::InputManager>(void) __ptr64
128	??0?$EngineService@VPhysicsManager@MOXIE@@@MOXIE@@QEAA@AEBV01@@Z	public: __cdecl MOXIE::EngineService<class MOXIE::PhysicsManager>::EngineService<class MOXIE::PhysicsManager>(class MOXIE::EngineService<class MOXIE::PhysicsManager> const & __ptr64) __ptr64
129	??0?$EngineService@VPhysicsManager@MOXIE@@@MOXIE@@QEAA@XZ	public: __cdecl MOXIE::EngineService<class MOXIE::PhysicsManager>::EngineService<class MOXIE::PhysicsManager>(void) __ptr64
130	??0?$EngineService@VRenderDebug@MOXIE@@@MOXIE@@QEAA@AEBV01@@Z	public: __cdecl MOXIE::EngineService<class MOXIE::RenderDebug>::EngineService<class MOXIE::RenderDebug>(class MOXIE::EngineService<class MOXIE::RenderDebug> const & __ptr64) __ptr64
131	??0?$EngineService@VRenderDebug@MOXIE@@@MOXIE@@QEAA@XZ	public: __cdecl MOXIE::EngineService<class MOXIE::RenderDebug>::EngineService<class MOXIE::RenderDebug>(void) __ptr64
132	??0?$EngineService@VRenderDevice@MOXIE@@@MOXIE@@QEAA@AEBV01@@Z	public: __cdecl MOXIE::EngineService<class MOXIE::RenderDevice>::EngineService<class MOXIE::RenderDevice>(class MOXIE::EngineService<class MOXIE::RenderDevice> const & __ptr64) __ptr64
133	??0?$EngineService@VRenderDevice@MOXIE@@@MOXIE@@QEAA@XZ	public: __cdecl MOXIE::EngineService<class MOXIE::RenderDevice>::EngineService<class MOXIE::RenderDevice>(void) __ptr64
134	??0?$EngineService@VRenderManager@MOXIE@@@MOXIE@@QEAA@AEBV01@@Z	public: __cdecl MOXIE::EngineService<class MOXIE::RenderManager>::EngineService<class MOXIE::RenderManager>(class MOXIE::EngineService<class MOXIE::RenderManager> const & __ptr64) __ptr64
135	??0?$EngineService@VRenderManager@MOXIE@@@MOXIE@@QEAA@XZ	public: __cdecl MOXIE::EngineService<class MOXIE::RenderManager>::EngineService<class MOXIE::RenderManager>(void) __ptr64
136	??0?$EngineService@VReplayManager@MOXIE@@@MOXIE@@QEAA@AEBV01@@Z	public: __cdecl MOXIE::EngineService<class MOXIE::ReplayManager>::EngineService<class MOXIE::ReplayManager>(class MOXIE::EngineService<class MOXIE::ReplayManager> const & __ptr64) __ptr64
137	??0?$EngineService@VReplayManager@MOXIE@@@MOXIE@@QEAA@XZ	public: __cdecl MOXIE::EngineService<class MOXIE::ReplayManager>::EngineService<class MOXIE::ReplayManager>(void) __ptr64
138	??0?$EngineService@VResourceManager@MOXIE@@@MOXIE@@QEAA@AEBV01@@Z	public: __cdecl MOXIE::EngineService<class MOXIE::ResourceManager>::EngineService<class MOXIE::ResourceManager>(class MOXIE::EngineService<class MOXIE::ResourceManager> const & __ptr64) __ptr64
139	??0?$EngineService@VResourceManager@MOXIE@@@MOXIE@@QEAA@XZ	public: __cdecl MOXIE::EngineService<class MOXIE::ResourceManager>::EngineService<class MOXIE::ResourceManager>(void) __ptr64
140	??0?$EngineService@VSceneManager@MOXIE@@@MOXIE@@QEAA@AEBV01@@Z	public: __cdecl MOXIE::EngineService<class MOXIE::SceneManager>::EngineService<class MOXIE::SceneManager>(class MOXIE::EngineService<class MOXIE::SceneManager> const & __ptr64) __ptr64
141	??0?$EngineService@VSceneManager@MOXIE@@@MOXIE@@QEAA@XZ	public: __cdecl MOXIE::EngineService<class MOXIE::SceneManager>::EngineService<class MOXIE::SceneManager>(void) __ptr64
142	??0?$EngineService@VScriptManager@MOXIE@@@MOXIE@@QEAA@AEBV01@@Z	public: __cdecl MOXIE::EngineService<class MOXIE::ScriptManager>::EngineService<class MOXIE::ScriptManager>(class MOXIE::EngineService<class MOXIE::ScriptManager> const & __ptr64) __ptr64
143	??0?$EngineService@VScriptManager@MOXIE@@@MOXIE@@QEAA@XZ	public: __cdecl MOXIE::EngineService<class MOXIE::ScriptManager>::EngineService<class MOXIE::ScriptManager>(void) __ptr64
144	??0?$EngineService@VSensorManager@MOXIE@@@MOXIE@@QEAA@AEBV01@@Z	public: __cdecl MOXIE::EngineService<class MOXIE::SensorManager>::EngineService<class MOXIE::SensorManager>(class MOXIE::EngineService<class MOXIE::SensorManager> const & __ptr64) __ptr64
145	??0?$EngineService@VSensorManager@MOXIE@@@MOXIE@@QEAA@XZ	public: __cdecl MOXIE::EngineService<class MOXIE::SensorManager>::EngineService<class MOXIE::SensorManager>(void) __ptr64
146	??0?$EngineService@VStatManager@MOXIE@@@MOXIE@@QEAA@AEBV01@@Z	public: __cdecl MOXIE::EngineService<class MOXIE::StatManager>::EngineService<class MOXIE::StatManager>(class MOXIE::EngineService<class MOXIE::StatManager> const & __ptr64) __ptr64
147	??0?$EngineService@VStatManager@MOXIE@@@MOXIE@@QEAA@XZ	public: __cdecl MOXIE::EngineService<class MOXIE::StatManager>::EngineService<class MOXIE::StatManager>(void) __ptr64
148	??0?$EngineService@VUriManager@MOXIE@@@MOXIE@@QEAA@AEBV01@@Z	public: __cdecl MOXIE::EngineService<class MOXIE::UriManager>::EngineService<class MOXIE::UriManager>(class MOXIE::EngineService<class MOXIE::UriManager> const & __ptr64) __ptr64
149	??0?$EngineService@VUriManager@MOXIE@@@MOXIE@@QEAA@XZ	public: __cdecl MOXIE::EngineService<class MOXIE::UriManager>::EngineService<class MOXIE::UriManager>(void) __ptr64
150	??0?$EngineService@VVideoCubeManager@MOXIE@@@MOXIE@@QEAA@AEBV01@@Z	public: __cdecl MOXIE::EngineService<class MOXIE::VideoCubeManager>::EngineService<class MOXIE::VideoCubeManager>(class MOXIE::EngineService<class MOXIE::VideoCubeManager> const & __ptr64) __ptr64
151	??0?$EngineService@VVideoCubeManager@MOXIE@@@MOXIE@@QEAA@XZ	public: __cdecl MOXIE::EngineService<class MOXIE::VideoCubeManager>::EngineService<class MOXIE::VideoCubeManager>(void) __ptr64
152	??0?$Service@VAnalyticsManager@MOXIE@@@MOXIE@@QEAA@AEBV01@@Z	public: __cdecl MOXIE::Service<class MOXIE::AnalyticsManager>::Service<class MOXIE::AnalyticsManager>(class MOXIE::Service<class MOXIE::AnalyticsManager> const & __ptr64) __ptr64
153	??0?$Service@VAnalyticsManager@MOXIE@@@MOXIE@@QEAA@XZ	public: __cdecl MOXIE::Service<class MOXIE::AnalyticsManager>::Service<class MOXIE::AnalyticsManager>(void) __ptr64
154	??0?$Service@VAudioDevice@MOXIE@@@MOXIE@@QEAA@AEBV01@@Z	public: __cdecl MOXIE::Service<class MOXIE::AudioDevice>::Service<class MOXIE::AudioDevice>(class MOXIE::Service<class MOXIE::AudioDevice> const & __ptr64) __ptr64
155	??0?$Service@VAudioDevice@MOXIE@@@MOXIE@@QEAA@XZ	public: __cdecl MOXIE::Service<class MOXIE::AudioDevice>::Service<class MOXIE::AudioDevice>(void) __ptr64
156	??0?$Service@VAudioManager@MOXIE@@@MOXIE@@QEAA@AEBV01@@Z	public: __cdecl MOXIE::Service<class MOXIE::AudioManager>::Service<class MOXIE::AudioManager>(class MOXIE::Service<class MOXIE::AudioManager> const & __ptr64) __ptr64
157	??0?$Service@VAudioManager@MOXIE@@@MOXIE@@QEAA@XZ	public: __cdecl MOXIE::Service<class MOXIE::AudioManager>::Service<class MOXIE::AudioManager>(void) __ptr64
158	??0?$Service@VAudioSystem@MOXIE@@@MOXIE@@QEAA@AEBV01@@Z	public: __cdecl MOXIE::Service<class MOXIE::AudioSystem>::Service<class MOXIE::AudioSystem>(class MOXIE::Service<class MOXIE::AudioSystem> const & __ptr64) __ptr64
159	??0?$Service@VAudioSystem@MOXIE@@@MOXIE@@QEAA@XZ	public: __cdecl MOXIE::Service<class MOXIE::AudioSystem>::Service<class MOXIE::AudioSystem>(void) __ptr64
160	??0?$Service@VEnableManager@MOXIE@@@MOXIE@@QEAA@AEBV01@@Z	public: __cdecl MOXIE::Service<class MOXIE::EnableManager>::Service<class MOXIE::EnableManager>(class MOXIE::Service<class MOXIE::EnableManager> const & __ptr64) __ptr64
161	??0?$Service@VEnableManager@MOXIE@@@MOXIE@@QEAA@XZ	public: __cdecl MOXIE::Service<class MOXIE::EnableManager>::Service<class MOXIE::EnableManager>(void) __ptr64
162	??0?$Service@VGlobalTime@MOXIE@@@MOXIE@@QEAA@AEBV01@@Z	public: __cdecl MOXIE::Service<class MOXIE::GlobalTime>::Service<class MOXIE::GlobalTime>(class MOXIE::Service<class MOXIE::GlobalTime> const & __ptr64) __ptr64
163	??0?$Service@VGlobalTime@MOXIE@@@MOXIE@@QEAA@XZ	public: __cdecl MOXIE::Service<class MOXIE::GlobalTime>::Service<class MOXIE::GlobalTime>(void) __ptr64
164	??0?$Service@VInputManager@MOXIE@@@MOXIE@@QEAA@AEBV01@@Z	public: __cdecl MOXIE::Service<class MOXIE::InputManager>::Service<class MOXIE::InputManager>(class MOXIE::Service<class MOXIE::InputManager> const & __ptr64) __ptr64
165	??0?$Service@VInputManager@MOXIE@@@MOXIE@@QEAA@XZ	public: __cdecl MOXIE::Service<class MOXIE::InputManager>::Service<class MOXIE::InputManager>(void) __ptr64
166	??0?$Service@VPhysicsManager@MOXIE@@@MOXIE@@QEAA@AEBV01@@Z	public: __cdecl MOXIE::Service<class MOXIE::PhysicsManager>::Service<class MOXIE::PhysicsManager>(class MOXIE::Service<class MOXIE::PhysicsManager> const & __ptr64) __ptr64
167	??0?$Service@VPhysicsManager@MOXIE@@@MOXIE@@QEAA@XZ	public: __cdecl MOXIE::Service<class MOXIE::PhysicsManager>::Service<class MOXIE::PhysicsManager>(void) __ptr64
168	??0?$Service@VRenderDebug@MOXIE@@@MOXIE@@QEAA@AEBV01@@Z	public: __cdecl MOXIE::Service<class MOXIE::RenderDebug>::Service<class MOXIE::RenderDebug>(class MOXIE::Service<class MOXIE::RenderDebug> const & __ptr64) __ptr64
169	??0?$Service@VRenderDebug@MOXIE@@@MOXIE@@QEAA@XZ	public: __cdecl MOXIE::Service<class MOXIE::RenderDebug>::Service<class MOXIE::RenderDebug>(void) __ptr64
170	??0?$Service@VRenderDevice@MOXIE@@@MOXIE@@QEAA@AEBV01@@Z	public: __cdecl MOXIE::Service<class MOXIE::RenderDevice>::Service<class MOXIE::RenderDevice>(class MOXIE::Service<class MOXIE::RenderDevice> const & __ptr64) __ptr64
171	??0?$Service@VRenderDevice@MOXIE@@@MOXIE@@QEAA@XZ	public: __cdecl MOXIE::Service<class MOXIE::RenderDevice>::Service<class MOXIE::RenderDevice>(void) __ptr64
172	??0?$Service@VRenderManager@MOXIE@@@MOXIE@@QEAA@AEBV01@@Z	public: __cdecl MOXIE::Service<class MOXIE::RenderManager>::Service<class MOXIE::RenderManager>(class MOXIE::Service<class MOXIE::RenderManager> const & __ptr64) __ptr64
173	??0?$Service@VRenderManager@MOXIE@@@MOXIE@@QEAA@XZ	public: __cdecl MOXIE::Service<class MOXIE::RenderManager>::Service<class MOXIE::RenderManager>(void) __ptr64
174	??0?$Service@VReplayManager@MOXIE@@@MOXIE@@QEAA@AEBV01@@Z	public: __cdecl MOXIE::Service<class MOXIE::ReplayManager>::Service<class MOXIE::ReplayManager>(class MOXIE::Service<class MOXIE::ReplayManager> const & __ptr64) __ptr64
175	??0?$Service@VReplayManager@MOXIE@@@MOXIE@@QEAA@XZ	public: __cdecl MOXIE::Service<class MOXIE::ReplayManager>::Service<class MOXIE::ReplayManager>(void) __ptr64
176	??0?$Service@VResourceManager@MOXIE@@@MOXIE@@QEAA@AEBV01@@Z	public: __cdecl MOXIE::Service<class MOXIE::ResourceManager>::Service<class MOXIE::ResourceManager>(class MOXIE::Service<class MOXIE::ResourceManager> const & __ptr64) __ptr64
177	??0?$Service@VResourceManager@MOXIE@@@MOXIE@@QEAA@XZ	public: __cdecl MOXIE::Service<class MOXIE::ResourceManager>::Service<class MOXIE::ResourceManager>(void) __ptr64
178	??0?$Service@VSceneManager@MOXIE@@@MOXIE@@QEAA@AEBV01@@Z	public: __cdecl MOXIE::Service<class MOXIE::SceneManager>::Service<class MOXIE::SceneManager>(class MOXIE::Service<class MOXIE::SceneManager> const & __ptr64) __ptr64
179	??0?$Service@VSceneManager@MOXIE@@@MOXIE@@QEAA@XZ	public: __cdecl MOXIE::Service<class MOXIE::SceneManager>::Service<class MOXIE::SceneManager>(void) __ptr64
180	??0?$Service@VScriptManager@MOXIE@@@MOXIE@@QEAA@AEBV01@@Z	public: __cdecl MOXIE::Service<class MOXIE::ScriptManager>::Service<class MOXIE::ScriptManager>(class MOXIE::Service<class MOXIE::ScriptManager> const & __ptr64) __ptr64
181	??0?$Service@VScriptManager@MOXIE@@@MOXIE@@QEAA@XZ	public: __cdecl MOXIE::Service<class MOXIE::ScriptManager>::Service<class MOXIE::ScriptManager>(void) __ptr64
182	??0?$Service@VSensorManager@MOXIE@@@MOXIE@@QEAA@AEBV01@@Z	public: __cdecl MOXIE::Service<class MOXIE::SensorManager>::Service<class MOXIE::SensorManager>(class MOXIE::Service<class MOXIE::SensorManager> const & __ptr64) __ptr64
183	??0?$Service@VSensorManager@MOXIE@@@MOXIE@@QEAA@XZ	public: __cdecl MOXIE::Service<class MOXIE::SensorManager>::Service<class MOXIE::SensorManager>(void) __ptr64
184	??0?$Service@VStatManager@MOXIE@@@MOXIE@@QEAA@AEBV01@@Z	public: __cdecl MOXIE::Service<class MOXIE::StatManager>::Service<class MOXIE::StatManager>(class MOXIE::Service<class MOXIE::StatManager> const & __ptr64) __ptr64
185	??0?$Service@VStatManager@MOXIE@@@MOXIE@@QEAA@XZ	public: __cdecl MOXIE::Service<class MOXIE::StatManager>::Service<class MOXIE::StatManager>(void) __ptr64
186	??0?$Service@VUriManager@MOXIE@@@MOXIE@@QEAA@AEBV01@@Z	public: __cdecl MOXIE::Service<class MOXIE::UriManager>::Service<class MOXIE::UriManager>(class MOXIE::Service<class MOXIE::UriManager> const & __ptr64) __ptr64
187	??0?$Service@VUriManager@MOXIE@@@MOXIE@@QEAA@XZ	public: __cdecl MOXIE::Service<class MOXIE::UriManager>::Service<class MOXIE::UriManager>(void) __ptr64
188	??0?$Service@VVideoCubeManager@MOXIE@@@MOXIE@@QEAA@AEBV01@@Z	public: __cdecl MOXIE::Service<class MOXIE::VideoCubeManager>::Service<class MOXIE::VideoCubeManager>(class MOXIE::Service<class MOXIE::VideoCubeManager> const & __ptr64) __ptr64
189	??0?$Service@VVideoCubeManager@MOXIE@@@MOXIE@@QEAA@XZ	public: __cdecl MOXIE::Service<class MOXIE::VideoCubeManager>::Service<class MOXIE::VideoCubeManager>(void) __ptr64
190	??0AABBox@MOXIE@@QEAA@$$QEAV01@@Z	public: __cdecl MOXIE::AABBox::AABBox(class MOXIE::AABBox && __ptr64) __ptr64
191	??0AABBox@MOXIE@@QEAA@AEBV01@@Z	public: __cdecl MOXIE::AABBox::AABBox(class MOXIE::AABBox const & __ptr64) __ptr64
192	??0AABBox@MOXIE@@QEAA@AEBVVector3@1@0@Z	public: __cdecl MOXIE::AABBox::AABBox(class MOXIE::Vector3 const & __ptr64,class MOXIE::Vector3 const & __ptr64) __ptr64
193	??0AABBox@MOXIE@@QEAA@XZ	public: __cdecl MOXIE::AABBox::AABBox(void) __ptr64
194	??0AnalyticsManager@MOXIE@@AEAA@XZ	private: __cdecl MOXIE::AnalyticsManager::AnalyticsManager(void) __ptr64
195	??0AnalyticsManager@MOXIE@@QEAA@AEBV01@@Z	public: __cdecl MOXIE::AnalyticsManager::AnalyticsManager(class MOXIE::AnalyticsManager const & __ptr64) __ptr64
196	??0AnimMixer@MOXIE@@QEAA@AEBV01@@Z	public: __cdecl MOXIE::AnimMixer::AnimMixer(class MOXIE::AnimMixer const & __ptr64) __ptr64
197	??0AnimMixer@MOXIE@@QEAA@XZ	public: __cdecl MOXIE::AnimMixer::AnimMixer(void) __ptr64
198	??0AnimResource@MOXIE@@QEAA@XZ	public: __cdecl MOXIE::AnimResource::AnimResource(void) __ptr64
199	??0Animator@MOXIE@@QEAA@AEBV01@@Z	public: __cdecl MOXIE::Animator::Animator(class MOXIE::Animator const & __ptr64) __ptr64
200	??0Animator@MOXIE@@QEAA@XZ	public: __cdecl MOXIE::Animator::Animator(void) __ptr64
201	??0Application@MOXIE@@QEAA@AEBV01@@Z	public: __cdecl MOXIE::Application::Application(class MOXIE::Application const & __ptr64) __ptr64
202	??0Application@MOXIE@@QEAA@XZ	public: __cdecl MOXIE::Application::Application(void) __ptr64
203	??0AudEmitter@MOXIE@@QEAA@AEBV01@@Z	public: __cdecl MOXIE::AudEmitter::AudEmitter(class MOXIE::AudEmitter const & __ptr64) __ptr64
204	??0AudEmitter@MOXIE@@QEAA@XZ	public: __cdecl MOXIE::AudEmitter::AudEmitter(void) __ptr64
205	??0AudPlayer@MOXIE@@QEAA@AEBV01@@Z	public: __cdecl MOXIE::AudPlayer::AudPlayer(class MOXIE::AudPlayer const & __ptr64) __ptr64
206	??0AudPlayer@MOXIE@@QEAA@XZ	public: __cdecl MOXIE::AudPlayer::AudPlayer(void) __ptr64
207	??0AudResource@MOXIE@@QEAA@AEBV01@@Z	public: __cdecl MOXIE::AudResource::AudResource(class MOXIE::AudResource const & __ptr64) __ptr64
208	??0AudResource@MOXIE@@QEAA@XZ	public: __cdecl MOXIE::AudResource::AudResource(void) __ptr64
209	??0AudServices@MOXIE@@QEAA@PEAVJobQueue@1@@Z	public: __cdecl MOXIE::AudServices::AudServices(class MOXIE::JobQueue * __ptr64) __ptr64
210	??0AudioData@MOXIE@@QEAA@AEBV01@@Z	public: __cdecl MOXIE::AudioData::AudioData(class MOXIE::AudioData const & __ptr64) __ptr64
211	??0AudioData@MOXIE@@QEAA@XZ	public: __cdecl MOXIE::AudioData::AudioData(void) __ptr64
212	??0AudioDataMaux@MOXIE@@QEAA@AEBV01@@Z	public: __cdecl MOXIE::AudioDataMaux::AudioDataMaux(class MOXIE::AudioDataMaux const & __ptr64) __ptr64
213	??0AudioDataMaux@MOXIE@@QEAA@PEAVAudioSystem@1@PEBD@Z	public: __cdecl MOXIE::AudioDataMaux::AudioDataMaux(class MOXIE::AudioSystem * __ptr64,char const * __ptr64) __ptr64
214	??0AudioDataSource@MOXIE@@QEAA@PEAVAudServices@1@@Z	public: __cdecl MOXIE::AudioDataSource::AudioDataSource(class MOXIE::AudServices * __ptr64) __ptr64
215	??0AudioDevice@MOXIE@@QEAA@AEBV01@@Z	public: __cdecl MOXIE::AudioDevice::AudioDevice(class MOXIE::AudioDevice const & __ptr64) __ptr64
216	??0AudioDevice@MOXIE@@QEAA@XZ	public: __cdecl MOXIE::AudioDevice::AudioDevice(void) __ptr64
217	??0AudioEmitter3D@MOXIE@@QEAA@$$QEAV01@@Z	public: __cdecl MOXIE::AudioEmitter3D::AudioEmitter3D(class MOXIE::AudioEmitter3D && __ptr64) __ptr64
218	??0AudioEmitter3D@MOXIE@@QEAA@AEBV01@@Z	public: __cdecl MOXIE::AudioEmitter3D::AudioEmitter3D(class MOXIE::AudioEmitter3D const & __ptr64) __ptr64
219	??0AudioEmitter3D@MOXIE@@QEAA@XZ	public: __cdecl MOXIE::AudioEmitter3D::AudioEmitter3D(void) __ptr64
220	??0AudioEmitter@MOXIE@@QEAA@AEBV01@@Z	public: __cdecl MOXIE::AudioEmitter::AudioEmitter(class MOXIE::AudioEmitter const & __ptr64) __ptr64
221	??0AudioEmitter@MOXIE@@QEAA@XZ	public: __cdecl MOXIE::AudioEmitter::AudioEmitter(void) __ptr64
222	??0AudioManager@MOXIE@@AEAA@XZ	private: __cdecl MOXIE::AudioManager::AudioManager(void) __ptr64
223	??0AudioManager@MOXIE@@QEAA@AEBV01@@Z	public: __cdecl MOXIE::AudioManager::AudioManager(class MOXIE::AudioManager const & __ptr64) __ptr64
224	??0AudioPlayer@MOXIE@@QEAA@AEBV01@@Z	public: __cdecl MOXIE::AudioPlayer::AudioPlayer(class MOXIE::AudioPlayer const & __ptr64) __ptr64
225	??0AudioPlayer@MOXIE@@QEAA@XZ	public: __cdecl MOXIE::AudioPlayer::AudioPlayer(void) __ptr64
226	??0AudioPlayerMaux@MOXIE@@QEAA@AEBV01@@Z	public: __cdecl MOXIE::AudioPlayerMaux::AudioPlayerMaux(class MOXIE::AudioPlayerMaux const & __ptr64) __ptr64
227	??0AudioPlayerMaux@MOXIE@@QEAA@PEAVAudioSystem@1@PEAVAudioData@1@@Z	public: __cdecl MOXIE::AudioPlayerMaux::AudioPlayerMaux(class MOXIE::AudioSystem * __ptr64,class MOXIE::AudioData * __ptr64) __ptr64
228	??0AudioResource@MOXIE@@QEAA@XZ	public: __cdecl MOXIE::AudioResource::AudioResource(void) __ptr64
229	??0AudioSystem@MOXIE@@QEAA@XZ	public: __cdecl MOXIE::AudioSystem::AudioSystem(void) __ptr64
230	??0BSphere@MOXIE@@QEAA@$$QEAV01@@Z	public: __cdecl MOXIE::BSphere::BSphere(class MOXIE::BSphere && __ptr64) __ptr64
231	??0BSphere@MOXIE@@QEAA@AEBV01@@Z	public: __cdecl MOXIE::BSphere::BSphere(class MOXIE::BSphere const & __ptr64) __ptr64
232	??0BSphere@MOXIE@@QEAA@AEBVVector3@1@M@Z	public: __cdecl MOXIE::BSphere::BSphere(class MOXIE::Vector3 const & __ptr64,float) __ptr64
233	??0BSphere@MOXIE@@QEAA@XZ	public: __cdecl MOXIE::BSphere::BSphere(void) __ptr64
234	??0Bitmap@MOXIE@@QEAA@AEBV01@@Z	public: __cdecl MOXIE::Bitmap::Bitmap(class MOXIE::Bitmap const & __ptr64) __ptr64
235	??0Bitmap@MOXIE@@QEAA@IIW4EPixelFormat@1@@Z	public: __cdecl MOXIE::Bitmap::Bitmap(unsigned int,unsigned int,enum MOXIE::EPixelFormat) __ptr64
236	??0Bitmap@MOXIE@@QEAA@XZ	public: __cdecl MOXIE::Bitmap::Bitmap(void) __ptr64
237	??0BobberField@MOXIE@@QEAA@AEBV01@@Z	public: __cdecl MOXIE::BobberField::BobberField(class MOXIE::BobberField const & __ptr64) __ptr64
238	??0BobberField@MOXIE@@QEAA@XZ	public: __cdecl MOXIE::BobberField::BobberField(void) __ptr64
239	??0Buffer@MOXIE@@QEAA@AEBV01@@Z	public: __cdecl MOXIE::Buffer::Buffer(class MOXIE::Buffer const & __ptr64) __ptr64
240	??0Buffer@MOXIE@@QEAA@I_N@Z	public: __cdecl MOXIE::Buffer::Buffer(unsigned int,bool) __ptr64
241	??0Buffer@MOXIE@@QEAA@PEAEI@Z	public: __cdecl MOXIE::Buffer::Buffer(unsigned char * __ptr64,unsigned int) __ptr64
242	??0BufferObject@MOXIE@@QEAA@AEBV01@@Z	public: __cdecl MOXIE::BufferObject::BufferObject(class MOXIE::BufferObject const & __ptr64) __ptr64
243	??0BufferObject@MOXIE@@QEAA@III@Z	public: __cdecl MOXIE::BufferObject::BufferObject(unsigned int,unsigned int,unsigned int) __ptr64
244	??0Camera@MOXIE@@QEAA@$$QEAV01@@Z	public: __cdecl MOXIE::Camera::Camera(class MOXIE::Camera && __ptr64) __ptr64
245	??0Camera@MOXIE@@QEAA@AEBV01@@Z	public: __cdecl MOXIE::Camera::Camera(class MOXIE::Camera const & __ptr64) __ptr64
246	??0Camera@MOXIE@@QEAA@XZ	public: __cdecl MOXIE::Camera::Camera(void) __ptr64
247	??0Color@MOXIE@@QEAA@EEEE@Z	public: __cdecl MOXIE::Color::Color(unsigned char,unsigned char,unsigned char,unsigned char) __ptr64
248	??0Color@MOXIE@@QEAA@I@Z	public: __cdecl MOXIE::Color::Color(unsigned int) __ptr64
249	??0Color@MOXIE@@QEAA@MMMM@Z	public: __cdecl MOXIE::Color::Color(float,float,float,float) __ptr64
250	??0Color@MOXIE@@QEAA@XZ	public: __cdecl MOXIE::Color::Color(void) __ptr64
251	??0Condition@MOXIE@@QEAA@PEAVMutex@1@@Z	public: __cdecl MOXIE::Condition::Condition(class MOXIE::Mutex * __ptr64) __ptr64
252	??0DefaultAnimMixer@MOXIE@@QEAA@$$QEAV01@@Z	public: __cdecl MOXIE::DefaultAnimMixer::DefaultAnimMixer(class MOXIE::DefaultAnimMixer && __ptr64) __ptr64
253	??0DefaultAnimMixer@MOXIE@@QEAA@AEBV01@@Z	public: __cdecl MOXIE::DefaultAnimMixer::DefaultAnimMixer(class MOXIE::DefaultAnimMixer const & __ptr64) __ptr64
254	??0DefaultAnimMixer@MOXIE@@QEAA@XZ	public: __cdecl MOXIE::DefaultAnimMixer::DefaultAnimMixer(void) __ptr64
255	??0EnableManager@MOXIE@@IEAA@XZ	protected: __cdecl MOXIE::EnableManager::EnableManager(void) __ptr64
256	??0EnableManager@MOXIE@@QEAA@AEBV01@@Z	public: __cdecl MOXIE::EnableManager::EnableManager(class MOXIE::EnableManager const & __ptr64) __ptr64
257	??0Engine@MOXIE@@QEAA@AEBV01@@Z	public: __cdecl MOXIE::Engine::Engine(class MOXIE::Engine const & __ptr64) __ptr64
258	??0Engine@MOXIE@@QEAA@XZ	public: __cdecl MOXIE::Engine::Engine(void) __ptr64
259	??0FastNoise@MOXIE@@QEAA@XZ	public: __cdecl MOXIE::FastNoise::FastNoise(void) __ptr64
260	??0FilePath@MOXIE@@QEAA@AEBV01@@Z	public: __cdecl MOXIE::FilePath::FilePath(class MOXIE::FilePath const & __ptr64) __ptr64
261	??0FilePath@MOXIE@@QEAA@PEBD00@Z	public: __cdecl MOXIE::FilePath::FilePath(char const * __ptr64,char const * __ptr64,char const * __ptr64) __ptr64
262	??0FilePath@MOXIE@@QEAA@PEBD@Z	public: __cdecl MOXIE::FilePath::FilePath(char const * __ptr64) __ptr64
263	??0FilePath@MOXIE@@QEAA@XZ	public: __cdecl MOXIE::FilePath::FilePath(void) __ptr64
264	??0FileStream@MOXIE@@QEAA@AEBV01@@Z	public: __cdecl MOXIE::FileStream::FileStream(class MOXIE::FileStream const & __ptr64) __ptr64
265	??0FileStream@MOXIE@@QEAA@PEAVFileSystem@1@PEBD1@Z	public: __cdecl MOXIE::FileStream::FileStream(class MOXIE::FileSystem * __ptr64,char const * __ptr64,char const * __ptr64) __ptr64
266	??0FileStream@MOXIE@@QEAA@XZ	public: __cdecl MOXIE::FileStream::FileStream(void) __ptr64
267	??0FileSystem@MOXIE@@QEAA@XZ	public: __cdecl MOXIE::FileSystem::FileSystem(void) __ptr64
268	??0Flipbook@MOXIE@@QEAA@XZ	public: __cdecl MOXIE::Flipbook::Flipbook(void) __ptr64
269	??0FlipbookResource@MOXIE@@QEAA@XZ	public: __cdecl MOXIE::FlipbookResource::FlipbookResource(void) __ptr64
270	??0FlipbookSampler@MOXIE@@QEAA@AEBV01@@Z	public: __cdecl MOXIE::FlipbookSampler::FlipbookSampler(class MOXIE::FlipbookSampler const & __ptr64) __ptr64
271	??0FlipbookSampler@MOXIE@@QEAA@XZ	public: __cdecl MOXIE::FlipbookSampler::FlipbookSampler(void) __ptr64
272	??0FlipbookTexturePool@MOXIE@@QEAA@AEBV01@@Z	public: __cdecl MOXIE::FlipbookTexturePool::FlipbookTexturePool(class MOXIE::FlipbookTexturePool const & __ptr64) __ptr64
273	??0FlipbookTexturePool@MOXIE@@QEAA@XZ	public: __cdecl MOXIE::FlipbookTexturePool::FlipbookTexturePool(void) __ptr64
274	??0Font@MOXIE@@QEAA@AEBV01@@Z	public: __cdecl MOXIE::Font::Font(class MOXIE::Font const & __ptr64) __ptr64
275	??0Font@MOXIE@@QEAA@PEAVFontMap@1@PEAVTexture@1@@Z	public: __cdecl MOXIE::Font::Font(class MOXIE::FontMap * __ptr64,class MOXIE::Texture * __ptr64) __ptr64
276	??0FontMap@MOXIE@@QEAA@AEBV01@@Z	public: __cdecl MOXIE::FontMap::FontMap(class MOXIE::FontMap const & __ptr64) __ptr64
277	??0FontMap@MOXIE@@QEAA@XZ	public: __cdecl MOXIE::FontMap::FontMap(void) __ptr64
278	??0FontResource@MOXIE@@QEAA@PEAVFontMap@1@@Z	public: __cdecl MOXIE::FontResource::FontResource(class MOXIE::FontMap * __ptr64) __ptr64
279	??0FontResource@MOXIE@@QEAA@XZ	public: __cdecl MOXIE::FontResource::FontResource(void) __ptr64
280	??0ForceField@MOXIE@@QEAA@AEBV01@@Z	public: __cdecl MOXIE::ForceField::ForceField(class MOXIE::ForceField const & __ptr64) __ptr64
281	??0ForceField@MOXIE@@QEAA@XZ	public: __cdecl MOXIE::ForceField::ForceField(void) __ptr64
282	??0Frustum@MOXIE@@QEAA@$$QEAV01@@Z	public: __cdecl MOXIE::Frustum::Frustum(class MOXIE::Frustum && __ptr64) __ptr64
283	??0Frustum@MOXIE@@QEAA@AEBV01@@Z	public: __cdecl MOXIE::Frustum::Frustum(class MOXIE::Frustum const & __ptr64) __ptr64
284	??0Frustum@MOXIE@@QEAA@XZ	public: __cdecl MOXIE::Frustum::Frustum(void) __ptr64
285	??0GUIColor@MOXIE@@QEAA@I@Z	public: __cdecl MOXIE::GUIColor::GUIColor(unsigned int) __ptr64
286	??0GUIColor@MOXIE@@QEAA@XZ	public: __cdecl MOXIE::GUIColor::GUIColor(void) __ptr64
287	??0GUIRenderer@MOXIE@@QEAA@$$QEAV01@@Z	public: __cdecl MOXIE::GUIRenderer::GUIRenderer(class MOXIE::GUIRenderer && __ptr64) __ptr64
288	??0GUIRenderer@MOXIE@@QEAA@AEBV01@@Z	public: __cdecl MOXIE::GUIRenderer::GUIRenderer(class MOXIE::GUIRenderer const & __ptr64) __ptr64
289	??0GUIRenderer@MOXIE@@QEAA@XZ	public: __cdecl MOXIE::GUIRenderer::GUIRenderer(void) __ptr64
290	??0GUIStyle@MOXIE@@QEAA@$$QEAV01@@Z	public: __cdecl MOXIE::GUIStyle::GUIStyle(class MOXIE::GUIStyle && __ptr64) __ptr64
291	??0GUIStyle@MOXIE@@QEAA@AEBV01@@Z	public: __cdecl MOXIE::GUIStyle::GUIStyle(class MOXIE::GUIStyle const & __ptr64) __ptr64
292	??0GUIStyle@MOXIE@@QEAA@XZ	public: __cdecl MOXIE::GUIStyle::GUIStyle(void) __ptr64
293	??0GUITexture@MOXIE@@QEAA@$$QEAV01@@Z	public: __cdecl MOXIE::GUITexture::GUITexture(class MOXIE::GUITexture && __ptr64) __ptr64
294	??0GUITexture@MOXIE@@QEAA@AEBV01@@Z	public: __cdecl MOXIE::GUITexture::GUITexture(class MOXIE::GUITexture const & __ptr64) __ptr64
295	??0GUITexture@MOXIE@@QEAA@PEBDVGUIColor@1@1V?$TRect@M@1@2@Z	public: __cdecl MOXIE::GUITexture::GUITexture(char const * __ptr64,class MOXIE::GUIColor,class MOXIE::GUIColor,class MOXIE::TRect<float>,class MOXIE::TRect<float>) __ptr64
296	??0GUITexture@MOXIE@@QEAA@PEBDVGUIColor@1@V?$TRect@M@1@2@Z	public: __cdecl MOXIE::GUITexture::GUITexture(char const * __ptr64,class MOXIE::GUIColor,class MOXIE::TRect<float>,class MOXIE::TRect<float>) __ptr64
297	??0GUITexture@MOXIE@@QEAA@VGUIColor@1@@Z	public: __cdecl MOXIE::GUITexture::GUITexture(class MOXIE::GUIColor) __ptr64
298	??0GUITheme@MOXIE@@QEAA@AEBV01@@Z	public: __cdecl MOXIE::GUITheme::GUITheme(class MOXIE::GUITheme const & __ptr64) __ptr64
299	??0GUITheme@MOXIE@@QEAA@XZ	public: __cdecl MOXIE::GUITheme::GUITheme(void) __ptr64
300	??0GlobalTime@MOXIE@@IEAA@XZ	protected: __cdecl MOXIE::GlobalTime::GlobalTime(void) __ptr64
301	??0GlobalTime@MOXIE@@QEAA@AEBV01@@Z	public: __cdecl MOXIE::GlobalTime::GlobalTime(class MOXIE::GlobalTime const & __ptr64) __ptr64
302	??0HString@MOXIE@@QEAA@AEBV01@@Z	public: __cdecl MOXIE::HString::HString(class MOXIE::HString const & __ptr64) __ptr64
303	??0HString@MOXIE@@QEAA@AEBVString@1@@Z	public: __cdecl MOXIE::HString::HString(class MOXIE::String const & __ptr64) __ptr64
304	??0HString@MOXIE@@QEAA@I@Z	public: __cdecl MOXIE::HString::HString(unsigned int) __ptr64
305	??0HString@MOXIE@@QEAA@PEBD@Z	public: __cdecl MOXIE::HString::HString(char const * __ptr64) __ptr64
306	??0HString@MOXIE@@QEAA@XZ	public: __cdecl MOXIE::HString::HString(void) __ptr64
307	??0IJob@MOXIE@@QEAA@AEBV01@@Z	public: __cdecl MOXIE::IJob::IJob(class MOXIE::IJob const & __ptr64) __ptr64
308	??0IJob@MOXIE@@QEAA@XZ	public: __cdecl MOXIE::IJob::IJob(void) __ptr64
309	??0IService@MOXIE@@QEAA@AEBV01@@Z	public: __cdecl MOXIE::IService::IService(class MOXIE::IService const & __ptr64) __ptr64
310	??0IService@MOXIE@@QEAA@XZ	public: __cdecl MOXIE::IService::IService(void) __ptr64
311	??0IndexBuffer@MOXIE@@QEAA@AEBV01@@Z	public: __cdecl MOXIE::IndexBuffer::IndexBuffer(class MOXIE::IndexBuffer const & __ptr64) __ptr64
312	??0IndexBuffer@MOXIE@@QEAA@III@Z	public: __cdecl MOXIE::IndexBuffer::IndexBuffer(unsigned int,unsigned int,unsigned int) __ptr64
313	??0InputManager@MOXIE@@AEAA@XZ	private: __cdecl MOXIE::InputManager::InputManager(void) __ptr64
314	??0InputManager@MOXIE@@QEAA@AEBV01@@Z	public: __cdecl MOXIE::InputManager::InputManager(class MOXIE::InputManager const & __ptr64) __ptr64
315	??0JobQueue@MOXIE@@QEAA@PEBD_N@Z	public: __cdecl MOXIE::JobQueue::JobQueue(char const * __ptr64,bool) __ptr64
316	??0LAllocator@MOXIE@@QEAA@AEBV01@@Z	public: __cdecl MOXIE::LAllocator::LAllocator(class MOXIE::LAllocator const & __ptr64) __ptr64
317	??0LAllocator@MOXIE@@QEAA@XZ	public: __cdecl MOXIE::LAllocator::LAllocator(void) __ptr64
318	??0LApi@MOXIE@@QEAA@AEBV01@@Z	public: __cdecl MOXIE::LApi::LApi(class MOXIE::LApi const & __ptr64) __ptr64
319	??0LApi@MOXIE@@QEAA@XZ	public: __cdecl MOXIE::LApi::LApi(void) __ptr64
320	??0LApiActorClampLayer@duet@@QEAA@$$QEAV01@@Z	public: __cdecl duet::LApiActorClampLayer::LApiActorClampLayer(class duet::LApiActorClampLayer && __ptr64) __ptr64
321	??0LApiActorClampLayer@duet@@QEAA@AEBV01@@Z	public: __cdecl duet::LApiActorClampLayer::LApiActorClampLayer(class duet::LApiActorClampLayer const & __ptr64) __ptr64
322	??0LApiActorClampLayer@duet@@QEAA@XZ	public: __cdecl duet::LApiActorClampLayer::LApiActorClampLayer(void) __ptr64
323	??0LApiActorMover@duet@@QEAA@$$QEAV01@@Z	public: __cdecl duet::LApiActorMover::LApiActorMover(class duet::LApiActorMover && __ptr64) __ptr64
324	??0LApiActorMover@duet@@QEAA@AEBV01@@Z	public: __cdecl duet::LApiActorMover::LApiActorMover(class duet::LApiActorMover const & __ptr64) __ptr64
325	??0LApiActorMover@duet@@QEAA@XZ	public: __cdecl duet::LApiActorMover::LApiActorMover(void) __ptr64
326	??0LApiActorMoverLayer@duet@@QEAA@$$QEAV01@@Z	public: __cdecl duet::LApiActorMoverLayer::LApiActorMoverLayer(class duet::LApiActorMoverLayer && __ptr64) __ptr64
327	??0LApiActorMoverLayer@duet@@QEAA@AEBV01@@Z	public: __cdecl duet::LApiActorMoverLayer::LApiActorMoverLayer(class duet::LApiActorMoverLayer const & __ptr64) __ptr64
328	??0LApiActorMoverLayer@duet@@QEAA@XZ	public: __cdecl duet::LApiActorMoverLayer::LApiActorMoverLayer(void) __ptr64
329	??0LApiActorVignette@duet@@QEAA@$$QEAV01@@Z	public: __cdecl duet::LApiActorVignette::LApiActorVignette(class duet::LApiActorVignette && __ptr64) __ptr64
330	??0LApiActorVignette@duet@@QEAA@AEBV01@@Z	public: __cdecl duet::LApiActorVignette::LApiActorVignette(class duet::LApiActorVignette const & __ptr64) __ptr64
331	??0LApiActorVignette@duet@@QEAA@XZ	public: __cdecl duet::LApiActorVignette::LApiActorVignette(void) __ptr64
332	??0LApiActorsLayer@duet@@QEAA@$$QEAV01@@Z	public: __cdecl duet::LApiActorsLayer::LApiActorsLayer(class duet::LApiActorsLayer && __ptr64) __ptr64
333	??0LApiActorsLayer@duet@@QEAA@AEBV01@@Z	public: __cdecl duet::LApiActorsLayer::LApiActorsLayer(class duet::LApiActorsLayer const & __ptr64) __ptr64
334	??0LApiActorsLayer@duet@@QEAA@XZ	public: __cdecl duet::LApiActorsLayer::LApiActorsLayer(void) __ptr64
335	??0LApiBoomLayer@duet@@QEAA@$$QEAV01@@Z	public: __cdecl duet::LApiBoomLayer::LApiBoomLayer(class duet::LApiBoomLayer && __ptr64) __ptr64
336	??0LApiBoomLayer@duet@@QEAA@AEBV01@@Z	public: __cdecl duet::LApiBoomLayer::LApiBoomLayer(class duet::LApiBoomLayer const & __ptr64) __ptr64
337	??0LApiBoomLayer@duet@@QEAA@XZ	public: __cdecl duet::LApiBoomLayer::LApiBoomLayer(void) __ptr64
338	??0LApiBoundsLayer@duet@@QEAA@$$QEAV01@@Z	public: __cdecl duet::LApiBoundsLayer::LApiBoundsLayer(class duet::LApiBoundsLayer && __ptr64) __ptr64
339	??0LApiBoundsLayer@duet@@QEAA@AEBV01@@Z	public: __cdecl duet::LApiBoundsLayer::LApiBoundsLayer(class duet::LApiBoundsLayer const & __ptr64) __ptr64
340	??0LApiBoundsLayer@duet@@QEAA@XZ	public: __cdecl duet::LApiBoundsLayer::LApiBoundsLayer(void) __ptr64
341	??0LApiCameraRig@duet@@QEAA@$$QEAV01@@Z	public: __cdecl duet::LApiCameraRig::LApiCameraRig(class duet::LApiCameraRig && __ptr64) __ptr64
342	??0LApiCameraRig@duet@@QEAA@AEBV01@@Z	public: __cdecl duet::LApiCameraRig::LApiCameraRig(class duet::LApiCameraRig const & __ptr64) __ptr64
343	??0LApiCameraRig@duet@@QEAA@XZ	public: __cdecl duet::LApiCameraRig::LApiCameraRig(void) __ptr64
344	??0LApiDuet@duet@@QEAA@$$QEAV01@@Z	public: __cdecl duet::LApiDuet::LApiDuet(class duet::LApiDuet && __ptr64) __ptr64
345	??0LApiDuet@duet@@QEAA@AEBV01@@Z	public: __cdecl duet::LApiDuet::LApiDuet(class duet::LApiDuet const & __ptr64) __ptr64
346	??0LApiDuet@duet@@QEAA@XZ	public: __cdecl duet::LApiDuet::LApiDuet(void) __ptr64
347	??0LApiDuetScene@duet@@QEAA@$$QEAV01@@Z	public: __cdecl duet::LApiDuetScene::LApiDuetScene(class duet::LApiDuetScene && __ptr64) __ptr64
348	??0LApiDuetScene@duet@@QEAA@AEBV01@@Z	public: __cdecl duet::LApiDuetScene::LApiDuetScene(class duet::LApiDuetScene const & __ptr64) __ptr64
349	??0LApiDuetScene@duet@@QEAA@XZ	public: __cdecl duet::LApiDuetScene::LApiDuetScene(void) __ptr64
350	??0LApiFlipbookDriver@duet@@QEAA@$$QEAV01@@Z	public: __cdecl duet::LApiFlipbookDriver::LApiFlipbookDriver(class duet::LApiFlipbookDriver && __ptr64) __ptr64
351	??0LApiFlipbookDriver@duet@@QEAA@AEBV01@@Z	public: __cdecl duet::LApiFlipbookDriver::LApiFlipbookDriver(class duet::LApiFlipbookDriver const & __ptr64) __ptr64
352	??0LApiFlipbookDriver@duet@@QEAA@XZ	public: __cdecl duet::LApiFlipbookDriver::LApiFlipbookDriver(void) __ptr64
353	??0LApiGlowAlpha@duet@@QEAA@$$QEAV01@@Z	public: __cdecl duet::LApiGlowAlpha::LApiGlowAlpha(class duet::LApiGlowAlpha && __ptr64) __ptr64
354	??0LApiGlowAlpha@duet@@QEAA@AEBV01@@Z	public: __cdecl duet::LApiGlowAlpha::LApiGlowAlpha(class duet::LApiGlowAlpha const & __ptr64) __ptr64
355	??0LApiGlowAlpha@duet@@QEAA@XZ	public: __cdecl duet::LApiGlowAlpha::LApiGlowAlpha(void) __ptr64
356	??0LApiGlowFader@duet@@QEAA@$$QEAV01@@Z	public: __cdecl duet::LApiGlowFader::LApiGlowFader(class duet::LApiGlowFader && __ptr64) __ptr64
357	??0LApiGlowFader@duet@@QEAA@AEBV01@@Z	public: __cdecl duet::LApiGlowFader::LApiGlowFader(class duet::LApiGlowFader const & __ptr64) __ptr64
358	??0LApiGlowFader@duet@@QEAA@XZ	public: __cdecl duet::LApiGlowFader::LApiGlowFader(void) __ptr64
359	??0LApiInputLayer@duet@@QEAA@$$QEAV01@@Z	public: __cdecl duet::LApiInputLayer::LApiInputLayer(class duet::LApiInputLayer && __ptr64) __ptr64
360	??0LApiInputLayer@duet@@QEAA@AEBV01@@Z	public: __cdecl duet::LApiInputLayer::LApiInputLayer(class duet::LApiInputLayer const & __ptr64) __ptr64
361	??0LApiInputLayer@duet@@QEAA@XZ	public: __cdecl duet::LApiInputLayer::LApiInputLayer(void) __ptr64
362	??0LApiIntroEnvControl@duet@@QEAA@$$QEAV01@@Z	public: __cdecl duet::LApiIntroEnvControl::LApiIntroEnvControl(class duet::LApiIntroEnvControl && __ptr64) __ptr64
363	??0LApiIntroEnvControl@duet@@QEAA@AEBV01@@Z	public: __cdecl duet::LApiIntroEnvControl::LApiIntroEnvControl(class duet::LApiIntroEnvControl const & __ptr64) __ptr64
364	??0LApiIntroEnvControl@duet@@QEAA@XZ	public: __cdecl duet::LApiIntroEnvControl::LApiIntroEnvControl(void) __ptr64
365	??0LApiLookAtDetector@duet@@QEAA@$$QEAV01@@Z	public: __cdecl duet::LApiLookAtDetector::LApiLookAtDetector(class duet::LApiLookAtDetector && __ptr64) __ptr64
366	??0LApiLookAtDetector@duet@@QEAA@AEBV01@@Z	public: __cdecl duet::LApiLookAtDetector::LApiLookAtDetector(class duet::LApiLookAtDetector const & __ptr64) __ptr64
367	??0LApiLookAtDetector@duet@@QEAA@XZ	public: __cdecl duet::LApiLookAtDetector::LApiLookAtDetector(void) __ptr64
368	??0LApiLookAtLayer@duet@@QEAA@$$QEAV01@@Z	public: __cdecl duet::LApiLookAtLayer::LApiLookAtLayer(class duet::LApiLookAtLayer && __ptr64) __ptr64
369	??0LApiLookAtLayer@duet@@QEAA@AEBV01@@Z	public: __cdecl duet::LApiLookAtLayer::LApiLookAtLayer(class duet::LApiLookAtLayer const & __ptr64) __ptr64
370	??0LApiLookAtLayer@duet@@QEAA@XZ	public: __cdecl duet::LApiLookAtLayer::LApiLookAtLayer(void) __ptr64
371	??0LApiMasterBlender@duet@@QEAA@$$QEAV01@@Z	public: __cdecl duet::LApiMasterBlender::LApiMasterBlender(class duet::LApiMasterBlender && __ptr64) __ptr64
372	??0LApiMasterBlender@duet@@QEAA@AEBV01@@Z	public: __cdecl duet::LApiMasterBlender::LApiMasterBlender(class duet::LApiMasterBlender const & __ptr64) __ptr64
373	??0LApiMasterBlender@duet@@QEAA@XZ	public: __cdecl duet::LApiMasterBlender::LApiMasterBlender(void) __ptr64
374	??0LApiParticlesController@duet@@QEAA@$$QEAV01@@Z	public: __cdecl duet::LApiParticlesController::LApiParticlesController(class duet::LApiParticlesController && __ptr64) __ptr64
375	??0LApiParticlesController@duet@@QEAA@AEBV01@@Z	public: __cdecl duet::LApiParticlesController::LApiParticlesController(class duet::LApiParticlesController const & __ptr64) __ptr64
376	??0LApiParticlesController@duet@@QEAA@XZ	public: __cdecl duet::LApiParticlesController::LApiParticlesController(void) __ptr64
377	??0LApiProxyLayer@duet@@QEAA@$$QEAV01@@Z	public: __cdecl duet::LApiProxyLayer::LApiProxyLayer(class duet::LApiProxyLayer && __ptr64) __ptr64
378	??0LApiProxyLayer@duet@@QEAA@AEBV01@@Z	public: __cdecl duet::LApiProxyLayer::LApiProxyLayer(class duet::LApiProxyLayer const & __ptr64) __ptr64
379	??0LApiProxyLayer@duet@@QEAA@XZ	public: __cdecl duet::LApiProxyLayer::LApiProxyLayer(void) __ptr64
380	??0LApiSegmentManager@duet@@QEAA@$$QEAV01@@Z	public: __cdecl duet::LApiSegmentManager::LApiSegmentManager(class duet::LApiSegmentManager && __ptr64) __ptr64
381	??0LApiSegmentManager@duet@@QEAA@AEBV01@@Z	public: __cdecl duet::LApiSegmentManager::LApiSegmentManager(class duet::LApiSegmentManager const & __ptr64) __ptr64
382	??0LApiSegmentManager@duet@@QEAA@XZ	public: __cdecl duet::LApiSegmentManager::LApiSegmentManager(void) __ptr64
383	??0LApiSoftTrack@duet@@QEAA@$$QEAV01@@Z	public: __cdecl duet::LApiSoftTrack::LApiSoftTrack(class duet::LApiSoftTrack && __ptr64) __ptr64
384	??0LApiSoftTrack@duet@@QEAA@AEBV01@@Z	public: __cdecl duet::LApiSoftTrack::LApiSoftTrack(class duet::LApiSoftTrack const & __ptr64) __ptr64
385	??0LApiSoftTrack@duet@@QEAA@XZ	public: __cdecl duet::LApiSoftTrack::LApiSoftTrack(void) __ptr64
386	??0LApiStarBlendLayer@duet@@QEAA@$$QEAV01@@Z	public: __cdecl duet::LApiStarBlendLayer::LApiStarBlendLayer(class duet::LApiStarBlendLayer && __ptr64) __ptr64
387	??0LApiStarBlendLayer@duet@@QEAA@AEBV01@@Z	public: __cdecl duet::LApiStarBlendLayer::LApiStarBlendLayer(class duet::LApiStarBlendLayer const & __ptr64) __ptr64
388	??0LApiStarBlendLayer@duet@@QEAA@XZ	public: __cdecl duet::LApiStarBlendLayer::LApiStarBlendLayer(void) __ptr64
389	??0LApiTrackingLayer@duet@@QEAA@$$QEAV01@@Z	public: __cdecl duet::LApiTrackingLayer::LApiTrackingLayer(class duet::LApiTrackingLayer && __ptr64) __ptr64
390	??0LApiTrackingLayer@duet@@QEAA@AEBV01@@Z	public: __cdecl duet::LApiTrackingLayer::LApiTrackingLayer(class duet::LApiTrackingLayer const & __ptr64) __ptr64
391	??0LApiTrackingLayer@duet@@QEAA@XZ	public: __cdecl duet::LApiTrackingLayer::LApiTrackingLayer(void) __ptr64
392	??0LApiTrackingManager@duet@@QEAA@$$QEAV01@@Z	public: __cdecl duet::LApiTrackingManager::LApiTrackingManager(class duet::LApiTrackingManager && __ptr64) __ptr64
393	??0LApiTrackingManager@duet@@QEAA@AEBV01@@Z	public: __cdecl duet::LApiTrackingManager::LApiTrackingManager(class duet::LApiTrackingManager const & __ptr64) __ptr64
394	??0LApiTrackingManager@duet@@QEAA@XZ	public: __cdecl duet::LApiTrackingManager::LApiTrackingManager(void) __ptr64
395	??0LApiTrackingTarget@duet@@QEAA@$$QEAV01@@Z	public: __cdecl duet::LApiTrackingTarget::LApiTrackingTarget(class duet::LApiTrackingTarget && __ptr64) __ptr64
396	??0LApiTrackingTarget@duet@@QEAA@AEBV01@@Z	public: __cdecl duet::LApiTrackingTarget::LApiTrackingTarget(class duet::LApiTrackingTarget const & __ptr64) __ptr64
397	??0LApiTrackingTarget@duet@@QEAA@XZ	public: __cdecl duet::LApiTrackingTarget::LApiTrackingTarget(void) __ptr64
398	??0LApiUtil@duet@@QEAA@$$QEAV01@@Z	public: __cdecl duet::LApiUtil::LApiUtil(class duet::LApiUtil && __ptr64) __ptr64
399	??0LApiUtil@duet@@QEAA@AEBV01@@Z	public: __cdecl duet::LApiUtil::LApiUtil(class duet::LApiUtil const & __ptr64) __ptr64
400	??0LApiUtil@duet@@QEAA@XZ	public: __cdecl duet::LApiUtil::LApiUtil(void) __ptr64
401	??0LApplication@MOXIE@@QEAA@AEBV01@@Z	public: __cdecl MOXIE::LApplication::LApplication(class MOXIE::LApplication const & __ptr64) __ptr64
402	??0LApplication@MOXIE@@QEAA@XZ	public: __cdecl MOXIE::LApplication::LApplication(void) __ptr64
403	??0LBlockAllocator@MOXIE@@QEAA@AEBV01@@Z	public: __cdecl MOXIE::LBlockAllocator::LBlockAllocator(class MOXIE::LBlockAllocator const & __ptr64) __ptr64
404	??0LBlockAllocator@MOXIE@@QEAA@PEB_K_K@Z	public: __cdecl MOXIE::LBlockAllocator::LBlockAllocator(unsigned __int64 const * __ptr64,unsigned __int64) __ptr64
405	??0LComponent@MOXIE@@QEAA@AEBV01@@Z	public: __cdecl MOXIE::LComponent::LComponent(class MOXIE::LComponent const & __ptr64) __ptr64
406	??0LComponent@MOXIE@@QEAA@PEAUlua_State@@AEBV?$TObjectHandle@X@1@@Z	public: __cdecl MOXIE::LComponent::LComponent(struct lua_State * __ptr64,class MOXIE::TObjectHandle<void> const & __ptr64) __ptr64
407	??0LEnvMoxie@MOXIE@@QEAA@AEBV01@@Z	public: __cdecl MOXIE::LEnvMoxie::LEnvMoxie(class MOXIE::LEnvMoxie const & __ptr64) __ptr64
408	??0LEnvMoxie@MOXIE@@QEAA@PEBDPEAVLAllocator@1@@Z	public: __cdecl MOXIE::LEnvMoxie::LEnvMoxie(char const * __ptr64,class MOXIE::LAllocator * __ptr64) __ptr64
409	??0LEnvironment@MOXIE@@QEAA@AEBV01@@Z	public: __cdecl MOXIE::LEnvironment::LEnvironment(class MOXIE::LEnvironment const & __ptr64) __ptr64
410	??0LEnvironment@MOXIE@@QEAA@PEBDPEAVLAllocator@1@@Z	public: __cdecl MOXIE::LEnvironment::LEnvironment(char const * __ptr64,class MOXIE::LAllocator * __ptr64) __ptr64
411	??0Lexer@MOXIE@@QEAA@AEBV01@@Z	public: __cdecl MOXIE::Lexer::Lexer(class MOXIE::Lexer const & __ptr64) __ptr64
412	??0Lexer@MOXIE@@QEAA@PEBDI@Z	public: __cdecl MOXIE::Lexer::Lexer(char const * __ptr64,unsigned int) __ptr64
413	??0LocalFileSystem@MOXIE@@QEAA@XZ	public: __cdecl MOXIE::LocalFileSystem::LocalFileSystem(void) __ptr64
414	??0Material@MOXIE@@QEAA@$$QEAV01@@Z	public: __cdecl MOXIE::Material::Material(class MOXIE::Material && __ptr64) __ptr64
415	??0Material@MOXIE@@QEAA@AEBV01@@Z	public: __cdecl MOXIE::Material::Material(class MOXIE::Material const & __ptr64) __ptr64
416	??0Material@MOXIE@@QEAA@XZ	public: __cdecl MOXIE::Material::Material(void) __ptr64
417	??0Matrix3@MOXIE@@QEAA@AEBV01@@Z	public: __cdecl MOXIE::Matrix3::Matrix3(class MOXIE::Matrix3 const & __ptr64) __ptr64
418	??0Matrix3@MOXIE@@QEAA@MMMMMMMMM@Z	public: __cdecl MOXIE::Matrix3::Matrix3(float,float,float,float,float,float,float,float,float) __ptr64
419	??0Matrix3@MOXIE@@QEAA@XZ	public: __cdecl MOXIE::Matrix3::Matrix3(void) __ptr64
420	??0Matrix4@MOXIE@@QEAA@AEBV01@@Z	public: __cdecl MOXIE::Matrix4::Matrix4(class MOXIE::Matrix4 const & __ptr64) __ptr64
421	??0Matrix4@MOXIE@@QEAA@AEBVMatrix3@1@AEBVVector3@1@@Z	public: __cdecl MOXIE::Matrix4::Matrix4(class MOXIE::Matrix3 const & __ptr64,class MOXIE::Vector3 const & __ptr64) __ptr64
422	??0Matrix4@MOXIE@@QEAA@MMMMMMMMMMMMMMMM@Z	public: __cdecl MOXIE::Matrix4::Matrix4(float,float,float,float,float,float,float,float,float,float,float,float,float,float,float,float) __ptr64
423	??0Matrix4@MOXIE@@QEAA@XZ	public: __cdecl MOXIE::Matrix4::Matrix4(void) __ptr64
424	??0MemoryStream@MOXIE@@QEAA@AEBV01@@Z	public: __cdecl MOXIE::MemoryStream::MemoryStream(class MOXIE::MemoryStream const & __ptr64) __ptr64
425	??0MemoryStream@MOXIE@@QEAA@I@Z	public: __cdecl MOXIE::MemoryStream::MemoryStream(unsigned int) __ptr64
426	??0MemoryStream@MOXIE@@QEAA@PEAEI@Z	public: __cdecl MOXIE::MemoryStream::MemoryStream(unsigned char * __ptr64,unsigned int) __ptr64
427	??0ModelResource@MOXIE@@QEAA@XZ	public: __cdecl MOXIE::ModelResource::ModelResource(void) __ptr64
428	??0Mutex@MOXIE@@QEAA@_N@Z	public: __cdecl MOXIE::Mutex::Mutex(bool) __ptr64
429	??0NetworkFileSystem@MOXIE@@QEAA@XZ	public: __cdecl MOXIE::NetworkFileSystem::NetworkFileSystem(void) __ptr64
430	??0OggVorbisDecoder@MOXIE@@QEAA@PEAVAudServices@1@@Z	public: __cdecl MOXIE::OggVorbisDecoder::OggVorbisDecoder(class MOXIE::AudServices * __ptr64) __ptr64
431	??0ParticleBuffer@MOXIE@@QEAA@AEBV01@@Z	public: __cdecl MOXIE::ParticleBuffer::ParticleBuffer(class MOXIE::ParticleBuffer const & __ptr64) __ptr64
432	??0ParticleBuffer@MOXIE@@QEAA@I@Z	public: __cdecl MOXIE::ParticleBuffer::ParticleBuffer(unsigned int) __ptr64
433	??0ParticleCollider@MOXIE@@QEAA@AEBV01@@Z	public: __cdecl MOXIE::ParticleCollider::ParticleCollider(class MOXIE::ParticleCollider const & __ptr64) __ptr64
434	??0ParticleCollider@MOXIE@@QEAA@XZ	public: __cdecl MOXIE::ParticleCollider::ParticleCollider(void) __ptr64
435	??0ParticleDefinition@MOXIE@@QEAA@$$QEAU01@@Z	public: __cdecl MOXIE::ParticleDefinition::ParticleDefinition(struct MOXIE::ParticleDefinition && __ptr64) __ptr64
436	??0ParticleDefinition@MOXIE@@QEAA@AEBU01@@Z	public: __cdecl MOXIE::ParticleDefinition::ParticleDefinition(struct MOXIE::ParticleDefinition const & __ptr64) __ptr64
437	??0ParticleDefinition@MOXIE@@QEAA@XZ	public: __cdecl MOXIE::ParticleDefinition::ParticleDefinition(void) __ptr64
438	??0ParticleField@MOXIE@@QEAA@AEBV01@@Z	public: __cdecl MOXIE::ParticleField::ParticleField(class MOXIE::ParticleField const & __ptr64) __ptr64
439	??0ParticleField@MOXIE@@QEAA@XZ	public: __cdecl MOXIE::ParticleField::ParticleField(void) __ptr64
440	??0ParticleSystemResource@MOXIE@@QEAA@XZ	public: __cdecl MOXIE::ParticleSystemResource::ParticleSystemResource(void) __ptr64
441	??0PcmDecoder@MOXIE@@QEAA@PEAVAudServices@1@@Z	public: __cdecl MOXIE::PcmDecoder::PcmDecoder(class MOXIE::AudServices * __ptr64) __ptr64
442	??0PhysicsManager@MOXIE@@AEAA@XZ	private: __cdecl MOXIE::PhysicsManager::PhysicsManager(void) __ptr64
443	??0PhysicsManager@MOXIE@@QEAA@AEBV01@@Z	public: __cdecl MOXIE::PhysicsManager::PhysicsManager(class MOXIE::PhysicsManager const & __ptr64) __ptr64
444	??0PixelFormat@MOXIE@@AEAA@XZ	private: __cdecl MOXIE::PixelFormat::PixelFormat(void) __ptr64
445	??0Plane@MOXIE@@QEAA@AEBV01@@Z	public: __cdecl MOXIE::Plane::Plane(class MOXIE::Plane const & __ptr64) __ptr64
446	??0Plane@MOXIE@@QEAA@AEBVVector3@1@00@Z	public: __cdecl MOXIE::Plane::Plane(class MOXIE::Vector3 const & __ptr64,class MOXIE::Vector3 const & __ptr64,class MOXIE::Vector3 const & __ptr64) __ptr64
447	??0Plane@MOXIE@@QEAA@AEBVVector3@1@0@Z	public: __cdecl MOXIE::Plane::Plane(class MOXIE::Vector3 const & __ptr64,class MOXIE::Vector3 const & __ptr64) __ptr64
448	??0Plane@MOXIE@@QEAA@AEBVVector3@1@M@Z	public: __cdecl MOXIE::Plane::Plane(class MOXIE::Vector3 const & __ptr64,float) __ptr64
449	??0Plane@MOXIE@@QEAA@AEBVVector4@1@@Z	public: __cdecl MOXIE::Plane::Plane(class MOXIE::Vector4 const & __ptr64) __ptr64
450	??0Plane@MOXIE@@QEAA@MMMM@Z	public: __cdecl MOXIE::Plane::Plane(float,float,float,float) __ptr64
451	??0Plane@MOXIE@@QEAA@XZ	public: __cdecl MOXIE::Plane::Plane(void) __ptr64
452	??0PlaneCollider@MOXIE@@QEAA@$$QEAV01@@Z	public: __cdecl MOXIE::PlaneCollider::PlaneCollider(class MOXIE::PlaneCollider && __ptr64) __ptr64
453	??0PlaneCollider@MOXIE@@QEAA@AEBV01@@Z	public: __cdecl MOXIE::PlaneCollider::PlaneCollider(class MOXIE::PlaneCollider const & __ptr64) __ptr64
454	??0PlaneCollider@MOXIE@@QEAA@AEBVVector3@1@0MM@Z	public: __cdecl MOXIE::PlaneCollider::PlaneCollider(class MOXIE::Vector3 const & __ptr64,class MOXIE::Vector3 const & __ptr64,float,float) __ptr64
455	??0PlatformAudioDriver@MOXIE@@QEAA@AEBV01@@Z	public: __cdecl MOXIE::PlatformAudioDriver::PlatformAudioDriver(class MOXIE::PlatformAudioDriver const & __ptr64) __ptr64
456	??0PlatformAudioDriver@MOXIE@@QEAA@XZ	public: __cdecl MOXIE::PlatformAudioDriver::PlatformAudioDriver(void) __ptr64
457	??0PlatformAudioDriverDirectSound@MOXIE@@QEAA@AEBV01@@Z	public: __cdecl MOXIE::PlatformAudioDriverDirectSound::PlatformAudioDriverDirectSound(class MOXIE::PlatformAudioDriverDirectSound const & __ptr64) __ptr64
458	??0PlatformAudioDriverDirectSound@MOXIE@@QEAA@XZ	public: __cdecl MOXIE::PlatformAudioDriverDirectSound::PlatformAudioDriverDirectSound(void) __ptr64
459	??0Player@MOXIE@@QEAA@AEBV01@@Z	public: __cdecl MOXIE::Player::Player(class MOXIE::Player const & __ptr64) __ptr64
460	??0Player@MOXIE@@QEAA@XZ	public: __cdecl MOXIE::Player::Player(void) __ptr64
461	??0Point@MOXIE@@QEAA@AEBV01@@Z	public: __cdecl MOXIE::Point::Point(class MOXIE::Point const & __ptr64) __ptr64
462	??0Point@MOXIE@@QEAA@HH@Z	public: __cdecl MOXIE::Point::Point(int,int) __ptr64
463	??0Point@MOXIE@@QEAA@XZ	public: __cdecl MOXIE::Point::Point(void) __ptr64
464	??0Quaternion@MOXIE@@QEAA@$$QEAV01@@Z	public: __cdecl MOXIE::Quaternion::Quaternion(class MOXIE::Quaternion && __ptr64) __ptr64
465	??0Quaternion@MOXIE@@QEAA@AEBV01@@Z	public: __cdecl MOXIE::Quaternion::Quaternion(class MOXIE::Quaternion const & __ptr64) __ptr64
466	??0Quaternion@MOXIE@@QEAA@AEBVVector4@1@@Z	public: __cdecl MOXIE::Quaternion::Quaternion(class MOXIE::Vector4 const & __ptr64) __ptr64
467	??0Quaternion@MOXIE@@QEAA@MMMM@Z	public: __cdecl MOXIE::Quaternion::Quaternion(float,float,float,float) __ptr64
468	??0Quaternion@MOXIE@@QEAA@XZ	public: __cdecl MOXIE::Quaternion::Quaternion(void) __ptr64
469	??0RTTI@MOXIE@@QEAA@PEBDPEBV01@@Z	public: __cdecl MOXIE::RTTI::RTTI(char const * __ptr64,class MOXIE::RTTI const * __ptr64) __ptr64
470	??0RadixSort32@MOXIE@@QEAA@XZ	public: __cdecl MOXIE::RadixSort32::RadixSort32(void) __ptr64
471	??0RadixSort64@MOXIE@@QEAA@XZ	public: __cdecl MOXIE::RadixSort64::RadixSort64(void) __ptr64
472	??0RadixSortReal@MOXIE@@QEAA@XZ	public: __cdecl MOXIE::RadixSortReal::RadixSortReal(void) __ptr64
473	??0Ray@MOXIE@@QEAA@$$QEAV01@@Z	public: __cdecl MOXIE::Ray::Ray(class MOXIE::Ray && __ptr64) __ptr64
474	??0Ray@MOXIE@@QEAA@AEBV01@@Z	public: __cdecl MOXIE::Ray::Ray(class MOXIE::Ray const & __ptr64) __ptr64
475	??0Ray@MOXIE@@QEAA@AEBVVector3@1@0@Z	public: __cdecl MOXIE::Ray::Ray(class MOXIE::Vector3 const & __ptr64,class MOXIE::Vector3 const & __ptr64) __ptr64
476	??0Ray@MOXIE@@QEAA@MMMMMM@Z	public: __cdecl MOXIE::Ray::Ray(float,float,float,float,float,float) __ptr64
477	??0Ray@MOXIE@@QEAA@XZ	public: __cdecl MOXIE::Ray::Ray(void) __ptr64
478	??0RefCount@MOXIE@@QEAA@AEBV01@@Z	public: __cdecl MOXIE::RefCount::RefCount(class MOXIE::RefCount const & __ptr64) __ptr64
479	??0RefCount@MOXIE@@QEAA@XZ	public: __cdecl MOXIE::RefCount::RefCount(void) __ptr64
480	??0RenderBuffer@MOXIE@@QEAA@AEBV01@@Z	public: __cdecl MOXIE::RenderBuffer::RenderBuffer(class MOXIE::RenderBuffer const & __ptr64) __ptr64
481	??0RenderBuffer@MOXIE@@QEAA@XZ	public: __cdecl MOXIE::RenderBuffer::RenderBuffer(void) __ptr64
482	??0RenderContext@MOXIE@@QEAA@AEBV01@@Z	public: __cdecl MOXIE::RenderContext::RenderContext(class MOXIE::RenderContext const & __ptr64) __ptr64
483	??0RenderContext@MOXIE@@QEAA@XZ	public: __cdecl MOXIE::RenderContext::RenderContext(void) __ptr64
484	??0RenderDebug@MOXIE@@QEAA@$$QEAV01@@Z	public: __cdecl MOXIE::RenderDebug::RenderDebug(class MOXIE::RenderDebug && __ptr64) __ptr64
485	??0RenderDebug@MOXIE@@QEAA@AEBV01@@Z	public: __cdecl MOXIE::RenderDebug::RenderDebug(class MOXIE::RenderDebug const & __ptr64) __ptr64
486	??0RenderDebug@MOXIE@@QEAA@XZ	public: __cdecl MOXIE::RenderDebug::RenderDebug(void) __ptr64
487	??0RenderDevice@MOXIE@@IEAA@XZ	protected: __cdecl MOXIE::RenderDevice::RenderDevice(void) __ptr64
488	??0RenderDevice@MOXIE@@QEAA@AEBV01@@Z	public: __cdecl MOXIE::RenderDevice::RenderDevice(class MOXIE::RenderDevice const & __ptr64) __ptr64
489	??0RenderDeviceGL@MOXIE@@QEAA@XZ	public: __cdecl MOXIE::RenderDeviceGL::RenderDeviceGL(void) __ptr64
490	??0RenderDispatcher@MOXIE@@QEAA@AEBV01@@Z	public: __cdecl MOXIE::RenderDispatcher::RenderDispatcher(class MOXIE::RenderDispatcher const & __ptr64) __ptr64
491	??0RenderDispatcher@MOXIE@@QEAA@PEAVRenderDevice@1@@Z	public: __cdecl MOXIE::RenderDispatcher::RenderDispatcher(class MOXIE::RenderDevice * __ptr64) __ptr64
492	??0RenderManager@MOXIE@@AEAA@XZ	private: __cdecl MOXIE::RenderManager::RenderManager(void) __ptr64
493	??0RenderManager@MOXIE@@QEAA@AEBV01@@Z	public: __cdecl MOXIE::RenderManager::RenderManager(class MOXIE::RenderManager const & __ptr64) __ptr64
494	??0RenderState@MOXIE@@QEAA@$$QEAU01@@Z	public: __cdecl MOXIE::RenderState::RenderState(struct MOXIE::RenderState && __ptr64) __ptr64
495	??0RenderState@MOXIE@@QEAA@AEBU01@@Z	public: __cdecl MOXIE::RenderState::RenderState(struct MOXIE::RenderState const & __ptr64) __ptr64
496	??0RenderState@MOXIE@@QEAA@XZ	public: __cdecl MOXIE::RenderState::RenderState(void) __ptr64
497	??0RenderSurface@MOXIE@@QEAA@AEBV01@@Z	public: __cdecl MOXIE::RenderSurface::RenderSurface(class MOXIE::RenderSurface const & __ptr64) __ptr64
498	??0RenderSurface@MOXIE@@QEAA@XZ	public: __cdecl MOXIE::RenderSurface::RenderSurface(void) __ptr64
499	??0RenderTarget@MOXIE@@QEAA@AEBV01@@Z	public: __cdecl MOXIE::RenderTarget::RenderTarget(class MOXIE::RenderTarget const & __ptr64) __ptr64
500	??0RenderTarget@MOXIE@@QEAA@XZ	public: __cdecl MOXIE::RenderTarget::RenderTarget(void) __ptr64
501	??0RenderView@MOXIE@@QEAA@AEBV01@@Z	public: __cdecl MOXIE::RenderView::RenderView(class MOXIE::RenderView const & __ptr64) __ptr64
502	??0RenderView@MOXIE@@QEAA@PEAVRenderDevice@1@AEBVString@1@@Z	public: __cdecl MOXIE::RenderView::RenderView(class MOXIE::RenderDevice * __ptr64,class MOXIE::String const & __ptr64) __ptr64
503	??0ReplayManager@MOXIE@@AEAA@XZ	private: __cdecl MOXIE::ReplayManager::ReplayManager(void) __ptr64
504	??0ReplayManager@MOXIE@@QEAA@AEBV01@@Z	public: __cdecl MOXIE::ReplayManager::ReplayManager(class MOXIE::ReplayManager const & __ptr64) __ptr64
505	??0Resource@MOXIE@@QEAA@XZ	public: __cdecl MOXIE::Resource::Resource(void) __ptr64
506	??0ResourceGroup@MOXIE@@QEAA@I@Z	public: __cdecl MOXIE::ResourceGroup::ResourceGroup(unsigned int) __ptr64
507	??0ResourceHandle@MOXIE@@AEAA@PEAVResource@1@II@Z	private: __cdecl MOXIE::ResourceHandle::ResourceHandle(class MOXIE::Resource * __ptr64,unsigned int,unsigned int) __ptr64
508	??0ResourceHandle@MOXIE@@QEAA@AEBV01@@Z	public: __cdecl MOXIE::ResourceHandle::ResourceHandle(class MOXIE::ResourceHandle const & __ptr64) __ptr64
509	??0ResourceHandle@MOXIE@@QEAA@XZ	public: __cdecl MOXIE::ResourceHandle::ResourceHandle(void) __ptr64
510	??0ResourceManager@MOXIE@@QEAA@XZ	public: __cdecl MOXIE::ResourceManager::ResourceManager(void) __ptr64
511	??0ResourceMonitor@MOXIE@@QEAA@XZ	public: __cdecl MOXIE::ResourceMonitor::ResourceMonitor(void) __ptr64
512	??0RiffDiver@MOXIE@@QEAA@AEBV01@@Z	public: __cdecl MOXIE::RiffDiver::RiffDiver(class MOXIE::RiffDiver const & __ptr64) __ptr64
513	??0RiffDiver@MOXIE@@QEAA@PEAVFileStream@1@@Z	public: __cdecl MOXIE::RiffDiver::RiffDiver(class MOXIE::FileStream * __ptr64) __ptr64
514	??0SGAnimator@MOXIE@@QEAA@$$QEAV01@@Z	public: __cdecl MOXIE::SGAnimator::SGAnimator(class MOXIE::SGAnimator && __ptr64) __ptr64
515	??0SGAnimator@MOXIE@@QEAA@AEBV01@@Z	public: __cdecl MOXIE::SGAnimator::SGAnimator(class MOXIE::SGAnimator const & __ptr64) __ptr64
516	??0SGAnimator@MOXIE@@QEAA@XZ	public: __cdecl MOXIE::SGAnimator::SGAnimator(void) __ptr64
517	??0SGCamera@MOXIE@@QEAA@AEBV01@@Z	public: __cdecl MOXIE::SGCamera::SGCamera(class MOXIE::SGCamera const & __ptr64) __ptr64
518	??0SGCamera@MOXIE@@QEAA@XZ	public: __cdecl MOXIE::SGCamera::SGCamera(void) __ptr64
519	??0SGCameraController@MOXIE@@QEAA@AEBV01@@Z	public: __cdecl MOXIE::SGCameraController::SGCameraController(class MOXIE::SGCameraController const & __ptr64) __ptr64
520	??0SGCameraController@MOXIE@@QEAA@XZ	public: __cdecl MOXIE::SGCameraController::SGCameraController(void) __ptr64
521	??0SGComponent@MOXIE@@QEAA@AEBV01@@Z	public: __cdecl MOXIE::SGComponent::SGComponent(class MOXIE::SGComponent const & __ptr64) __ptr64
522	??0SGComponent@MOXIE@@QEAA@XZ	public: __cdecl MOXIE::SGComponent::SGComponent(void) __ptr64
523	??0SGDebugCameraController@MOXIE@@QEAA@$$QEAV01@@Z	public: __cdecl MOXIE::SGDebugCameraController::SGDebugCameraController(class MOXIE::SGDebugCameraController && __ptr64) __ptr64
524	??0SGDebugCameraController@MOXIE@@QEAA@AEBV01@@Z	public: __cdecl MOXIE::SGDebugCameraController::SGDebugCameraController(class MOXIE::SGDebugCameraController const & __ptr64) __ptr64
525	??0SGDebugCameraController@MOXIE@@QEAA@XZ	public: __cdecl MOXIE::SGDebugCameraController::SGDebugCameraController(void) __ptr64
526	??0SGFlipbookDriver@MOXIE@@QEAA@AEBV01@@Z	public: __cdecl MOXIE::SGFlipbookDriver::SGFlipbookDriver(class MOXIE::SGFlipbookDriver const & __ptr64) __ptr64
527	??0SGFlipbookDriver@MOXIE@@QEAA@XZ	public: __cdecl MOXIE::SGFlipbookDriver::SGFlipbookDriver(void) __ptr64
528	??0SGGroup@MOXIE@@QEAA@AEBV01@@Z	public: __cdecl MOXIE::SGGroup::SGGroup(class MOXIE::SGGroup const & __ptr64) __ptr64
529	??0SGGroup@MOXIE@@QEAA@XZ	public: __cdecl MOXIE::SGGroup::SGGroup(void) __ptr64
530	??0SGLight@MOXIE@@QEAA@AEBV01@@Z	public: __cdecl MOXIE::SGLight::SGLight(class MOXIE::SGLight const & __ptr64) __ptr64
531	??0SGLight@MOXIE@@QEAA@XZ	public: __cdecl MOXIE::SGLight::SGLight(void) __ptr64
532	??0SGMaterial@MOXIE@@QEAA@$$QEAV01@@Z	public: __cdecl MOXIE::SGMaterial::SGMaterial(class MOXIE::SGMaterial && __ptr64) __ptr64
533	??0SGMaterial@MOXIE@@QEAA@AEBV01@@Z	public: __cdecl MOXIE::SGMaterial::SGMaterial(class MOXIE::SGMaterial const & __ptr64) __ptr64
534	??0SGMaterial@MOXIE@@QEAA@XZ	public: __cdecl MOXIE::SGMaterial::SGMaterial(void) __ptr64
535	??0SGModelInstance@MOXIE@@QEAA@AEBV01@@Z	public: __cdecl MOXIE::SGModelInstance::SGModelInstance(class MOXIE::SGModelInstance const & __ptr64) __ptr64
536	??0SGModelInstance@MOXIE@@QEAA@XZ	public: __cdecl MOXIE::SGModelInstance::SGModelInstance(void) __ptr64
537	??0SGNode@MOXIE@@QEAA@AEBV01@@Z	public: __cdecl MOXIE::SGNode::SGNode(class MOXIE::SGNode const & __ptr64) __ptr64
538	??0SGNode@MOXIE@@QEAA@XZ	public: __cdecl MOXIE::SGNode::SGNode(void) __ptr64
539	??0SGParticleEmitter@MOXIE@@QEAA@AEBV01@@Z	public: __cdecl MOXIE::SGParticleEmitter::SGParticleEmitter(class MOXIE::SGParticleEmitter const & __ptr64) __ptr64
540	??0SGParticleEmitter@MOXIE@@QEAA@XZ	public: __cdecl MOXIE::SGParticleEmitter::SGParticleEmitter(void) __ptr64
541	??0SGReplay@MOXIE@@QEAA@AEBV01@@Z	public: __cdecl MOXIE::SGReplay::SGReplay(class MOXIE::SGReplay const & __ptr64) __ptr64
542	??0SGReplay@MOXIE@@QEAA@XZ	public: __cdecl MOXIE::SGReplay::SGReplay(void) __ptr64
543	??0SGTransform@MOXIE@@QEAA@$$QEAV01@@Z	public: __cdecl MOXIE::SGTransform::SGTransform(class MOXIE::SGTransform && __ptr64) __ptr64
544	??0SGTransform@MOXIE@@QEAA@AEBV01@@Z	public: __cdecl MOXIE::SGTransform::SGTransform(class MOXIE::SGTransform const & __ptr64) __ptr64
545	??0SGTransform@MOXIE@@QEAA@XZ	public: __cdecl MOXIE::SGTransform::SGTransform(void) __ptr64
546	??0SGVideoCubePlayer@MOXIE@@QEAA@XZ	public: __cdecl MOXIE::SGVideoCubePlayer::SGVideoCubePlayer(void) __ptr64
547	??0SceneGraph@MOXIE@@QEAA@AEBV01@@Z	public: __cdecl MOXIE::SceneGraph::SceneGraph(class MOXIE::SceneGraph const & __ptr64) __ptr64
548	??0SceneGraph@MOXIE@@QEAA@PEAVSGGroup@1@@Z	public: __cdecl MOXIE::SceneGraph::SceneGraph(class MOXIE::SGGroup * __ptr64) __ptr64
549	??0SceneGraphResource@MOXIE@@QEAA@PEAVSGNode@1@@Z	public: __cdecl MOXIE::SceneGraphResource::SceneGraphResource(class MOXIE::SGNode * __ptr64) __ptr64
550	??0SceneGraphResource@MOXIE@@QEAA@XZ	public: __cdecl MOXIE::SceneGraphResource::SceneGraphResource(void) __ptr64
551	??0SceneManager@MOXIE@@AEAA@XZ	private: __cdecl MOXIE::SceneManager::SceneManager(void) __ptr64
552	??0SceneManager@MOXIE@@QEAA@AEBV01@@Z	public: __cdecl MOXIE::SceneManager::SceneManager(class MOXIE::SceneManager const & __ptr64) __ptr64
553	??0ScriptManager@MOXIE@@AEAA@XZ	private: __cdecl MOXIE::ScriptManager::ScriptManager(void) __ptr64
554	??0ScriptManager@MOXIE@@QEAA@AEBV01@@Z	public: __cdecl MOXIE::ScriptManager::ScriptManager(class MOXIE::ScriptManager const & __ptr64) __ptr64
555	??0SensorManager@MOXIE@@AEAA@XZ	private: __cdecl MOXIE::SensorManager::SensorManager(void) __ptr64
556	??0SensorManager@MOXIE@@QEAA@AEBV01@@Z	public: __cdecl MOXIE::SensorManager::SensorManager(class MOXIE::SensorManager const & __ptr64) __ptr64
557	??0Shader@MOXIE@@QEAA@AEBV01@@Z	public: __cdecl MOXIE::Shader::Shader(class MOXIE::Shader const & __ptr64) __ptr64
558	??0Shader@MOXIE@@QEAA@XZ	public: __cdecl MOXIE::Shader::Shader(void) __ptr64
559	??0ShaderBlockInstance@MOXIE@@QEAA@XZ	public: __cdecl MOXIE::ShaderBlockInstance::ShaderBlockInstance(void) __ptr64
560	??0ShaderFx@MOXIE@@QEAA@PEAVRenderDevice@1@@Z	public: __cdecl MOXIE::ShaderFx::ShaderFx(class MOXIE::RenderDevice * __ptr64) __ptr64
561	??0ShaderFxCompiler@MOXIE@@QEAA@AEBV01@@Z	public: __cdecl MOXIE::ShaderFxCompiler::ShaderFxCompiler(class MOXIE::ShaderFxCompiler const & __ptr64) __ptr64
562	??0ShaderFxCompiler@MOXIE@@QEAA@PEAVRenderDevice@1@@Z	public: __cdecl MOXIE::ShaderFxCompiler::ShaderFxCompiler(class MOXIE::RenderDevice * __ptr64) __ptr64
563	??0ShaderFxResource@MOXIE@@QEAA@XZ	public: __cdecl MOXIE::ShaderFxResource::ShaderFxResource(void) __ptr64
564	??0ShaderParam@MOXIE@@QEAA@IH_NIIPEAVBuffer@1@@Z	public: __cdecl MOXIE::ShaderParam::ShaderParam(unsigned int,int,bool,unsigned int,unsigned int,class MOXIE::Buffer * __ptr64) __ptr64
565	??0ShaderParam@MOXIE@@QEAA@IH_NIIPEAVBuffer@@@Z	public: __cdecl MOXIE::ShaderParam::ShaderParam(unsigned int,int,bool,unsigned int,unsigned int,class Buffer * __ptr64) __ptr64
566	??0ShaderParam@MOXIE@@QEAA@XZ	public: __cdecl MOXIE::ShaderParam::ShaderParam(void) __ptr64
567	??0ShaderParamBlock@MOXIE@@QEAA@XZ	public: __cdecl MOXIE::ShaderParamBlock::ShaderParamBlock(void) __ptr64
568	??0SimplexNoise@MOXIE@@QEAA@XZ	public: __cdecl MOXIE::SimplexNoise::SimplexNoise(void) __ptr64
569	??0Sound@MOXIE@@QEAA@AEBV01@@Z	public: __cdecl MOXIE::Sound::Sound(class MOXIE::Sound const & __ptr64) __ptr64
570	??0Sound@MOXIE@@QEAA@AEBVResourceHandle@1@II_N1@Z	public: __cdecl MOXIE::Sound::Sound(class MOXIE::ResourceHandle const & __ptr64,unsigned int,unsigned int,bool,bool) __ptr64
571	??0Sound@MOXIE@@QEAA@XZ	public: __cdecl MOXIE::Sound::Sound(void) __ptr64
572	??0StatManager@MOXIE@@AEAA@XZ	private: __cdecl MOXIE::StatManager::StatManager(void) __ptr64
573	??0StatManager@MOXIE@@QEAA@AEBV01@@Z	public: __cdecl MOXIE::StatManager::StatManager(class MOXIE::StatManager const & __ptr64) __ptr64
574	??0StoryConfig@MOXIE@@QEAA@$$QEAV01@@Z	public: __cdecl MOXIE::StoryConfig::StoryConfig(class MOXIE::StoryConfig && __ptr64) __ptr64
575	??0StoryConfig@MOXIE@@QEAA@AEBV01@@Z	public: __cdecl MOXIE::StoryConfig::StoryConfig(class MOXIE::StoryConfig const & __ptr64) __ptr64
576	??0StoryConfig@MOXIE@@QEAA@XZ	public: __cdecl MOXIE::StoryConfig::StoryConfig(void) __ptr64
577	??0StoryFSM@MOXIE@@QEAA@XZ	public: __cdecl MOXIE::StoryFSM::StoryFSM(void) __ptr64
578	??0StoryManager@MOXIE@@QEAA@AEBV01@@Z	public: __cdecl MOXIE::StoryManager::StoryManager(class MOXIE::StoryManager const & __ptr64) __ptr64
579	??0StoryManager@MOXIE@@QEAA@XZ	public: __cdecl MOXIE::StoryManager::StoryManager(void) __ptr64
580	??0StoryManifest@MOXIE@@QEAA@AEBV01@@Z	public: __cdecl MOXIE::StoryManifest::StoryManifest(class MOXIE::StoryManifest const & __ptr64) __ptr64
581	??0StoryManifest@MOXIE@@QEAA@XZ	public: __cdecl MOXIE::StoryManifest::StoryManifest(void) __ptr64
582	??0StoryPlayer@MOXIE@@QEAA@AEBV01@@Z	public: __cdecl MOXIE::StoryPlayer::StoryPlayer(class MOXIE::StoryPlayer const & __ptr64) __ptr64
583	??0StoryPlayer@MOXIE@@QEAA@XZ	public: __cdecl MOXIE::StoryPlayer::StoryPlayer(void) __ptr64
584	??0Stream@MOXIE@@QEAA@AEBV01@@Z	public: __cdecl MOXIE::Stream::Stream(class MOXIE::Stream const & __ptr64) __ptr64
585	??0Stream@MOXIE@@QEAA@XZ	public: __cdecl MOXIE::Stream::Stream(void) __ptr64
586	??0String@MOXIE@@QEAA@AEBV01@@Z	public: __cdecl MOXIE::String::String(class MOXIE::String const & __ptr64) __ptr64
587	??0String@MOXIE@@QEAA@D@Z	public: __cdecl MOXIE::String::String(char) __ptr64
588	??0String@MOXIE@@QEAA@PEBD@Z	public: __cdecl MOXIE::String::String(char const * __ptr64) __ptr64
589	??0Style@MOXIE@@QEAA@XZ	public: __cdecl MOXIE::Style::Style(void) __ptr64
590	??0Surface@MOXIE@@QEAA@AEBV01@@Z	public: __cdecl MOXIE::Surface::Surface(class MOXIE::Surface const & __ptr64) __ptr64
591	??0Surface@MOXIE@@QEAA@IIIW4EPixelFormat@1@W4ETextureType@1@IIPEAEI@Z	public: __cdecl MOXIE::Surface::Surface(unsigned int,unsigned int,unsigned int,enum MOXIE::EPixelFormat,enum MOXIE::ETextureType,unsigned int,unsigned int,unsigned char * __ptr64,unsigned int) __ptr64
592	??0Surface@MOXIE@@QEAA@XZ	public: __cdecl MOXIE::Surface::Surface(void) __ptr64
593	??0TcpSocket@MOXIE@@QEAA@XZ	public: __cdecl MOXIE::TcpSocket::TcpSocket(void) __ptr64
594	??0Texture2D@MOXIE@@QEAA@AEBV01@@Z	public: __cdecl MOXIE::Texture2D::Texture2D(class MOXIE::Texture2D const & __ptr64) __ptr64
595	??0Texture2D@MOXIE@@QEAA@XZ	public: __cdecl MOXIE::Texture2D::Texture2D(void) __ptr64
596	??0Texture2DArray@MOXIE@@QEAA@AEBV01@@Z	public: __cdecl MOXIE::Texture2DArray::Texture2DArray(class MOXIE::Texture2DArray const & __ptr64) __ptr64
597	??0Texture2DArray@MOXIE@@QEAA@XZ	public: __cdecl MOXIE::Texture2DArray::Texture2DArray(void) __ptr64
598	??0Texture@MOXIE@@QEAA@AEBV01@@Z	public: __cdecl MOXIE::Texture::Texture(class MOXIE::Texture const & __ptr64) __ptr64
599	??0Texture@MOXIE@@QEAA@XZ	public: __cdecl MOXIE::Texture::Texture(void) __ptr64
600	??0TextureCubeMap@MOXIE@@QEAA@AEBV01@@Z	public: __cdecl MOXIE::TextureCubeMap::TextureCubeMap(class MOXIE::TextureCubeMap const & __ptr64) __ptr64
601	??0TextureCubeMap@MOXIE@@QEAA@XZ	public: __cdecl MOXIE::TextureCubeMap::TextureCubeMap(void) __ptr64
602	??0TextureResource@MOXIE@@QEAA@XZ	public: __cdecl MOXIE::TextureResource::TextureResource(void) __ptr64
603	??0TextureVideo@MOXIE@@QEAA@AEBV01@@Z	public: __cdecl MOXIE::TextureVideo::TextureVideo(class MOXIE::TextureVideo const & __ptr64) __ptr64
604	??0TextureVideo@MOXIE@@QEAA@XZ	public: __cdecl MOXIE::TextureVideo::TextureVideo(void) __ptr64
605	??0Thread@MOXIE@@QEAA@AEBV01@@Z	public: __cdecl MOXIE::Thread::Thread(class MOXIE::Thread const & __ptr64) __ptr64
606	??0Thread@MOXIE@@QEAA@P6AXXZAEBVString@1@@Z	public: __cdecl MOXIE::Thread::Thread(void (__cdecl*)(void),class MOXIE::String const & __ptr64) __ptr64
607	??0Time@MOXIE@@QEAA@_N0@Z	public: __cdecl MOXIE::Time::Time(bool,bool) __ptr64
608	??0TornadoField@MOXIE@@QEAA@$$QEAV01@@Z	public: __cdecl MOXIE::TornadoField::TornadoField(class MOXIE::TornadoField && __ptr64) __ptr64
609	??0TornadoField@MOXIE@@QEAA@AEBV01@@Z	public: __cdecl MOXIE::TornadoField::TornadoField(class MOXIE::TornadoField const & __ptr64) __ptr64
610	??0TornadoField@MOXIE@@QEAA@XZ	public: __cdecl MOXIE::TornadoField::TornadoField(void) __ptr64
611	??0Transform@MOXIE@@QEAA@AEBV01@@Z	public: __cdecl MOXIE::Transform::Transform(class MOXIE::Transform const & __ptr64) __ptr64
612	??0Transform@MOXIE@@QEAA@AEBVMatrix4@1@@Z	public: __cdecl MOXIE::Transform::Transform(class MOXIE::Matrix4 const & __ptr64) __ptr64
613	??0Transform@MOXIE@@QEAA@AEBVVector3@1@AEBVQuaternion@1@0@Z	public: __cdecl MOXIE::Transform::Transform(class MOXIE::Vector3 const & __ptr64,class MOXIE::Quaternion const & __ptr64,class MOXIE::Vector3 const & __ptr64) __ptr64
614	??0Transform@MOXIE@@QEAA@XZ	public: __cdecl MOXIE::Transform::Transform(void) __ptr64
615	??0TurbulenceField2D@MOXIE@@QEAA@$$QEAV01@@Z	public: __cdecl MOXIE::TurbulenceField2D::TurbulenceField2D(class MOXIE::TurbulenceField2D && __ptr64) __ptr64
616	??0TurbulenceField2D@MOXIE@@QEAA@AEBV01@@Z	public: __cdecl MOXIE::TurbulenceField2D::TurbulenceField2D(class MOXIE::TurbulenceField2D const & __ptr64) __ptr64
617	??0TurbulenceField2D@MOXIE@@QEAA@XZ	public: __cdecl MOXIE::TurbulenceField2D::TurbulenceField2D(void) __ptr64
618	??0TurbulenceField3D@MOXIE@@QEAA@$$QEAV01@@Z	public: __cdecl MOXIE::TurbulenceField3D::TurbulenceField3D(class MOXIE::TurbulenceField3D && __ptr64) __ptr64
619	??0TurbulenceField3D@MOXIE@@QEAA@AEBV01@@Z	public: __cdecl MOXIE::TurbulenceField3D::TurbulenceField3D(class MOXIE::TurbulenceField3D const & __ptr64) __ptr64
620	??0TurbulenceField3D@MOXIE@@QEAA@XZ	public: __cdecl MOXIE::TurbulenceField3D::TurbulenceField3D(void) __ptr64
621	??0Uri@MOXIE@@QEAA@AEBV01@@Z	public: __cdecl MOXIE::Uri::Uri(class MOXIE::Uri const & __ptr64) __ptr64
622	??0Uri@MOXIE@@QEAA@PEBDI@Z	public: __cdecl MOXIE::Uri::Uri(char const * __ptr64,unsigned int) __ptr64
623	??0Uri@MOXIE@@QEAA@XZ	public: __cdecl MOXIE::Uri::Uri(void) __ptr64
624	??0UriManager@MOXIE@@AEAA@XZ	private: __cdecl MOXIE::UriManager::UriManager(void) __ptr64
625	??0Vector2@MOXIE@@QEAA@AEBV01@@Z	public: __cdecl MOXIE::Vector2::Vector2(class MOXIE::Vector2 const & __ptr64) __ptr64
626	??0Vector2@MOXIE@@QEAA@MM@Z	public: __cdecl MOXIE::Vector2::Vector2(float,float) __ptr64
627	??0Vector2@MOXIE@@QEAA@XZ	public: __cdecl MOXIE::Vector2::Vector2(void) __ptr64
628	??0Vector3@MOXIE@@QEAA@AEBV01@@Z	public: __cdecl MOXIE::Vector3::Vector3(class MOXIE::Vector3 const & __ptr64) __ptr64
629	??0Vector3@MOXIE@@QEAA@MMM@Z	public: __cdecl MOXIE::Vector3::Vector3(float,float,float) __ptr64
630	??0Vector3@MOXIE@@QEAA@XZ	public: __cdecl MOXIE::Vector3::Vector3(void) __ptr64
631	??0Vector4@MOXIE@@QEAA@AEBV01@@Z	public: __cdecl MOXIE::Vector4::Vector4(class MOXIE::Vector4 const & __ptr64) __ptr64
632	??0Vector4@MOXIE@@QEAA@AEBVVector3@1@M@Z	public: __cdecl MOXIE::Vector4::Vector4(class MOXIE::Vector3 const & __ptr64,float) __ptr64
633	??0Vector4@MOXIE@@QEAA@MMMM@Z	public: __cdecl MOXIE::Vector4::Vector4(float,float,float,float) __ptr64
634	??0Vector4@MOXIE@@QEAA@XZ	public: __cdecl MOXIE::Vector4::Vector4(void) __ptr64
635	??0VertexBuffer@MOXIE@@QEAA@AEBV01@@Z	public: __cdecl MOXIE::VertexBuffer::VertexBuffer(class MOXIE::VertexBuffer const & __ptr64) __ptr64
636	??0VertexBuffer@MOXIE@@QEAA@III@Z	public: __cdecl MOXIE::VertexBuffer::VertexBuffer(unsigned int,unsigned int,unsigned int) __ptr64
637	??0VertexData@MOXIE@@QEAA@XZ	public: __cdecl MOXIE::VertexData::VertexData(void) __ptr64
638	??0VideoCube@MOXIE@@QEAA@XZ	public: __cdecl MOXIE::VideoCube::VideoCube(void) __ptr64
639	??0VideoCubeManager@MOXIE@@QEAA@AEBV01@@Z	public: __cdecl MOXIE::VideoCubeManager::VideoCubeManager(class MOXIE::VideoCubeManager const & __ptr64) __ptr64
640	??0VideoCubeManager@MOXIE@@QEAA@XZ	public: __cdecl MOXIE::VideoCubeManager::VideoCubeManager(void) __ptr64
641	??0VideoCubeResource@MOXIE@@QEAA@XZ	public: __cdecl MOXIE::VideoCubeResource::VideoCubeResource(void) __ptr64
642	??0VideoCubeTile@MOXIE@@QEAA@XZ	public: __cdecl MOXIE::VideoCubeTile::VideoCubeTile(void) __ptr64
643	??0Viewport@MOXIE@@QEAA@HHII@Z	public: __cdecl MOXIE::Viewport::Viewport(int,int,unsigned int,unsigned int) __ptr64
644	??0VortexField@MOXIE@@QEAA@$$QEAV01@@Z	public: __cdecl MOXIE::VortexField::VortexField(class MOXIE::VortexField && __ptr64) __ptr64
645	??0VortexField@MOXIE@@QEAA@AEBV01@@Z	public: __cdecl MOXIE::VortexField::VortexField(class MOXIE::VortexField const & __ptr64) __ptr64
646	??0VortexField@MOXIE@@QEAA@XZ	public: __cdecl MOXIE::VortexField::VortexField(void) __ptr64
647	??0ZipArchive@MOXIE@@QEAA@AEBV01@@Z	public: __cdecl MOXIE::ZipArchive::ZipArchive(class MOXIE::ZipArchive const & __ptr64) __ptr64
648	??0ZipArchive@MOXIE@@QEAA@XZ	public: __cdecl MOXIE::ZipArchive::ZipArchive(void) __ptr64
649	??0ZipEntry@MOXIE@@QEAA@XZ	public: __cdecl MOXIE::ZipEntry::ZipEntry(void) __ptr64
650	??1?$EngineService@VAnalyticsManager@MOXIE@@@MOXIE@@UEAA@XZ	public: virtual __cdecl MOXIE::EngineService<class MOXIE::AnalyticsManager>::~EngineService<class MOXIE::AnalyticsManager>(void) __ptr64
651	??1?$EngineService@VAudioDevice@MOXIE@@@MOXIE@@UEAA@XZ	public: virtual __cdecl MOXIE::EngineService<class MOXIE::AudioDevice>::~EngineService<class MOXIE::AudioDevice>(void) __ptr64
652	??1?$EngineService@VAudioManager@MOXIE@@@MOXIE@@UEAA@XZ	public: virtual __cdecl MOXIE::EngineService<class MOXIE::AudioManager>::~EngineService<class MOXIE::AudioManager>(void) __ptr64
653	??1?$EngineService@VAudioSystem@MOXIE@@@MOXIE@@UEAA@XZ	public: virtual __cdecl MOXIE::EngineService<class MOXIE::AudioSystem>::~EngineService<class MOXIE::AudioSystem>(void) __ptr64
654	??1?$EngineService@VEnableManager@MOXIE@@@MOXIE@@UEAA@XZ	public: virtual __cdecl MOXIE::EngineService<class MOXIE::EnableManager>::~EngineService<class MOXIE::EnableManager>(void) __ptr64
655	??1?$EngineService@VInputManager@MOXIE@@@MOXIE@@UEAA@XZ	public: virtual __cdecl MOXIE::EngineService<class MOXIE::InputManager>::~EngineService<class MOXIE::InputManager>(void) __ptr64
656	??1?$EngineService@VPhysicsManager@MOXIE@@@MOXIE@@UEAA@XZ	public: virtual __cdecl MOXIE::EngineService<class MOXIE::PhysicsManager>::~EngineService<class MOXIE::PhysicsManager>(void) __ptr64
657	??1?$EngineService@VRenderDebug@MOXIE@@@MOXIE@@UEAA@XZ	public: virtual __cdecl MOXIE::EngineService<class MOXIE::RenderDebug>::~EngineService<class MOXIE::RenderDebug>(void) __ptr64
658	??1?$EngineService@VRenderDevice@MOXIE@@@MOXIE@@UEAA@XZ	public: virtual __cdecl MOXIE::EngineService<class MOXIE::RenderDevice>::~EngineService<class MOXIE::RenderDevice>(void) __ptr64
659	??1?$EngineService@VRenderManager@MOXIE@@@MOXIE@@UEAA@XZ	public: virtual __cdecl MOXIE::EngineService<class MOXIE::RenderManager>::~EngineService<class MOXIE::RenderManager>(void) __ptr64
660	??1?$EngineService@VReplayManager@MOXIE@@@MOXIE@@UEAA@XZ	public: virtual __cdecl MOXIE::EngineService<class MOXIE::ReplayManager>::~EngineService<class MOXIE::ReplayManager>(void) __ptr64
661	??1?$EngineService@VResourceManager@MOXIE@@@MOXIE@@UEAA@XZ	public: virtual __cdecl MOXIE::EngineService<class MOXIE::ResourceManager>::~EngineService<class MOXIE::ResourceManager>(void) __ptr64
662	??1?$EngineService@VSceneManager@MOXIE@@@MOXIE@@UEAA@XZ	public: virtual __cdecl MOXIE::EngineService<class MOXIE::SceneManager>::~EngineService<class MOXIE::SceneManager>(void) __ptr64
663	??1?$EngineService@VScriptManager@MOXIE@@@MOXIE@@UEAA@XZ	public: virtual __cdecl MOXIE::EngineService<class MOXIE::ScriptManager>::~EngineService<class MOXIE::ScriptManager>(void) __ptr64
664	??1?$EngineService@VSensorManager@MOXIE@@@MOXIE@@UEAA@XZ	public: virtual __cdecl MOXIE::EngineService<class MOXIE::SensorManager>::~EngineService<class MOXIE::SensorManager>(void) __ptr64
665	??1?$EngineService@VStatManager@MOXIE@@@MOXIE@@UEAA@XZ	public: virtual __cdecl MOXIE::EngineService<class MOXIE::StatManager>::~EngineService<class MOXIE::StatManager>(void) __ptr64
666	??1?$EngineService@VUriManager@MOXIE@@@MOXIE@@UEAA@XZ	public: virtual __cdecl MOXIE::EngineService<class MOXIE::UriManager>::~EngineService<class MOXIE::UriManager>(void) __ptr64
667	??1?$EngineService@VVideoCubeManager@MOXIE@@@MOXIE@@UEAA@XZ	public: virtual __cdecl MOXIE::EngineService<class MOXIE::VideoCubeManager>::~EngineService<class MOXIE::VideoCubeManager>(void) __ptr64
668	??1?$Service@VAnalyticsManager@MOXIE@@@MOXIE@@UEAA@XZ	public: virtual __cdecl MOXIE::Service<class MOXIE::AnalyticsManager>::~Service<class MOXIE::AnalyticsManager>(void) __ptr64
669	??1?$Service@VAudioDevice@MOXIE@@@MOXIE@@UEAA@XZ	public: virtual __cdecl MOXIE::Service<class MOXIE::AudioDevice>::~Service<class MOXIE::AudioDevice>(void) __ptr64
670	??1?$Service@VAudioManager@MOXIE@@@MOXIE@@UEAA@XZ	public: virtual __cdecl MOXIE::Service<class MOXIE::AudioManager>::~Service<class MOXIE::AudioManager>(void) __ptr64
671	??1?$Service@VAudioSystem@MOXIE@@@MOXIE@@UEAA@XZ	public: virtual __cdecl MOXIE::Service<class MOXIE::AudioSystem>::~Service<class MOXIE::AudioSystem>(void) __ptr64
672	??1?$Service@VEnableManager@MOXIE@@@MOXIE@@UEAA@XZ	public: virtual __cdecl MOXIE::Service<class MOXIE::EnableManager>::~Service<class MOXIE::EnableManager>(void) __ptr64
673	??1?$Service@VGlobalTime@MOXIE@@@MOXIE@@UEAA@XZ	public: virtual __cdecl MOXIE::Service<class MOXIE::GlobalTime>::~Service<class MOXIE::GlobalTime>(void) __ptr64
674	??1?$Service@VInputManager@MOXIE@@@MOXIE@@UEAA@XZ	public: virtual __cdecl MOXIE::Service<class MOXIE::InputManager>::~Service<class MOXIE::InputManager>(void) __ptr64
675	??1?$Service@VPhysicsManager@MOXIE@@@MOXIE@@UEAA@XZ	public: virtual __cdecl MOXIE::Service<class MOXIE::PhysicsManager>::~Service<class MOXIE::PhysicsManager>(void) __ptr64
676	??1?$Service@VRenderDebug@MOXIE@@@MOXIE@@UEAA@XZ	public: virtual __cdecl MOXIE::Service<class MOXIE::RenderDebug>::~Service<class MOXIE::RenderDebug>(void) __ptr64
677	??1?$Service@VRenderDevice@MOXIE@@@MOXIE@@UEAA@XZ	public: virtual __cdecl MOXIE::Service<class MOXIE::RenderDevice>::~Service<class MOXIE::RenderDevice>(void) __ptr64
678	??1?$Service@VRenderManager@MOXIE@@@MOXIE@@UEAA@XZ	public: virtual __cdecl MOXIE::Service<class MOXIE::RenderManager>::~Service<class MOXIE::RenderManager>(void) __ptr64
679	??1?$Service@VReplayManager@MOXIE@@@MOXIE@@UEAA@XZ	public: virtual __cdecl MOXIE::Service<class MOXIE::ReplayManager>::~Service<class MOXIE::ReplayManager>(void) __ptr64
680	??1?$Service@VResourceManager@MOXIE@@@MOXIE@@UEAA@XZ	public: virtual __cdecl MOXIE::Service<class MOXIE::ResourceManager>::~Service<class MOXIE::ResourceManager>(void) __ptr64
681	??1?$Service@VSceneManager@MOXIE@@@MOXIE@@UEAA@XZ	public: virtual __cdecl MOXIE::Service<class MOXIE::SceneManager>::~Service<class MOXIE::SceneManager>(void) __ptr64
682	??1?$Service@VScriptManager@MOXIE@@@MOXIE@@UEAA@XZ	public: virtual __cdecl MOXIE::Service<class MOXIE::ScriptManager>::~Service<class MOXIE::ScriptManager>(void) __ptr64
683	??1?$Service@VSensorManager@MOXIE@@@MOXIE@@UEAA@XZ	public: virtual __cdecl MOXIE::Service<class MOXIE::SensorManager>::~Service<class MOXIE::SensorManager>(void) __ptr64
684	??1?$Service@VStatManager@MOXIE@@@MOXIE@@UEAA@XZ	public: virtual __cdecl MOXIE::Service<class MOXIE::StatManager>::~Service<class MOXIE::StatManager>(void) __ptr64
685	??1?$Service@VUriManager@MOXIE@@@MOXIE@@UEAA@XZ	public: virtual __cdecl MOXIE::Service<class MOXIE::UriManager>::~Service<class MOXIE::UriManager>(void) __ptr64
686	??1?$Service@VVideoCubeManager@MOXIE@@@MOXIE@@UEAA@XZ	public: virtual __cdecl MOXIE::Service<class MOXIE::VideoCubeManager>::~Service<class MOXIE::VideoCubeManager>(void) __ptr64
687	??1AnalyticsManager@MOXIE@@EEAA@XZ	private: virtual __cdecl MOXIE::AnalyticsManager::~AnalyticsManager(void) __ptr64
688	??1AnimMixer@MOXIE@@UEAA@XZ	public: virtual __cdecl MOXIE::AnimMixer::~AnimMixer(void) __ptr64
689	??1AnimResource@MOXIE@@UEAA@XZ	public: virtual __cdecl MOXIE::AnimResource::~AnimResource(void) __ptr64
690	??1Animator@MOXIE@@UEAA@XZ	public: virtual __cdecl MOXIE::Animator::~Animator(void) __ptr64
691	??1Application@MOXIE@@UEAA@XZ	public: virtual __cdecl MOXIE::Application::~Application(void) __ptr64
692	??1AudEmitter@MOXIE@@UEAA@XZ	public: virtual __cdecl MOXIE::AudEmitter::~AudEmitter(void) __ptr64
693	??1AudPlayer@MOXIE@@UEAA@XZ	public: virtual __cdecl MOXIE::AudPlayer::~AudPlayer(void) __ptr64
694	??1AudResource@MOXIE@@UEAA@XZ	public: virtual __cdecl MOXIE::AudResource::~AudResource(void) __ptr64
695	??1AudServices@MOXIE@@UEAA@XZ	public: virtual __cdecl MOXIE::AudServices::~AudServices(void) __ptr64
696	??1AudioData@MOXIE@@UEAA@XZ	public: virtual __cdecl MOXIE::AudioData::~AudioData(void) __ptr64
697	??1AudioDataMaux@MOXIE@@UEAA@XZ	public: virtual __cdecl MOXIE::AudioDataMaux::~AudioDataMaux(void) __ptr64
698	??1AudioDataSource@MOXIE@@UEAA@XZ	public: virtual __cdecl MOXIE::AudioDataSource::~AudioDataSource(void) __ptr64
699	??1AudioDevice@MOXIE@@UEAA@XZ	public: virtual __cdecl MOXIE::AudioDevice::~AudioDevice(void) __ptr64
700	??1AudioEmitter3D@MOXIE@@UEAA@XZ	public: virtual __cdecl MOXIE::AudioEmitter3D::~AudioEmitter3D(void) __ptr64
701	??1AudioEmitter@MOXIE@@UEAA@XZ	public: virtual __cdecl MOXIE::AudioEmitter::~AudioEmitter(void) __ptr64
702	??1AudioManager@MOXIE@@EEAA@XZ	private: virtual __cdecl MOXIE::AudioManager::~AudioManager(void) __ptr64
703	??1AudioPlayer@MOXIE@@UEAA@XZ	public: virtual __cdecl MOXIE::AudioPlayer::~AudioPlayer(void) __ptr64
704	??1AudioPlayerMaux@MOXIE@@UEAA@XZ	public: virtual __cdecl MOXIE::AudioPlayerMaux::~AudioPlayerMaux(void) __ptr64
705	??1AudioResource@MOXIE@@UEAA@XZ	public: virtual __cdecl MOXIE::AudioResource::~AudioResource(void) __ptr64
706	??1AudioSystem@MOXIE@@UEAA@XZ	public: virtual __cdecl MOXIE::AudioSystem::~AudioSystem(void) __ptr64
707	??1Bitmap@MOXIE@@QEAA@XZ	public: __cdecl MOXIE::Bitmap::~Bitmap(void) __ptr64
708	??1BobberField@MOXIE@@UEAA@XZ	public: virtual __cdecl MOXIE::BobberField::~BobberField(void) __ptr64
709	??1Buffer@MOXIE@@QEAA@XZ	public: __cdecl MOXIE::Buffer::~Buffer(void) __ptr64
710	??1BufferObject@MOXIE@@UEAA@XZ	public: virtual __cdecl MOXIE::BufferObject::~BufferObject(void) __ptr64
711	??1Condition@MOXIE@@QEAA@XZ	public: __cdecl MOXIE::Condition::~Condition(void) __ptr64
712	??1DefaultAnimMixer@MOXIE@@UEAA@XZ	public: virtual __cdecl MOXIE::DefaultAnimMixer::~DefaultAnimMixer(void) __ptr64
713	??1EnableManager@MOXIE@@MEAA@XZ	protected: virtual __cdecl MOXIE::EnableManager::~EnableManager(void) __ptr64
714	??1Engine@MOXIE@@QEAA@XZ	public: __cdecl MOXIE::Engine::~Engine(void) __ptr64
715	??1FilePath@MOXIE@@QEAA@XZ	public: __cdecl MOXIE::FilePath::~FilePath(void) __ptr64
716	??1FileStream@MOXIE@@UEAA@XZ	public: virtual __cdecl MOXIE::FileStream::~FileStream(void) __ptr64
717	??1FileSystem@MOXIE@@UEAA@XZ	public: virtual __cdecl MOXIE::FileSystem::~FileSystem(void) __ptr64
718	??1Flipbook@MOXIE@@QEAA@XZ	public: __cdecl MOXIE::Flipbook::~Flipbook(void) __ptr64
719	??1FlipbookResource@MOXIE@@UEAA@XZ	public: virtual __cdecl MOXIE::FlipbookResource::~FlipbookResource(void) __ptr64
720	??1FlipbookSampler@MOXIE@@QEAA@XZ	public: __cdecl MOXIE::FlipbookSampler::~FlipbookSampler(void) __ptr64
721	??1FlipbookTexturePool@MOXIE@@QEAA@XZ	public: __cdecl MOXIE::FlipbookTexturePool::~FlipbookTexturePool(void) __ptr64
722	??1Font@MOXIE@@UEAA@XZ	public: virtual __cdecl MOXIE::Font::~Font(void) __ptr64
723	??1FontMap@MOXIE@@UEAA@XZ	public: virtual __cdecl MOXIE::FontMap::~FontMap(void) __ptr64
724	??1FontResource@MOXIE@@UEAA@XZ	public: virtual __cdecl MOXIE::FontResource::~FontResource(void) __ptr64
725	??1ForceField@MOXIE@@UEAA@XZ	public: virtual __cdecl MOXIE::ForceField::~ForceField(void) __ptr64
726	??1GUIRenderer@MOXIE@@QEAA@XZ	public: __cdecl MOXIE::GUIRenderer::~GUIRenderer(void) __ptr64
727	??1GUIStyle@MOXIE@@QEAA@XZ	public: __cdecl MOXIE::GUIStyle::~GUIStyle(void) __ptr64
728	??1GUITexture@MOXIE@@QEAA@XZ	public: __cdecl MOXIE::GUITexture::~GUITexture(void) __ptr64
729	??1GUITheme@MOXIE@@QEAA@XZ	public: __cdecl MOXIE::GUITheme::~GUITheme(void) __ptr64
730	??1GlobalTime@MOXIE@@MEAA@XZ	protected: virtual __cdecl MOXIE::GlobalTime::~GlobalTime(void) __ptr64
731	??1IJob@MOXIE@@UEAA@XZ	public: virtual __cdecl MOXIE::IJob::~IJob(void) __ptr64
732	??1IService@MOXIE@@UEAA@XZ	public: virtual __cdecl MOXIE::IService::~IService(void) __ptr64
733	??1IndexBuffer@MOXIE@@UEAA@XZ	public: virtual __cdecl MOXIE::IndexBuffer::~IndexBuffer(void) __ptr64
734	??1InputManager@MOXIE@@EEAA@XZ	private: virtual __cdecl MOXIE::InputManager::~InputManager(void) __ptr64
735	??1JobQueue@MOXIE@@QEAA@XZ	public: __cdecl MOXIE::JobQueue::~JobQueue(void) __ptr64
736	??1LAllocator@MOXIE@@UEAA@XZ	public: virtual __cdecl MOXIE::LAllocator::~LAllocator(void) __ptr64
737	??1LApi@MOXIE@@UEAA@XZ	public: virtual __cdecl MOXIE::LApi::~LApi(void) __ptr64
738	??1LApiActorClampLayer@duet@@UEAA@XZ	public: virtual __cdecl duet::LApiActorClampLayer::~LApiActorClampLayer(void) __ptr64
739	??1LApiActorMover@duet@@UEAA@XZ	public: virtual __cdecl duet::LApiActorMover::~LApiActorMover(void) __ptr64
740	??1LApiActorMoverLayer@duet@@UEAA@XZ	public: virtual __cdecl duet::LApiActorMoverLayer::~LApiActorMoverLayer(void) __ptr64
741	??1LApiActorVignette@duet@@UEAA@XZ	public: virtual __cdecl duet::LApiActorVignette::~LApiActorVignette(void) __ptr64
742	??1LApiActorsLayer@duet@@UEAA@XZ	public: virtual __cdecl duet::LApiActorsLayer::~LApiActorsLayer(void) __ptr64
743	??1LApiBoomLayer@duet@@UEAA@XZ	public: virtual __cdecl duet::LApiBoomLayer::~LApiBoomLayer(void) __ptr64
744	??1LApiBoundsLayer@duet@@UEAA@XZ	public: virtual __cdecl duet::LApiBoundsLayer::~LApiBoundsLayer(void) __ptr64
745	??1LApiCameraRig@duet@@UEAA@XZ	public: virtual __cdecl duet::LApiCameraRig::~LApiCameraRig(void) __ptr64
746	??1LApiDuet@duet@@UEAA@XZ	public: virtual __cdecl duet::LApiDuet::~LApiDuet(void) __ptr64
747	??1LApiDuetScene@duet@@UEAA@XZ	public: virtual __cdecl duet::LApiDuetScene::~LApiDuetScene(void) __ptr64
748	??1LApiFlipbookDriver@duet@@UEAA@XZ	public: virtual __cdecl duet::LApiFlipbookDriver::~LApiFlipbookDriver(void) __ptr64
749	??1LApiGlowAlpha@duet@@UEAA@XZ	public: virtual __cdecl duet::LApiGlowAlpha::~LApiGlowAlpha(void) __ptr64
750	??1LApiGlowFader@duet@@UEAA@XZ	public: virtual __cdecl duet::LApiGlowFader::~LApiGlowFader(void) __ptr64
751	??1LApiInputLayer@duet@@UEAA@XZ	public: virtual __cdecl duet::LApiInputLayer::~LApiInputLayer(void) __ptr64
752	??1LApiIntroEnvControl@duet@@UEAA@XZ	public: virtual __cdecl duet::LApiIntroEnvControl::~LApiIntroEnvControl(void) __ptr64
753	??1LApiLookAtDetector@duet@@UEAA@XZ	public: virtual __cdecl duet::LApiLookAtDetector::~LApiLookAtDetector(void) __ptr64
754	??1LApiLookAtLayer@duet@@UEAA@XZ	public: virtual __cdecl duet::LApiLookAtLayer::~LApiLookAtLayer(void) __ptr64
755	??1LApiMasterBlender@duet@@UEAA@XZ	public: virtual __cdecl duet::LApiMasterBlender::~LApiMasterBlender(void) __ptr64
756	??1LApiParticlesController@duet@@UEAA@XZ	public: virtual __cdecl duet::LApiParticlesController::~LApiParticlesController(void) __ptr64
757	??1LApiProxyLayer@duet@@UEAA@XZ	public: virtual __cdecl duet::LApiProxyLayer::~LApiProxyLayer(void) __ptr64
758	??1LApiSegmentManager@duet@@UEAA@XZ	public: virtual __cdecl duet::LApiSegmentManager::~LApiSegmentManager(void) __ptr64
759	??1LApiSoftTrack@duet@@UEAA@XZ	public: virtual __cdecl duet::LApiSoftTrack::~LApiSoftTrack(void) __ptr64
760	??1LApiStarBlendLayer@duet@@UEAA@XZ	public: virtual __cdecl duet::LApiStarBlendLayer::~LApiStarBlendLayer(void) __ptr64
761	??1LApiTrackingLayer@duet@@UEAA@XZ	public: virtual __cdecl duet::LApiTrackingLayer::~LApiTrackingLayer(void) __ptr64
762	??1LApiTrackingManager@duet@@UEAA@XZ	public: virtual __cdecl duet::LApiTrackingManager::~LApiTrackingManager(void) __ptr64
763	??1LApiTrackingTarget@duet@@UEAA@XZ	public: virtual __cdecl duet::LApiTrackingTarget::~LApiTrackingTarget(void) __ptr64
764	??1LApiUtil@duet@@UEAA@XZ	public: virtual __cdecl duet::LApiUtil::~LApiUtil(void) __ptr64
765	??1LApplication@MOXIE@@UEAA@XZ	public: virtual __cdecl MOXIE::LApplication::~LApplication(void) __ptr64
766	??1LBlockAllocator@MOXIE@@UEAA@XZ	public: virtual __cdecl MOXIE::LBlockAllocator::~LBlockAllocator(void) __ptr64
767	??1LComponent@MOXIE@@UEAA@XZ	public: virtual __cdecl MOXIE::LComponent::~LComponent(void) __ptr64
768	??1LEnvMoxie@MOXIE@@UEAA@XZ	public: virtual __cdecl MOXIE::LEnvMoxie::~LEnvMoxie(void) __ptr64
769	??1LEnvironment@MOXIE@@UEAA@XZ	public: virtual __cdecl MOXIE::LEnvironment::~LEnvironment(void) __ptr64
770	??1LocalFileSystem@MOXIE@@UEAA@XZ	public: virtual __cdecl MOXIE::LocalFileSystem::~LocalFileSystem(void) __ptr64
771	??1Material@MOXIE@@QEAA@XZ	public: __cdecl MOXIE::Material::~Material(void) __ptr64
772	??1MemoryStream@MOXIE@@UEAA@XZ	public: virtual __cdecl MOXIE::MemoryStream::~MemoryStream(void) __ptr64
773	??1ModelResource@MOXIE@@UEAA@XZ	public: virtual __cdecl MOXIE::ModelResource::~ModelResource(void) __ptr64
774	??1Mutex@MOXIE@@QEAA@XZ	public: __cdecl MOXIE::Mutex::~Mutex(void) __ptr64
775	??1NetworkFileSystem@MOXIE@@UEAA@XZ	public: virtual __cdecl MOXIE::NetworkFileSystem::~NetworkFileSystem(void) __ptr64
776	??1OggVorbisDecoder@MOXIE@@UEAA@XZ	public: virtual __cdecl MOXIE::OggVorbisDecoder::~OggVorbisDecoder(void) __ptr64
777	??1ParticleBuffer@MOXIE@@QEAA@XZ	public: __cdecl MOXIE::ParticleBuffer::~ParticleBuffer(void) __ptr64
778	??1ParticleCollider@MOXIE@@UEAA@XZ	public: virtual __cdecl MOXIE::ParticleCollider::~ParticleCollider(void) __ptr64
779	??1ParticleField@MOXIE@@UEAA@XZ	public: virtual __cdecl MOXIE::ParticleField::~ParticleField(void) __ptr64
780	??1ParticleSystemResource@MOXIE@@UEAA@XZ	public: virtual __cdecl MOXIE::ParticleSystemResource::~ParticleSystemResource(void) __ptr64
781	??1PcmDecoder@MOXIE@@UEAA@XZ	public: virtual __cdecl MOXIE::PcmDecoder::~PcmDecoder(void) __ptr64
782	??1PhysicsManager@MOXIE@@EEAA@XZ	private: virtual __cdecl MOXIE::PhysicsManager::~PhysicsManager(void) __ptr64
783	??1PlaneCollider@MOXIE@@UEAA@XZ	public: virtual __cdecl MOXIE::PlaneCollider::~PlaneCollider(void) __ptr64
784	??1PlatformAudioDriver@MOXIE@@UEAA@XZ	public: virtual __cdecl MOXIE::PlatformAudioDriver::~PlatformAudioDriver(void) __ptr64
785	??1PlatformAudioDriverDirectSound@MOXIE@@UEAA@XZ	public: virtual __cdecl MOXIE::PlatformAudioDriverDirectSound::~PlatformAudioDriverDirectSound(void) __ptr64
786	??1Player@MOXIE@@UEAA@XZ	public: virtual __cdecl MOXIE::Player::~Player(void) __ptr64
787	??1RadixSort32@MOXIE@@QEAA@XZ	public: __cdecl MOXIE::RadixSort32::~RadixSort32(void) __ptr64
788	??1RadixSort64@MOXIE@@QEAA@XZ	public: __cdecl MOXIE::RadixSort64::~RadixSort64(void) __ptr64
789	??1RadixSortReal@MOXIE@@QEAA@XZ	public: __cdecl MOXIE::RadixSortReal::~RadixSortReal(void) __ptr64
790	??1RefCount@MOXIE@@UEAA@XZ	public: virtual __cdecl MOXIE::RefCount::~RefCount(void) __ptr64
791	??1RenderBuffer@MOXIE@@UEAA@XZ	public: virtual __cdecl MOXIE::RenderBuffer::~RenderBuffer(void) __ptr64
792	??1RenderContext@MOXIE@@UEAA@XZ	public: virtual __cdecl MOXIE::RenderContext::~RenderContext(void) __ptr64
793	??1RenderDebug@MOXIE@@UEAA@XZ	public: virtual __cdecl MOXIE::RenderDebug::~RenderDebug(void) __ptr64
794	??1RenderDevice@MOXIE@@MEAA@XZ	protected: virtual __cdecl MOXIE::RenderDevice::~RenderDevice(void) __ptr64
795	??1RenderDeviceGL@MOXIE@@UEAA@XZ	public: virtual __cdecl MOXIE::RenderDeviceGL::~RenderDeviceGL(void) __ptr64
796	??1RenderDispatcher@MOXIE@@QEAA@XZ	public: __cdecl MOXIE::RenderDispatcher::~RenderDispatcher(void) __ptr64
797	??1RenderManager@MOXIE@@EEAA@XZ	private: virtual __cdecl MOXIE::RenderManager::~RenderManager(void) __ptr64
798	??1RenderSurface@MOXIE@@UEAA@XZ	public: virtual __cdecl MOXIE::RenderSurface::~RenderSurface(void) __ptr64
799	??1RenderTarget@MOXIE@@UEAA@XZ	public: virtual __cdecl MOXIE::RenderTarget::~RenderTarget(void) __ptr64
800	??1RenderView@MOXIE@@QEAA@XZ	public: __cdecl MOXIE::RenderView::~RenderView(void) __ptr64
801	??1ReplayManager@MOXIE@@EEAA@XZ	private: virtual __cdecl MOXIE::ReplayManager::~ReplayManager(void) __ptr64
802	??1Resource@MOXIE@@UEAA@XZ	public: virtual __cdecl MOXIE::Resource::~Resource(void) __ptr64
803	??1ResourceGroup@MOXIE@@QEAA@XZ	public: __cdecl MOXIE::ResourceGroup::~ResourceGroup(void) __ptr64
804	??1ResourceHandle@MOXIE@@QEAA@XZ	public: __cdecl MOXIE::ResourceHandle::~ResourceHandle(void) __ptr64
805	??1ResourceManager@MOXIE@@UEAA@XZ	public: virtual __cdecl MOXIE::ResourceManager::~ResourceManager(void) __ptr64
806	??1ResourceMonitor@MOXIE@@QEAA@XZ	public: __cdecl MOXIE::ResourceMonitor::~ResourceMonitor(void) __ptr64
807	??1RiffDiver@MOXIE@@UEAA@XZ	public: virtual __cdecl MOXIE::RiffDiver::~RiffDiver(void) __ptr64
808	??1SGAnimator@MOXIE@@UEAA@XZ	public: virtual __cdecl MOXIE::SGAnimator::~SGAnimator(void) __ptr64
809	??1SGCamera@MOXIE@@UEAA@XZ	public: virtual __cdecl MOXIE::SGCamera::~SGCamera(void) __ptr64
810	??1SGCameraController@MOXIE@@UEAA@XZ	public: virtual __cdecl MOXIE::SGCameraController::~SGCameraController(void) __ptr64
811	??1SGComponent@MOXIE@@UEAA@XZ	public: virtual __cdecl MOXIE::SGComponent::~SGComponent(void) __ptr64
812	??1SGDebugCameraController@MOXIE@@UEAA@XZ	public: virtual __cdecl MOXIE::SGDebugCameraController::~SGDebugCameraController(void) __ptr64
813	??1SGFlipbookDriver@MOXIE@@UEAA@XZ	public: virtual __cdecl MOXIE::SGFlipbookDriver::~SGFlipbookDriver(void) __ptr64
814	??1SGGroup@MOXIE@@UEAA@XZ	public: virtual __cdecl MOXIE::SGGroup::~SGGroup(void) __ptr64
815	??1SGLight@MOXIE@@UEAA@XZ	public: virtual __cdecl MOXIE::SGLight::~SGLight(void) __ptr64
816	??1SGMaterial@MOXIE@@UEAA@XZ	public: virtual __cdecl MOXIE::SGMaterial::~SGMaterial(void) __ptr64
817	??1SGModelInstance@MOXIE@@UEAA@XZ	public: virtual __cdecl MOXIE::SGModelInstance::~SGModelInstance(void) __ptr64
818	??1SGNode@MOXIE@@UEAA@XZ	public: virtual __cdecl MOXIE::SGNode::~SGNode(void) __ptr64
819	??1SGParticleEmitter@MOXIE@@UEAA@XZ	public: virtual __cdecl MOXIE::SGParticleEmitter::~SGParticleEmitter(void) __ptr64
820	??1SGReplay@MOXIE@@UEAA@XZ	public: virtual __cdecl MOXIE::SGReplay::~SGReplay(void) __ptr64
821	??1SGTransform@MOXIE@@UEAA@XZ	public: virtual __cdecl MOXIE::SGTransform::~SGTransform(void) __ptr64
822	??1SGVideoCubePlayer@MOXIE@@UEAA@XZ	public: virtual __cdecl MOXIE::SGVideoCubePlayer::~SGVideoCubePlayer(void) __ptr64
823	??1SceneGraph@MOXIE@@QEAA@XZ	public: __cdecl MOXIE::SceneGraph::~SceneGraph(void) __ptr64
824	??1SceneGraphResource@MOXIE@@UEAA@XZ	public: virtual __cdecl MOXIE::SceneGraphResource::~SceneGraphResource(void) __ptr64
825	??1SceneManager@MOXIE@@EEAA@XZ	private: virtual __cdecl MOXIE::SceneManager::~SceneManager(void) __ptr64
826	??1ScriptManager@MOXIE@@EEAA@XZ	private: virtual __cdecl MOXIE::ScriptManager::~ScriptManager(void) __ptr64
827	??1SensorManager@MOXIE@@EEAA@XZ	private: virtual __cdecl MOXIE::SensorManager::~SensorManager(void) __ptr64
828	??1Shader@MOXIE@@UEAA@XZ	public: virtual __cdecl MOXIE::Shader::~Shader(void) __ptr64
829	??1ShaderFx@MOXIE@@QEAA@XZ	public: __cdecl MOXIE::ShaderFx::~ShaderFx(void) __ptr64
830	??1ShaderFxCompiler@MOXIE@@UEAA@XZ	public: virtual __cdecl MOXIE::ShaderFxCompiler::~ShaderFxCompiler(void) __ptr64
831	??1ShaderFxResource@MOXIE@@UEAA@XZ	public: virtual __cdecl MOXIE::ShaderFxResource::~ShaderFxResource(void) __ptr64
832	??1ShaderParam@MOXIE@@QEAA@XZ	public: __cdecl MOXIE::ShaderParam::~ShaderParam(void) __ptr64
833	??1ShaderParamBlock@MOXIE@@QEAA@XZ	public: __cdecl MOXIE::ShaderParamBlock::~ShaderParamBlock(void) __ptr64
834	??1SimplexNoise@MOXIE@@QEAA@XZ	public: __cdecl MOXIE::SimplexNoise::~SimplexNoise(void) __ptr64
835	??1Sound@MOXIE@@QEAA@XZ	public: __cdecl MOXIE::Sound::~Sound(void) __ptr64
836	??1StatManager@MOXIE@@EEAA@XZ	private: virtual __cdecl MOXIE::StatManager::~StatManager(void) __ptr64
837	??1StoryConfig@MOXIE@@QEAA@XZ	public: __cdecl MOXIE::StoryConfig::~StoryConfig(void) __ptr64
838	??1StoryManager@MOXIE@@QEAA@XZ	public: __cdecl MOXIE::StoryManager::~StoryManager(void) __ptr64
839	??1StoryManifest@MOXIE@@QEAA@XZ	public: __cdecl MOXIE::StoryManifest::~StoryManifest(void) __ptr64
840	??1StoryPlayer@MOXIE@@UEAA@XZ	public: virtual __cdecl MOXIE::StoryPlayer::~StoryPlayer(void) __ptr64
841	??1Stream@MOXIE@@UEAA@XZ	public: virtual __cdecl MOXIE::Stream::~Stream(void) __ptr64
842	??1String@MOXIE@@QEAA@XZ	public: __cdecl MOXIE::String::~String(void) __ptr64
843	??1Surface@MOXIE@@QEAA@XZ	public: __cdecl MOXIE::Surface::~Surface(void) __ptr64
844	??1TcpSocket@MOXIE@@QEAA@XZ	public: __cdecl MOXIE::TcpSocket::~TcpSocket(void) __ptr64
845	??1Texture2D@MOXIE@@UEAA@XZ	public: virtual __cdecl MOXIE::Texture2D::~Texture2D(void) __ptr64
846	??1Texture2DArray@MOXIE@@UEAA@XZ	public: virtual __cdecl MOXIE::Texture2DArray::~Texture2DArray(void) __ptr64
847	??1Texture@MOXIE@@UEAA@XZ	public: virtual __cdecl MOXIE::Texture::~Texture(void) __ptr64
848	??1TextureCubeMap@MOXIE@@UEAA@XZ	public: virtual __cdecl MOXIE::TextureCubeMap::~TextureCubeMap(void) __ptr64
849	??1TextureResource@MOXIE@@UEAA@XZ	public: virtual __cdecl MOXIE::TextureResource::~TextureResource(void) __ptr64
850	??1TextureVideo@MOXIE@@UEAA@XZ	public: virtual __cdecl MOXIE::TextureVideo::~TextureVideo(void) __ptr64
851	??1Thread@MOXIE@@UEAA@XZ	public: virtual __cdecl MOXIE::Thread::~Thread(void) __ptr64
852	??1TornadoField@MOXIE@@UEAA@XZ	public: virtual __cdecl MOXIE::TornadoField::~TornadoField(void) __ptr64
853	??1TurbulenceField2D@MOXIE@@UEAA@XZ	public: virtual __cdecl MOXIE::TurbulenceField2D::~TurbulenceField2D(void) __ptr64
854	??1TurbulenceField3D@MOXIE@@UEAA@XZ	public: virtual __cdecl MOXIE::TurbulenceField3D::~TurbulenceField3D(void) __ptr64
855	??1Uri@MOXIE@@QEAA@XZ	public: __cdecl MOXIE::Uri::~Uri(void) __ptr64
856	??1UriManager@MOXIE@@EEAA@XZ	private: virtual __cdecl MOXIE::UriManager::~UriManager(void) __ptr64
857	??1VertexBuffer@MOXIE@@UEAA@XZ	public: virtual __cdecl MOXIE::VertexBuffer::~VertexBuffer(void) __ptr64
858	??1VertexData@MOXIE@@QEAA@XZ	public: __cdecl MOXIE::VertexData::~VertexData(void) __ptr64
859	??1VideoCube@MOXIE@@QEAA@XZ	public: __cdecl MOXIE::VideoCube::~VideoCube(void) __ptr64
860	??1VideoCubeManager@MOXIE@@UEAA@XZ	public: virtual __cdecl MOXIE::VideoCubeManager::~VideoCubeManager(void) __ptr64
861	??1VideoCubeResource@MOXIE@@UEAA@XZ	public: virtual __cdecl MOXIE::VideoCubeResource::~VideoCubeResource(void) __ptr64
862	??1VideoCubeTile@MOXIE@@QEAA@XZ	public: __cdecl MOXIE::VideoCubeTile::~VideoCubeTile(void) __ptr64
863	??1VortexField@MOXIE@@UEAA@XZ	public: virtual __cdecl MOXIE::VortexField::~VortexField(void) __ptr64
864	??1ZipArchive@MOXIE@@QEAA@XZ	public: __cdecl MOXIE::ZipArchive::~ZipArchive(void) __ptr64
865	??1ZipEntry@MOXIE@@QEAA@XZ	public: __cdecl MOXIE::ZipEntry::~ZipEntry(void) __ptr64
866	??4?$EngineService@VAnalyticsManager@MOXIE@@@MOXIE@@QEAAAEAV01@AEBV01@@Z	public: class MOXIE::EngineService<class MOXIE::AnalyticsManager> & __ptr64 __cdecl MOXIE::EngineService<class MOXIE::AnalyticsManager>::operator=(class MOXIE::EngineService<class MOXIE::AnalyticsManager> const & __ptr64) __ptr64
867	??4?$EngineService@VAudioDevice@MOXIE@@@MOXIE@@QEAAAEAV01@AEBV01@@Z	public: class MOXIE::EngineService<class MOXIE::AudioDevice> & __ptr64 __cdecl MOXIE::EngineService<class MOXIE::AudioDevice>::operator=(class MOXIE::EngineService<class MOXIE::AudioDevice> const & __ptr64) __ptr64
868	??4?$EngineService@VAudioManager@MOXIE@@@MOXIE@@QEAAAEAV01@AEBV01@@Z	public: class MOXIE::EngineService<class MOXIE::AudioManager> & __ptr64 __cdecl MOXIE::EngineService<class MOXIE::AudioManager>::operator=(class MOXIE::EngineService<class MOXIE::AudioManager> const & __ptr64) __ptr64
869	??4?$EngineService@VAudioSystem@MOXIE@@@MOXIE@@QEAAAEAV01@AEBV01@@Z	public: class MOXIE::EngineService<class MOXIE::AudioSystem> & __ptr64 __cdecl MOXIE::EngineService<class MOXIE::AudioSystem>::operator=(class MOXIE::EngineService<class MOXIE::AudioSystem> const & __ptr64) __ptr64
870	??4?$EngineService@VEnableManager@MOXIE@@@MOXIE@@QEAAAEAV01@AEBV01@@Z	public: class MOXIE::EngineService<class MOXIE::EnableManager> & __ptr64 __cdecl MOXIE::EngineService<class MOXIE::EnableManager>::operator=(class MOXIE::EngineService<class MOXIE::EnableManager> const & __ptr64) __ptr64
871	??4?$EngineService@VInputManager@MOXIE@@@MOXIE@@QEAAAEAV01@AEBV01@@Z	public: class MOXIE::EngineService<class MOXIE::InputManager> & __ptr64 __cdecl MOXIE::EngineService<class MOXIE::InputManager>::operator=(class MOXIE::EngineService<class MOXIE::InputManager> const & __ptr64) __ptr64
872	??4?$EngineService@VPhysicsManager@MOXIE@@@MOXIE@@QEAAAEAV01@AEBV01@@Z	public: class MOXIE::EngineService<class MOXIE::PhysicsManager> & __ptr64 __cdecl MOXIE::EngineService<class MOXIE::PhysicsManager>::operator=(class MOXIE::EngineService<class MOXIE::PhysicsManager> const & __ptr64) __ptr64
873	??4?$EngineService@VRenderDebug@MOXIE@@@MOXIE@@QEAAAEAV01@AEBV01@@Z	public: class MOXIE::EngineService<class MOXIE::RenderDebug> & __ptr64 __cdecl MOXIE::EngineService<class MOXIE::RenderDebug>::operator=(class MOXIE::EngineService<class MOXIE::RenderDebug> const & __ptr64) __ptr64
874	??4?$EngineService@VRenderDevice@MOXIE@@@MOXIE@@QEAAAEAV01@AEBV01@@Z	public: class MOXIE::EngineService<class MOXIE::RenderDevice> & __ptr64 __cdecl MOXIE::EngineService<class MOXIE::RenderDevice>::operator=(class MOXIE::EngineService<class MOXIE::RenderDevice> const & __ptr64) __ptr64
875	??4?$EngineService@VRenderManager@MOXIE@@@MOXIE@@QEAAAEAV01@AEBV01@@Z	public: class MOXIE::EngineService<class MOXIE::RenderManager> & __ptr64 __cdecl MOXIE::EngineService<class MOXIE::RenderManager>::operator=(class MOXIE::EngineService<class MOXIE::RenderManager> const & __ptr64) __ptr64
876	??4?$EngineService@VReplayManager@MOXIE@@@MOXIE@@QEAAAEAV01@AEBV01@@Z	public: class MOXIE::EngineService<class MOXIE::ReplayManager> & __ptr64 __cdecl MOXIE::EngineService<class MOXIE::ReplayManager>::operator=(class MOXIE::EngineService<class MOXIE::ReplayManager> const & __ptr64) __ptr64
877	??4?$EngineService@VResourceManager@MOXIE@@@MOXIE@@QEAAAEAV01@AEBV01@@Z	public: class MOXIE::EngineService<class MOXIE::ResourceManager> & __ptr64 __cdecl MOXIE::EngineService<class MOXIE::ResourceManager>::operator=(class MOXIE::EngineService<class MOXIE::ResourceManager> const & __ptr64) __ptr64
878	??4?$EngineService@VSceneManager@MOXIE@@@MOXIE@@QEAAAEAV01@AEBV01@@Z	public: class MOXIE::EngineService<class MOXIE::SceneManager> & __ptr64 __cdecl MOXIE::EngineService<class MOXIE::SceneManager>::operator=(class MOXIE::EngineService<class MOXIE::SceneManager> const & __ptr64) __ptr64
879	??4?$EngineService@VScriptManager@MOXIE@@@MOXIE@@QEAAAEAV01@AEBV01@@Z	public: class MOXIE::EngineService<class MOXIE::ScriptManager> & __ptr64 __cdecl MOXIE::EngineService<class MOXIE::ScriptManager>::operator=(class MOXIE::EngineService<class MOXIE::ScriptManager> const & __ptr64) __ptr64
880	??4?$EngineService@VSensorManager@MOXIE@@@MOXIE@@QEAAAEAV01@AEBV01@@Z	public: class MOXIE::EngineService<class MOXIE::SensorManager> & __ptr64 __cdecl MOXIE::EngineService<class MOXIE::SensorManager>::operator=(class MOXIE::EngineService<class MOXIE::SensorManager> const & __ptr64) __ptr64
881	??4?$EngineService@VStatManager@MOXIE@@@MOXIE@@QEAAAEAV01@AEBV01@@Z	public: class MOXIE::EngineService<class MOXIE::StatManager> & __ptr64 __cdecl MOXIE::EngineService<class MOXIE::StatManager>::operator=(class MOXIE::EngineService<class MOXIE::StatManager> const & __ptr64) __ptr64
882	??4?$EngineService@VUriManager@MOXIE@@@MOXIE@@QEAAAEAV01@AEBV01@@Z	public: class MOXIE::EngineService<class MOXIE::UriManager> & __ptr64 __cdecl MOXIE::EngineService<class MOXIE::UriManager>::operator=(class MOXIE::EngineService<class MOXIE::UriManager> const & __ptr64) __ptr64
883	??4?$EngineService@VVideoCubeManager@MOXIE@@@MOXIE@@QEAAAEAV01@AEBV01@@Z	public: class MOXIE::EngineService<class MOXIE::VideoCubeManager> & __ptr64 __cdecl MOXIE::EngineService<class MOXIE::VideoCubeManager>::operator=(class MOXIE::EngineService<class MOXIE::VideoCubeManager> const & __ptr64) __ptr64
884	??4?$Service@VAnalyticsManager@MOXIE@@@MOXIE@@QEAAAEAV01@AEBV01@@Z	public: class MOXIE::Service<class MOXIE::AnalyticsManager> & __ptr64 __cdecl MOXIE::Service<class MOXIE::AnalyticsManager>::operator=(class MOXIE::Service<class MOXIE::AnalyticsManager> const & __ptr64) __ptr64
885	??4?$Service@VAudioDevice@MOXIE@@@MOXIE@@QEAAAEAV01@AEBV01@@Z	public: class MOXIE::Service<class MOXIE::AudioDevice> & __ptr64 __cdecl MOXIE::Service<class MOXIE::AudioDevice>::operator=(class MOXIE::Service<class MOXIE::AudioDevice> const & __ptr64) __ptr64
886	??4?$Service@VAudioManager@MOXIE@@@MOXIE@@QEAAAEAV01@AEBV01@@Z	public: class MOXIE::Service<class MOXIE::AudioManager> & __ptr64 __cdecl MOXIE::Service<class MOXIE::AudioManager>::operator=(class MOXIE::Service<class MOXIE::AudioManager> const & __ptr64) __ptr64
887	??4?$Service@VAudioSystem@MOXIE@@@MOXIE@@QEAAAEAV01@AEBV01@@Z	public: class MOXIE::Service<class MOXIE::AudioSystem> & __ptr64 __cdecl MOXIE::Service<class MOXIE::AudioSystem>::operator=(class MOXIE::Service<class MOXIE::AudioSystem> const & __ptr64) __ptr64
888	??4?$Service@VEnableManager@MOXIE@@@MOXIE@@QEAAAEAV01@AEBV01@@Z	public: class MOXIE::Service<class MOXIE::EnableManager> & __ptr64 __cdecl MOXIE::Service<class MOXIE::EnableManager>::operator=(class MOXIE::Service<class MOXIE::EnableManager> const & __ptr64) __ptr64
889	??4?$Service@VGlobalTime@MOXIE@@@MOXIE@@QEAAAEAV01@AEBV01@@Z	public: class MOXIE::Service<class MOXIE::GlobalTime> & __ptr64 __cdecl MOXIE::Service<class MOXIE::GlobalTime>::operator=(class MOXIE::Service<class MOXIE::GlobalTime> const & __ptr64) __ptr64
890	??4?$Service@VInputManager@MOXIE@@@MOXIE@@QEAAAEAV01@AEBV01@@Z	public: class MOXIE::Service<class MOXIE::InputManager> & __ptr64 __cdecl MOXIE::Service<class MOXIE::InputManager>::operator=(class MOXIE::Service<class MOXIE::InputManager> const & __ptr64) __ptr64
891	??4?$Service@VPhysicsManager@MOXIE@@@MOXIE@@QEAAAEAV01@AEBV01@@Z	public: class MOXIE::Service<class MOXIE::PhysicsManager> & __ptr64 __cdecl MOXIE::Service<class MOXIE::PhysicsManager>::operator=(class MOXIE::Service<class MOXIE::PhysicsManager> const & __ptr64) __ptr64
892	??4?$Service@VRenderDebug@MOXIE@@@MOXIE@@QEAAAEAV01@AEBV01@@Z	public: class MOXIE::Service<class MOXIE::RenderDebug> & __ptr64 __cdecl MOXIE::Service<class MOXIE::RenderDebug>::operator=(class MOXIE::Service<class MOXIE::RenderDebug> const & __ptr64) __ptr64
893	??4?$Service@VRenderDevice@MOXIE@@@MOXIE@@QEAAAEAV01@AEBV01@@Z	public: class MOXIE::Service<class MOXIE::RenderDevice> & __ptr64 __cdecl MOXIE::Service<class MOXIE::RenderDevice>::operator=(class MOXIE::Service<class MOXIE::RenderDevice> const & __ptr64) __ptr64
894	??4?$Service@VRenderManager@MOXIE@@@MOXIE@@QEAAAEAV01@AEBV01@@Z	public: class MOXIE::Service<class MOXIE::RenderManager> & __ptr64 __cdecl MOXIE::Service<class MOXIE::RenderManager>::operator=(class MOXIE::Service<class MOXIE::RenderManager> const & __ptr64) __ptr64
895	??4?$Service@VReplayManager@MOXIE@@@MOXIE@@QEAAAEAV01@AEBV01@@Z	public: class MOXIE::Service<class MOXIE::ReplayManager> & __ptr64 __cdecl MOXIE::Service<class MOXIE::ReplayManager>::operator=(class MOXIE::Service<class MOXIE::ReplayManager> const & __ptr64) __ptr64
896	??4?$Service@VResourceManager@MOXIE@@@MOXIE@@QEAAAEAV01@AEBV01@@Z	public: class MOXIE::Service<class MOXIE::ResourceManager> & __ptr64 __cdecl MOXIE::Service<class MOXIE::ResourceManager>::operator=(class MOXIE::Service<class MOXIE::ResourceManager> const & __ptr64) __ptr64
897	??4?$Service@VSceneManager@MOXIE@@@MOXIE@@QEAAAEAV01@AEBV01@@Z	public: class MOXIE::Service<class MOXIE::SceneManager> & __ptr64 __cdecl MOXIE::Service<class MOXIE::SceneManager>::operator=(class MOXIE::Service<class MOXIE::SceneManager> const & __ptr64) __ptr64
898	??4?$Service@VScriptManager@MOXIE@@@MOXIE@@QEAAAEAV01@AEBV01@@Z	public: class MOXIE::Service<class MOXIE::ScriptManager> & __ptr64 __cdecl MOXIE::Service<class MOXIE::ScriptManager>::operator=(class MOXIE::Service<class MOXIE::ScriptManager> const & __ptr64) __ptr64
899	??4?$Service@VSensorManager@MOXIE@@@MOXIE@@QEAAAEAV01@AEBV01@@Z	public: class MOXIE::Service<class MOXIE::SensorManager> & __ptr64 __cdecl MOXIE::Service<class MOXIE::SensorManager>::operator=(class MOXIE::Service<class MOXIE::SensorManager> const & __ptr64) __ptr64
900	??4?$Service@VStatManager@MOXIE@@@MOXIE@@QEAAAEAV01@AEBV01@@Z	public: class MOXIE::Service<class MOXIE::StatManager> & __ptr64 __cdecl MOXIE::Service<class MOXIE::StatManager>::operator=(class MOXIE::Service<class MOXIE::StatManager> const & __ptr64) __ptr64
901	??4?$Service@VUriManager@MOXIE@@@MOXIE@@QEAAAEAV01@AEBV01@@Z	public: class MOXIE::Service<class MOXIE::UriManager> & __ptr64 __cdecl MOXIE::Service<class MOXIE::UriManager>::operator=(class MOXIE::Service<class MOXIE::UriManager> const & __ptr64) __ptr64
902	??4?$Service@VVideoCubeManager@MOXIE@@@MOXIE@@QEAAAEAV01@AEBV01@@Z	public: class MOXIE::Service<class MOXIE::VideoCubeManager> & __ptr64 __cdecl MOXIE::Service<class MOXIE::VideoCubeManager>::operator=(class MOXIE::Service<class MOXIE::VideoCubeManager> const & __ptr64) __ptr64
903	??4AABBox@MOXIE@@QEAAAEAV01@$$QEAV01@@Z	public: class MOXIE::AABBox & __ptr64 __cdecl MOXIE::AABBox::operator=(class MOXIE::AABBox && __ptr64) __ptr64
904	??4AABBox@MOXIE@@QEAAAEAV01@AEBV01@@Z	public: class MOXIE::AABBox & __ptr64 __cdecl MOXIE::AABBox::operator=(class MOXIE::AABBox const & __ptr64) __ptr64
905	??4ADBProperty@MOXIE@@QEAAAEAV01@$$QEAV01@@Z	public: class MOXIE::ADBProperty & __ptr64 __cdecl MOXIE::ADBProperty::operator=(class MOXIE::ADBProperty && __ptr64) __ptr64
906	??4ADBProperty@MOXIE@@QEAAAEAV01@AEBV01@@Z	public: class MOXIE::ADBProperty & __ptr64 __cdecl MOXIE::ADBProperty::operator=(class MOXIE::ADBProperty const & __ptr64) __ptr64
907	??4AnalyticsManager@MOXIE@@QEAAAEAV01@AEBV01@@Z	public: class MOXIE::AnalyticsManager & __ptr64 __cdecl MOXIE::AnalyticsManager::operator=(class MOXIE::AnalyticsManager const & __ptr64) __ptr64
908	??4AnimMixer@MOXIE@@QEAAAEAV01@AEBV01@@Z	public: class MOXIE::AnimMixer & __ptr64 __cdecl MOXIE::AnimMixer::operator=(class MOXIE::AnimMixer const & __ptr64) __ptr64
909	??4Animator@MOXIE@@QEAAAEAV01@AEBV01@@Z	public: class MOXIE::Animator & __ptr64 __cdecl MOXIE::Animator::operator=(class MOXIE::Animator const & __ptr64) __ptr64
910	??4Application@MOXIE@@QEAAAEAV01@AEBV01@@Z	public: class MOXIE::Application & __ptr64 __cdecl MOXIE::Application::operator=(class MOXIE::Application const & __ptr64) __ptr64
911	??4AudEmitter@MOXIE@@QEAAAEAV01@AEBV01@@Z	public: class MOXIE::AudEmitter & __ptr64 __cdecl MOXIE::AudEmitter::operator=(class MOXIE::AudEmitter const & __ptr64) __ptr64
912	??4AudPlayer@MOXIE@@QEAAAEAV01@AEBV01@@Z	public: class MOXIE::AudPlayer & __ptr64 __cdecl MOXIE::AudPlayer::operator=(class MOXIE::AudPlayer const & __ptr64) __ptr64
913	??4AudResource@MOXIE@@QEAAAEAV01@AEBV01@@Z	public: class MOXIE::AudResource & __ptr64 __cdecl MOXIE::AudResource::operator=(class MOXIE::AudResource const & __ptr64) __ptr64
914	??4AudioData@MOXIE@@QEAAAEAV01@AEBV01@@Z	public: class MOXIE::AudioData & __ptr64 __cdecl MOXIE::AudioData::operator=(class MOXIE::AudioData const & __ptr64) __ptr64
915	??4AudioDataMaux@MOXIE@@QEAAAEAV01@AEBV01@@Z	public: class MOXIE::AudioDataMaux & __ptr64 __cdecl MOXIE::AudioDataMaux::operator=(class MOXIE::AudioDataMaux const & __ptr64) __ptr64
916	??4AudioDevice@MOXIE@@QEAAAEAV01@AEBV01@@Z	public: class MOXIE::AudioDevice & __ptr64 __cdecl MOXIE::AudioDevice::operator=(class MOXIE::AudioDevice const & __ptr64) __ptr64
917	??4AudioEmitter3D@MOXIE@@QEAAAEAV01@$$QEAV01@@Z	public: class MOXIE::AudioEmitter3D & __ptr64 __cdecl MOXIE::AudioEmitter3D::operator=(class MOXIE::AudioEmitter3D && __ptr64) __ptr64
918	??4AudioEmitter3D@MOXIE@@QEAAAEAV01@AEBV01@@Z	public: class MOXIE::AudioEmitter3D & __ptr64 __cdecl MOXIE::AudioEmitter3D::operator=(class MOXIE::AudioEmitter3D const & __ptr64) __ptr64
919	??4AudioEmitter@MOXIE@@QEAAAEAV01@AEBV01@@Z	public: class MOXIE::AudioEmitter & __ptr64 __cdecl MOXIE::AudioEmitter::operator=(class MOXIE::AudioEmitter const & __ptr64) __ptr64
920	??4AudioManager@MOXIE@@QEAAAEAV01@AEBV01@@Z	public: class MOXIE::AudioManager & __ptr64 __cdecl MOXIE::AudioManager::operator=(class MOXIE::AudioManager const & __ptr64) __ptr64
921	??4AudioPlayer@MOXIE@@QEAAAEAV01@AEBV01@@Z	public: class MOXIE::AudioPlayer & __ptr64 __cdecl MOXIE::AudioPlayer::operator=(class MOXIE::AudioPlayer const & __ptr64) __ptr64
922	??4AudioPlayerMaux@MOXIE@@QEAAAEAV01@AEBV01@@Z	public: class MOXIE::AudioPlayerMaux & __ptr64 __cdecl MOXIE::AudioPlayerMaux::operator=(class MOXIE::AudioPlayerMaux const & __ptr64) __ptr64
923	??4BSphere@MOXIE@@QEAAAEAV01@$$QEAV01@@Z	public: class MOXIE::BSphere & __ptr64 __cdecl MOXIE::BSphere::operator=(class MOXIE::BSphere && __ptr64) __ptr64
924	??4BSphere@MOXIE@@QEAAAEAV01@AEBV01@@Z	public: class MOXIE::BSphere & __ptr64 __cdecl MOXIE::BSphere::operator=(class MOXIE::BSphere const & __ptr64) __ptr64
925	??4Bitmap@MOXIE@@QEAAAEAV01@AEBV01@@Z	public: class MOXIE::Bitmap & __ptr64 __cdecl MOXIE::Bitmap::operator=(class MOXIE::Bitmap const & __ptr64) __ptr64
926	??4BobberField@MOXIE@@QEAAAEAV01@AEBV01@@Z	public: class MOXIE::BobberField & __ptr64 __cdecl MOXIE::BobberField::operator=(class MOXIE::BobberField const & __ptr64) __ptr64
927	??4Buffer@MOXIE@@QEAAAEAV01@AEBV01@@Z	public: class MOXIE::Buffer & __ptr64 __cdecl MOXIE::Buffer::operator=(class MOXIE::Buffer const & __ptr64) __ptr64
928	??4BufferObject@MOXIE@@QEAAAEAV01@AEBV01@@Z	public: class MOXIE::BufferObject & __ptr64 __cdecl MOXIE::BufferObject::operator=(class MOXIE::BufferObject const & __ptr64) __ptr64
929	??4Camera@MOXIE@@QEAAAEAV01@$$QEAV01@@Z	public: class MOXIE::Camera & __ptr64 __cdecl MOXIE::Camera::operator=(class MOXIE::Camera && __ptr64) __ptr64
930	??4Camera@MOXIE@@QEAAAEAV01@AEBV01@@Z	public: class MOXIE::Camera & __ptr64 __cdecl MOXIE::Camera::operator=(class MOXIE::Camera const & __ptr64) __ptr64
931	??4Color@MOXIE@@QEAAAEAV01@$$QEAV01@@Z	public: class MOXIE::Color & __ptr64 __cdecl MOXIE::Color::operator=(class MOXIE::Color && __ptr64) __ptr64
932	??4Color@MOXIE@@QEAAAEAV01@AEBV01@@Z	public: class MOXIE::Color & __ptr64 __cdecl MOXIE::Color::operator=(class MOXIE::Color const & __ptr64) __ptr64
933	??4DefaultAnimMixer@MOXIE@@QEAAAEAV01@$$QEAV01@@Z	public: class MOXIE::DefaultAnimMixer & __ptr64 __cdecl MOXIE::DefaultAnimMixer::operator=(class MOXIE::DefaultAnimMixer && __ptr64) __ptr64
934	??4DefaultAnimMixer@MOXIE@@QEAAAEAV01@AEBV01@@Z	public: class MOXIE::DefaultAnimMixer & __ptr64 __cdecl MOXIE::DefaultAnimMixer::operator=(class MOXIE::DefaultAnimMixer const & __ptr64) __ptr64
935	??4EnableManager@MOXIE@@QEAAAEAV01@AEBV01@@Z	public: class MOXIE::EnableManager & __ptr64 __cdecl MOXIE::EnableManager::operator=(class MOXIE::EnableManager const & __ptr64) __ptr64
936	??4Engine@MOXIE@@QEAAAEAV01@AEBV01@@Z	public: class MOXIE::Engine & __ptr64 __cdecl MOXIE::Engine::operator=(class MOXIE::Engine const & __ptr64) __ptr64
937	??4EngineLocator@MOXIE@@QEAAAEAV01@$$QEAV01@@Z	public: class MOXIE::EngineLocator & __ptr64 __cdecl MOXIE::EngineLocator::operator=(class MOXIE::EngineLocator && __ptr64) __ptr64
938	??4EngineLocator@MOXIE@@QEAAAEAV01@AEBV01@@Z	public: class MOXIE::EngineLocator & __ptr64 __cdecl MOXIE::EngineLocator::operator=(class MOXIE::EngineLocator const & __ptr64) __ptr64
939	??4FastNoise@MOXIE@@QEAAAEAV01@$$QEAV01@@Z	public: class MOXIE::FastNoise & __ptr64 __cdecl MOXIE::FastNoise::operator=(class MOXIE::FastNoise && __ptr64) __ptr64
940	??4FastNoise@MOXIE@@QEAAAEAV01@AEBV01@@Z	public: class MOXIE::FastNoise & __ptr64 __cdecl MOXIE::FastNoise::operator=(class MOXIE::FastNoise const & __ptr64) __ptr64
941	??4FilePath@MOXIE@@QEAAAEAV01@AEBV01@@Z	public: class MOXIE::FilePath & __ptr64 __cdecl MOXIE::FilePath::operator=(class MOXIE::FilePath const & __ptr64) __ptr64
942	??4FileStream@MOXIE@@QEAAAEAV01@AEBV01@@Z	public: class MOXIE::FileStream & __ptr64 __cdecl MOXIE::FileStream::operator=(class MOXIE::FileStream const & __ptr64) __ptr64
943	??4FlipbookSampler@MOXIE@@QEAAAEAV01@AEBV01@@Z	public: class MOXIE::FlipbookSampler & __ptr64 __cdecl MOXIE::FlipbookSampler::operator=(class MOXIE::FlipbookSampler const & __ptr64) __ptr64
944	??4FlipbookTexturePool@MOXIE@@QEAAAEAV01@AEBV01@@Z	public: class MOXIE::FlipbookTexturePool & __ptr64 __cdecl MOXIE::FlipbookTexturePool::operator=(class MOXIE::FlipbookTexturePool const & __ptr64) __ptr64
945	??4Font@MOXIE@@QEAAAEAV01@AEBV01@@Z	public: class MOXIE::Font & __ptr64 __cdecl MOXIE::Font::operator=(class MOXIE::Font const & __ptr64) __ptr64
946	??4FontMap@MOXIE@@QEAAAEAV01@AEBV01@@Z	public: class MOXIE::FontMap & __ptr64 __cdecl MOXIE::FontMap::operator=(class MOXIE::FontMap const & __ptr64) __ptr64
947	??4ForceField@MOXIE@@QEAAAEAV01@AEBV01@@Z	public: class MOXIE::ForceField & __ptr64 __cdecl MOXIE::ForceField::operator=(class MOXIE::ForceField const & __ptr64) __ptr64
948	??4Frustum@MOXIE@@QEAAAEAV01@$$QEAV01@@Z	public: class MOXIE::Frustum & __ptr64 __cdecl MOXIE::Frustum::operator=(class MOXIE::Frustum && __ptr64) __ptr64
949	??4Frustum@MOXIE@@QEAAAEAV01@AEBV01@@Z	public: class MOXIE::Frustum & __ptr64 __cdecl MOXIE::Frustum::operator=(class MOXIE::Frustum const & __ptr64) __ptr64
950	??4GUIColor@MOXIE@@QEAAAEAV01@$$QEAV01@@Z	public: class MOXIE::GUIColor & __ptr64 __cdecl MOXIE::GUIColor::operator=(class MOXIE::GUIColor && __ptr64) __ptr64
951	??4GUIColor@MOXIE@@QEAAAEAV01@AEBV01@@Z	public: class MOXIE::GUIColor & __ptr64 __cdecl MOXIE::GUIColor::operator=(class MOXIE::GUIColor const & __ptr64) __ptr64
952	??4GUIRenderer@MOXIE@@QEAAAEAV01@$$QEAV01@@Z	public: class MOXIE::GUIRenderer & __ptr64 __cdecl MOXIE::GUIRenderer::operator=(class MOXIE::GUIRenderer && __ptr64) __ptr64
953	??4GUIRenderer@MOXIE@@QEAAAEAV01@AEBV01@@Z	public: class MOXIE::GUIRenderer & __ptr64 __cdecl MOXIE::GUIRenderer::operator=(class MOXIE::GUIRenderer const & __ptr64) __ptr64
954	??4GUIStyle@MOXIE@@QEAAAEAV01@$$QEAV01@@Z	public: class MOXIE::GUIStyle & __ptr64 __cdecl MOXIE::GUIStyle::operator=(class MOXIE::GUIStyle && __ptr64) __ptr64
955	??4GUIStyle@MOXIE@@QEAAAEAV01@AEBV01@@Z	public: class MOXIE::GUIStyle & __ptr64 __cdecl MOXIE::GUIStyle::operator=(class MOXIE::GUIStyle const & __ptr64) __ptr64
956	??4GUITexture@MOXIE@@QEAAAEAV01@$$QEAV01@@Z	public: class MOXIE::GUITexture & __ptr64 __cdecl MOXIE::GUITexture::operator=(class MOXIE::GUITexture && __ptr64) __ptr64
957	??4GUITexture@MOXIE@@QEAAAEAV01@AEBV01@@Z	public: class MOXIE::GUITexture & __ptr64 __cdecl MOXIE::GUITexture::operator=(class MOXIE::GUITexture const & __ptr64) __ptr64
958	??4GUITheme@MOXIE@@QEAAAEAV01@AEBV01@@Z	public: class MOXIE::GUITheme & __ptr64 __cdecl MOXIE::GUITheme::operator=(class MOXIE::GUITheme const & __ptr64) __ptr64
959	??4GlobalTime@MOXIE@@QEAAAEAV01@AEBV01@@Z	public: class MOXIE::GlobalTime & __ptr64 __cdecl MOXIE::GlobalTime::operator=(class MOXIE::GlobalTime const & __ptr64) __ptr64
960	??4HString@MOXIE@@QEAAAEAV01@AEBV01@@Z	public: class MOXIE::HString & __ptr64 __cdecl MOXIE::HString::operator=(class MOXIE::HString const & __ptr64) __ptr64
961	??4HString@MOXIE@@QEAAAEAV01@AEBVString@1@@Z	public: class MOXIE::HString & __ptr64 __cdecl MOXIE::HString::operator=(class MOXIE::String const & __ptr64) __ptr64
962	??4HString@MOXIE@@QEAAAEAV01@I@Z	public: class MOXIE::HString & __ptr64 __cdecl MOXIE::HString::operator=(unsigned int) __ptr64
963	??4HString@MOXIE@@QEAAAEAV01@PEBD@Z	public: class MOXIE::HString & __ptr64 __cdecl MOXIE::HString::operator=(char const * __ptr64) __ptr64
964	??4HitchProfiler@MOXIE@@QEAAAEAV01@$$QEAV01@@Z	public: class MOXIE::HitchProfiler & __ptr64 __cdecl MOXIE::HitchProfiler::operator=(class MOXIE::HitchProfiler && __ptr64) __ptr64
965	??4HitchProfiler@MOXIE@@QEAAAEAV01@AEBV01@@Z	public: class MOXIE::HitchProfiler & __ptr64 __cdecl MOXIE::HitchProfiler::operator=(class MOXIE::HitchProfiler const & __ptr64) __ptr64
966	??4IJob@MOXIE@@QEAAAEAV01@AEBV01@@Z	public: class MOXIE::IJob & __ptr64 __cdecl MOXIE::IJob::operator=(class MOXIE::IJob const & __ptr64) __ptr64
967	??4IService@MOXIE@@QEAAAEAV01@AEBV01@@Z	public: class MOXIE::IService & __ptr64 __cdecl MOXIE::IService::operator=(class MOXIE::IService const & __ptr64) __ptr64
968	??4IndexBuffer@MOXIE@@QEAAAEAV01@AEBV01@@Z	public: class MOXIE::IndexBuffer & __ptr64 __cdecl MOXIE::IndexBuffer::operator=(class MOXIE::IndexBuffer const & __ptr64) __ptr64
969	??4InputManager@MOXIE@@QEAAAEAV01@AEBV01@@Z	public: class MOXIE::InputManager & __ptr64 __cdecl MOXIE::InputManager::operator=(class MOXIE::InputManager const & __ptr64) __ptr64
970	??4LAllocator@MOXIE@@QEAAAEAV01@AEBV01@@Z	public: class MOXIE::LAllocator & __ptr64 __cdecl MOXIE::LAllocator::operator=(class MOXIE::LAllocator const & __ptr64) __ptr64
971	??4LApi@MOXIE@@QEAAAEAV01@AEBV01@@Z	public: class MOXIE::LApi & __ptr64 __cdecl MOXIE::LApi::operator=(class MOXIE::LApi const & __ptr64) __ptr64
972	??4LApiActorClampLayer@duet@@QEAAAEAV01@$$QEAV01@@Z	public: class duet::LApiActorClampLayer & __ptr64 __cdecl duet::LApiActorClampLayer::operator=(class duet::LApiActorClampLayer && __ptr64) __ptr64
973	??4LApiActorClampLayer@duet@@QEAAAEAV01@AEBV01@@Z	public: class duet::LApiActorClampLayer & __ptr64 __cdecl duet::LApiActorClampLayer::operator=(class duet::LApiActorClampLayer const & __ptr64) __ptr64
974	??4LApiActorMover@duet@@QEAAAEAV01@$$QEAV01@@Z	public: class duet::LApiActorMover & __ptr64 __cdecl duet::LApiActorMover::operator=(class duet::LApiActorMover && __ptr64) __ptr64
975	??4LApiActorMover@duet@@QEAAAEAV01@AEBV01@@Z	public: class duet::LApiActorMover & __ptr64 __cdecl duet::LApiActorMover::operator=(class duet::LApiActorMover const & __ptr64) __ptr64
976	??4LApiActorMoverLayer@duet@@QEAAAEAV01@$$QEAV01@@Z	public: class duet::LApiActorMoverLayer & __ptr64 __cdecl duet::LApiActorMoverLayer::operator=(class duet::LApiActorMoverLayer && __ptr64) __ptr64
977	??4LApiActorMoverLayer@duet@@QEAAAEAV01@AEBV01@@Z	public: class duet::LApiActorMoverLayer & __ptr64 __cdecl duet::LApiActorMoverLayer::operator=(class duet::LApiActorMoverLayer const & __ptr64) __ptr64
978	??4LApiActorVignette@duet@@QEAAAEAV01@$$QEAV01@@Z	public: class duet::LApiActorVignette & __ptr64 __cdecl duet::LApiActorVignette::operator=(class duet::LApiActorVignette && __ptr64) __ptr64
979	??4LApiActorVignette@duet@@QEAAAEAV01@AEBV01@@Z	public: class duet::LApiActorVignette & __ptr64 __cdecl duet::LApiActorVignette::operator=(class duet::LApiActorVignette const & __ptr64) __ptr64
980	??4LApiActorsLayer@duet@@QEAAAEAV01@$$QEAV01@@Z	public: class duet::LApiActorsLayer & __ptr64 __cdecl duet::LApiActorsLayer::operator=(class duet::LApiActorsLayer && __ptr64) __ptr64
981	??4LApiActorsLayer@duet@@QEAAAEAV01@AEBV01@@Z	public: class duet::LApiActorsLayer & __ptr64 __cdecl duet::LApiActorsLayer::operator=(class duet::LApiActorsLayer const & __ptr64) __ptr64
982	??4LApiBoomLayer@duet@@QEAAAEAV01@$$QEAV01@@Z	public: class duet::LApiBoomLayer & __ptr64 __cdecl duet::LApiBoomLayer::operator=(class duet::LApiBoomLayer && __ptr64) __ptr64
983	??4LApiBoomLayer@duet@@QEAAAEAV01@AEBV01@@Z	public: class duet::LApiBoomLayer & __ptr64 __cdecl duet::LApiBoomLayer::operator=(class duet::LApiBoomLayer const & __ptr64) __ptr64
984	??4LApiBoundsLayer@duet@@QEAAAEAV01@$$QEAV01@@Z	public: class duet::LApiBoundsLayer & __ptr64 __cdecl duet::LApiBoundsLayer::operator=(class duet::LApiBoundsLayer && __ptr64) __ptr64
985	??4LApiBoundsLayer@duet@@QEAAAEAV01@AEBV01@@Z	public: class duet::LApiBoundsLayer & __ptr64 __cdecl duet::LApiBoundsLayer::operator=(class duet::LApiBoundsLayer const & __ptr64) __ptr64
986	??4LApiCameraRig@duet@@QEAAAEAV01@$$QEAV01@@Z	public: class duet::LApiCameraRig & __ptr64 __cdecl duet::LApiCameraRig::operator=(class duet::LApiCameraRig && __ptr64) __ptr64
987	??4LApiCameraRig@duet@@QEAAAEAV01@AEBV01@@Z	public: class duet::LApiCameraRig & __ptr64 __cdecl duet::LApiCameraRig::operator=(class duet::LApiCameraRig const & __ptr64) __ptr64
988	??4LApiDuet@duet@@QEAAAEAV01@$$QEAV01@@Z	public: class duet::LApiDuet & __ptr64 __cdecl duet::LApiDuet::operator=(class duet::LApiDuet && __ptr64) __ptr64
989	??4LApiDuet@duet@@QEAAAEAV01@AEBV01@@Z	public: class duet::LApiDuet & __ptr64 __cdecl duet::LApiDuet::operator=(class duet::LApiDuet const & __ptr64) __ptr64
990	??4LApiDuetScene@duet@@QEAAAEAV01@$$QEAV01@@Z	public: class duet::LApiDuetScene & __ptr64 __cdecl duet::LApiDuetScene::operator=(class duet::LApiDuetScene && __ptr64) __ptr64
991	??4LApiDuetScene@duet@@QEAAAEAV01@AEBV01@@Z	public: class duet::LApiDuetScene & __ptr64 __cdecl duet::LApiDuetScene::operator=(class duet::LApiDuetScene const & __ptr64) __ptr64
992	??4LApiFlipbookDriver@duet@@QEAAAEAV01@$$QEAV01@@Z	public: class duet::LApiFlipbookDriver & __ptr64 __cdecl duet::LApiFlipbookDriver::operator=(class duet::LApiFlipbookDriver && __ptr64) __ptr64
993	??4LApiFlipbookDriver@duet@@QEAAAEAV01@AEBV01@@Z	public: class duet::LApiFlipbookDriver & __ptr64 __cdecl duet::LApiFlipbookDriver::operator=(class duet::LApiFlipbookDriver const & __ptr64) __ptr64
994	??4LApiGlowAlpha@duet@@QEAAAEAV01@$$QEAV01@@Z	public: class duet::LApiGlowAlpha & __ptr64 __cdecl duet::LApiGlowAlpha::operator=(class duet::LApiGlowAlpha && __ptr64) __ptr64
995	??4LApiGlowAlpha@duet@@QEAAAEAV01@AEBV01@@Z	public: class duet::LApiGlowAlpha & __ptr64 __cdecl duet::LApiGlowAlpha::operator=(class duet::LApiGlowAlpha const & __ptr64) __ptr64
996	??4LApiGlowFader@duet@@QEAAAEAV01@$$QEAV01@@Z	public: class duet::LApiGlowFader & __ptr64 __cdecl duet::LApiGlowFader::operator=(class duet::LApiGlowFader && __ptr64) __ptr64
997	??4LApiGlowFader@duet@@QEAAAEAV01@AEBV01@@Z	public: class duet::LApiGlowFader & __ptr64 __cdecl duet::LApiGlowFader::operator=(class duet::LApiGlowFader const & __ptr64) __ptr64
998	??4LApiInputLayer@duet@@QEAAAEAV01@$$QEAV01@@Z	public: class duet::LApiInputLayer & __ptr64 __cdecl duet::LApiInputLayer::operator=(class duet::LApiInputLayer && __ptr64) __ptr64
999	??4LApiInputLayer@duet@@QEAAAEAV01@AEBV01@@Z	public: class duet::LApiInputLayer & __ptr64 __cdecl duet::LApiInputLayer::operator=(class duet::LApiInputLayer const & __ptr64) __ptr64
1000	??4LApiIntroEnvControl@duet@@QEAAAEAV01@$$QEAV01@@Z	public: class duet::LApiIntroEnvControl & __ptr64 __cdecl duet::LApiIntroEnvControl::operator=(class duet::LApiIntroEnvControl && __ptr64) __ptr64
1001	??4LApiIntroEnvControl@duet@@QEAAAEAV01@AEBV01@@Z	public: class duet::LApiIntroEnvControl & __ptr64 __cdecl duet::LApiIntroEnvControl::operator=(class duet::LApiIntroEnvControl const & __ptr64) __ptr64
1002	??4LApiLookAtDetector@duet@@QEAAAEAV01@$$QEAV01@@Z	public: class duet::LApiLookAtDetector & __ptr64 __cdecl duet::LApiLookAtDetector::operator=(class duet::LApiLookAtDetector && __ptr64) __ptr64
1003	??4LApiLookAtDetector@duet@@QEAAAEAV01@AEBV01@@Z	public: class duet::LApiLookAtDetector & __ptr64 __cdecl duet::LApiLookAtDetector::operator=(class duet::LApiLookAtDetector const & __ptr64) __ptr64
1004	??4LApiLookAtLayer@duet@@QEAAAEAV01@$$QEAV01@@Z	public: class duet::LApiLookAtLayer & __ptr64 __cdecl duet::LApiLookAtLayer::operator=(class duet::LApiLookAtLayer && __ptr64) __ptr64
1005	??4LApiLookAtLayer@duet@@QEAAAEAV01@AEBV01@@Z	public: class duet::LApiLookAtLayer & __ptr64 __cdecl duet::LApiLookAtLayer::operator=(class duet::LApiLookAtLayer const & __ptr64) __ptr64
1006	??4LApiMasterBlender@duet@@QEAAAEAV01@$$QEAV01@@Z	public: class duet::LApiMasterBlender & __ptr64 __cdecl duet::LApiMasterBlender::operator=(class duet::LApiMasterBlender && __ptr64) __ptr64
1007	??4LApiMasterBlender@duet@@QEAAAEAV01@AEBV01@@Z	public: class duet::LApiMasterBlender & __ptr64 __cdecl duet::LApiMasterBlender::operator=(class duet::LApiMasterBlender const & __ptr64) __ptr64
1008	??4LApiParticlesController@duet@@QEAAAEAV01@$$QEAV01@@Z	public: class duet::LApiParticlesController & __ptr64 __cdecl duet::LApiParticlesController::operator=(class duet::LApiParticlesController && __ptr64) __ptr64
1009	??4LApiParticlesController@duet@@QEAAAEAV01@AEBV01@@Z	public: class duet::LApiParticlesController & __ptr64 __cdecl duet::LApiParticlesController::operator=(class duet::LApiParticlesController const & __ptr64) __ptr64
1010	??4LApiProxyLayer@duet@@QEAAAEAV01@$$QEAV01@@Z	public: class duet::LApiProxyLayer & __ptr64 __cdecl duet::LApiProxyLayer::operator=(class duet::LApiProxyLayer && __ptr64) __ptr64
1011	??4LApiProxyLayer@duet@@QEAAAEAV01@AEBV01@@Z	public: class duet::LApiProxyLayer & __ptr64 __cdecl duet::LApiProxyLayer::operator=(class duet::LApiProxyLayer const & __ptr64) __ptr64
1012	??4LApiSegmentManager@duet@@QEAAAEAV01@$$QEAV01@@Z	public: class duet::LApiSegmentManager & __ptr64 __cdecl duet::LApiSegmentManager::operator=(class duet::LApiSegmentManager && __ptr64) __ptr64
1013	??4LApiSegmentManager@duet@@QEAAAEAV01@AEBV01@@Z	public: class duet::LApiSegmentManager & __ptr64 __cdecl duet::LApiSegmentManager::operator=(class duet::LApiSegmentManager const & __ptr64) __ptr64
1014	??4LApiSoftTrack@duet@@QEAAAEAV01@$$QEAV01@@Z	public: class duet::LApiSoftTrack & __ptr64 __cdecl duet::LApiSoftTrack::operator=(class duet::LApiSoftTrack && __ptr64) __ptr64
1015	??4LApiSoftTrack@duet@@QEAAAEAV01@AEBV01@@Z	public: class duet::LApiSoftTrack & __ptr64 __cdecl duet::LApiSoftTrack::operator=(class duet::LApiSoftTrack const & __ptr64) __ptr64
1016	??4LApiStarBlendLayer@duet@@QEAAAEAV01@$$QEAV01@@Z	public: class duet::LApiStarBlendLayer & __ptr64 __cdecl duet::LApiStarBlendLayer::operator=(class duet::LApiStarBlendLayer && __ptr64) __ptr64
1017	??4LApiStarBlendLayer@duet@@QEAAAEAV01@AEBV01@@Z	public: class duet::LApiStarBlendLayer & __ptr64 __cdecl duet::LApiStarBlendLayer::operator=(class duet::LApiStarBlendLayer const & __ptr64) __ptr64
1018	??4LApiTrackingLayer@duet@@QEAAAEAV01@$$QEAV01@@Z	public: class duet::LApiTrackingLayer & __ptr64 __cdecl duet::LApiTrackingLayer::operator=(class duet::LApiTrackingLayer && __ptr64) __ptr64
1019	??4LApiTrackingLayer@duet@@QEAAAEAV01@AEBV01@@Z	public: class duet::LApiTrackingLayer & __ptr64 __cdecl duet::LApiTrackingLayer::operator=(class duet::LApiTrackingLayer const & __ptr64) __ptr64
1020	??4LApiTrackingManager@duet@@QEAAAEAV01@$$QEAV01@@Z	public: class duet::LApiTrackingManager & __ptr64 __cdecl duet::LApiTrackingManager::operator=(class duet::LApiTrackingManager && __ptr64) __ptr64
1021	??4LApiTrackingManager@duet@@QEAAAEAV01@AEBV01@@Z	public: class duet::LApiTrackingManager & __ptr64 __cdecl duet::LApiTrackingManager::operator=(class duet::LApiTrackingManager const & __ptr64) __ptr64
1022	??4LApiTrackingTarget@duet@@QEAAAEAV01@$$QEAV01@@Z	public: class duet::LApiTrackingTarget & __ptr64 __cdecl duet::LApiTrackingTarget::operator=(class duet::LApiTrackingTarget && __ptr64) __ptr64
1023	??4LApiTrackingTarget@duet@@QEAAAEAV01@AEBV01@@Z	public: class duet::LApiTrackingTarget & __ptr64 __cdecl duet::LApiTrackingTarget::operator=(class duet::LApiTrackingTarget const & __ptr64) __ptr64
1024	??4LApiUtil@duet@@QEAAAEAV01@$$QEAV01@@Z	public: class duet::LApiUtil & __ptr64 __cdecl duet::LApiUtil::operator=(class duet::LApiUtil && __ptr64) __ptr64
1025	??4LApiUtil@duet@@QEAAAEAV01@AEBV01@@Z	public: class duet::LApiUtil & __ptr64 __cdecl duet::LApiUtil::operator=(class duet::LApiUtil const & __ptr64) __ptr64
1026	??4LApplication@MOXIE@@QEAAAEAV01@AEBV01@@Z	public: class MOXIE::LApplication & __ptr64 __cdecl MOXIE::LApplication::operator=(class MOXIE::LApplication const & __ptr64) __ptr64
1027	??4LBlockAllocator@MOXIE@@QEAAAEAV01@AEBV01@@Z	public: class MOXIE::LBlockAllocator & __ptr64 __cdecl MOXIE::LBlockAllocator::operator=(class MOXIE::LBlockAllocator const & __ptr64) __ptr64
1028	??4LComponent@MOXIE@@QEAAAEAV01@AEBV01@@Z	public: class MOXIE::LComponent & __ptr64 __cdecl MOXIE::LComponent::operator=(class MOXIE::LComponent const & __ptr64) __ptr64
1029	??4LEnvMoxie@MOXIE@@QEAAAEAV01@AEBV01@@Z	public: class MOXIE::LEnvMoxie & __ptr64 __cdecl MOXIE::LEnvMoxie::operator=(class MOXIE::LEnvMoxie const & __ptr64) __ptr64
1030	??4LEnvironment@MOXIE@@QEAAAEAV01@AEBV01@@Z	public: class MOXIE::LEnvironment & __ptr64 __cdecl MOXIE::LEnvironment::operator=(class MOXIE::LEnvironment const & __ptr64) __ptr64
1031	??4LUtil@MOXIE@@QEAAAEAV01@$$QEAV01@@Z	public: class MOXIE::LUtil & __ptr64 __cdecl MOXIE::LUtil::operator=(class MOXIE::LUtil && __ptr64) __ptr64
1032	??4LUtil@MOXIE@@QEAAAEAV01@AEBV01@@Z	public: class MOXIE::LUtil & __ptr64 __cdecl MOXIE::LUtil::operator=(class MOXIE::LUtil const & __ptr64) __ptr64
1033	??4LUtil@duet@@QEAAAEAV01@$$QEAV01@@Z	public: class duet::LUtil & __ptr64 __cdecl duet::LUtil::operator=(class duet::LUtil && __ptr64) __ptr64
1034	??4LUtil@duet@@QEAAAEAV01@AEBV01@@Z	public: class duet::LUtil & __ptr64 __cdecl duet::LUtil::operator=(class duet::LUtil const & __ptr64) __ptr64
1035	??4Lexer@MOXIE@@QEAAAEAV01@AEBV01@@Z	public: class MOXIE::Lexer & __ptr64 __cdecl MOXIE::Lexer::operator=(class MOXIE::Lexer const & __ptr64) __ptr64
1036	??4Locator@MOXIE@@QEAAAEAV01@$$QEAV01@@Z	public: class MOXIE::Locator & __ptr64 __cdecl MOXIE::Locator::operator=(class MOXIE::Locator && __ptr64) __ptr64
1037	??4Locator@MOXIE@@QEAAAEAV01@AEBV01@@Z	public: class MOXIE::Locator & __ptr64 __cdecl MOXIE::Locator::operator=(class MOXIE::Locator const & __ptr64) __ptr64
1038	??4Material@MOXIE@@QEAAAEAV01@$$QEAV01@@Z	public: class MOXIE::Material & __ptr64 __cdecl MOXIE::Material::operator=(class MOXIE::Material && __ptr64) __ptr64
1039	??4Material@MOXIE@@QEAAAEAV01@AEBV01@@Z	public: class MOXIE::Material & __ptr64 __cdecl MOXIE::Material::operator=(class MOXIE::Material const & __ptr64) __ptr64
1040	??4Matrix3@MOXIE@@QEAAAEAV01@AEBV01@@Z	public: class MOXIE::Matrix3 & __ptr64 __cdecl MOXIE::Matrix3::operator=(class MOXIE::Matrix3 const & __ptr64) __ptr64
1041	??4Matrix4@MOXIE@@QEAAAEAV01@AEBV01@@Z	public: class MOXIE::Matrix4 & __ptr64 __cdecl MOXIE::Matrix4::operator=(class MOXIE::Matrix4 const & __ptr64) __ptr64
1042	??4MemoryStream@MOXIE@@QEAAAEAV01@AEBV01@@Z	public: class MOXIE::MemoryStream & __ptr64 __cdecl MOXIE::MemoryStream::operator=(class MOXIE::MemoryStream const & __ptr64) __ptr64
1043	??4OggVorbisMetadata@MOXIE@@QEAAAEAV01@$$QEAV01@@Z	public: class MOXIE::OggVorbisMetadata & __ptr64 __cdecl MOXIE::OggVorbisMetadata::operator=(class MOXIE::OggVorbisMetadata && __ptr64) __ptr64
1044	??4OggVorbisMetadata@MOXIE@@QEAAAEAV01@AEBV01@@Z	public: class MOXIE::OggVorbisMetadata & __ptr64 __cdecl MOXIE::OggVorbisMetadata::operator=(class MOXIE::OggVorbisMetadata const & __ptr64) __ptr64
1045	??4ParticleBuffer@MOXIE@@QEAAAEAV01@AEBV01@@Z	public: class MOXIE::ParticleBuffer & __ptr64 __cdecl MOXIE::ParticleBuffer::operator=(class MOXIE::ParticleBuffer const & __ptr64) __ptr64
1046	??4ParticleCollider@MOXIE@@QEAAAEAV01@AEBV01@@Z	public: class MOXIE::ParticleCollider & __ptr64 __cdecl MOXIE::ParticleCollider::operator=(class MOXIE::ParticleCollider const & __ptr64) __ptr64
1047	??4ParticleDefinition@MOXIE@@QEAAAEAU01@$$QEAU01@@Z	public: struct MOXIE::ParticleDefinition & __ptr64 __cdecl MOXIE::ParticleDefinition::operator=(struct MOXIE::ParticleDefinition && __ptr64) __ptr64
1048	??4ParticleDefinition@MOXIE@@QEAAAEAU01@AEBU01@@Z	public: struct MOXIE::ParticleDefinition & __ptr64 __cdecl MOXIE::ParticleDefinition::operator=(struct MOXIE::ParticleDefinition const & __ptr64) __ptr64
1049	??4ParticleField@MOXIE@@QEAAAEAV01@AEBV01@@Z	public: class MOXIE::ParticleField & __ptr64 __cdecl MOXIE::ParticleField::operator=(class MOXIE::ParticleField const & __ptr64) __ptr64
1050	??4PhysicsManager@MOXIE@@QEAAAEAV01@AEBV01@@Z	public: class MOXIE::PhysicsManager & __ptr64 __cdecl MOXIE::PhysicsManager::operator=(class MOXIE::PhysicsManager const & __ptr64) __ptr64
1051	??4PixelFormat@MOXIE@@QEAAAEAV01@$$QEAV01@@Z	public: class MOXIE::PixelFormat & __ptr64 __cdecl MOXIE::PixelFormat::operator=(class MOXIE::PixelFormat && __ptr64) __ptr64
1052	??4PixelFormat@MOXIE@@QEAAAEAV01@AEBV01@@Z	public: class MOXIE::PixelFormat & __ptr64 __cdecl MOXIE::PixelFormat::operator=(class MOXIE::PixelFormat const & __ptr64) __ptr64
1053	??4Plane@MOXIE@@QEAAAEAV01@AEBV01@@Z	public: class MOXIE::Plane & __ptr64 __cdecl MOXIE::Plane::operator=(class MOXIE::Plane const & __ptr64) __ptr64
1054	??4PlaneCollider@MOXIE@@QEAAAEAV01@$$QEAV01@@Z	public: class MOXIE::PlaneCollider & __ptr64 __cdecl MOXIE::PlaneCollider::operator=(class MOXIE::PlaneCollider && __ptr64) __ptr64
1055	??4PlaneCollider@MOXIE@@QEAAAEAV01@AEBV01@@Z	public: class MOXIE::PlaneCollider & __ptr64 __cdecl MOXIE::PlaneCollider::operator=(class MOXIE::PlaneCollider const & __ptr64) __ptr64
1056	??4PlatformAudioDriver@MOXIE@@QEAAAEAV01@AEBV01@@Z	public: class MOXIE::PlatformAudioDriver & __ptr64 __cdecl MOXIE::PlatformAudioDriver::operator=(class MOXIE::PlatformAudioDriver const & __ptr64) __ptr64
1057	??4PlatformAudioDriverDirectSound@MOXIE@@QEAAAEAV01@AEBV01@@Z	public: class MOXIE::PlatformAudioDriverDirectSound & __ptr64 __cdecl MOXIE::PlatformAudioDriverDirectSound::operator=(class MOXIE::PlatformAudioDriverDirectSound const & __ptr64) __ptr64
1058	??4Player@MOXIE@@QEAAAEAV01@AEBV01@@Z	public: class MOXIE::Player & __ptr64 __cdecl MOXIE::Player::operator=(class MOXIE::Player const & __ptr64) __ptr64
1059	??4Point@MOXIE@@QEAAAEAV01@AEBV01@@Z	public: class MOXIE::Point & __ptr64 __cdecl MOXIE::Point::operator=(class MOXIE::Point const & __ptr64) __ptr64
1060	??4Quaternion@MOXIE@@QEAAAEAV01@$$QEAV01@@Z	public: class MOXIE::Quaternion & __ptr64 __cdecl MOXIE::Quaternion::operator=(class MOXIE::Quaternion && __ptr64) __ptr64
1061	??4Quaternion@MOXIE@@QEAAAEAV01@AEBV01@@Z	public: class MOXIE::Quaternion & __ptr64 __cdecl MOXIE::Quaternion::operator=(class MOXIE::Quaternion const & __ptr64) __ptr64
1062	??4RTTI@MOXIE@@QEAAAEAV01@$$QEAV01@@Z	public: class MOXIE::RTTI & __ptr64 __cdecl MOXIE::RTTI::operator=(class MOXIE::RTTI && __ptr64) __ptr64
1063	??4RTTI@MOXIE@@QEAAAEAV01@AEBV01@@Z	public: class MOXIE::RTTI & __ptr64 __cdecl MOXIE::RTTI::operator=(class MOXIE::RTTI const & __ptr64) __ptr64
1064	??4RadixSort32@MOXIE@@QEAAAEAV01@AEBV01@@Z	public: class MOXIE::RadixSort32 & __ptr64 __cdecl MOXIE::RadixSort32::operator=(class MOXIE::RadixSort32 const & __ptr64) __ptr64
1065	??4RadixSort64@MOXIE@@QEAAAEAV01@AEBV01@@Z	public: class MOXIE::RadixSort64 & __ptr64 __cdecl MOXIE::RadixSort64::operator=(class MOXIE::RadixSort64 const & __ptr64) __ptr64
1066	??4RadixSortReal@MOXIE@@QEAAAEAV01@AEBV01@@Z	public: class MOXIE::RadixSortReal & __ptr64 __cdecl MOXIE::RadixSortReal::operator=(class MOXIE::RadixSortReal const & __ptr64) __ptr64
1067	??4Ray@MOXIE@@QEAAAEAV01@$$QEAV01@@Z	public: class MOXIE::Ray & __ptr64 __cdecl MOXIE::Ray::operator=(class MOXIE::Ray && __ptr64) __ptr64
1068	??4Ray@MOXIE@@QEAAAEAV01@AEBV01@@Z	public: class MOXIE::Ray & __ptr64 __cdecl MOXIE::Ray::operator=(class MOXIE::Ray const & __ptr64) __ptr64
1069	??4RefCount@MOXIE@@QEAAAEAV01@AEBV01@@Z	public: class MOXIE::RefCount & __ptr64 __cdecl MOXIE::RefCount::operator=(class MOXIE::RefCount const & __ptr64) __ptr64
1070	??4RenderBuffer@MOXIE@@QEAAAEAV01@AEBV01@@Z	public: class MOXIE::RenderBuffer & __ptr64 __cdecl MOXIE::RenderBuffer::operator=(class MOXIE::RenderBuffer const & __ptr64) __ptr64
1071	??4RenderContext@MOXIE@@QEAAAEAV01@AEBV01@@Z	public: class MOXIE::RenderContext & __ptr64 __cdecl MOXIE::RenderContext::operator=(class MOXIE::RenderContext const & __ptr64) __ptr64
1072	??4RenderDebug@MOXIE@@QEAAAEAV01@$$QEAV01@@Z	public: class MOXIE::RenderDebug & __ptr64 __cdecl MOXIE::RenderDebug::operator=(class MOXIE::RenderDebug && __ptr64) __ptr64
1073	??4RenderDebug@MOXIE@@QEAAAEAV01@AEBV01@@Z	public: class MOXIE::RenderDebug & __ptr64 __cdecl MOXIE::RenderDebug::operator=(class MOXIE::RenderDebug const & __ptr64) __ptr64
1074	??4RenderDevice@MOXIE@@QEAAAEAV01@AEBV01@@Z	public: class MOXIE::RenderDevice & __ptr64 __cdecl MOXIE::RenderDevice::operator=(class MOXIE::RenderDevice const & __ptr64) __ptr64
1075	??4RenderDispatcher@MOXIE@@QEAAAEAV01@AEBV01@@Z	public: class MOXIE::RenderDispatcher & __ptr64 __cdecl MOXIE::RenderDispatcher::operator=(class MOXIE::RenderDispatcher const & __ptr64) __ptr64
1076	??4RenderManager@MOXIE@@QEAAAEAV01@AEBV01@@Z	public: class MOXIE::RenderManager & __ptr64 __cdecl MOXIE::RenderManager::operator=(class MOXIE::RenderManager const & __ptr64) __ptr64
1077	??4RenderState@MOXIE@@QEAAAEAU01@$$QEAU01@@Z	public: struct MOXIE::RenderState & __ptr64 __cdecl MOXIE::RenderState::operator=(struct MOXIE::RenderState && __ptr64) __ptr64
1078	??4RenderState@MOXIE@@QEAAAEAU01@AEBU01@@Z	public: struct MOXIE::RenderState & __ptr64 __cdecl MOXIE::RenderState::operator=(struct MOXIE::RenderState const & __ptr64) __ptr64
1079	??4RenderSurface@MOXIE@@QEAAAEAV01@AEBV01@@Z	public: class MOXIE::RenderSurface & __ptr64 __cdecl MOXIE::RenderSurface::operator=(class MOXIE::RenderSurface const & __ptr64) __ptr64
1080	??4RenderTarget@MOXIE@@QEAAAEAV01@AEBV01@@Z	public: class MOXIE::RenderTarget & __ptr64 __cdecl MOXIE::RenderTarget::operator=(class MOXIE::RenderTarget const & __ptr64) __ptr64
1081	??4RenderView@MOXIE@@QEAAAEAV01@AEBV01@@Z	public: class MOXIE::RenderView & __ptr64 __cdecl MOXIE::RenderView::operator=(class MOXIE::RenderView const & __ptr64) __ptr64
1082	??4ReplayManager@MOXIE@@QEAAAEAV01@AEBV01@@Z	public: class MOXIE::ReplayManager & __ptr64 __cdecl MOXIE::ReplayManager::operator=(class MOXIE::ReplayManager const & __ptr64) __ptr64
1083	??4ResourceHandle@MOXIE@@QEAAAEAV01@AEBV01@@Z	public: class MOXIE::ResourceHandle & __ptr64 __cdecl MOXIE::ResourceHandle::operator=(class MOXIE::ResourceHandle const & __ptr64) __ptr64
1084	??4RiffDiver@MOXIE@@QEAAAEAV01@AEBV01@@Z	public: class MOXIE::RiffDiver & __ptr64 __cdecl MOXIE::RiffDiver::operator=(class MOXIE::RiffDiver const & __ptr64) __ptr64
1085	??4SGAnimator@MOXIE@@QEAAAEAV01@$$QEAV01@@Z	public: class MOXIE::SGAnimator & __ptr64 __cdecl MOXIE::SGAnimator::operator=(class MOXIE::SGAnimator && __ptr64) __ptr64
1086	??4SGAnimator@MOXIE@@QEAAAEAV01@AEBV01@@Z	public: class MOXIE::SGAnimator & __ptr64 __cdecl MOXIE::SGAnimator::operator=(class MOXIE::SGAnimator const & __ptr64) __ptr64
1087	??4SGCamera@MOXIE@@QEAAAEAV01@AEBV01@@Z	public: class MOXIE::SGCamera & __ptr64 __cdecl MOXIE::SGCamera::operator=(class MOXIE::SGCamera const & __ptr64) __ptr64
1088	??4SGCameraController@MOXIE@@QEAAAEAV01@AEBV01@@Z	public: class MOXIE::SGCameraController & __ptr64 __cdecl MOXIE::SGCameraController::operator=(class MOXIE::SGCameraController const & __ptr64) __ptr64
1089	??4SGComponent@MOXIE@@QEAAAEAV01@AEBV01@@Z	public: class MOXIE::SGComponent & __ptr64 __cdecl MOXIE::SGComponent::operator=(class MOXIE::SGComponent const & __ptr64) __ptr64
1090	??4SGDebugCameraController@MOXIE@@QEAAAEAV01@$$QEAV01@@Z	public: class MOXIE::SGDebugCameraController & __ptr64 __cdecl MOXIE::SGDebugCameraController::operator=(class MOXIE::SGDebugCameraController && __ptr64) __ptr64
1091	??4SGDebugCameraController@MOXIE@@QEAAAEAV01@AEBV01@@Z	public: class MOXIE::SGDebugCameraController & __ptr64 __cdecl MOXIE::SGDebugCameraController::operator=(class MOXIE::SGDebugCameraController const & __ptr64) __ptr64
1092	??4SGFlipbookDriver@MOXIE@@QEAAAEAV01@AEBV01@@Z	public: class MOXIE::SGFlipbookDriver & __ptr64 __cdecl MOXIE::SGFlipbookDriver::operator=(class MOXIE::SGFlipbookDriver const & __ptr64) __ptr64
1093	??4SGGroup@MOXIE@@QEAAAEAV01@AEBV01@@Z	public: class MOXIE::SGGroup & __ptr64 __cdecl MOXIE::SGGroup::operator=(class MOXIE::SGGroup const & __ptr64) __ptr64
1094	??4SGLight@MOXIE@@QEAAAEAV01@AEBV01@@Z	public: class MOXIE::SGLight & __ptr64 __cdecl MOXIE::SGLight::operator=(class MOXIE::SGLight const & __ptr64) __ptr64
1095	??4SGMaterial@MOXIE@@QEAAAEAV01@$$QEAV01@@Z	public: class MOXIE::SGMaterial & __ptr64 __cdecl MOXIE::SGMaterial::operator=(class MOXIE::SGMaterial && __ptr64) __ptr64
1096	??4SGMaterial@MOXIE@@QEAAAEAV01@AEBV01@@Z	public: class MOXIE::SGMaterial & __ptr64 __cdecl MOXIE::SGMaterial::operator=(class MOXIE::SGMaterial const & __ptr64) __ptr64
1097	??4SGModelInstance@MOXIE@@QEAAAEAV01@AEBV01@@Z	public: class MOXIE::SGModelInstance & __ptr64 __cdecl MOXIE::SGModelInstance::operator=(class MOXIE::SGModelInstance const & __ptr64) __ptr64
1098	??4SGNode@MOXIE@@QEAAAEAV01@AEBV01@@Z	public: class MOXIE::SGNode & __ptr64 __cdecl MOXIE::SGNode::operator=(class MOXIE::SGNode const & __ptr64) __ptr64
1099	??4SGParticleEmitter@MOXIE@@QEAAAEAV01@AEBV01@@Z	public: class MOXIE::SGParticleEmitter & __ptr64 __cdecl MOXIE::SGParticleEmitter::operator=(class MOXIE::SGParticleEmitter const & __ptr64) __ptr64
1100	??4SGReplay@MOXIE@@QEAAAEAV01@AEBV01@@Z	public: class MOXIE::SGReplay & __ptr64 __cdecl MOXIE::SGReplay::operator=(class MOXIE::SGReplay const & __ptr64) __ptr64
1101	??4SGTransform@MOXIE@@QEAAAEAV01@$$QEAV01@@Z	public: class MOXIE::SGTransform & __ptr64 __cdecl MOXIE::SGTransform::operator=(class MOXIE::SGTransform && __ptr64) __ptr64
1102	??4SGTransform@MOXIE@@QEAAAEAV01@AEBV01@@Z	public: class MOXIE::SGTransform & __ptr64 __cdecl MOXIE::SGTransform::operator=(class MOXIE::SGTransform const & __ptr64) __ptr64
1103	??4Sample@HitchProfiler@MOXIE@@QEAAAEAV012@AEBV012@@Z	public: class MOXIE::HitchProfiler::Sample & __ptr64 __cdecl MOXIE::HitchProfiler::Sample::operator=(class MOXIE::HitchProfiler::Sample const & __ptr64) __ptr64
1104	??4SceneGraph@MOXIE@@QEAAAEAV01@AEBV01@@Z	public: class MOXIE::SceneGraph & __ptr64 __cdecl MOXIE::SceneGraph::operator=(class MOXIE::SceneGraph const & __ptr64) __ptr64
1105	??4SceneManager@MOXIE@@QEAAAEAV01@AEBV01@@Z	public: class MOXIE::SceneManager & __ptr64 __cdecl MOXIE::SceneManager::operator=(class MOXIE::SceneManager const & __ptr64) __ptr64
1106	??4ScriptManager@MOXIE@@QEAAAEAV01@AEBV01@@Z	public: class MOXIE::ScriptManager & __ptr64 __cdecl MOXIE::ScriptManager::operator=(class MOXIE::ScriptManager const & __ptr64) __ptr64
1107	??4SensorManager@MOXIE@@QEAAAEAV01@AEBV01@@Z	public: class MOXIE::SensorManager & __ptr64 __cdecl MOXIE::SensorManager::operator=(class MOXIE::SensorManager const & __ptr64) __ptr64
1108	??4Shader@MOXIE@@QEAAAEAV01@AEBV01@@Z	public: class MOXIE::Shader & __ptr64 __cdecl MOXIE::Shader::operator=(class MOXIE::Shader const & __ptr64) __ptr64
1109	??4ShaderBlockInstance@MOXIE@@QEAAAEAV01@$$QEAV01@@Z	public: class MOXIE::ShaderBlockInstance & __ptr64 __cdecl MOXIE::ShaderBlockInstance::operator=(class MOXIE::ShaderBlockInstance && __ptr64) __ptr64
1110	??4ShaderBlockInstance@MOXIE@@QEAAAEAV01@AEBV01@@Z	public: class MOXIE::ShaderBlockInstance & __ptr64 __cdecl MOXIE::ShaderBlockInstance::operator=(class MOXIE::ShaderBlockInstance const & __ptr64) __ptr64
1111	??4ShaderFxCompiler@MOXIE@@QEAAAEAV01@AEBV01@@Z	public: class MOXIE::ShaderFxCompiler & __ptr64 __cdecl MOXIE::ShaderFxCompiler::operator=(class MOXIE::ShaderFxCompiler const & __ptr64) __ptr64
1112	??4ShaderParam@MOXIE@@QEAAAEAV01@AEBV01@@Z	public: class MOXIE::ShaderParam & __ptr64 __cdecl MOXIE::ShaderParam::operator=(class MOXIE::ShaderParam const & __ptr64) __ptr64
1113	??4ShowDebug@duet@@QEAAAEAV01@$$QEAV01@@Z	public: class duet::ShowDebug & __ptr64 __cdecl duet::ShowDebug::operator=(class duet::ShowDebug && __ptr64) __ptr64
1114	??4ShowDebug@duet@@QEAAAEAV01@AEBV01@@Z	public: class duet::ShowDebug & __ptr64 __cdecl duet::ShowDebug::operator=(class duet::ShowDebug const & __ptr64) __ptr64
1115	??4SimplexNoise@MOXIE@@QEAAAEAV01@AEBV01@@Z	public: class MOXIE::SimplexNoise & __ptr64 __cdecl MOXIE::SimplexNoise::operator=(class MOXIE::SimplexNoise const & __ptr64) __ptr64
1116	??4Sound@MOXIE@@QEAAAEAV01@AEBV01@@Z	public: class MOXIE::Sound & __ptr64 __cdecl MOXIE::Sound::operator=(class MOXIE::Sound const & __ptr64) __ptr64
1117	??4StackAllocator@MOXIE@@QEAAAEAV01@$$QEAV01@@Z	public: class MOXIE::StackAllocator & __ptr64 __cdecl MOXIE::StackAllocator::operator=(class MOXIE::StackAllocator && __ptr64) __ptr64
1118	??4StackAllocator@MOXIE@@QEAAAEAV01@AEBV01@@Z	public: class MOXIE::StackAllocator & __ptr64 __cdecl MOXIE::StackAllocator::operator=(class MOXIE::StackAllocator const & __ptr64) __ptr64
1119	??4StatManager@MOXIE@@QEAAAEAV01@AEBV01@@Z	public: class MOXIE::StatManager & __ptr64 __cdecl MOXIE::StatManager::operator=(class MOXIE::StatManager const & __ptr64) __ptr64
1120	??4StoryConfig@MOXIE@@QEAAAEAV01@$$QEAV01@@Z	public: class MOXIE::StoryConfig & __ptr64 __cdecl MOXIE::StoryConfig::operator=(class MOXIE::StoryConfig && __ptr64) __ptr64
1121	??4StoryConfig@MOXIE@@QEAAAEAV01@AEBV01@@Z	public: class MOXIE::StoryConfig & __ptr64 __cdecl MOXIE::StoryConfig::operator=(class MOXIE::StoryConfig const & __ptr64) __ptr64
1122	??4StoryFSM@MOXIE@@QEAAAEAV01@$$QEAV01@@Z	public: class MOXIE::StoryFSM & __ptr64 __cdecl MOXIE::StoryFSM::operator=(class MOXIE::StoryFSM && __ptr64) __ptr64
1123	??4StoryFSM@MOXIE@@QEAAAEAV01@AEBV01@@Z	public: class MOXIE::StoryFSM & __ptr64 __cdecl MOXIE::StoryFSM::operator=(class MOXIE::StoryFSM const & __ptr64) __ptr64
1124	??4StoryManager@MOXIE@@QEAAAEAV01@AEBV01@@Z	public: class MOXIE::StoryManager & __ptr64 __cdecl MOXIE::StoryManager::operator=(class MOXIE::StoryManager const & __ptr64) __ptr64
1125	??4StoryManifest@MOXIE@@QEAAAEAV01@AEBV01@@Z	public: class MOXIE::StoryManifest & __ptr64 __cdecl MOXIE::StoryManifest::operator=(class MOXIE::StoryManifest const & __ptr64) __ptr64
1126	??4StoryPlayer@MOXIE@@QEAAAEAV01@AEBV01@@Z	public: class MOXIE::StoryPlayer & __ptr64 __cdecl MOXIE::StoryPlayer::operator=(class MOXIE::StoryPlayer const & __ptr64) __ptr64
1127	??4Stream@MOXIE@@QEAAAEAV01@AEBV01@@Z	public: class MOXIE::Stream & __ptr64 __cdecl MOXIE::Stream::operator=(class MOXIE::Stream const & __ptr64) __ptr64
1128	??4String@MOXIE@@QEAAAEAV01@AEBV01@@Z	public: class MOXIE::String & __ptr64 __cdecl MOXIE::String::operator=(class MOXIE::String const & __ptr64) __ptr64
1129	??4String@MOXIE@@QEAAAEAV01@PEBD@Z	public: class MOXIE::String & __ptr64 __cdecl MOXIE::String::operator=(char const * __ptr64) __ptr64
1130	??4Style@MOXIE@@QEAAAEAU01@$$QEAU01@@Z	public: struct MOXIE::Style & __ptr64 __cdecl MOXIE::Style::operator=(struct MOXIE::Style && __ptr64) __ptr64
1131	??4Style@MOXIE@@QEAAAEAU01@AEBU01@@Z	public: struct MOXIE::Style & __ptr64 __cdecl MOXIE::Style::operator=(struct MOXIE::Style const & __ptr64) __ptr64
1132	??4Surface@MOXIE@@QEAAAEAV01@AEBV01@@Z	public: class MOXIE::Surface & __ptr64 __cdecl MOXIE::Surface::operator=(class MOXIE::Surface const & __ptr64) __ptr64
1133	??4TcpSocket@MOXIE@@QEAAAEAV01@AEBV01@@Z	public: class MOXIE::TcpSocket & __ptr64 __cdecl MOXIE::TcpSocket::operator=(class MOXIE::TcpSocket const & __ptr64) __ptr64
1134	??4Texture2D@MOXIE@@QEAAAEAV01@AEBV01@@Z	public: class MOXIE::Texture2D & __ptr64 __cdecl MOXIE::Texture2D::operator=(class MOXIE::Texture2D const & __ptr64) __ptr64
1135	??4Texture2DArray@MOXIE@@QEAAAEAV01@AEBV01@@Z	public: class MOXIE::Texture2DArray & __ptr64 __cdecl MOXIE::Texture2DArray::operator=(class MOXIE::Texture2DArray const & __ptr64) __ptr64
1136	??4Texture@MOXIE@@QEAAAEAV01@AEBV01@@Z	public: class MOXIE::Texture & __ptr64 __cdecl MOXIE::Texture::operator=(class MOXIE::Texture const & __ptr64) __ptr64
1137	??4TextureCubeMap@MOXIE@@QEAAAEAV01@AEBV01@@Z	public: class MOXIE::TextureCubeMap & __ptr64 __cdecl MOXIE::TextureCubeMap::operator=(class MOXIE::TextureCubeMap const & __ptr64) __ptr64
1138	??4TextureVideo@MOXIE@@QEAAAEAV01@AEBV01@@Z	public: class MOXIE::TextureVideo & __ptr64 __cdecl MOXIE::TextureVideo::operator=(class MOXIE::TextureVideo const & __ptr64) __ptr64
1139	??4Thread@MOXIE@@QEAAAEAV01@AEBV01@@Z	public: class MOXIE::Thread & __ptr64 __cdecl MOXIE::Thread::operator=(class MOXIE::Thread const & __ptr64) __ptr64
1140	??4Time@MOXIE@@QEAAAEAV01@$$QEAV01@@Z	public: class MOXIE::Time & __ptr64 __cdecl MOXIE::Time::operator=(class MOXIE::Time && __ptr64) __ptr64
1141	??4Time@MOXIE@@QEAAAEAV01@AEBV01@@Z	public: class MOXIE::Time & __ptr64 __cdecl MOXIE::Time::operator=(class MOXIE::Time const & __ptr64) __ptr64
1142	??4TornadoField@MOXIE@@QEAAAEAV01@$$QEAV01@@Z	public: class MOXIE::TornadoField & __ptr64 __cdecl MOXIE::TornadoField::operator=(class MOXIE::TornadoField && __ptr64) __ptr64
1143	??4TornadoField@MOXIE@@QEAAAEAV01@AEBV01@@Z	public: class MOXIE::TornadoField & __ptr64 __cdecl MOXIE::TornadoField::operator=(class MOXIE::TornadoField const & __ptr64) __ptr64
1144	??4Transform@MOXIE@@QEAAAEAV01@AEBV01@@Z	public: class MOXIE::Transform & __ptr64 __cdecl MOXIE::Transform::operator=(class MOXIE::Transform const & __ptr64) __ptr64
1145	??4TurbulenceField2D@MOXIE@@QEAAAEAV01@$$QEAV01@@Z	public: class MOXIE::TurbulenceField2D & __ptr64 __cdecl MOXIE::TurbulenceField2D::operator=(class MOXIE::TurbulenceField2D && __ptr64) __ptr64
1146	??4TurbulenceField2D@MOXIE@@QEAAAEAV01@AEBV01@@Z	public: class MOXIE::TurbulenceField2D & __ptr64 __cdecl MOXIE::TurbulenceField2D::operator=(class MOXIE::TurbulenceField2D const & __ptr64) __ptr64
1147	??4TurbulenceField3D@MOXIE@@QEAAAEAV01@$$QEAV01@@Z	public: class MOXIE::TurbulenceField3D & __ptr64 __cdecl MOXIE::TurbulenceField3D::operator=(class MOXIE::TurbulenceField3D && __ptr64) __ptr64
1148	??4TurbulenceField3D@MOXIE@@QEAAAEAV01@AEBV01@@Z	public: class MOXIE::TurbulenceField3D & __ptr64 __cdecl MOXIE::TurbulenceField3D::operator=(class MOXIE::TurbulenceField3D const & __ptr64) __ptr64
1149	??4Uri@MOXIE@@QEAAAEAV01@AEBV01@@Z	public: class MOXIE::Uri & __ptr64 __cdecl MOXIE::Uri::operator=(class MOXIE::Uri const & __ptr64) __ptr64
1150	??4Uri@MOXIE@@QEAAAEAV01@PEBD@Z	public: class MOXIE::Uri & __ptr64 __cdecl MOXIE::Uri::operator=(char const * __ptr64) __ptr64
1151	??4Vector2@MOXIE@@QEAAAEAV01@AEBV01@@Z	public: class MOXIE::Vector2 & __ptr64 __cdecl MOXIE::Vector2::operator=(class MOXIE::Vector2 const & __ptr64) __ptr64
1152	??4Vector3@MOXIE@@QEAAAEAV01@AEBV01@@Z	public: class MOXIE::Vector3 & __ptr64 __cdecl MOXIE::Vector3::operator=(class MOXIE::Vector3 const & __ptr64) __ptr64
1153	??4Vector4@MOXIE@@QEAAAEAV01@AEBV01@@Z	public: class MOXIE::Vector4 & __ptr64 __cdecl MOXIE::Vector4::operator=(class MOXIE::Vector4 const & __ptr64) __ptr64
1154	??4VertexBuffer@MOXIE@@QEAAAEAV01@AEBV01@@Z	public: class MOXIE::VertexBuffer & __ptr64 __cdecl MOXIE::VertexBuffer::operator=(class MOXIE::VertexBuffer const & __ptr64) __ptr64
1155	??4VertexData@MOXIE@@QEAAAEAV01@AEBV01@@Z	public: class MOXIE::VertexData & __ptr64 __cdecl MOXIE::VertexData::operator=(class MOXIE::VertexData const & __ptr64) __ptr64
1156	??4VideoCubeManager@MOXIE@@QEAAAEAV01@AEBV01@@Z	public: class MOXIE::VideoCubeManager & __ptr64 __cdecl MOXIE::VideoCubeManager::operator=(class MOXIE::VideoCubeManager const & __ptr64) __ptr64
1157	??4Viewport@MOXIE@@QEAAAEAV01@$$QEAV01@@Z	public: class MOXIE::Viewport & __ptr64 __cdecl MOXIE::Viewport::operator=(class MOXIE::Viewport && __ptr64) __ptr64
1158	??4Viewport@MOXIE@@QEAAAEAV01@AEBV01@@Z	public: class MOXIE::Viewport & __ptr64 __cdecl MOXIE::Viewport::operator=(class MOXIE::Viewport const & __ptr64) __ptr64
1159	??4VortexField@MOXIE@@QEAAAEAV01@$$QEAV01@@Z	public: class MOXIE::VortexField & __ptr64 __cdecl MOXIE::VortexField::operator=(class MOXIE::VortexField && __ptr64) __ptr64
1160	??4VortexField@MOXIE@@QEAAAEAV01@AEBV01@@Z	public: class MOXIE::VortexField & __ptr64 __cdecl MOXIE::VortexField::operator=(class MOXIE::VortexField const & __ptr64) __ptr64
1161	??4Win32Utils@@QEAAAEAV0@$$QEAV0@@Z	public: class Win32Utils & __ptr64 __cdecl Win32Utils::operator=(class Win32Utils && __ptr64) __ptr64
1162	??4Win32Utils@@QEAAAEAV0@AEBV0@@Z	public: class Win32Utils & __ptr64 __cdecl Win32Utils::operator=(class Win32Utils const & __ptr64) __ptr64
1163	??4ZipArchive@MOXIE@@QEAAAEAV01@AEBV01@@Z	public: class MOXIE::ZipArchive & __ptr64 __cdecl MOXIE::ZipArchive::operator=(class MOXIE::ZipArchive const & __ptr64) __ptr64
1164	??8GUIColor@MOXIE@@QEBA_NAEBV01@@Z	public: bool __cdecl MOXIE::GUIColor::operator==(class MOXIE::GUIColor const & __ptr64)const __ptr64
1165	??8Matrix3@MOXIE@@QEBA_NAEBV01@@Z	public: bool __cdecl MOXIE::Matrix3::operator==(class MOXIE::Matrix3 const & __ptr64)const __ptr64
1166	??8Matrix4@MOXIE@@QEBA_NAEBV01@@Z	public: bool __cdecl MOXIE::Matrix4::operator==(class MOXIE::Matrix4 const & __ptr64)const __ptr64
1167	??8Point@MOXIE@@QEBA_NAEBV01@@Z	public: bool __cdecl MOXIE::Point::operator==(class MOXIE::Point const & __ptr64)const __ptr64
1168	??8ResourceHandle@MOXIE@@QEBA_NAEBV01@@Z	public: bool __cdecl MOXIE::ResourceHandle::operator==(class MOXIE::ResourceHandle const & __ptr64)const __ptr64
1169	??8String@MOXIE@@QEBA_NAEBV01@@Z	public: bool __cdecl MOXIE::String::operator==(class MOXIE::String const & __ptr64)const __ptr64
1170	??8String@MOXIE@@QEBA_NPEBD@Z	public: bool __cdecl MOXIE::String::operator==(char const * __ptr64)const __ptr64
1171	??8Uri@MOXIE@@QEBA_NAEBV01@@Z	public: bool __cdecl MOXIE::Uri::operator==(class MOXIE::Uri const & __ptr64)const __ptr64
1172	??8Uri@MOXIE@@QEBA_NPEBD@Z	public: bool __cdecl MOXIE::Uri::operator==(char const * __ptr64)const __ptr64
1173	??8Vector2@MOXIE@@QEBA_NAEBV01@@Z	public: bool __cdecl MOXIE::Vector2::operator==(class MOXIE::Vector2 const & __ptr64)const __ptr64
1174	??8Vector3@MOXIE@@QEBA_NAEBV01@@Z	public: bool __cdecl MOXIE::Vector3::operator==(class MOXIE::Vector3 const & __ptr64)const __ptr64
1175	??8Vector4@MOXIE@@QEBA_NAEBV01@@Z	public: bool __cdecl MOXIE::Vector4::operator==(class MOXIE::Vector4 const & __ptr64)const __ptr64
1176	??9GUIColor@MOXIE@@QEBA_NAEBV01@@Z	public: bool __cdecl MOXIE::GUIColor::operator!=(class MOXIE::GUIColor const & __ptr64)const __ptr64
1177	??9Matrix3@MOXIE@@QEBA_NAEBV01@@Z	public: bool __cdecl MOXIE::Matrix3::operator!=(class MOXIE::Matrix3 const & __ptr64)const __ptr64
1178	??9Matrix4@MOXIE@@QEBA_NAEBV01@@Z	public: bool __cdecl MOXIE::Matrix4::operator!=(class MOXIE::Matrix4 const & __ptr64)const __ptr64
1179	??9Point@MOXIE@@QEBA_NAEBV01@@Z	public: bool __cdecl MOXIE::Point::operator!=(class MOXIE::Point const & __ptr64)const __ptr64
1180	??9ResourceHandle@MOXIE@@QEBA_NAEBV01@@Z	public: bool __cdecl MOXIE::ResourceHandle::operator!=(class MOXIE::ResourceHandle const & __ptr64)const __ptr64
1181	??9String@MOXIE@@QEBA_NAEBV01@@Z	public: bool __cdecl MOXIE::String::operator!=(class MOXIE::String const & __ptr64)const __ptr64
1182	??9String@MOXIE@@QEBA_NPEBD@Z	public: bool __cdecl MOXIE::String::operator!=(char const * __ptr64)const __ptr64
1183	??9Uri@MOXIE@@QEBA_NAEBV01@@Z	public: bool __cdecl MOXIE::Uri::operator!=(class MOXIE::Uri const & __ptr64)const __ptr64
1184	??9Uri@MOXIE@@QEBA_NPEBD@Z	public: bool __cdecl MOXIE::Uri::operator!=(char const * __ptr64)const __ptr64
1185	??9Vector2@MOXIE@@QEBA_NAEBV01@@Z	public: bool __cdecl MOXIE::Vector2::operator!=(class MOXIE::Vector2 const & __ptr64)const __ptr64
1186	??9Vector3@MOXIE@@QEBA_NAEBV01@@Z	public: bool __cdecl MOXIE::Vector3::operator!=(class MOXIE::Vector3 const & __ptr64)const __ptr64
1187	??9Vector4@MOXIE@@QEBA_NAEBV01@@Z	public: bool __cdecl MOXIE::Vector4::operator!=(class MOXIE::Vector4 const & __ptr64)const __ptr64
1188	??ABuffer@MOXIE@@QEAAAEAEH@Z	public: unsigned char & __ptr64 __cdecl MOXIE::Buffer::operator[](int) __ptr64
1189	??APoint@MOXIE@@QEAAAEAHI@Z	public: int & __ptr64 __cdecl MOXIE::Point::operator[](unsigned int) __ptr64
1190	??APoint@MOXIE@@QEBAAEBHI@Z	public: int const & __ptr64 __cdecl MOXIE::Point::operator[](unsigned int)const __ptr64
1191	??AShaderParamBlock@MOXIE@@QEAAAEAVShaderParam@1@I@Z	public: class MOXIE::ShaderParam & __ptr64 __cdecl MOXIE::ShaderParamBlock::operator[](unsigned int) __ptr64
1192	??AShaderParamBlock@MOXIE@@QEAAAEAVShaderParam@1@PEBD@Z	public: class MOXIE::ShaderParam & __ptr64 __cdecl MOXIE::ShaderParamBlock::operator[](char const * __ptr64) __ptr64
1193	??AShaderParamBlock@MOXIE@@QEBAAEBVShaderParam@1@I@Z	public: class MOXIE::ShaderParam const & __ptr64 __cdecl MOXIE::ShaderParamBlock::operator[](unsigned int)const __ptr64
1194	??AString@MOXIE@@QEAAAEADI@Z	public: char & __ptr64 __cdecl MOXIE::String::operator[](unsigned int) __ptr64
1195	??AString@MOXIE@@QEBADI@Z	public: char __cdecl MOXIE::String::operator[](unsigned int)const __ptr64
1196	??AVector2@MOXIE@@QEAAAEAMI@Z	public: float & __ptr64 __cdecl MOXIE::Vector2::operator[](unsigned int) __ptr64
1197	??AVector2@MOXIE@@QEBAAEBMI@Z	public: float const & __ptr64 __cdecl MOXIE::Vector2::operator[](unsigned int)const __ptr64
1198	??AVector3@MOXIE@@QEAAAEAMI@Z	public: float & __ptr64 __cdecl MOXIE::Vector3::operator[](unsigned int) __ptr64
1199	??AVector3@MOXIE@@QEBAAEBMI@Z	public: float const & __ptr64 __cdecl MOXIE::Vector3::operator[](unsigned int)const __ptr64
1200	??AVector4@MOXIE@@QEAAAEAMI@Z	public: float & __ptr64 __cdecl MOXIE::Vector4::operator[](unsigned int) __ptr64
1201	??AVector4@MOXIE@@QEBAAEBMI@Z	public: float const & __ptr64 __cdecl MOXIE::Vector4::operator[](unsigned int)const __ptr64
1202	??BResourceHandle@MOXIE@@QEBA_NXZ	public: __cdecl MOXIE::ResourceHandle::operator bool(void)const __ptr64
1203	??DMatrix3@MOXIE@@QEBA?BV01@AEBM@Z	public: class MOXIE::Matrix3 const __cdecl MOXIE::Matrix3::operator*(float const & __ptr64)const __ptr64
1204	??DMatrix3@MOXIE@@QEBA?BV01@AEBV01@@Z	public: class MOXIE::Matrix3 const __cdecl MOXIE::Matrix3::operator*(class MOXIE::Matrix3 const & __ptr64)const __ptr64
1205	??DMatrix4@MOXIE@@QEBA?BV01@AEBM@Z	public: class MOXIE::Matrix4 const __cdecl MOXIE::Matrix4::operator*(float const & __ptr64)const __ptr64
1206	??DMatrix4@MOXIE@@QEBA?BV01@AEBV01@@Z	public: class MOXIE::Matrix4 const __cdecl MOXIE::Matrix4::operator*(class MOXIE::Matrix4 const & __ptr64)const __ptr64
1207	??DQuaternion@MOXIE@@QEBA?AV01@AEBV01@@Z	public: class MOXIE::Quaternion __cdecl MOXIE::Quaternion::operator*(class MOXIE::Quaternion const & __ptr64)const __ptr64
1208	??DQuaternion@MOXIE@@QEBA?AVVector3@1@AEBV21@@Z	public: class MOXIE::Vector3 __cdecl MOXIE::Quaternion::operator*(class MOXIE::Vector3 const & __ptr64)const __ptr64
1209	??DVector2@MOXIE@@QEBA?BV01@AEBM@Z	public: class MOXIE::Vector2 const __cdecl MOXIE::Vector2::operator*(float const & __ptr64)const __ptr64
1210	??DVector2@MOXIE@@QEBA?BV01@AEBV01@@Z	public: class MOXIE::Vector2 const __cdecl MOXIE::Vector2::operator*(class MOXIE::Vector2 const & __ptr64)const __ptr64
1211	??DVector3@MOXIE@@QEBA?BV01@AEBM@Z	public: class MOXIE::Vector3 const __cdecl MOXIE::Vector3::operator*(float const & __ptr64)const __ptr64
1212	??DVector3@MOXIE@@QEBA?BV01@AEBV01@@Z	public: class MOXIE::Vector3 const __cdecl MOXIE::Vector3::operator*(class MOXIE::Vector3 const & __ptr64)const __ptr64
1213	??DVector4@MOXIE@@QEBA?BV01@AEBM@Z	public: class MOXIE::Vector4 const __cdecl MOXIE::Vector4::operator*(float const & __ptr64)const __ptr64
1214	??DVector4@MOXIE@@QEBA?BV01@AEBV01@@Z	public: class MOXIE::Vector4 const __cdecl MOXIE::Vector4::operator*(class MOXIE::Vector4 const & __ptr64)const __ptr64
1215	??GMatrix3@MOXIE@@QEBA?BV01@AEBV01@@Z	public: class MOXIE::Matrix3 const __cdecl MOXIE::Matrix3::operator-(class MOXIE::Matrix3 const & __ptr64)const __ptr64
1216	??GMatrix3@MOXIE@@QEBA?BV01@XZ	public: class MOXIE::Matrix3 const __cdecl MOXIE::Matrix3::operator-(void)const __ptr64
1217	??GMatrix4@MOXIE@@QEBA?BV01@AEBV01@@Z	public: class MOXIE::Matrix4 const __cdecl MOXIE::Matrix4::operator-(class MOXIE::Matrix4 const & __ptr64)const __ptr64
1218	??GMatrix4@MOXIE@@QEBA?BV01@XZ	public: class MOXIE::Matrix4 const __cdecl MOXIE::Matrix4::operator-(void)const __ptr64
1219	??GPoint@MOXIE@@QEBA?BV01@AEBV01@@Z	public: class MOXIE::Point const __cdecl MOXIE::Point::operator-(class MOXIE::Point const & __ptr64)const __ptr64
1220	??GPoint@MOXIE@@QEBA?BV01@XZ	public: class MOXIE::Point const __cdecl MOXIE::Point::operator-(void)const __ptr64
1221	??GVector2@MOXIE@@QEBA?BV01@AEBV01@@Z	public: class MOXIE::Vector2 const __cdecl MOXIE::Vector2::operator-(class MOXIE::Vector2 const & __ptr64)const __ptr64
1222	??GVector2@MOXIE@@QEBA?BV01@XZ	public: class MOXIE::Vector2 const __cdecl MOXIE::Vector2::operator-(void)const __ptr64
1223	??GVector3@MOXIE@@QEBA?BV01@AEBV01@@Z	public: class MOXIE::Vector3 const __cdecl MOXIE::Vector3::operator-(class MOXIE::Vector3 const & __ptr64)const __ptr64
1224	??GVector3@MOXIE@@QEBA?BV01@XZ	public: class MOXIE::Vector3 const __cdecl MOXIE::Vector3::operator-(void)const __ptr64
1225	??GVector4@MOXIE@@QEBA?BV01@AEBV01@@Z	public: class MOXIE::Vector4 const __cdecl MOXIE::Vector4::operator-(class MOXIE::Vector4 const & __ptr64)const __ptr64
1226	??GVector4@MOXIE@@QEBA?BV01@XZ	public: class MOXIE::Vector4 const __cdecl MOXIE::Vector4::operator-(void)const __ptr64
1227	??HMatrix3@MOXIE@@QEBA?BV01@AEBV01@@Z	public: class MOXIE::Matrix3 const __cdecl MOXIE::Matrix3::operator+(class MOXIE::Matrix3 const & __ptr64)const __ptr64
1228	??HMatrix4@MOXIE@@QEBA?BV01@AEBV01@@Z	public: class MOXIE::Matrix4 const __cdecl MOXIE::Matrix4::operator+(class MOXIE::Matrix4 const & __ptr64)const __ptr64
1229	??HPoint@MOXIE@@QEBA?BV01@AEBV01@@Z	public: class MOXIE::Point const __cdecl MOXIE::Point::operator+(class MOXIE::Point const & __ptr64)const __ptr64
1230	??HString@MOXIE@@QEBA?AV01@AEBV01@@Z	public: class MOXIE::String __cdecl MOXIE::String::operator+(class MOXIE::String const & __ptr64)const __ptr64
1231	??HVector2@MOXIE@@QEBA?BV01@AEBV01@@Z	public: class MOXIE::Vector2 const __cdecl MOXIE::Vector2::operator+(class MOXIE::Vector2 const & __ptr64)const __ptr64
1232	??HVector3@MOXIE@@QEBA?BV01@AEBV01@@Z	public: class MOXIE::Vector3 const __cdecl MOXIE::Vector3::operator+(class MOXIE::Vector3 const & __ptr64)const __ptr64
1233	??HVector4@MOXIE@@QEBA?BV01@AEBV01@@Z	public: class MOXIE::Vector4 const __cdecl MOXIE::Vector4::operator+(class MOXIE::Vector4 const & __ptr64)const __ptr64
1234	??KMatrix3@MOXIE@@QEBA?BV01@AEBM@Z	public: class MOXIE::Matrix3 const __cdecl MOXIE::Matrix3::operator/(float const & __ptr64)const __ptr64
1235	??KMatrix4@MOXIE@@QEBA?BV01@AEBM@Z	public: class MOXIE::Matrix4 const __cdecl MOXIE::Matrix4::operator/(float const & __ptr64)const __ptr64
1236	??KVector2@MOXIE@@QEBA?BV01@AEBM@Z	public: class MOXIE::Vector2 const __cdecl MOXIE::Vector2::operator/(float const & __ptr64)const __ptr64
1237	??KVector3@MOXIE@@QEBA?BV01@AEBM@Z	public: class MOXIE::Vector3 const __cdecl MOXIE::Vector3::operator/(float const & __ptr64)const __ptr64
1238	??KVector3@MOXIE@@QEBA?BV01@AEBV01@@Z	public: class MOXIE::Vector3 const __cdecl MOXIE::Vector3::operator/(class MOXIE::Vector3 const & __ptr64)const __ptr64
1239	??KVector4@MOXIE@@QEBA?BV01@AEBM@Z	public: class MOXIE::Vector4 const __cdecl MOXIE::Vector4::operator/(float const & __ptr64)const __ptr64
1240	??RMatrix3@MOXIE@@QEAAAEAMII@Z	public: float & __ptr64 __cdecl MOXIE::Matrix3::operator()(unsigned int,unsigned int) __ptr64
1241	??RMatrix3@MOXIE@@QEBAAEBMII@Z	public: float const & __ptr64 __cdecl MOXIE::Matrix3::operator()(unsigned int,unsigned int)const __ptr64
1242	??RPoint@MOXIE@@QEAAAEAHI@Z	public: int & __ptr64 __cdecl MOXIE::Point::operator()(unsigned int) __ptr64
1243	??RPoint@MOXIE@@QEBAAEBHI@Z	public: int const & __ptr64 __cdecl MOXIE::Point::operator()(unsigned int)const __ptr64
1244	??RVector2@MOXIE@@QEAAAEAMI@Z	public: float & __ptr64 __cdecl MOXIE::Vector2::operator()(unsigned int) __ptr64
1245	??RVector2@MOXIE@@QEBAAEBMI@Z	public: float const & __ptr64 __cdecl MOXIE::Vector2::operator()(unsigned int)const __ptr64
1246	??RVector4@MOXIE@@QEAAAEAMI@Z	public: float & __ptr64 __cdecl MOXIE::Vector4::operator()(unsigned int) __ptr64
1247	??RVector4@MOXIE@@QEBAAEBMI@Z	public: float const & __ptr64 __cdecl MOXIE::Vector4::operator()(unsigned int)const __ptr64
1248	??XMatrix3@MOXIE@@QEAAAEBV01@AEBM@Z	public: class MOXIE::Matrix3 const & __ptr64 __cdecl MOXIE::Matrix3::operator*=(float const & __ptr64) __ptr64
1249	??XMatrix3@MOXIE@@QEAAAEBV01@AEBV01@@Z	public: class MOXIE::Matrix3 const & __ptr64 __cdecl MOXIE::Matrix3::operator*=(class MOXIE::Matrix3 const & __ptr64) __ptr64
1250	??XMatrix4@MOXIE@@QEAAAEBV01@AEBM@Z	public: class MOXIE::Matrix4 const & __ptr64 __cdecl MOXIE::Matrix4::operator*=(float const & __ptr64) __ptr64
1251	??XMatrix4@MOXIE@@QEAAAEBV01@AEBV01@@Z	public: class MOXIE::Matrix4 const & __ptr64 __cdecl MOXIE::Matrix4::operator*=(class MOXIE::Matrix4 const & __ptr64) __ptr64
1252	??XQuaternion@MOXIE@@QEAAAEBV01@AEBV01@@Z	public: class MOXIE::Quaternion const & __ptr64 __cdecl MOXIE::Quaternion::operator*=(class MOXIE::Quaternion const & __ptr64) __ptr64
1253	??XTransform@MOXIE@@QEAAAEBV01@AEBV01@@Z	public: class MOXIE::Transform const & __ptr64 __cdecl MOXIE::Transform::operator*=(class MOXIE::Transform const & __ptr64) __ptr64
1254	??XVector2@MOXIE@@QEAAAEBV01@AEBM@Z	public: class MOXIE::Vector2 const & __ptr64 __cdecl MOXIE::Vector2::operator*=(float const & __ptr64) __ptr64
1255	??XVector2@MOXIE@@QEAAAEBV01@AEBV01@@Z	public: class MOXIE::Vector2 const & __ptr64 __cdecl MOXIE::Vector2::operator*=(class MOXIE::Vector2 const & __ptr64) __ptr64
1256	??XVector3@MOXIE@@QEAAAEBV01@AEBM@Z	public: class MOXIE::Vector3 const & __ptr64 __cdecl MOXIE::Vector3::operator*=(float const & __ptr64) __ptr64
1257	??XVector3@MOXIE@@QEAAAEBV01@AEBV01@@Z	public: class MOXIE::Vector3 const & __ptr64 __cdecl MOXIE::Vector3::operator*=(class MOXIE::Vector3 const & __ptr64) __ptr64
1258	??XVector4@MOXIE@@QEAAAEBV01@AEBM@Z	public: class MOXIE::Vector4 const & __ptr64 __cdecl MOXIE::Vector4::operator*=(float const & __ptr64) __ptr64
1259	??XVector4@MOXIE@@QEAAAEBV01@AEBV01@@Z	public: class MOXIE::Vector4 const & __ptr64 __cdecl MOXIE::Vector4::operator*=(class MOXIE::Vector4 const & __ptr64) __ptr64
1260	??YMatrix3@MOXIE@@QEAAAEBV01@AEBV01@@Z	public: class MOXIE::Matrix3 const & __ptr64 __cdecl MOXIE::Matrix3::operator+=(class MOXIE::Matrix3 const & __ptr64) __ptr64
1261	??YMatrix4@MOXIE@@QEAAAEBV01@AEBV01@@Z	public: class MOXIE::Matrix4 const & __ptr64 __cdecl MOXIE::Matrix4::operator+=(class MOXIE::Matrix4 const & __ptr64) __ptr64
1262	??YPoint@MOXIE@@QEAAAEBV01@AEBV01@@Z	public: class MOXIE::Point const & __ptr64 __cdecl MOXIE::Point::operator+=(class MOXIE::Point const & __ptr64) __ptr64
1263	??YString@MOXIE@@QEAAAEBV01@AEBV01@@Z	public: class MOXIE::String const & __ptr64 __cdecl MOXIE::String::operator+=(class MOXIE::String const & __ptr64) __ptr64
1264	??YVector2@MOXIE@@QEAAAEBV01@AEBV01@@Z	public: class MOXIE::Vector2 const & __ptr64 __cdecl MOXIE::Vector2::operator+=(class MOXIE::Vector2 const & __ptr64) __ptr64
1265	??YVector3@MOXIE@@QEAAAEBV01@AEBV01@@Z	public: class MOXIE::Vector3 const & __ptr64 __cdecl MOXIE::Vector3::operator+=(class MOXIE::Vector3 const & __ptr64) __ptr64
1266	??YVector4@MOXIE@@QEAAAEBV01@AEBV01@@Z	public: class MOXIE::Vector4 const & __ptr64 __cdecl MOXIE::Vector4::operator+=(class MOXIE::Vector4 const & __ptr64) __ptr64
1267	??ZMatrix3@MOXIE@@QEAAAEBV01@AEBV01@@Z	public: class MOXIE::Matrix3 const & __ptr64 __cdecl MOXIE::Matrix3::operator-=(class MOXIE::Matrix3 const & __ptr64) __ptr64
1268	??ZMatrix4@MOXIE@@QEAAAEBV01@AEBV01@@Z	public: class MOXIE::Matrix4 const & __ptr64 __cdecl MOXIE::Matrix4::operator-=(class MOXIE::Matrix4 const & __ptr64) __ptr64
1269	??ZPoint@MOXIE@@QEAAAEBV01@AEBV01@@Z	public: class MOXIE::Point const & __ptr64 __cdecl MOXIE::Point::operator-=(class MOXIE::Point const & __ptr64) __ptr64
1270	??ZVector2@MOXIE@@QEAAAEBV01@AEBV01@@Z	public: class MOXIE::Vector2 const & __ptr64 __cdecl MOXIE::Vector2::operator-=(class MOXIE::Vector2 const & __ptr64) __ptr64
1271	??ZVector3@MOXIE@@QEAAAEBV01@AEBV01@@Z	public: class MOXIE::Vector3 const & __ptr64 __cdecl MOXIE::Vector3::operator-=(class MOXIE::Vector3 const & __ptr64) __ptr64
1272	??ZVector4@MOXIE@@QEAAAEBV01@AEBV01@@Z	public: class MOXIE::Vector4 const & __ptr64 __cdecl MOXIE::Vector4::operator-=(class MOXIE::Vector4 const & __ptr64) __ptr64
1273	??_0Matrix3@MOXIE@@QEAAAEBV01@AEBM@Z	public: class MOXIE::Matrix3 const & __ptr64 __cdecl MOXIE::Matrix3::operator/=(float const & __ptr64) __ptr64
1274	??_0Matrix4@MOXIE@@QEAAAEBV01@AEBM@Z	public: class MOXIE::Matrix4 const & __ptr64 __cdecl MOXIE::Matrix4::operator/=(float const & __ptr64) __ptr64
1275	??_0Vector2@MOXIE@@QEAAAEBV01@AEBM@Z	public: class MOXIE::Vector2 const & __ptr64 __cdecl MOXIE::Vector2::operator/=(float const & __ptr64) __ptr64
1276	??_0Vector3@MOXIE@@QEAAAEBV01@AEBM@Z	public: class MOXIE::Vector3 const & __ptr64 __cdecl MOXIE::Vector3::operator/=(float const & __ptr64) __ptr64
1277	??_0Vector4@MOXIE@@QEAAAEBV01@AEBM@Z	public: class MOXIE::Vector4 const & __ptr64 __cdecl MOXIE::Vector4::operator/=(float const & __ptr64) __ptr64
1278	??_7?$EngineService@VAnalyticsManager@MOXIE@@@MOXIE@@6B@	const MOXIE::EngineService<class MOXIE::AnalyticsManager>::`vftable'
1279	??_7?$EngineService@VAudioDevice@MOXIE@@@MOXIE@@6B@	const MOXIE::EngineService<class MOXIE::AudioDevice>::`vftable'
1280	??_7?$EngineService@VAudioManager@MOXIE@@@MOXIE@@6B@	const MOXIE::EngineService<class MOXIE::AudioManager>::`vftable'
1281	??_7?$EngineService@VAudioSystem@MOXIE@@@MOXIE@@6B@	const MOXIE::EngineService<class MOXIE::AudioSystem>::`vftable'
1282	??_7?$EngineService@VEnableManager@MOXIE@@@MOXIE@@6B@	const MOXIE::EngineService<class MOXIE::EnableManager>::`vftable'
1283	??_7?$EngineService@VInputManager@MOXIE@@@MOXIE@@6B@	const MOXIE::EngineService<class MOXIE::InputManager>::`vftable'
1284	??_7?$EngineService@VPhysicsManager@MOXIE@@@MOXIE@@6B@	const MOXIE::EngineService<class MOXIE::PhysicsManager>::`vftable'
1285	??_7?$EngineService@VRenderDebug@MOXIE@@@MOXIE@@6B@	const MOXIE::EngineService<class MOXIE::RenderDebug>::`vftable'
1286	??_7?$EngineService@VRenderDevice@MOXIE@@@MOXIE@@6B@	const MOXIE::EngineService<class MOXIE::RenderDevice>::`vftable'
1287	??_7?$EngineService@VRenderManager@MOXIE@@@MOXIE@@6B@	const MOXIE::EngineService<class MOXIE::RenderManager>::`vftable'
1288	??_7?$EngineService@VReplayManager@MOXIE@@@MOXIE@@6B@	const MOXIE::EngineService<class MOXIE::ReplayManager>::`vftable'
1289	??_7?$EngineService@VResourceManager@MOXIE@@@MOXIE@@6B@	const MOXIE::EngineService<class MOXIE::ResourceManager>::`vftable'
1290	??_7?$EngineService@VSceneManager@MOXIE@@@MOXIE@@6B@	const MOXIE::EngineService<class MOXIE::SceneManager>::`vftable'
1291	??_7?$EngineService@VScriptManager@MOXIE@@@MOXIE@@6B@	const MOXIE::EngineService<class MOXIE::ScriptManager>::`vftable'
1292	??_7?$EngineService@VSensorManager@MOXIE@@@MOXIE@@6B@	const MOXIE::EngineService<class MOXIE::SensorManager>::`vftable'
1293	??_7?$EngineService@VStatManager@MOXIE@@@MOXIE@@6B@	const MOXIE::EngineService<class MOXIE::StatManager>::`vftable'
1294	??_7?$EngineService@VUriManager@MOXIE@@@MOXIE@@6B@	const MOXIE::EngineService<class MOXIE::UriManager>::`vftable'
1295	??_7?$EngineService@VVideoCubeManager@MOXIE@@@MOXIE@@6B@	const MOXIE::EngineService<class MOXIE::VideoCubeManager>::`vftable'
1296	??_7?$Service@VAnalyticsManager@MOXIE@@@MOXIE@@6B@	const MOXIE::Service<class MOXIE::AnalyticsManager>::`vftable'
1297	??_7?$Service@VAudioDevice@MOXIE@@@MOXIE@@6B@	const MOXIE::Service<class MOXIE::AudioDevice>::`vftable'
1298	??_7?$Service@VAudioManager@MOXIE@@@MOXIE@@6B@	const MOXIE::Service<class MOXIE::AudioManager>::`vftable'
1299	??_7?$Service@VAudioSystem@MOXIE@@@MOXIE@@6B@	const MOXIE::Service<class MOXIE::AudioSystem>::`vftable'
1300	??_7?$Service@VEnableManager@MOXIE@@@MOXIE@@6B@	const MOXIE::Service<class MOXIE::EnableManager>::`vftable'
1301	??_7?$Service@VGlobalTime@MOXIE@@@MOXIE@@6B@	const MOXIE::Service<class MOXIE::GlobalTime>::`vftable'
1302	??_7?$Service@VInputManager@MOXIE@@@MOXIE@@6B@	const MOXIE::Service<class MOXIE::InputManager>::`vftable'
1303	??_7?$Service@VPhysicsManager@MOXIE@@@MOXIE@@6B@	const MOXIE::Service<class MOXIE::PhysicsManager>::`vftable'
1304	??_7?$Service@VRenderDebug@MOXIE@@@MOXIE@@6B@	const MOXIE::Service<class MOXIE::RenderDebug>::`vftable'
1305	??_7?$Service@VRenderDevice@MOXIE@@@MOXIE@@6B@	const MOXIE::Service<class MOXIE::RenderDevice>::`vftable'
1306	??_7?$Service@VRenderManager@MOXIE@@@MOXIE@@6B@	const MOXIE::Service<class MOXIE::RenderManager>::`vftable'
1307	??_7?$Service@VReplayManager@MOXIE@@@MOXIE@@6B@	const MOXIE::Service<class MOXIE::ReplayManager>::`vftable'
1308	??_7?$Service@VResourceManager@MOXIE@@@MOXIE@@6B@	const MOXIE::Service<class MOXIE::ResourceManager>::`vftable'
1309	??_7?$Service@VSceneManager@MOXIE@@@MOXIE@@6B@	const MOXIE::Service<class MOXIE::SceneManager>::`vftable'
1310	??_7?$Service@VScriptManager@MOXIE@@@MOXIE@@6B@	const MOXIE::Service<class MOXIE::ScriptManager>::`vftable'
1311	??_7?$Service@VSensorManager@MOXIE@@@MOXIE@@6B@	const MOXIE::Service<class MOXIE::SensorManager>::`vftable'
1312	??_7?$Service@VStatManager@MOXIE@@@MOXIE@@6B@	const MOXIE::Service<class MOXIE::StatManager>::`vftable'
1313	??_7?$Service@VUriManager@MOXIE@@@MOXIE@@6B@	const MOXIE::Service<class MOXIE::UriManager>::`vftable'
1314	??_7?$Service@VVideoCubeManager@MOXIE@@@MOXIE@@6B@	const MOXIE::Service<class MOXIE::VideoCubeManager>::`vftable'
1315	??_7AnalyticsManager@MOXIE@@6B@	const MOXIE::AnalyticsManager::`vftable'
1316	??_7AnimMixer@MOXIE@@6B@	const MOXIE::AnimMixer::`vftable'
1317	??_7AnimResource@MOXIE@@6B@	const MOXIE::AnimResource::`vftable'
1318	??_7Animator@MOXIE@@6B@	const MOXIE::Animator::`vftable'
1319	??_7Application@MOXIE@@6B@	const MOXIE::Application::`vftable'
1320	??_7AudEmitter@MOXIE@@6B@	const MOXIE::AudEmitter::`vftable'
1321	??_7AudPlayer@MOXIE@@6B@	const MOXIE::AudPlayer::`vftable'
1322	??_7AudResource@MOXIE@@6B@	const MOXIE::AudResource::`vftable'
1323	??_7AudServices@MOXIE@@6B@	const MOXIE::AudServices::`vftable'
1324	??_7AudioData@MOXIE@@6B@	const MOXIE::AudioData::`vftable'
1325	??_7AudioDataMaux@MOXIE@@6B@	const MOXIE::AudioDataMaux::`vftable'
1326	??_7AudioDataSource@MOXIE@@6B@	const MOXIE::AudioDataSource::`vftable'
1327	??_7AudioDevice@MOXIE@@6B@	const MOXIE::AudioDevice::`vftable'
1328	??_7AudioEmitter3D@MOXIE@@6B@	const MOXIE::AudioEmitter3D::`vftable'
1329	??_7AudioEmitter@MOXIE@@6B@	const MOXIE::AudioEmitter::`vftable'
1330	??_7AudioManager@MOXIE@@6B@	const MOXIE::AudioManager::`vftable'
1331	??_7AudioPlayer@MOXIE@@6B@	const MOXIE::AudioPlayer::`vftable'
1332	??_7AudioPlayerMaux@MOXIE@@6B@	const MOXIE::AudioPlayerMaux::`vftable'
1333	??_7AudioResource@MOXIE@@6B@	const MOXIE::AudioResource::`vftable'
1334	??_7AudioSystem@MOXIE@@6B@	const MOXIE::AudioSystem::`vftable'
1335	??_7BobberField@MOXIE@@6B@	const MOXIE::BobberField::`vftable'
1336	??_7BufferObject@MOXIE@@6B@	const MOXIE::BufferObject::`vftable'
1337	??_7DefaultAnimMixer@MOXIE@@6B@	const MOXIE::DefaultAnimMixer::`vftable'
1338	??_7EnableManager@MOXIE@@6B@	const MOXIE::EnableManager::`vftable'
1339	??_7FileStream@MOXIE@@6B@	const MOXIE::FileStream::`vftable'
1340	??_7FileSystem@MOXIE@@6B@	const MOXIE::FileSystem::`vftable'
1341	??_7FlipbookResource@MOXIE@@6B@	const MOXIE::FlipbookResource::`vftable'
1342	??_7Font@MOXIE@@6B@	const MOXIE::Font::`vftable'
1343	??_7FontMap@MOXIE@@6B@	const MOXIE::FontMap::`vftable'
1344	??_7FontResource@MOXIE@@6B@	const MOXIE::FontResource::`vftable'
1345	??_7ForceField@MOXIE@@6B@	const MOXIE::ForceField::`vftable'
1346	??_7GlobalTime@MOXIE@@6B@	const MOXIE::GlobalTime::`vftable'
1347	??_7IJob@MOXIE@@6B@	const MOXIE::IJob::`vftable'
1348	??_7IService@MOXIE@@6B@	const MOXIE::IService::`vftable'
1349	??_7IndexBuffer@MOXIE@@6B@	const MOXIE::IndexBuffer::`vftable'
1350	??_7InputManager@MOXIE@@6B@	const MOXIE::InputManager::`vftable'
1351	??_7LAllocator@MOXIE@@6B@	const MOXIE::LAllocator::`vftable'
1352	??_7LApi@MOXIE@@6B@	const MOXIE::LApi::`vftable'
1353	??_7LApiActorClampLayer@duet@@6B@	const duet::LApiActorClampLayer::`vftable'
1354	??_7LApiActorMover@duet@@6B@	const duet::LApiActorMover::`vftable'
1355	??_7LApiActorMoverLayer@duet@@6B@	const duet::LApiActorMoverLayer::`vftable'
1356	??_7LApiActorVignette@duet@@6B@	const duet::LApiActorVignette::`vftable'
1357	??_7LApiActorsLayer@duet@@6B@	const duet::LApiActorsLayer::`vftable'
1358	??_7LApiBoomLayer@duet@@6B@	const duet::LApiBoomLayer::`vftable'
1359	??_7LApiBoundsLayer@duet@@6B@	const duet::LApiBoundsLayer::`vftable'
1360	??_7LApiCameraRig@duet@@6B@	const duet::LApiCameraRig::`vftable'
1361	??_7LApiDuet@duet@@6B@	const duet::LApiDuet::`vftable'
1362	??_7LApiDuetScene@duet@@6B@	const duet::LApiDuetScene::`vftable'
1363	??_7LApiFlipbookDriver@duet@@6B@	const duet::LApiFlipbookDriver::`vftable'
1364	??_7LApiGlowAlpha@duet@@6B@	const duet::LApiGlowAlpha::`vftable'
1365	??_7LApiGlowFader@duet@@6B@	const duet::LApiGlowFader::`vftable'
1366	??_7LApiInputLayer@duet@@6B@	const duet::LApiInputLayer::`vftable'
1367	??_7LApiIntroEnvControl@duet@@6B@	const duet::LApiIntroEnvControl::`vftable'
1368	??_7LApiLookAtDetector@duet@@6B@	const duet::LApiLookAtDetector::`vftable'
1369	??_7LApiLookAtLayer@duet@@6B@	const duet::LApiLookAtLayer::`vftable'
1370	??_7LApiMasterBlender@duet@@6B@	const duet::LApiMasterBlender::`vftable'
1371	??_7LApiParticlesController@duet@@6B@	const duet::LApiParticlesController::`vftable'
1372	??_7LApiProxyLayer@duet@@6B@	const duet::LApiProxyLayer::`vftable'
1373	??_7LApiSegmentManager@duet@@6B@	const duet::LApiSegmentManager::`vftable'
1374	??_7LApiSoftTrack@duet@@6B@	const duet::LApiSoftTrack::`vftable'
1375	??_7LApiStarBlendLayer@duet@@6B@	const duet::LApiStarBlendLayer::`vftable'
1376	??_7LApiTrackingLayer@duet@@6B@	const duet::LApiTrackingLayer::`vftable'
1377	??_7LApiTrackingManager@duet@@6B@	const duet::LApiTrackingManager::`vftable'
1378	??_7LApiTrackingTarget@duet@@6B@	const duet::LApiTrackingTarget::`vftable'
1379	??_7LApiUtil@duet@@6B@	const duet::LApiUtil::`vftable'
1380	??_7LApplication@MOXIE@@6B@	const MOXIE::LApplication::`vftable'
1381	??_7LBlockAllocator@MOXIE@@6B@	const MOXIE::LBlockAllocator::`vftable'
1382	??_7LComponent@MOXIE@@6B@	const MOXIE::LComponent::`vftable'
1383	??_7LEnvMoxie@MOXIE@@6B@	const MOXIE::LEnvMoxie::`vftable'
1384	??_7LEnvironment@MOXIE@@6B@	const MOXIE::LEnvironment::`vftable'
1385	??_7LocalFileSystem@MOXIE@@6B@	const MOXIE::LocalFileSystem::`vftable'
1386	??_7MemoryStream@MOXIE@@6B@	const MOXIE::MemoryStream::`vftable'
1387	??_7ModelResource@MOXIE@@6B@	const MOXIE::ModelResource::`vftable'
1388	??_7NetworkFileSystem@MOXIE@@6B@	const MOXIE::NetworkFileSystem::`vftable'
1389	??_7OggVorbisDecoder@MOXIE@@6B@	const MOXIE::OggVorbisDecoder::`vftable'
1390	??_7ParticleCollider@MOXIE@@6B@	const MOXIE::ParticleCollider::`vftable'
1391	??_7ParticleField@MOXIE@@6B@	const MOXIE::ParticleField::`vftable'
1392	??_7ParticleSystemResource@MOXIE@@6B@	const MOXIE::ParticleSystemResource::`vftable'
1393	??_7PcmDecoder@MOXIE@@6B@	const MOXIE::PcmDecoder::`vftable'
1394	??_7PhysicsManager@MOXIE@@6B@	const MOXIE::PhysicsManager::`vftable'
1395	??_7PlaneCollider@MOXIE@@6B@	const MOXIE::PlaneCollider::`vftable'
1396	??_7PlatformAudioDriver@MOXIE@@6B@	const MOXIE::PlatformAudioDriver::`vftable'
1397	??_7PlatformAudioDriverDirectSound@MOXIE@@6B@	const MOXIE::PlatformAudioDriverDirectSound::`vftable'
1398	??_7Player@MOXIE@@6B@	const MOXIE::Player::`vftable'
1399	??_7RefCount@MOXIE@@6B@	const MOXIE::RefCount::`vftable'
1400	??_7RenderBuffer@MOXIE@@6B@	const MOXIE::RenderBuffer::`vftable'
1401	??_7RenderContext@MOXIE@@6B@	const MOXIE::RenderContext::`vftable'
1402	??_7RenderDebug@MOXIE@@6B@	const MOXIE::RenderDebug::`vftable'
1403	??_7RenderDevice@MOXIE@@6B@	const MOXIE::RenderDevice::`vftable'
1404	??_7RenderDeviceGL@MOXIE@@6B@	const MOXIE::RenderDeviceGL::`vftable'
1405	??_7RenderManager@MOXIE@@6B@	const MOXIE::RenderManager::`vftable'
1406	??_7RenderSurface@MOXIE@@6B@	const MOXIE::RenderSurface::`vftable'
1407	??_7RenderTarget@MOXIE@@6B@	const MOXIE::RenderTarget::`vftable'
1408	??_7ReplayManager@MOXIE@@6B@	const MOXIE::ReplayManager::`vftable'
1409	??_7Resource@MOXIE@@6B@	const MOXIE::Resource::`vftable'
1410	??_7ResourceManager@MOXIE@@6B@	const MOXIE::ResourceManager::`vftable'
1411	??_7RiffDiver@MOXIE@@6B@	const MOXIE::RiffDiver::`vftable'
1412	??_7SGAnimator@MOXIE@@6BAnimator@1@@	const MOXIE::SGAnimator::`vftable'{for `MOXIE::Animator'}
1413	??_7SGAnimator@MOXIE@@6BSGComponent@1@@	const MOXIE::SGAnimator::`vftable'{for `MOXIE::SGComponent'}
1414	??_7SGCamera@MOXIE@@6B@	const MOXIE::SGCamera::`vftable'
1415	??_7SGCameraController@MOXIE@@6B@	const MOXIE::SGCameraController::`vftable'
1416	??_7SGComponent@MOXIE@@6B@	const MOXIE::SGComponent::`vftable'
1417	??_7SGDebugCameraController@MOXIE@@6B@	const MOXIE::SGDebugCameraController::`vftable'
1418	??_7SGFlipbookDriver@MOXIE@@6B@	const MOXIE::SGFlipbookDriver::`vftable'
1419	??_7SGGroup@MOXIE@@6B@	const MOXIE::SGGroup::`vftable'
1420	??_7SGLight@MOXIE@@6B@	const MOXIE::SGLight::`vftable'
1421	??_7SGMaterial@MOXIE@@6B@	const MOXIE::SGMaterial::`vftable'
1422	??_7SGModelInstance@MOXIE@@6B@	const MOXIE::SGModelInstance::`vftable'
1423	??_7SGNode@MOXIE@@6B@	const MOXIE::SGNode::`vftable'
1424	??_7SGParticleEmitter@MOXIE@@6B@	const MOXIE::SGParticleEmitter::`vftable'
1425	??_7SGReplay@MOXIE@@6B@	const MOXIE::SGReplay::`vftable'
1426	??_7SGTransform@MOXIE@@6B@	const MOXIE::SGTransform::`vftable'
1427	??_7SGVideoCubePlayer@MOXIE@@6B@	const MOXIE::SGVideoCubePlayer::`vftable'
1428	??_7SceneGraphResource@MOXIE@@6B@	const MOXIE::SceneGraphResource::`vftable'
1429	??_7SceneManager@MOXIE@@6B@	const MOXIE::SceneManager::`vftable'
1430	??_7ScriptManager@MOXIE@@6B@	const MOXIE::ScriptManager::`vftable'
1431	??_7SensorManager@MOXIE@@6B@	const MOXIE::SensorManager::`vftable'
1432	??_7Shader@MOXIE@@6B@	const MOXIE::Shader::`vftable'
1433	??_7ShaderFxCompiler@MOXIE@@6B@	const MOXIE::ShaderFxCompiler::`vftable'
1434	??_7ShaderFxResource@MOXIE@@6B@	const MOXIE::ShaderFxResource::`vftable'
1435	??_7StatManager@MOXIE@@6B@	const MOXIE::StatManager::`vftable'
1436	??_7StoryPlayer@MOXIE@@6B@	const MOXIE::StoryPlayer::`vftable'
1437	??_7Stream@MOXIE@@6B@	const MOXIE::Stream::`vftable'
1438	??_7Texture2D@MOXIE@@6B@	const MOXIE::Texture2D::`vftable'
1439	??_7Texture2DArray@MOXIE@@6B@	const MOXIE::Texture2DArray::`vftable'
1440	??_7Texture@MOXIE@@6B@	const MOXIE::Texture::`vftable'
1441	??_7TextureCubeMap@MOXIE@@6B@	const MOXIE::TextureCubeMap::`vftable'
1442	??_7TextureResource@MOXIE@@6B@	const MOXIE::TextureResource::`vftable'
1443	??_7TextureVideo@MOXIE@@6B@	const MOXIE::TextureVideo::`vftable'
1444	??_7Thread@MOXIE@@6B@	const MOXIE::Thread::`vftable'
1445	??_7TornadoField@MOXIE@@6B@	const MOXIE::TornadoField::`vftable'
1446	??_7TurbulenceField2D@MOXIE@@6B@	const MOXIE::TurbulenceField2D::`vftable'
1447	??_7TurbulenceField3D@MOXIE@@6B@	const MOXIE::TurbulenceField3D::`vftable'
1448	??_7UriManager@MOXIE@@6B@	const MOXIE::UriManager::`vftable'
1449	??_7VertexBuffer@MOXIE@@6B@	const MOXIE::VertexBuffer::`vftable'
1450	??_7VideoCubeManager@MOXIE@@6B@	const MOXIE::VideoCubeManager::`vftable'
1451	??_7VideoCubeResource@MOXIE@@6B@	const MOXIE::VideoCubeResource::`vftable'
1452	??_7VortexField@MOXIE@@6B@	const MOXIE::VortexField::`vftable'
1453	??_FBuffer@MOXIE@@QEAAXXZ	public: void __cdecl MOXIE::Buffer::`default constructor closure'(void) __ptr64
1454	??_FGUITexture@MOXIE@@QEAAXXZ	public: void __cdecl MOXIE::GUITexture::`default constructor closure'(void) __ptr64
1455	??_FMemoryStream@MOXIE@@QEAAXXZ	public: void __cdecl MOXIE::MemoryStream::`default constructor closure'(void) __ptr64
1456	??_FMutex@MOXIE@@QEAAXXZ	public: void __cdecl MOXIE::Mutex::`default constructor closure'(void) __ptr64
1457	??_FSceneGraph@MOXIE@@QEAAXXZ	public: void __cdecl MOXIE::SceneGraph::`default constructor closure'(void) __ptr64
1458	??_FString@MOXIE@@QEAAXXZ	public: void __cdecl MOXIE::String::`default constructor closure'(void) __ptr64
1459	??_FTime@MOXIE@@QEAAXXZ	public: void __cdecl MOXIE::Time::`default constructor closure'(void) __ptr64
1460	??_FViewport@MOXIE@@QEAAXXZ	public: void __cdecl MOXIE::Viewport::`default constructor closure'(void) __ptr64
1461	?Alloc@StackAllocator@MOXIE@@QEAAPEAXI@Z	public: void * __ptr64 __cdecl MOXIE::StackAllocator::Alloc(unsigned int) __ptr64
1462	?BuildGlowParameters@LApiActorVignette@duet@@CAXXZ	private: static void __cdecl duet::LApiActorVignette::BuildGlowParameters(void)
1463	?DEFAULT@Particle@MOXIE@@2U12@A	public: static struct MOXIE::Particle MOXIE::Particle::DEFAULT
1464	?DEFAULT@ParticleDefinition@MOXIE@@2U12@A	public: static struct MOXIE::ParticleDefinition MOXIE::ParticleDefinition::DEFAULT
1465	?DEFAULT@RenderState@MOXIE@@2U12@A	public: static struct MOXIE::RenderState MOXIE::RenderState::DEFAULT
1466	?DEFAULT@Style@MOXIE@@2U12@A	public: static struct MOXIE::Style MOXIE::Style::DEFAULT
1467	?Destroy@LApiGlowAlpha@duet@@SAHPEAUlua_State@@@Z	public: static int __cdecl duet::LApiGlowAlpha::Destroy(struct lua_State * __ptr64)
1468	?Destroy@LApiGlowFader@duet@@SAHPEAUlua_State@@@Z	public: static int __cdecl duet::LApiGlowFader::Destroy(struct lua_State * __ptr64)
1469	?Destroy@LApiMasterBlender@duet@@SAHPEAUlua_State@@@Z	public: static int __cdecl duet::LApiMasterBlender::Destroy(struct lua_State * __ptr64)
1470	?Free@StackAllocator@MOXIE@@QEAAXXZ	public: void __cdecl MOXIE::StackAllocator::Free(void) __ptr64
1471	?Free@StackAllocator@MOXIE@@QEAA_NPEBX_N@Z	public: bool __cdecl MOXIE::StackAllocator::Free(void const * __ptr64,bool) __ptr64
1472	?Init@StackAllocator@MOXIE@@QEAAXII@Z	public: void __cdecl MOXIE::StackAllocator::Init(unsigned int,unsigned int) __ptr64
1473	?Memory@StackAllocator@MOXIE@@QEAAPEAXXZ	public: void * __ptr64 __cdecl MOXIE::StackAllocator::Memory(void) __ptr64
1474	?OVMETA_EXTENSION@OggVorbisMetadata@MOXIE@@2PEBDEB	public: static char const * __ptr64 const __ptr64 MOXIE::OggVorbisMetadata::OVMETA_EXTENSION
1475	?OVMETA_MAGIC@OggVorbisMetadata@MOXIE@@2QBDB	public: static char const * const MOXIE::OggVorbisMetadata::OVMETA_MAGIC
1476	?OVMETA_READ_START@OggVorbisMetadata@MOXIE@@2IB	public: static unsigned int const MOXIE::OggVorbisMetadata::OVMETA_READ_START
1477	?OVMETA_VERSION@OggVorbisMetadata@MOXIE@@2IB	public: static unsigned int const MOXIE::OggVorbisMetadata::OVMETA_VERSION
1478	?Realloc@StackAllocator@MOXIE@@QEAAPEAXPEBXI@Z	public: void * __ptr64 __cdecl MOXIE::StackAllocator::Realloc(void const * __ptr64,unsigned int) __ptr64
1479	?SegmentPlaying@LApiMasterBlender@duet@@SAHPEAUlua_State@@@Z	public: static int __cdecl duet::LApiMasterBlender::SegmentPlaying(struct lua_State * __ptr64)
1480	?Shutdown@StackAllocator@MOXIE@@QEAAXXZ	public: void __cdecl MOXIE::StackAllocator::Shutdown(void) __ptr64
1481	?Size@StackAllocator@MOXIE@@QEAAIXZ	public: unsigned int __cdecl MOXIE::StackAllocator::Size(void) __ptr64
1482	?Start@LApiGlowAlpha@duet@@SAHPEAUlua_State@@@Z	public: static int __cdecl duet::LApiGlowAlpha::Start(struct lua_State * __ptr64)
1483	?Start@LApiGlowFader@duet@@SAHPEAUlua_State@@@Z	public: static int __cdecl duet::LApiGlowFader::Start(struct lua_State * __ptr64)
1484	?Start@LApiMasterBlender@duet@@SAHPEAUlua_State@@@Z	public: static int __cdecl duet::LApiMasterBlender::Start(struct lua_State * __ptr64)
1485	?Update@LApiGlowAlpha@duet@@SAHPEAUlua_State@@@Z	public: static int __cdecl duet::LApiGlowAlpha::Update(struct lua_State * __ptr64)
1486	?Update@LApiGlowFader@duet@@SAHPEAUlua_State@@@Z	public: static int __cdecl duet::LApiGlowFader::Update(struct lua_State * __ptr64)
1487	?Update@LApiMasterBlender@duet@@SAHPEAUlua_State@@@Z	public: static int __cdecl duet::LApiMasterBlender::Update(struct lua_State * __ptr64)
1488	?VERSION@AnimResource@MOXIE@@2IB	public: static unsigned int const MOXIE::AnimResource::VERSION
1489	?VERSION@SceneGraphResource@MOXIE@@2IB	public: static unsigned int const MOXIE::SceneGraphResource::VERSION
1490	?_BaseRTTI@AudioEmitter@MOXIE@@SAPEAVRTTI@2@XZ	public: static class MOXIE::RTTI * __ptr64 __cdecl MOXIE::AudioEmitter::_BaseRTTI(void)
1491	?_BaseRTTI@BufferObject@MOXIE@@SAPEAVRTTI@2@XZ	public: static class MOXIE::RTTI * __ptr64 __cdecl MOXIE::BufferObject::_BaseRTTI(void)
1492	?_BaseRTTI@FileSystem@MOXIE@@SAPEAVRTTI@2@XZ	public: static class MOXIE::RTTI * __ptr64 __cdecl MOXIE::FileSystem::_BaseRTTI(void)
1493	?_BaseRTTI@Font@MOXIE@@SAPEAVRTTI@2@XZ	public: static class MOXIE::RTTI * __ptr64 __cdecl MOXIE::Font::_BaseRTTI(void)
1494	?_BaseRTTI@IService@MOXIE@@SAPEAVRTTI@2@XZ	public: static class MOXIE::RTTI * __ptr64 __cdecl MOXIE::IService::_BaseRTTI(void)
1495	?_BaseRTTI@LAllocator@MOXIE@@SAPEAVRTTI@2@XZ	public: static class MOXIE::RTTI * __ptr64 __cdecl MOXIE::LAllocator::_BaseRTTI(void)
1496	?_BaseRTTI@LApi@MOXIE@@SAPEAVRTTI@2@XZ	public: static class MOXIE::RTTI * __ptr64 __cdecl MOXIE::LApi::_BaseRTTI(void)
1497	?_BaseRTTI@RenderTarget@MOXIE@@SAPEAVRTTI@2@XZ	public: static class MOXIE::RTTI * __ptr64 __cdecl MOXIE::RenderTarget::_BaseRTTI(void)
1498	?_BaseRTTI@Resource@MOXIE@@SAPEAVRTTI@2@XZ	public: static class MOXIE::RTTI * __ptr64 __cdecl MOXIE::Resource::_BaseRTTI(void)
1499	?_BaseRTTI@SGComponent@MOXIE@@SAPEAVRTTI@2@XZ	public: static class MOXIE::RTTI * __ptr64 __cdecl MOXIE::SGComponent::_BaseRTTI(void)
1500	?_BaseRTTI@SGNode@MOXIE@@SAPEAVRTTI@2@XZ	public: static class MOXIE::RTTI * __ptr64 __cdecl MOXIE::SGNode::_BaseRTTI(void)
1501	?_BaseRTTI@Shader@MOXIE@@SAPEAVRTTI@2@XZ	public: static class MOXIE::RTTI * __ptr64 __cdecl MOXIE::Shader::_BaseRTTI(void)
1502	?_RTTI@AnalyticsManager@MOXIE@@SAPEBVRTTI@2@XZ	public: static class MOXIE::RTTI const * __ptr64 __cdecl MOXIE::AnalyticsManager::_RTTI(void)
1503	?_RTTI@AnimResource@MOXIE@@SAPEBVRTTI@2@XZ	public: static class MOXIE::RTTI const * __ptr64 __cdecl MOXIE::AnimResource::_RTTI(void)
1504	?_RTTI@AudioDevice@MOXIE@@SAPEBVRTTI@2@XZ	public: static class MOXIE::RTTI const * __ptr64 __cdecl MOXIE::AudioDevice::_RTTI(void)
1505	?_RTTI@AudioEmitter3D@MOXIE@@SAPEBVRTTI@2@XZ	public: static class MOXIE::RTTI const * __ptr64 __cdecl MOXIE::AudioEmitter3D::_RTTI(void)
1506	?_RTTI@AudioEmitter@MOXIE@@SAPEAVRTTI@2@XZ	public: static class MOXIE::RTTI * __ptr64 __cdecl MOXIE::AudioEmitter::_RTTI(void)
1507	?_RTTI@AudioManager@MOXIE@@SAPEBVRTTI@2@XZ	public: static class MOXIE::RTTI const * __ptr64 __cdecl MOXIE::AudioManager::_RTTI(void)
1508	?_RTTI@AudioResource@MOXIE@@SAPEBVRTTI@2@XZ	public: static class MOXIE::RTTI const * __ptr64 __cdecl MOXIE::AudioResource::_RTTI(void)
1509	?_RTTI@AudioSystem@MOXIE@@SAPEBVRTTI@2@XZ	public: static class MOXIE::RTTI const * __ptr64 __cdecl MOXIE::AudioSystem::_RTTI(void)
1510	?_RTTI@BufferObject@MOXIE@@SAPEAVRTTI@2@XZ	public: static class MOXIE::RTTI * __ptr64 __cdecl MOXIE::BufferObject::_RTTI(void)
1511	?_RTTI@EnableManager@MOXIE@@SAPEBVRTTI@2@XZ	public: static class MOXIE::RTTI const * __ptr64 __cdecl MOXIE::EnableManager::_RTTI(void)
1512	?_RTTI@FileSystem@MOXIE@@SAPEAVRTTI@2@XZ	public: static class MOXIE::RTTI * __ptr64 __cdecl MOXIE::FileSystem::_RTTI(void)
1513	?_RTTI@FlipbookResource@MOXIE@@SAPEBVRTTI@2@XZ	public: static class MOXIE::RTTI const * __ptr64 __cdecl MOXIE::FlipbookResource::_RTTI(void)
1514	?_RTTI@Font@MOXIE@@SAPEAVRTTI@2@XZ	public: static class MOXIE::RTTI * __ptr64 __cdecl MOXIE::Font::_RTTI(void)
1515	?_RTTI@FontResource@MOXIE@@SAPEBVRTTI@2@XZ	public: static class MOXIE::RTTI const * __ptr64 __cdecl MOXIE::FontResource::_RTTI(void)
1516	?_RTTI@GlobalTime@MOXIE@@SAPEBVRTTI@2@XZ	public: static class MOXIE::RTTI const * __ptr64 __cdecl MOXIE::GlobalTime::_RTTI(void)
1517	?_RTTI@IService@MOXIE@@SAPEAVRTTI@2@XZ	public: static class MOXIE::RTTI * __ptr64 __cdecl MOXIE::IService::_RTTI(void)
1518	?_RTTI@IndexBuffer@MOXIE@@SAPEBVRTTI@2@XZ	public: static class MOXIE::RTTI const * __ptr64 __cdecl MOXIE::IndexBuffer::_RTTI(void)
1519	?_RTTI@InputManager@MOXIE@@SAPEBVRTTI@2@XZ	public: static class MOXIE::RTTI const * __ptr64 __cdecl MOXIE::InputManager::_RTTI(void)
1520	?_RTTI@LAllocator@MOXIE@@SAPEAVRTTI@2@XZ	public: static class MOXIE::RTTI * __ptr64 __cdecl MOXIE::LAllocator::_RTTI(void)
1521	?_RTTI@LApi@MOXIE@@SAPEAVRTTI@2@XZ	public: static class MOXIE::RTTI * __ptr64 __cdecl MOXIE::LApi::_RTTI(void)
1522	?_RTTI@LApiActorClampLayer@duet@@SAPEBVRTTI@MOXIE@@XZ	public: static class MOXIE::RTTI const * __ptr64 __cdecl duet::LApiActorClampLayer::_RTTI(void)
1523	?_RTTI@LApiActorMover@duet@@SAPEBVRTTI@MOXIE@@XZ	public: static class MOXIE::RTTI const * __ptr64 __cdecl duet::LApiActorMover::_RTTI(void)
1524	?_RTTI@LApiActorMoverLayer@duet@@SAPEBVRTTI@MOXIE@@XZ	public: static class MOXIE::RTTI const * __ptr64 __cdecl duet::LApiActorMoverLayer::_RTTI(void)
1525	?_RTTI@LApiActorVignette@duet@@SAPEBVRTTI@MOXIE@@XZ	public: static class MOXIE::RTTI const * __ptr64 __cdecl duet::LApiActorVignette::_RTTI(void)
1526	?_RTTI@LApiActorsLayer@duet@@SAPEBVRTTI@MOXIE@@XZ	public: static class MOXIE::RTTI const * __ptr64 __cdecl duet::LApiActorsLayer::_RTTI(void)
1527	?_RTTI@LApiBoomLayer@duet@@SAPEBVRTTI@MOXIE@@XZ	public: static class MOXIE::RTTI const * __ptr64 __cdecl duet::LApiBoomLayer::_RTTI(void)
1528	?_RTTI@LApiBoundsLayer@duet@@SAPEBVRTTI@MOXIE@@XZ	public: static class MOXIE::RTTI const * __ptr64 __cdecl duet::LApiBoundsLayer::_RTTI(void)
1529	?_RTTI@LApiCameraRig@duet@@SAPEBVRTTI@MOXIE@@XZ	public: static class MOXIE::RTTI const * __ptr64 __cdecl duet::LApiCameraRig::_RTTI(void)
1530	?_RTTI@LApiDuet@duet@@SAPEBVRTTI@MOXIE@@XZ	public: static class MOXIE::RTTI const * __ptr64 __cdecl duet::LApiDuet::_RTTI(void)
1531	?_RTTI@LApiDuetScene@duet@@SAPEBVRTTI@MOXIE@@XZ	public: static class MOXIE::RTTI const * __ptr64 __cdecl duet::LApiDuetScene::_RTTI(void)
1532	?_RTTI@LApiFlipbookDriver@duet@@SAPEBVRTTI@MOXIE@@XZ	public: static class MOXIE::RTTI const * __ptr64 __cdecl duet::LApiFlipbookDriver::_RTTI(void)
1533	?_RTTI@LApiGlowAlpha@duet@@SAPEBVRTTI@MOXIE@@XZ	public: static class MOXIE::RTTI const * __ptr64 __cdecl duet::LApiGlowAlpha::_RTTI(void)
1534	?_RTTI@LApiGlowFader@duet@@SAPEBVRTTI@MOXIE@@XZ	public: static class MOXIE::RTTI const * __ptr64 __cdecl duet::LApiGlowFader::_RTTI(void)
1535	?_RTTI@LApiInputLayer@duet@@SAPEBVRTTI@MOXIE@@XZ	public: static class MOXIE::RTTI const * __ptr64 __cdecl duet::LApiInputLayer::_RTTI(void)
1536	?_RTTI@LApiIntroEnvControl@duet@@SAPEBVRTTI@MOXIE@@XZ	public: static class MOXIE::RTTI const * __ptr64 __cdecl duet::LApiIntroEnvControl::_RTTI(void)
1537	?_RTTI@LApiLookAtDetector@duet@@SAPEBVRTTI@MOXIE@@XZ	public: static class MOXIE::RTTI const * __ptr64 __cdecl duet::LApiLookAtDetector::_RTTI(void)
1538	?_RTTI@LApiLookAtLayer@duet@@SAPEBVRTTI@MOXIE@@XZ	public: static class MOXIE::RTTI const * __ptr64 __cdecl duet::LApiLookAtLayer::_RTTI(void)
1539	?_RTTI@LApiMasterBlender@duet@@SAPEBVRTTI@MOXIE@@XZ	public: static class MOXIE::RTTI const * __ptr64 __cdecl duet::LApiMasterBlender::_RTTI(void)
1540	?_RTTI@LApiParticlesController@duet@@SAPEBVRTTI@MOXIE@@XZ	public: static class MOXIE::RTTI const * __ptr64 __cdecl duet::LApiParticlesController::_RTTI(void)
1541	?_RTTI@LApiProxyLayer@duet@@SAPEBVRTTI@MOXIE@@XZ	public: static class MOXIE::RTTI const * __ptr64 __cdecl duet::LApiProxyLayer::_RTTI(void)
1542	?_RTTI@LApiSegmentManager@duet@@SAPEBVRTTI@MOXIE@@XZ	public: static class MOXIE::RTTI const * __ptr64 __cdecl duet::LApiSegmentManager::_RTTI(void)
1543	?_RTTI@LApiSoftTrack@duet@@SAPEBVRTTI@MOXIE@@XZ	public: static class MOXIE::RTTI const * __ptr64 __cdecl duet::LApiSoftTrack::_RTTI(void)
1544	?_RTTI@LApiStarBlendLayer@duet@@SAPEBVRTTI@MOXIE@@XZ	public: static class MOXIE::RTTI const * __ptr64 __cdecl duet::LApiStarBlendLayer::_RTTI(void)
1545	?_RTTI@LApiTrackingLayer@duet@@SAPEBVRTTI@MOXIE@@XZ	public: static class MOXIE::RTTI const * __ptr64 __cdecl duet::LApiTrackingLayer::_RTTI(void)
1546	?_RTTI@LApiTrackingManager@duet@@SAPEBVRTTI@MOXIE@@XZ	public: static class MOXIE::RTTI const * __ptr64 __cdecl duet::LApiTrackingManager::_RTTI(void)
1547	?_RTTI@LApiTrackingTarget@duet@@SAPEBVRTTI@MOXIE@@XZ	public: static class MOXIE::RTTI const * __ptr64 __cdecl duet::LApiTrackingTarget::_RTTI(void)
1548	?_RTTI@LApiUtil@duet@@SAPEBVRTTI@MOXIE@@XZ	public: static class MOXIE::RTTI const * __ptr64 __cdecl duet::LApiUtil::_RTTI(void)
1549	?_RTTI@LBlockAllocator@MOXIE@@SAPEBVRTTI@2@XZ	public: static class MOXIE::RTTI const * __ptr64 __cdecl MOXIE::LBlockAllocator::_RTTI(void)
1550	?_RTTI@LComponent@MOXIE@@SAPEBVRTTI@2@XZ	public: static class MOXIE::RTTI const * __ptr64 __cdecl MOXIE::LComponent::_RTTI(void)
1551	?_RTTI@LocalFileSystem@MOXIE@@SAPEBVRTTI@2@XZ	public: static class MOXIE::RTTI const * __ptr64 __cdecl MOXIE::LocalFileSystem::_RTTI(void)
1552	?_RTTI@ModelResource@MOXIE@@SAPEBVRTTI@2@XZ	public: static class MOXIE::RTTI const * __ptr64 __cdecl MOXIE::ModelResource::_RTTI(void)
1553	?_RTTI@NetworkFileSystem@MOXIE@@SAPEBVRTTI@2@XZ	public: static class MOXIE::RTTI const * __ptr64 __cdecl MOXIE::NetworkFileSystem::_RTTI(void)
1554	?_RTTI@ParticleSystemResource@MOXIE@@SAPEBVRTTI@2@XZ	public: static class MOXIE::RTTI const * __ptr64 __cdecl MOXIE::ParticleSystemResource::_RTTI(void)
1555	?_RTTI@PhysicsManager@MOXIE@@SAPEBVRTTI@2@XZ	public: static class MOXIE::RTTI const * __ptr64 __cdecl MOXIE::PhysicsManager::_RTTI(void)
1556	?_RTTI@RenderDebug@MOXIE@@SAPEBVRTTI@2@XZ	public: static class MOXIE::RTTI const * __ptr64 __cdecl MOXIE::RenderDebug::_RTTI(void)
1557	?_RTTI@RenderDevice@MOXIE@@SAPEBVRTTI@2@XZ	public: static class MOXIE::RTTI const * __ptr64 __cdecl MOXIE::RenderDevice::_RTTI(void)
1558	?_RTTI@RenderManager@MOXIE@@SAPEBVRTTI@2@XZ	public: static class MOXIE::RTTI const * __ptr64 __cdecl MOXIE::RenderManager::_RTTI(void)
1559	?_RTTI@RenderTarget@MOXIE@@SAPEAVRTTI@2@XZ	public: static class MOXIE::RTTI * __ptr64 __cdecl MOXIE::RenderTarget::_RTTI(void)
1560	?_RTTI@ReplayManager@MOXIE@@SAPEBVRTTI@2@XZ	public: static class MOXIE::RTTI const * __ptr64 __cdecl MOXIE::ReplayManager::_RTTI(void)
1561	?_RTTI@Resource@MOXIE@@SAPEAVRTTI@2@XZ	public: static class MOXIE::RTTI * __ptr64 __cdecl MOXIE::Resource::_RTTI(void)
1562	?_RTTI@ResourceManager@MOXIE@@SAPEBVRTTI@2@XZ	public: static class MOXIE::RTTI const * __ptr64 __cdecl MOXIE::ResourceManager::_RTTI(void)
1563	?_RTTI@SGAnimator@MOXIE@@SAPEBVRTTI@2@XZ	public: static class MOXIE::RTTI const * __ptr64 __cdecl MOXIE::SGAnimator::_RTTI(void)
1564	?_RTTI@SGCamera@MOXIE@@SAPEBVRTTI@2@XZ	public: static class MOXIE::RTTI const * __ptr64 __cdecl MOXIE::SGCamera::_RTTI(void)
1565	?_RTTI@SGCameraController@MOXIE@@SAPEBVRTTI@2@XZ	public: static class MOXIE::RTTI const * __ptr64 __cdecl MOXIE::SGCameraController::_RTTI(void)
1566	?_RTTI@SGComponent@MOXIE@@SAPEAVRTTI@2@XZ	public: static class MOXIE::RTTI * __ptr64 __cdecl MOXIE::SGComponent::_RTTI(void)
1567	?_RTTI@SGDebugCameraController@MOXIE@@SAPEBVRTTI@2@XZ	public: static class MOXIE::RTTI const * __ptr64 __cdecl MOXIE::SGDebugCameraController::_RTTI(void)
1568	?_RTTI@SGFlipbookDriver@MOXIE@@SAPEBVRTTI@2@XZ	public: static class MOXIE::RTTI const * __ptr64 __cdecl MOXIE::SGFlipbookDriver::_RTTI(void)
1569	?_RTTI@SGGroup@MOXIE@@SAPEBVRTTI@2@XZ	public: static class MOXIE::RTTI const * __ptr64 __cdecl MOXIE::SGGroup::_RTTI(void)
1570	?_RTTI@SGLight@MOXIE@@SAPEBVRTTI@2@XZ	public: static class MOXIE::RTTI const * __ptr64 __cdecl MOXIE::SGLight::_RTTI(void)
1571	?_RTTI@SGMaterial@MOXIE@@SAPEBVRTTI@2@XZ	public: static class MOXIE::RTTI const * __ptr64 __cdecl MOXIE::SGMaterial::_RTTI(void)
1572	?_RTTI@SGModelInstance@MOXIE@@SAPEBVRTTI@2@XZ	public: static class MOXIE::RTTI const * __ptr64 __cdecl MOXIE::SGModelInstance::_RTTI(void)
1573	?_RTTI@SGNode@MOXIE@@SAPEAVRTTI@2@XZ	public: static class MOXIE::RTTI * __ptr64 __cdecl MOXIE::SGNode::_RTTI(void)
1574	?_RTTI@SGParticleEmitter@MOXIE@@SAPEBVRTTI@2@XZ	public: static class MOXIE::RTTI const * __ptr64 __cdecl MOXIE::SGParticleEmitter::_RTTI(void)
1575	?_RTTI@SGReplay@MOXIE@@SAPEBVRTTI@2@XZ	public: static class MOXIE::RTTI const * __ptr64 __cdecl MOXIE::SGReplay::_RTTI(void)
1576	?_RTTI@SGTransform@MOXIE@@SAPEBVRTTI@2@XZ	public: static class MOXIE::RTTI const * __ptr64 __cdecl MOXIE::SGTransform::_RTTI(void)
1577	?_RTTI@SGVideoCubePlayer@MOXIE@@SAPEBVRTTI@2@XZ	public: static class MOXIE::RTTI const * __ptr64 __cdecl MOXIE::SGVideoCubePlayer::_RTTI(void)
1578	?_RTTI@SceneGraphResource@MOXIE@@SAPEBVRTTI@2@XZ	public: static class MOXIE::RTTI const * __ptr64 __cdecl MOXIE::SceneGraphResource::_RTTI(void)
1579	?_RTTI@SceneManager@MOXIE@@SAPEBVRTTI@2@XZ	public: static class MOXIE::RTTI const * __ptr64 __cdecl MOXIE::SceneManager::_RTTI(void)
1580	?_RTTI@ScriptManager@MOXIE@@SAPEBVRTTI@2@XZ	public: static class MOXIE::RTTI const * __ptr64 __cdecl MOXIE::ScriptManager::_RTTI(void)
1581	?_RTTI@SensorManager@MOXIE@@SAPEBVRTTI@2@XZ	public: static class MOXIE::RTTI const * __ptr64 __cdecl MOXIE::SensorManager::_RTTI(void)
1582	?_RTTI@Shader@MOXIE@@SAPEAVRTTI@2@XZ	public: static class MOXIE::RTTI * __ptr64 __cdecl MOXIE::Shader::_RTTI(void)
1583	?_RTTI@ShaderFxResource@MOXIE@@SAPEBVRTTI@2@XZ	public: static class MOXIE::RTTI const * __ptr64 __cdecl MOXIE::ShaderFxResource::_RTTI(void)
1584	?_RTTI@StatManager@MOXIE@@SAPEBVRTTI@2@XZ	public: static class MOXIE::RTTI const * __ptr64 __cdecl MOXIE::StatManager::_RTTI(void)
1585	?_RTTI@TextureResource@MOXIE@@SAPEBVRTTI@2@XZ	public: static class MOXIE::RTTI const * __ptr64 __cdecl MOXIE::TextureResource::_RTTI(void)
1586	?_RTTI@UriManager@MOXIE@@SAPEBVRTTI@2@XZ	public: static class MOXIE::RTTI const * __ptr64 __cdecl MOXIE::UriManager::_RTTI(void)
1587	?_RTTI@VertexBuffer@MOXIE@@SAPEBVRTTI@2@XZ	public: static class MOXIE::RTTI const * __ptr64 __cdecl MOXIE::VertexBuffer::_RTTI(void)
1588	?_RTTI@VideoCubeResource@MOXIE@@SAPEBVRTTI@2@XZ	public: static class MOXIE::RTTI const * __ptr64 __cdecl MOXIE::VideoCubeResource::_RTTI(void)
1589	?__allocate@LAllocator@MOXIE@@SAPEAXPEAX0_K1@Z	public: static void * __ptr64 __cdecl MOXIE::LAllocator::__allocate(void * __ptr64,void * __ptr64,unsigned __int64,unsigned __int64)
1590	?__free@LBlockAllocator@MOXIE@@IEAAXPEAX@Z	protected: void __cdecl MOXIE::LBlockAllocator::__free(void * __ptr64) __ptr64
1591	?__init@LBlockAllocator@MOXIE@@IEAAXPEB_K_K@Z	protected: void __cdecl MOXIE::LBlockAllocator::__init(unsigned __int64 const * __ptr64,unsigned __int64) __ptr64
1592	?__lalloc@LAllocator@MOXIE@@MEAAPEAXPEAX_K1@Z	protected: virtual void * __ptr64 __cdecl MOXIE::LAllocator::__lalloc(void * __ptr64,unsigned __int64,unsigned __int64) __ptr64
1593	?__lalloc@LBlockAllocator@MOXIE@@MEAAPEAXPEAX_K1@Z	protected: virtual void * __ptr64 __cdecl MOXIE::LBlockAllocator::__lalloc(void * __ptr64,unsigned __int64,unsigned __int64) __ptr64
1594	?__malloc@LBlockAllocator@MOXIE@@IEAAPEAX_K@Z	protected: void * __ptr64 __cdecl MOXIE::LBlockAllocator::__malloc(unsigned __int64) __ptr64
1595	?__onUpdateNative@LApiDuetScene@duet@@SAHPEAUlua_State@@@Z	public: static int __cdecl duet::LApiDuetScene::__onUpdateNative(struct lua_State * __ptr64)
1596	?__realloc@LBlockAllocator@MOXIE@@IEAAPEAXPEAX_K1@Z	protected: void * __ptr64 __cdecl MOXIE::LBlockAllocator::__realloc(void * __ptr64,unsigned __int64,unsigned __int64) __ptr64
1597	?__shutdown@LBlockAllocator@MOXIE@@IEAAXXZ	protected: void __cdecl MOXIE::LBlockAllocator::__shutdown(void) __ptr64
1598	?_frustumSlopes@LApiUtil@duet@@SAXMMPEAM0@Z	public: static void __cdecl duet::LApiUtil::_frustumSlopes(float,float,float * __ptr64,float * __ptr64)
1599	?_getActorGlowCenterWorldPos@LApiActorsLayer@duet@@CA?AVVector@2@PEAUlua_State@@@Z	private: static class duet::Vector __cdecl duet::LApiActorsLayer::_getActorGlowCenterWorldPos(struct lua_State * __ptr64)
1600	?_getFrustumCollisionPoint@LApiActorsLayer@duet@@CA?AVVector@2@AEBUSegmentToTarget@2@@Z	private: static class duet::Vector __cdecl duet::LApiActorsLayer::_getFrustumCollisionPoint(struct duet::SegmentToTarget const & __ptr64)
1601	?_getLineSegmentToTarget@LApiActorsLayer@duet@@CA?AUSegmentToTarget@2@AEBVVector@2@0000M@Z	private: static struct duet::SegmentToTarget __cdecl duet::LApiActorsLayer::_getLineSegmentToTarget(class duet::Vector const & __ptr64,class duet::Vector const & __ptr64,class duet::Vector const & __ptr64,class duet::Vector const & __ptr64,class duet::Vector const & __ptr64,float)
1602	?_getNextFreePlayer@AudioSystem@MOXIE@@AEAAPEAVAudPlayer@2@AEAI@Z	private: class MOXIE::AudPlayer * __ptr64 __cdecl MOXIE::AudioSystem::_getNextFreePlayer(unsigned int & __ptr64) __ptr64
1603	?_preroll_prep@AudioDataSource@MOXIE@@IEAAXXZ	protected: void __cdecl MOXIE::AudioDataSource::_preroll_prep(void) __ptr64
1604	?_toClipSpace@LApiUtil@duet@@SA?AVVector@2@AEBV32@0000MMMM@Z	public: static class duet::Vector __cdecl duet::LApiUtil::_toClipSpace(class duet::Vector const & __ptr64,class duet::Vector const & __ptr64,class duet::Vector const & __ptr64,class duet::Vector const & __ptr64,class duet::Vector const & __ptr64,float,float,float,float)
1605	?_updateCameraFrustum@LApiActorsLayer@duet@@CA?AUFrustum@2@AEBVVector@2@AEBUQuaternion@2@000MMM@Z	private: static struct duet::Frustum __cdecl duet::LApiActorsLayer::_updateCameraFrustum(class duet::Vector const & __ptr64,struct duet::Quaternion const & __ptr64,class duet::Vector const & __ptr64,class duet::Vector const & __ptr64,class duet::Vector const & __ptr64,float,float,float)
1606	?_updateLoopCounter@AudioDataSource@MOXIE@@IEAAXXZ	protected: void __cdecl MOXIE::AudioDataSource::_updateLoopCounter(void) __ptr64
1607	?_updateMixdownContext@AudPlayer@MOXIE@@AEAAXXZ	private: void __cdecl MOXIE::AudPlayer::_updateMixdownContext(void) __ptr64
1608	?_updateOffscreenTimer@LApiActorsLayer@duet@@CAXMMAEBUQuaternion@2@0PEA_NPEAM@Z	private: static void __cdecl duet::LApiActorsLayer::_updateOffscreenTimer(float,float,struct duet::Quaternion const & __ptr64,struct duet::Quaternion const & __ptr64,bool * __ptr64,float * __ptr64)
1609	?_updateScreenEdge@LApiActorsLayer@duet@@CAXMM@Z	private: static void __cdecl duet::LApiActorsLayer::_updateScreenEdge(float,float)
1610	?abgr4f@Color@MOXIE@@QEBA?AVVector4@2@XZ	public: class MOXIE::Vector4 __cdecl MOXIE::Color::abgr4f(void)const __ptr64
1611	?abgr@Color@MOXIE@@QEBAIXZ	public: unsigned int __cdecl MOXIE::Color::abgr(void)const __ptr64
1612	?abortLateUpdate@SceneGraph@MOXIE@@QEAAXPEAVSGNode@2@@Z	public: void __cdecl MOXIE::SceneGraph::abortLateUpdate(class MOXIE::SGNode * __ptr64) __ptr64
1613	?accept@TcpSocket@MOXIE@@QEAA_NXZ	public: bool __cdecl MOXIE::TcpSocket::accept(void) __ptr64
1614	?accessPoseLocalTransforms@SGModelInstance@MOXIE@@QEAAPEAVTransform@2@XZ	public: class MOXIE::Transform * __ptr64 __cdecl MOXIE::SGModelInstance::accessPoseLocalTransforms(void) __ptr64
1615	?add@Matrix3@MOXIE@@QEAAXAEBV12@@Z	public: void __cdecl MOXIE::Matrix3::add(class MOXIE::Matrix3 const & __ptr64) __ptr64
1616	?add@Matrix4@MOXIE@@QEAAXAEBV12@@Z	public: void __cdecl MOXIE::Matrix4::add(class MOXIE::Matrix4 const & __ptr64) __ptr64
1617	?add@Point@MOXIE@@QEAAXAEBV12@@Z	public: void __cdecl MOXIE::Point::add(class MOXIE::Point const & __ptr64) __ptr64
1618	?add@ResourceMonitor@MOXIE@@QEAAXAEBVUri@2@@Z	public: void __cdecl MOXIE::ResourceMonitor::add(class MOXIE::Uri const & __ptr64) __ptr64
1619	?add@Vector2@MOXIE@@QEAAXAEBV12@@Z	public: void __cdecl MOXIE::Vector2::add(class MOXIE::Vector2 const & __ptr64) __ptr64
1620	?add@Vector3@MOXIE@@QEAAXAEBV12@@Z	public: void __cdecl MOXIE::Vector3::add(class MOXIE::Vector3 const & __ptr64) __ptr64
1621	?add@Vector4@MOXIE@@QEAAXAEBV12@@Z	public: void __cdecl MOXIE::Vector4::add(class MOXIE::Vector4 const & __ptr64) __ptr64
1622	?addAnimation@Animator@MOXIE@@QEAAPEAVAnimation@2@PEBDAEBVUri@2@HH_N2@Z	public: class MOXIE::Animation * __ptr64 __cdecl MOXIE::Animator::addAnimation(char const * __ptr64,class MOXIE::Uri const & __ptr64,int,int,bool,bool) __ptr64
1623	?addAttachment@SGModelInstance@MOXIE@@QEAAXPEBDPEAVSGNode@2@@Z	public: void __cdecl MOXIE::SGModelInstance::addAttachment(char const * __ptr64,class MOXIE::SGNode * __ptr64) __ptr64
1624	?addCapabilities@RenderDeviceGL@MOXIE@@SAXPEAVDeviceCapabilitiesA@2@@Z	public: static void __cdecl MOXIE::RenderDeviceGL::addCapabilities(class MOXIE::DeviceCapabilitiesA * __ptr64)
1625	?addChild@SGGroup@MOXIE@@QEAAXPEAVSGNode@2@@Z	public: void __cdecl MOXIE::SGGroup::addChild(class MOXIE::SGNode * __ptr64) __ptr64
1626	?addComponent@SGNode@MOXIE@@QEAAIPEAVSGComponent@2@@Z	public: unsigned int __cdecl MOXIE::SGNode::addComponent(class MOXIE::SGComponent * __ptr64) __ptr64
1627	?addDebugRect@SGVideoCubePlayer@MOXIE@@IEAAXAEBVVector3@2@0AEBVVector4@2@@Z	protected: void __cdecl MOXIE::SGVideoCubePlayer::addDebugRect(class MOXIE::Vector3 const & __ptr64,class MOXIE::Vector3 const & __ptr64,class MOXIE::Vector4 const & __ptr64) __ptr64
1628	?addFileSystem@FileSystemLocator@MOXIE@@YAXPEAVFileSystem@2@@Z	void __cdecl MOXIE::FileSystemLocator::addFileSystem(class MOXIE::FileSystem * __ptr64)
1629	?addInput@SGDebugCameraController@MOXIE@@QEAAXHM@Z	public: void __cdecl MOXIE::SGDebugCameraController::addInput(int,float) __ptr64
1630	?addMul@Matrix4@MOXIE@@QEAAXAEBV12@M@Z	public: void __cdecl MOXIE::Matrix4::addMul(class MOXIE::Matrix4 const & __ptr64,float) __ptr64
1631	?addMul@Vector2@MOXIE@@QEAAXAEBV12@AEBM@Z	public: void __cdecl MOXIE::Vector2::addMul(class MOXIE::Vector2 const & __ptr64,float const & __ptr64) __ptr64
1632	?addMul@Vector3@MOXIE@@QEAAXAEBV12@AEBM@Z	public: void __cdecl MOXIE::Vector3::addMul(class MOXIE::Vector3 const & __ptr64,float const & __ptr64) __ptr64
1633	?addMul@Vector4@MOXIE@@QEAAXAEBV12@AEBM@Z	public: void __cdecl MOXIE::Vector4::addMul(class MOXIE::Vector4 const & __ptr64,float const & __ptr64) __ptr64
1634	?addNode@SceneGraph@MOXIE@@QEAAXPEAVSGNode@2@_N@Z	public: void __cdecl MOXIE::SceneGraph::addNode(class MOXIE::SGNode * __ptr64,bool) __ptr64
1635	?addParam@ShaderParamBlock@MOXIE@@QEAAIII_NI@Z	public: unsigned int __cdecl MOXIE::ShaderParamBlock::addParam(unsigned int,unsigned int,bool,unsigned int) __ptr64
1636	?addPlayerQuantization@AudioSystem@MOXIE@@QEAA?AW4MauxStatus@2@IMM@Z	public: enum MOXIE::MauxStatus __cdecl MOXIE::AudioSystem::addPlayerQuantization(unsigned int,float,float) __ptr64
1637	?addReference@RefCount@MOXIE@@QEAAXXZ	public: void __cdecl MOXIE::RefCount::addReference(void) __ptr64
1638	?addReference_@RefCount@MOXIE@@AEAAXXZ	private: void __cdecl MOXIE::RefCount::addReference_(void) __ptr64
1639	?addRenderFlags@SGNode@MOXIE@@QEAAXI@Z	public: void __cdecl MOXIE::SGNode::addRenderFlags(unsigned int) __ptr64
1640	?addResource@ResourceGroup@MOXIE@@QEAAXAEBVResourceHandle@2@@Z	public: void __cdecl MOXIE::ResourceGroup::addResource(class MOXIE::ResourceHandle const & __ptr64) __ptr64
1641	?addResource@ResourceManager@MOXIE@@QEAA_NIAEBVResourceHandle@2@@Z	public: bool __cdecl MOXIE::ResourceManager::addResource(unsigned int,class MOXIE::ResourceHandle const & __ptr64) __ptr64
1642	?addSearchPackage@ResourceManager@MOXIE@@QEAAXAEBVString@2@@Z	public: void __cdecl MOXIE::ResourceManager::addSearchPackage(class MOXIE::String const & __ptr64) __ptr64
1643	?addSound@AudioEmitter@MOXIE@@UEAAPEAVSound@2@PEBDAEBVUri@2@_NII@Z	public: virtual class MOXIE::Sound * __ptr64 __cdecl MOXIE::AudioEmitter::addSound(char const * __ptr64,class MOXIE::Uri const & __ptr64,bool,unsigned int,unsigned int) __ptr64
1644	?addStyle@GUITheme@MOXIE@@QEAAXPEBDAEBVGUIStyle@2@@Z	public: void __cdecl MOXIE::GUITheme::addStyle(char const * __ptr64,class MOXIE::GUIStyle const & __ptr64) __ptr64
1645	?addTimer@GlobalTime@MOXIE@@QEAAI_N@Z	public: unsigned int __cdecl MOXIE::GlobalTime::addTimer(bool) __ptr64
1646	?addTrackingActor@SGCameraController@MOXIE@@QEAAXPEAVSGModelInstance@2@VString@2@M@Z	public: void __cdecl MOXIE::SGCameraController::addTrackingActor(class MOXIE::SGModelInstance * __ptr64,class MOXIE::String,float) __ptr64
1647	?addUpdateFlags@SGNode@MOXIE@@QEAAXI@Z	public: void __cdecl MOXIE::SGNode::addUpdateFlags(unsigned int) __ptr64
1648	?addUriToCache@UriManager@MOXIE@@AEAAPEAUUriInfo@12@AEBVUri@2@@Z	private: struct MOXIE::UriManager::UriInfo * __ptr64 __cdecl MOXIE::UriManager::addUriToCache(class MOXIE::Uri const & __ptr64) __ptr64
1649	?add_onUpdate@LApiCameraRig@duet@@SAXPEAUlua_State@@AEBVString@MOXIE@@P6AH0@Z@Z	public: static void __cdecl duet::LApiCameraRig::add_onUpdate(struct lua_State * __ptr64,class MOXIE::String const & __ptr64,int (__cdecl*)(struct lua_State * __ptr64))
1650	?adjoint@Matrix3@MOXIE@@QEAAXXZ	public: void __cdecl MOXIE::Matrix3::adjoint(void) __ptr64
1651	?allInitialize@AudioSystem@MOXIE@@QEAA?AW4MauxStatus@2@PEBUAUDIOSYSTEMCONFIG@12@@Z	public: enum MOXIE::MauxStatus __cdecl MOXIE::AudioSystem::allInitialize(struct MOXIE::AudioSystem::AUDIOSYSTEMCONFIG const * __ptr64) __ptr64
1652	?allPause@AudioSystem@MOXIE@@QEAAXXZ	public: void __cdecl MOXIE::AudioSystem::allPause(void) __ptr64
1653	?allResume@AudioSystem@MOXIE@@QEAAXXZ	public: void __cdecl MOXIE::AudioSystem::allResume(void) __ptr64
1654	?allTerminate@AudioSystem@MOXIE@@QEAAXXZ	public: void __cdecl MOXIE::AudioSystem::allTerminate(void) __ptr64
1655	?allUnload@AudioSystem@MOXIE@@QEAAXXZ	public: void __cdecl MOXIE::AudioSystem::allUnload(void) __ptr64
1656	?alloc@Buffer@MOXIE@@QEAAPEAEI@Z	public: unsigned char * __ptr64 __cdecl MOXIE::Buffer::alloc(unsigned int) __ptr64
1657	?allocAligned@Buffer@MOXIE@@QEAAPEAEII@Z	public: unsigned char * __ptr64 __cdecl MOXIE::Buffer::allocAligned(unsigned int,unsigned int) __ptr64
1658	?allocate@LAllocator@MOXIE@@QEAAPEAXPEAX_K1@Z	public: void * __ptr64 __cdecl MOXIE::LAllocator::allocate(void * __ptr64,unsigned __int64,unsigned __int64) __ptr64
1659	?angle@Vector3@MOXIE@@QEBAMAEBV12@@Z	public: float __cdecl MOXIE::Vector3::angle(class MOXIE::Vector3 const & __ptr64)const __ptr64
1660	?anyKey@InputManager@MOXIE@@QEAA_NXZ	public: bool __cdecl MOXIE::InputManager::anyKey(void) __ptr64
1661	?anyKeyDown@InputManager@MOXIE@@QEAA_NXZ	public: bool __cdecl MOXIE::InputManager::anyKeyDown(void) __ptr64
1662	?anyKeyUp@InputManager@MOXIE@@QEAA_NXZ	public: bool __cdecl MOXIE::InputManager::anyKeyUp(void) __ptr64
1663	?appDebugText@ShowDebug@duet@@SAXVString@MOXIE@@H@Z	public: static void __cdecl duet::ShowDebug::appDebugText(class MOXIE::String,int)
1664	?append@String@MOXIE@@QEAAXAEBV12@@Z	public: void __cdecl MOXIE::String::append(class MOXIE::String const & __ptr64) __ptr64
1665	?append@String@MOXIE@@QEAAXD@Z	public: void __cdecl MOXIE::String::append(char) __ptr64
1666	?append@String@MOXIE@@QEAAXPEBD@Z	public: void __cdecl MOXIE::String::append(char const * __ptr64) __ptr64
1667	?apply@ShaderBlockInstance@MOXIE@@QEAAXXZ	public: void __cdecl MOXIE::ShaderBlockInstance::apply(void) __ptr64
1668	?applyProjectionOffset@SGCameraController@MOXIE@@QEAAXAEAVQuaternion@2@@Z	public: void __cdecl MOXIE::SGCameraController::applyProjectionOffset(class MOXIE::Quaternion & __ptr64) __ptr64
1669	?applyRotation@Matrix3@MOXIE@@QEBA?AVVector3@2@AEBV32@@Z	public: class MOXIE::Vector3 __cdecl MOXIE::Matrix3::applyRotation(class MOXIE::Vector3 const & __ptr64)const __ptr64
1670	?applyRotation@Matrix3@MOXIE@@QEBA?AVVector4@2@AEBV32@@Z	public: class MOXIE::Vector4 __cdecl MOXIE::Matrix3::applyRotation(class MOXIE::Vector4 const & __ptr64)const __ptr64
1671	?applyRotation@Matrix4@MOXIE@@QEBA?AVVector3@2@AEBV32@@Z	public: class MOXIE::Vector3 __cdecl MOXIE::Matrix4::applyRotation(class MOXIE::Vector3 const & __ptr64)const __ptr64
1672	?applyRotation@Matrix4@MOXIE@@QEBA?AVVector4@2@AEBV32@@Z	public: class MOXIE::Vector4 __cdecl MOXIE::Matrix4::applyRotation(class MOXIE::Vector4 const & __ptr64)const __ptr64
1673	?applyRotation@Quaternion@MOXIE@@QEBA?AVVector3@2@AEBV32@@Z	public: class MOXIE::Vector3 __cdecl MOXIE::Quaternion::applyRotation(class MOXIE::Vector3 const & __ptr64)const __ptr64
1674	?applyRotation@Quaternion@MOXIE@@QEBA?AVVector4@2@AEBV32@@Z	public: class MOXIE::Vector4 __cdecl MOXIE::Quaternion::applyRotation(class MOXIE::Vector4 const & __ptr64)const __ptr64
1675	?applyRotation@Transform@MOXIE@@QEBA?AVVector3@2@AEBV32@@Z	public: class MOXIE::Vector3 __cdecl MOXIE::Transform::applyRotation(class MOXIE::Vector3 const & __ptr64)const __ptr64
1676	?applyRotation@Transform@MOXIE@@QEBA?AVVector4@2@AEBV32@@Z	public: class MOXIE::Vector4 __cdecl MOXIE::Transform::applyRotation(class MOXIE::Vector4 const & __ptr64)const __ptr64
1677	?applySensorTargetRemapping@SGCameraController@MOXIE@@QEAAXVQuaternion@2@@Z	public: void __cdecl MOXIE::SGCameraController::applySensorTargetRemapping(class MOXIE::Quaternion) __ptr64
1678	?applySensorToCamera@SGCameraController@MOXIE@@IEAA?AVQuaternion@2@XZ	protected: class MOXIE::Quaternion __cdecl MOXIE::SGCameraController::applySensorToCamera(void) __ptr64
1679	?applyToShader@Material@MOXIE@@QEAAXXZ	public: void __cdecl MOXIE::Material::applyToShader(void) __ptr64
1680	?applyTransform@Matrix4@MOXIE@@QEBA?AVVector3@2@AEBV32@@Z	public: class MOXIE::Vector3 __cdecl MOXIE::Matrix4::applyTransform(class MOXIE::Vector3 const & __ptr64)const __ptr64
1681	?applyTransform@Matrix4@MOXIE@@QEBA?AVVector4@2@AEBV32@@Z	public: class MOXIE::Vector4 __cdecl MOXIE::Matrix4::applyTransform(class MOXIE::Vector4 const & __ptr64)const __ptr64
1682	?applyTransform@Transform@MOXIE@@QEBA?AVVector3@2@AEBV32@@Z	public: class MOXIE::Vector3 __cdecl MOXIE::Transform::applyTransform(class MOXIE::Vector3 const & __ptr64)const __ptr64
1683	?applyTransform@Transform@MOXIE@@QEBA?AVVector4@2@AEBV32@@Z	public: class MOXIE::Vector4 __cdecl MOXIE::Transform::applyTransform(class MOXIE::Vector4 const & __ptr64)const __ptr64
1684	?argb4f@Color@MOXIE@@QEBA?AVVector4@2@XZ	public: class MOXIE::Vector4 __cdecl MOXIE::Color::argb4f(void)const __ptr64
1685	?argb@Color@MOXIE@@QEBAIXZ	public: unsigned int __cdecl MOXIE::Color::argb(void)const __ptr64
1686	?assert_log@Log@MOXIE@@YAIPEBD0I0ZZ	unsigned int __cdecl MOXIE::Log::assert_log(char const * __ptr64,char const * __ptr64,unsigned int,char const * __ptr64,...)
1687	?attach@AudPlayer@MOXIE@@QEAA?AW4MauxStatus@2@IPEAVAudResource@2@II@Z	public: enum MOXIE::MauxStatus __cdecl MOXIE::AudPlayer::attach(unsigned int,class MOXIE::AudResource * __ptr64,unsigned int,unsigned int) __ptr64
1688	?attachData@AudResource@MOXIE@@QEAA?AW4MauxStatus@2@IPEBX_K1_N@Z	public: enum MOXIE::MauxStatus __cdecl MOXIE::AudResource::attachData(unsigned int,void const * __ptr64,unsigned __int64,unsigned __int64,bool) __ptr64
1689	?attachData@AudioDataSource@MOXIE@@UEAA?AW4MauxStatus@2@UAUDIORESOURCEINFO@2@PEBXII@Z	public: virtual enum MOXIE::MauxStatus __cdecl MOXIE::AudioDataSource::attachData(struct MOXIE::AUDIORESOURCEINFO,void const * __ptr64,unsigned int,unsigned int) __ptr64
1690	?attachData@OggVorbisDecoder@MOXIE@@UEAA?AW4MauxStatus@2@UAUDIORESOURCEINFO@2@PEBXII@Z	public: virtual enum MOXIE::MauxStatus __cdecl MOXIE::OggVorbisDecoder::attachData(struct MOXIE::AUDIORESOURCEINFO,void const * __ptr64,unsigned int,unsigned int) __ptr64
1691	?attachUri@AudResource@MOXIE@@QEAA?AW4MauxStatus@2@IAEBVUri@2@_N1@Z	public: enum MOXIE::MauxStatus __cdecl MOXIE::AudResource::attachUri(unsigned int,class MOXIE::Uri const & __ptr64,bool,bool) __ptr64
1692	?attachUri@AudioDataSource@MOXIE@@UEAA?AW4MauxStatus@2@UAUDIORESOURCEINFO@2@AEBVUri@2@@Z	public: virtual enum MOXIE::MauxStatus __cdecl MOXIE::AudioDataSource::attachUri(struct MOXIE::AUDIORESOURCEINFO,class MOXIE::Uri const & __ptr64) __ptr64
1693	?attachUri@OggVorbisDecoder@MOXIE@@UEAA?AW4MauxStatus@2@UAUDIORESOURCEINFO@2@AEBVUri@2@@Z	public: virtual enum MOXIE::MauxStatus __cdecl MOXIE::OggVorbisDecoder::attachUri(struct MOXIE::AUDIORESOURCEINFO,class MOXIE::Uri const & __ptr64) __ptr64
1694	?audioSystemOutputCallback@AudioSystem@MOXIE@@CAXPEAX0I@Z	private: static void __cdecl MOXIE::AudioSystem::audioSystemOutputCallback(void * __ptr64,void * __ptr64,unsigned int)
1695	?audioTimerCallback@PlatformAudioDriverDirectSound@MOXIE@@QEAAXXZ	public: void __cdecl MOXIE::PlatformAudioDriverDirectSound::audioTimerCallback(void) __ptr64
1696	?backtrace@LUtil@MOXIE@@SAPEBDPEAUlua_State@@@Z	public: static char const * __ptr64 __cdecl MOXIE::LUtil::backtrace(struct lua_State * __ptr64)
1697	?begin@RenderView@MOXIE@@QEAAXXZ	public: void __cdecl MOXIE::RenderView::begin(void) __ptr64
1698	?beginEye@RenderView@MOXIE@@QEAAXXZ	public: void __cdecl MOXIE::RenderView::beginEye(void) __ptr64
1699	?beginFrame@RenderView@MOXIE@@QEAAXXZ	public: void __cdecl MOXIE::RenderView::beginFrame(void) __ptr64
1700	?bindAnimation@Animator@MOXIE@@QEAAIPEAVAnimation@2@@Z	public: unsigned int __cdecl MOXIE::Animator::bindAnimation(class MOXIE::Animation * __ptr64) __ptr64
1701	?bindType_@LUtil@MOXIE@@CAXPEAUlua_State@@PEBDPEBUluaL_Reg@@11@Z	private: static void __cdecl MOXIE::LUtil::bindType_(struct lua_State * __ptr64,char const * __ptr64,struct luaL_Reg const * __ptr64,char const * __ptr64,char const * __ptr64)
1702	?broadcast@Condition@MOXIE@@QEAAXXZ	public: void __cdecl MOXIE::Condition::broadcast(void) __ptr64
1703	?buildFromMatrix4@Frustum@MOXIE@@QEAAXAEBVMatrix4@2@_N@Z	public: void __cdecl MOXIE::Frustum::buildFromMatrix4(class MOXIE::Matrix4 const & __ptr64,bool) __ptr64
1704	?buildLookAt@Matrix4@MOXIE@@QEAAXAEBVVector3@2@00@Z	public: void __cdecl MOXIE::Matrix4::buildLookAt(class MOXIE::Vector3 const & __ptr64,class MOXIE::Vector3 const & __ptr64,class MOXIE::Vector3 const & __ptr64) __ptr64
1705	?buildOrthographic@Matrix4@MOXIE@@QEAAXMMMMMM@Z	public: void __cdecl MOXIE::Matrix4::buildOrthographic(float,float,float,float,float,float) __ptr64
1706	?buildPerspectiveFovX@Matrix4@MOXIE@@QEAAXVRadian@2@MMM@Z	public: void __cdecl MOXIE::Matrix4::buildPerspectiveFovX(class MOXIE::Radian,float,float,float) __ptr64
1707	?buildPerspectiveFovY@Matrix4@MOXIE@@QEAAXVRadian@2@MMM@Z	public: void __cdecl MOXIE::Matrix4::buildPerspectiveFovY(class MOXIE::Radian,float,float,float) __ptr64
1708	?buildRotationAxisAngle@Matrix4@MOXIE@@QEAAXAEBVVector3@2@VRadian@2@@Z	public: void __cdecl MOXIE::Matrix4::buildRotationAxisAngle(class MOXIE::Vector3 const & __ptr64,class MOXIE::Radian) __ptr64
1709	?busyWait@Flipbook@MOXIE@@QEAAXXZ	public: void __cdecl MOXIE::Flipbook::busyWait(void) __ptr64
1710	?calcMaxMipMap@Surface@MOXIE@@AEAAIII@Z	private: unsigned int __cdecl MOXIE::Surface::calcMaxMipMap(unsigned int,unsigned int) __ptr64
1711	?calcMaxMipMap@Surface@MOXIE@@AEAAIIII@Z	private: unsigned int __cdecl MOXIE::Surface::calcMaxMipMap(unsigned int,unsigned int,unsigned int) __ptr64
1712	?calcMipMapDimensions@Surface@MOXIE@@AEAAXAEAI0I@Z	private: void __cdecl MOXIE::Surface::calcMipMapDimensions(unsigned int & __ptr64,unsigned int & __ptr64,unsigned int) __ptr64
1713	?calibrateSensors@SGCameraController@MOXIE@@QEAAXVQuaternion@2@@Z	public: void __cdecl MOXIE::SGCameraController::calibrateSensors(class MOXIE::Quaternion) __ptr64
1714	?call_onUpdate@LApiCameraRig@duet@@CA_NPEAUlua_State@@AEBVString@MOXIE@@@Z	private: static bool __cdecl duet::LApiCameraRig::call_onUpdate(struct lua_State * __ptr64,class MOXIE::String const & __ptr64)
1715	?cancel@JobQueue@MOXIE@@QEAAXXZ	public: void __cdecl MOXIE::JobQueue::cancel(void) __ptr64
1716	?cancelDownloads@StoryManager@MOXIE@@QEAAXXZ	public: void __cdecl MOXIE::StoryManager::cancelDownloads(void) __ptr64
1717	?capacity@String@MOXIE@@QEBAIXZ	public: unsigned int __cdecl MOXIE::String::capacity(void)const __ptr64
1718	?capitalize@String@MOXIE@@QEAAXXZ	public: void __cdecl MOXIE::String::capitalize(void) __ptr64
1719	?captureRenderState@RenderDeviceGL@MOXIE@@UEAAXAEAURenderState@2@@Z	public: virtual void __cdecl MOXIE::RenderDeviceGL::captureRenderState(struct MOXIE::RenderState & __ptr64) __ptr64
1720	?captureScreenshot@RenderDeviceGL@MOXIE@@UEAAXAEBVString@2@PEBVTexture@2@@Z	public: virtual void __cdecl MOXIE::RenderDeviceGL::captureScreenshot(class MOXIE::String const & __ptr64,class MOXIE::Texture const * __ptr64) __ptr64
1721	?checkDownloads@StoryManager@MOXIE@@QEAAXXZ	public: void __cdecl MOXIE::StoryManager::checkDownloads(void) __ptr64
1722	?checkRange@AnimResource@MOXIE@@QEBA_NHH@Z	public: bool __cdecl MOXIE::AnimResource::checkRange(int,int)const __ptr64
1723	?checkThread@JobQueue@MOXIE@@AEAAXXZ	private: void __cdecl MOXIE::JobQueue::checkThread(void) __ptr64
1724	?chmod@LocalFileSystem@MOXIE@@UEAAHPEBDH@Z	public: virtual int __cdecl MOXIE::LocalFileSystem::chmod(char const * __ptr64,int) __ptr64
1725	?chmod@NetworkFileSystem@MOXIE@@UEAAHPEBDH@Z	public: virtual int __cdecl MOXIE::NetworkFileSystem::chmod(char const * __ptr64,int) __ptr64
1726	?clear@FilePath@MOXIE@@QEAAXXZ	public: void __cdecl MOXIE::FilePath::clear(void) __ptr64
1727	?clear@InputManager@MOXIE@@QEAAXXZ	public: void __cdecl MOXIE::InputManager::clear(void) __ptr64
1728	?clear@RenderDebug@MOXIE@@QEAAXXZ	public: void __cdecl MOXIE::RenderDebug::clear(void) __ptr64
1729	?clear@RenderDeviceGL@MOXIE@@UEAAXI@Z	public: virtual void __cdecl MOXIE::RenderDeviceGL::clear(unsigned int) __ptr64
1730	?clear@RenderView@MOXIE@@QEAAXXZ	public: void __cdecl MOXIE::RenderView::clear(void) __ptr64
1731	?clear@ResourceManager@MOXIE@@QEAAXXZ	public: void __cdecl MOXIE::ResourceManager::clear(void) __ptr64
1732	?clear@ShaderBlockInstance@MOXIE@@QEAAXXZ	public: void __cdecl MOXIE::ShaderBlockInstance::clear(void) __ptr64
1733	?clear@ShaderParamBlock@MOXIE@@QEAAXXZ	public: void __cdecl MOXIE::ShaderParamBlock::clear(void) __ptr64
1734	?clear@StoryManifest@MOXIE@@IEAAXXZ	protected: void __cdecl MOXIE::StoryManifest::clear(void) __ptr64
1735	?clear@StoryPlayer@MOXIE@@IEAA_NXZ	protected: bool __cdecl MOXIE::StoryPlayer::clear(void) __ptr64
1736	?clear@String@MOXIE@@QEAAXXZ	public: void __cdecl MOXIE::String::clear(void) __ptr64
1737	?clear@UriManager@MOXIE@@QEAAXXZ	public: void __cdecl MOXIE::UriManager::clear(void) __ptr64
1738	?clearBuffer@PlatformAudioDriverDirectSound@MOXIE@@IEAA?AW4EAudioDrvStatus@2@XZ	protected: enum MOXIE::EAudioDrvStatus __cdecl MOXIE::PlatformAudioDriverDirectSound::clearBuffer(void) __ptr64
1739	?clearSemantics@ShaderFx@MOXIE@@QEAAXXZ	public: void __cdecl MOXIE::ShaderFx::clearSemantics(void) __ptr64
1740	?clearTextures@ShaderFx@MOXIE@@QEAAXXZ	public: void __cdecl MOXIE::ShaderFx::clearTextures(void) __ptr64
1741	?close@FileStream@MOXIE@@QEAAXXZ	public: void __cdecl MOXIE::FileStream::close(void) __ptr64
1742	?close@LocalFileSystem@MOXIE@@UEAA_N_K@Z	public: virtual bool __cdecl MOXIE::LocalFileSystem::close(unsigned __int64) __ptr64
1743	?close@NetworkFileSystem@MOXIE@@UEAA_N_K@Z	public: virtual bool __cdecl MOXIE::NetworkFileSystem::close(unsigned __int64) __ptr64
1744	?close@SGVideoCubePlayer@MOXIE@@QEAAXXZ	public: void __cdecl MOXIE::SGVideoCubePlayer::close(void) __ptr64
1745	?close@TcpSocket@MOXIE@@QEAAXXZ	public: void __cdecl MOXIE::TcpSocket::close(void) __ptr64
1746	?close@VideoCube@MOXIE@@QEAAXXZ	public: void __cdecl MOXIE::VideoCube::close(void) __ptr64
1747	?close@ZipArchive@MOXIE@@QEAAXXZ	public: void __cdecl MOXIE::ZipArchive::close(void) __ptr64
1748	?close@ZipEntry@MOXIE@@QEAAXXZ	public: void __cdecl MOXIE::ZipEntry::close(void) __ptr64
1749	?collectJobResults@AudServices@MOXIE@@QEAAXXZ	public: void __cdecl MOXIE::AudServices::collectJobResults(void) __ptr64
1750	?collectResults@JobQueue@MOXIE@@QEAAIXZ	public: unsigned int __cdecl MOXIE::JobQueue::collectResults(void) __ptr64
1751	?collideParticle@PlaneCollider@MOXIE@@UEAAXPEAUParticle@2@M@Z	public: virtual void __cdecl MOXIE::PlaneCollider::collideParticle(struct MOXIE::Particle * __ptr64,float) __ptr64
1752	?compile@ShaderFxCompiler@MOXIE@@QEAAPEAVShaderFx@2@PEBD@Z	public: class MOXIE::ShaderFx * __ptr64 __cdecl MOXIE::ShaderFxCompiler::compile(char const * __ptr64) __ptr64
1753	?compileShaderCombinations@ShaderFxCompiler@MOXIE@@AEAAXAEAUTechnique@2@AEBVString@2@1@Z	private: void __cdecl MOXIE::ShaderFxCompiler::compileShaderCombinations(struct MOXIE::Technique & __ptr64,class MOXIE::String const & __ptr64,class MOXIE::String const & __ptr64) __ptr64
1754	?compileString@ShaderFxCompiler@MOXIE@@QEAAPEAVShaderFx@2@PEBDI@Z	public: class MOXIE::ShaderFx * __ptr64 __cdecl MOXIE::ShaderFxCompiler::compileString(char const * __ptr64,unsigned int) __ptr64
1755	?components@PixelFormat@MOXIE@@SAGW4EPixelFormat@2@@Z	public: static unsigned short __cdecl MOXIE::PixelFormat::components(enum MOXIE::EPixelFormat)
1756	?compute@BSphere@MOXIE@@QEAAXXZ	public: void __cdecl MOXIE::BSphere::compute(void) __ptr64
1757	?computeAngularDist@LApiTrackingManager@duet@@SAHPEAUlua_State@@@Z	public: static int __cdecl duet::LApiTrackingManager::computeAngularDist(struct lua_State * __ptr64)
1758	?computeMeshBounds@ModelResource@MOXIE@@QEAAXPEAVMesh@12@@Z	public: void __cdecl MOXIE::ModelResource::computeMeshBounds(class MOXIE::ModelResource::Mesh * __ptr64) __ptr64
1759	?computeModelBounds@ModelResource@MOXIE@@QEAAXXZ	public: void __cdecl MOXIE::ModelResource::computeModelBounds(void) __ptr64
1760	?computeTransformInfluencers@ModelResource@MOXIE@@QEAAXXZ	public: void __cdecl MOXIE::ModelResource::computeTransformInfluencers(void) __ptr64
1761	?connect@TcpSocket@MOXIE@@QEAA_NIG_N@Z	public: bool __cdecl MOXIE::TcpSocket::connect(unsigned int,unsigned short,bool) __ptr64
1762	?connectionWaiting@TcpSocket@MOXIE@@QEAA_NXZ	public: bool __cdecl MOXIE::TcpSocket::connectionWaiting(void) __ptr64
1763	?constrainToPlaneHelper@SGCameraController@MOXIE@@QEAA?AVQuaternion@2@VVector3@2@AEBVTransform@2@@Z	public: class MOXIE::Quaternion __cdecl MOXIE::SGCameraController::constrainToPlaneHelper(class MOXIE::Vector3,class MOXIE::Transform const & __ptr64) __ptr64
1764	?constructOSD@ModelResource@MOXIE@@QEAAXXZ	public: void __cdecl MOXIE::ModelResource::constructOSD(void) __ptr64
1765	?contains@AABBox@MOXIE@@QEBA_NAEBV12@@Z	public: bool __cdecl MOXIE::AABBox::contains(class MOXIE::AABBox const & __ptr64)const __ptr64
1766	?contains@AABBox@MOXIE@@QEBA_NAEBVVector3@2@@Z	public: bool __cdecl MOXIE::AABBox::contains(class MOXIE::Vector3 const & __ptr64)const __ptr64
1767	?contains@BSphere@MOXIE@@QEAA_NAEBV12@@Z	public: bool __cdecl MOXIE::BSphere::contains(class MOXIE::BSphere const & __ptr64) __ptr64
1768	?copy@Buffer@MOXIE@@QEAAXAEBV12@@Z	public: void __cdecl MOXIE::Buffer::copy(class MOXIE::Buffer const & __ptr64) __ptr64
1769	?copy@String@MOXIE@@QEAAXPEBD@Z	public: void __cdecl MOXIE::String::copy(char const * __ptr64) __ptr64
1770	?copyDecodedFrame@VideoCubeTile@MOXIE@@QEAAXPEAVSurface@2@PEAUAVFrame@@@Z	public: void __cdecl MOXIE::VideoCubeTile::copyDecodedFrame(class MOXIE::Surface * __ptr64,struct AVFrame * __ptr64) __ptr64
1771	?copyFrom@Bitmap@MOXIE@@QEAAXAEBV12@@Z	public: void __cdecl MOXIE::Bitmap::copyFrom(class MOXIE::Bitmap const & __ptr64) __ptr64
1772	?copyFrom@Surface@MOXIE@@QEAAXAEBV12@@Z	public: void __cdecl MOXIE::Surface::copyFrom(class MOXIE::Surface const & __ptr64) __ptr64
1773	?copyFrom@Uri@MOXIE@@AEAAXAEBV12@@Z	private: void __cdecl MOXIE::Uri::copyFrom(class MOXIE::Uri const & __ptr64) __ptr64
1774	?copyTo@ShaderParam@MOXIE@@QEBAXAEAV12@@Z	public: void __cdecl MOXIE::ShaderParam::copyTo(class MOXIE::ShaderParam & __ptr64)const __ptr64
1775	?correctRotation@LApiTrackingManager@duet@@SAHPEAUlua_State@@@Z	public: static int __cdecl duet::LApiTrackingManager::correctRotation(struct lua_State * __ptr64)
1776	?count@BufferObject@MOXIE@@QEBAIXZ	public: unsigned int __cdecl MOXIE::BufferObject::count(void)const __ptr64
1777	?count@RefCount@MOXIE@@QEBAIXZ	public: unsigned int __cdecl MOXIE::RefCount::count(void)const __ptr64
1778	?count@ShaderParam@MOXIE@@QEBAIXZ	public: unsigned int __cdecl MOXIE::ShaderParam::count(void)const __ptr64
1779	?create@AudioDevice@MOXIE@@KAPEAV12@XZ	protected: static class MOXIE::AudioDevice * __ptr64 __cdecl MOXIE::AudioDevice::create(void)
1780	?create@RenderDevice@MOXIE@@KAPEAV12@XZ	protected: static class MOXIE::RenderDevice * __ptr64 __cdecl MOXIE::RenderDevice::create(void)
1781	?createContext@RenderDeviceGL@MOXIE@@IEAA_NXZ	protected: bool __cdecl MOXIE::RenderDeviceGL::createContext(void) __ptr64
1782	?createCubemap@RenderDeviceGL@MOXIE@@QEAAPEAVTexture@2@AEBVSurface@2@@Z	public: class MOXIE::Texture * __ptr64 __cdecl MOXIE::RenderDeviceGL::createCubemap(class MOXIE::Surface const & __ptr64) __ptr64
1783	?createEmitter@AudioManager@MOXIE@@QEAAPEAVAudioEmitter@2@XZ	public: class MOXIE::AudioEmitter * __ptr64 __cdecl MOXIE::AudioManager::createEmitter(void) __ptr64
1784	?createErrorSurface@Surface@MOXIE@@AEAAXXZ	private: void __cdecl MOXIE::Surface::createErrorSurface(void) __ptr64
1785	?createFont@RenderDeviceGL@MOXIE@@UEAAPEAVFont@2@PEAVFontMap@2@@Z	public: virtual class MOXIE::Font * __ptr64 __cdecl MOXIE::RenderDeviceGL::createFont(class MOXIE::FontMap * __ptr64) __ptr64
1786	?createIndexBuffer@RenderDeviceGL@MOXIE@@UEAAPEAVIndexBuffer@2@PEAXII@Z	public: virtual class MOXIE::IndexBuffer * __ptr64 __cdecl MOXIE::RenderDeviceGL::createIndexBuffer(void * __ptr64,unsigned int,unsigned int) __ptr64
1787	?createIndexBuffer@VertexData@MOXIE@@QEAA_NPEAVRenderDevice@2@II@Z	public: bool __cdecl MOXIE::VertexData::createIndexBuffer(class MOXIE::RenderDevice * __ptr64,unsigned int,unsigned int) __ptr64
1788	?createPath@LocalFileSystem@MOXIE@@UEAA_NPEBD@Z	public: virtual bool __cdecl MOXIE::LocalFileSystem::createPath(char const * __ptr64) __ptr64
1789	?createPath@NetworkFileSystem@MOXIE@@UEAA_NPEBD@Z	public: virtual bool __cdecl MOXIE::NetworkFileSystem::createPath(char const * __ptr64) __ptr64
1790	?createRenderBuffer@RenderDeviceGL@MOXIE@@UEAAPEAVRenderBuffer@2@AEBVSurface@2@@Z	public: virtual class MOXIE::RenderBuffer * __ptr64 __cdecl MOXIE::RenderDeviceGL::createRenderBuffer(class MOXIE::Surface const & __ptr64) __ptr64
1791	?createRenderTarget@RenderDeviceGL@MOXIE@@UEAAPEAVRenderTarget@2@II@Z	public: virtual class MOXIE::RenderTarget * __ptr64 __cdecl MOXIE::RenderDeviceGL::createRenderTarget(unsigned int,unsigned int) __ptr64
1792	?createRenderTarget@RenderDeviceGL@MOXIE@@UEAAPEAVRenderTarget@2@XZ	public: virtual class MOXIE::RenderTarget * __ptr64 __cdecl MOXIE::RenderDeviceGL::createRenderTarget(void) __ptr64
1793	?createRenderView@RenderManager@MOXIE@@QEAAPEAVRenderView@2@AEBVString@2@@Z	public: class MOXIE::RenderView * __ptr64 __cdecl MOXIE::RenderManager::createRenderView(class MOXIE::String const & __ptr64) __ptr64
1794	?createScene@SceneManager@MOXIE@@QEAAPEAVSceneGraph@2@XZ	public: class MOXIE::SceneGraph * __ptr64 __cdecl MOXIE::SceneManager::createScene(void) __ptr64
1795	?createSensorOffset@SGCameraController@MOXIE@@QEAAXAEAVQuaternion@2@00@Z	public: void __cdecl MOXIE::SGCameraController::createSensorOffset(class MOXIE::Quaternion & __ptr64,class MOXIE::Quaternion & __ptr64,class MOXIE::Quaternion & __ptr64) __ptr64
1796	?createShader@RenderDeviceGL@MOXIE@@QEAAII@Z	public: unsigned int __cdecl MOXIE::RenderDeviceGL::createShader(unsigned int) __ptr64
1797	?createShader@RenderDeviceGL@MOXIE@@UEAAPEAVShader@2@PEBDI0I@Z	public: virtual class MOXIE::Shader * __ptr64 __cdecl MOXIE::RenderDeviceGL::createShader(char const * __ptr64,unsigned int,char const * __ptr64,unsigned int) __ptr64
1798	?createStatLogger@StatManager@MOXIE@@QEAAPEAVStatLogger@@XZ	public: class StatLogger * __ptr64 __cdecl MOXIE::StatManager::createStatLogger(void) __ptr64
1799	?createStats@LApplication@MOXIE@@QEAAXXZ	public: void __cdecl MOXIE::LApplication::createStats(void) __ptr64
1800	?createTargetCenteringVelocity@SGCameraController@MOXIE@@QEAA?AVQuaternion@2@AEBVTransform@2@VVector3@2@@Z	public: class MOXIE::Quaternion __cdecl MOXIE::SGCameraController::createTargetCenteringVelocity(class MOXIE::Transform const & __ptr64,class MOXIE::Vector3) __ptr64
1801	?createTexture2D@RenderDeviceGL@MOXIE@@QEAAPEAVTexture@2@AEBVSurface@2@@Z	public: class MOXIE::Texture * __ptr64 __cdecl MOXIE::RenderDeviceGL::createTexture2D(class MOXIE::Surface const & __ptr64) __ptr64
1802	?createTexture@RenderDeviceGL@MOXIE@@UEAAPEAVTexture@2@AEBVSurface@2@@Z	public: virtual class MOXIE::Texture * __ptr64 __cdecl MOXIE::RenderDeviceGL::createTexture(class MOXIE::Surface const & __ptr64) __ptr64
1803	?createTextureArray@RenderDeviceGL@MOXIE@@QEAAPEAVTexture@2@AEBVSurface@2@@Z	public: class MOXIE::Texture * __ptr64 __cdecl MOXIE::RenderDeviceGL::createTextureArray(class MOXIE::Surface const & __ptr64) __ptr64
1804	?createTrackingOffset@SGCameraController@MOXIE@@QEAA?AVQuaternion@2@AEBVTransform@2@AEBV32@@Z	public: class MOXIE::Quaternion __cdecl MOXIE::SGCameraController::createTrackingOffset(class MOXIE::Transform const & __ptr64,class MOXIE::Quaternion const & __ptr64) __ptr64
1805	?createTrackingStrength@SGCameraController@MOXIE@@QEAAMAEBVTransform@2@@Z	public: float __cdecl MOXIE::SGCameraController::createTrackingStrength(class MOXIE::Transform const & __ptr64) __ptr64
1806	?createVertexBuffer@RenderDeviceGL@MOXIE@@UEAAPEAVVertexBuffer@2@PEAXII@Z	public: virtual class MOXIE::VertexBuffer * __ptr64 __cdecl MOXIE::RenderDeviceGL::createVertexBuffer(void * __ptr64,unsigned int,unsigned int) __ptr64
1807	?createVertexBuffer@VertexData@MOXIE@@QEAA_NPEAVRenderDevice@2@W4EVertexAttributeFlags@2@I@Z	public: bool __cdecl MOXIE::VertexData::createVertexBuffer(class MOXIE::RenderDevice * __ptr64,enum MOXIE::EVertexAttributeFlags,unsigned int) __ptr64
1808	?createWindow@Win32Utils@@SA_NAEAUWindowInfo@1@PEBDP6A_JPEAUHWND__@@I_K_J@Z_NHHH@Z	public: static bool __cdecl Win32Utils::createWindow(struct Win32Utils::WindowInfo & __ptr64,char const * __ptr64,__int64 (__cdecl*)(struct HWND__ * __ptr64,unsigned int,unsigned __int64,__int64),bool,int,int,int)
1809	?cross@Vector3@MOXIE@@QEBA?AV12@AEBV12@@Z	public: class MOXIE::Vector3 __cdecl MOXIE::Vector3::cross(class MOXIE::Vector3 const & __ptr64)const __ptr64
1810	?crossfade@Animator@MOXIE@@QEAA_NPEBDM_N@Z	public: bool __cdecl MOXIE::Animator::crossfade(char const * __ptr64,float,bool) __ptr64
1811	?cstr@String@MOXIE@@QEBAPEBDXZ	public: char const * __ptr64 __cdecl MOXIE::String::cstr(void)const __ptr64
1812	?currentId@Thread@MOXIE@@SAKXZ	public: static unsigned long __cdecl MOXIE::Thread::currentId(void)
1813	?data@ShaderParam@MOXIE@@QEAAPEAXXZ	public: void * __ptr64 __cdecl MOXIE::ShaderParam::data(void) __ptr64
1814	?data@ShaderParam@MOXIE@@QEBAPEBXXZ	public: void const * __ptr64 __cdecl MOXIE::ShaderParam::data(void)const __ptr64
1815	?deallocate@String@MOXIE@@QEAAXXZ	public: void __cdecl MOXIE::String::deallocate(void) __ptr64
1816	?debugMarker@RenderDeviceGL@MOXIE@@UEAAXPEBD@Z	public: virtual void __cdecl MOXIE::RenderDeviceGL::debugMarker(char const * __ptr64) __ptr64
1817	?decodeFrame@VideoCubeTile@MOXIE@@QEAA_NPEAUAVFrame@@@Z	public: bool __cdecl MOXIE::VideoCubeTile::decodeFrame(struct AVFrame * __ptr64) __ptr64
1818	?decodeThread@SGVideoCubePlayer@MOXIE@@KAPEAXPEAX@Z	protected: static void * __ptr64 __cdecl MOXIE::SGVideoCubePlayer::decodeThread(void * __ptr64)
1819	?decodeTiles@SGVideoCubePlayer@MOXIE@@IEAAXPEAVDecodeThreadData@12@@Z	protected: void __cdecl MOXIE::SGVideoCubePlayer::decodeTiles(class MOXIE::SGVideoCubePlayer::DecodeThreadData * __ptr64) __ptr64
1820	?decodeTo@OggVorbisDecoder@MOXIE@@UEAA?AW4MauxStatus@2@IPEAXAEAI@Z	public: virtual enum MOXIE::MauxStatus __cdecl MOXIE::OggVorbisDecoder::decodeTo(unsigned int,void * __ptr64,unsigned int & __ptr64) __ptr64
1821	?decodeTo@PcmDecoder@MOXIE@@UEAA?AW4MauxStatus@2@IPEAXAEAI@Z	public: virtual enum MOXIE::MauxStatus __cdecl MOXIE::PcmDecoder::decodeTo(unsigned int,void * __ptr64,unsigned int & __ptr64) __ptr64
1822	?decompressFrame@Flipbook@MOXIE@@IEAAXI_N@Z	protected: void __cdecl MOXIE::Flipbook::decompressFrame(unsigned int,bool) __ptr64
1823	?decompressImage@Surface@MOXIE@@AEAA_NAEBV?$TArray@E@2@IIW4EPixelFormat@2@PEAE@Z	private: bool __cdecl MOXIE::Surface::decompressImage(class MOXIE::TArray<unsigned char> const & __ptr64,unsigned int,unsigned int,enum MOXIE::EPixelFormat,unsigned char * __ptr64) __ptr64
1824	?decompressImage@Surface@MOXIE@@AEAA_NXZ	private: bool __cdecl MOXIE::Surface::decompressImage(void) __ptr64
1825	?deconstructQuaternion@SGCameraController@MOXIE@@QEAAXVQuaternion@2@AEAV32@11@Z	public: void __cdecl MOXIE::SGCameraController::deconstructQuaternion(class MOXIE::Quaternion,class MOXIE::Quaternion & __ptr64,class MOXIE::Quaternion & __ptr64,class MOXIE::Quaternion & __ptr64) __ptr64
1826	?defaultCapacity@Buffer@MOXIE@@2IB	public: static unsigned int const MOXIE::Buffer::defaultCapacity
1827	?delay@LApiGlowFader@duet@@0NA	private: static double duet::LApiGlowFader::delay
1828	?delay@LApiMasterBlender@duet@@0NA	private: static double duet::LApiMasterBlender::delay
1829	?deleteBuffers@RenderDeviceGL@MOXIE@@QEAAX_KPEBI@Z	public: void __cdecl MOXIE::RenderDeviceGL::deleteBuffers(unsigned __int64,unsigned int const * __ptr64) __ptr64
1830	?deleteCache@NetworkFileSystem@MOXIE@@QEAAXXZ	public: void __cdecl MOXIE::NetworkFileSystem::deleteCache(void) __ptr64
1831	?deleteFile@LocalFileSystem@MOXIE@@UEAA_NPEBD@Z	public: virtual bool __cdecl MOXIE::LocalFileSystem::deleteFile(char const * __ptr64) __ptr64
1832	?deleteFile@NetworkFileSystem@MOXIE@@UEAA_NPEBD@Z	public: virtual bool __cdecl MOXIE::NetworkFileSystem::deleteFile(char const * __ptr64) __ptr64
1833	?deleteFramebuffers@RenderDeviceGL@MOXIE@@QEAAX_KPEBI@Z	public: void __cdecl MOXIE::RenderDeviceGL::deleteFramebuffers(unsigned __int64,unsigned int const * __ptr64) __ptr64
1834	?deleteRenderbuffers@RenderDeviceGL@MOXIE@@QEAAX_KPEBI@Z	public: void __cdecl MOXIE::RenderDeviceGL::deleteRenderbuffers(unsigned __int64,unsigned int const * __ptr64) __ptr64
1835	?deleteShader@RenderDeviceGL@MOXIE@@QEAAXI@Z	public: void __cdecl MOXIE::RenderDeviceGL::deleteShader(unsigned int) __ptr64
1836	?deleteTextures@RenderDeviceGL@MOXIE@@QEAAX_KPEBI@Z	public: void __cdecl MOXIE::RenderDeviceGL::deleteTextures(unsigned __int64,unsigned int const * __ptr64) __ptr64
1837	?destroy@AnimResource@MOXIE@@QEAAXXZ	public: void __cdecl MOXIE::AnimResource::destroy(void) __ptr64
1838	?destroy@AudioDevice@MOXIE@@KAXPEAV12@@Z	protected: static void __cdecl MOXIE::AudioDevice::destroy(class MOXIE::AudioDevice * __ptr64)
1839	?destroy@LApiDuet@duet@@SAHPEAUlua_State@@@Z	public: static int __cdecl duet::LApiDuet::destroy(struct lua_State * __ptr64)
1840	?destroy@ModelResource@MOXIE@@UEAAXXZ	public: virtual void __cdecl MOXIE::ModelResource::destroy(void) __ptr64
1841	?destroy@RenderDevice@MOXIE@@KAXPEAV12@@Z	protected: static void __cdecl MOXIE::RenderDevice::destroy(class MOXIE::RenderDevice * __ptr64)
1842	?destroy@SceneGraph@MOXIE@@QEAAXXZ	public: void __cdecl MOXIE::SceneGraph::destroy(void) __ptr64
1843	?destroy@Sound@MOXIE@@QEAAXXZ	public: void __cdecl MOXIE::Sound::destroy(void) __ptr64
1844	?destroy@VertexData@MOXIE@@QEAAXPEAVRenderDevice@2@@Z	public: void __cdecl MOXIE::VertexData::destroy(class MOXIE::RenderDevice * __ptr64) __ptr64
1845	?destroyComponents@SGNode@MOXIE@@QEAAXXZ	public: void __cdecl MOXIE::SGNode::destroyComponents(void) __ptr64
1846	?destroyContext@RenderDeviceGL@MOXIE@@IEAAXXZ	protected: void __cdecl MOXIE::RenderDeviceGL::destroyContext(void) __ptr64
1847	?destroyEmitter@AudioManager@MOXIE@@QEAAXAEAPEAVAudioEmitter@2@@Z	public: void __cdecl MOXIE::AudioManager::destroyEmitter(class MOXIE::AudioEmitter * __ptr64 & __ptr64) __ptr64
1848	?destroyFont@RenderDeviceGL@MOXIE@@UEAAXPEAVFont@2@@Z	public: virtual void __cdecl MOXIE::RenderDeviceGL::destroyFont(class MOXIE::Font * __ptr64) __ptr64
1849	?destroyIndexBuffer@RenderDeviceGL@MOXIE@@UEAAXPEAVIndexBuffer@2@@Z	public: virtual void __cdecl MOXIE::RenderDeviceGL::destroyIndexBuffer(class MOXIE::IndexBuffer * __ptr64) __ptr64
1850	?destroyNode@SceneGraph@MOXIE@@QEAAXPEAVSGNode@2@@Z	public: void __cdecl MOXIE::SceneGraph::destroyNode(class MOXIE::SGNode * __ptr64) __ptr64
1851	?destroyRenderBuffer@RenderDeviceGL@MOXIE@@UEAAXPEAVRenderBuffer@2@@Z	public: virtual void __cdecl MOXIE::RenderDeviceGL::destroyRenderBuffer(class MOXIE::RenderBuffer * __ptr64) __ptr64
1852	?destroyRenderTarget@RenderDeviceGL@MOXIE@@UEAAXPEAVRenderTarget@2@@Z	public: virtual void __cdecl MOXIE::RenderDeviceGL::destroyRenderTarget(class MOXIE::RenderTarget * __ptr64) __ptr64
1853	?destroyRenderView@RenderManager@MOXIE@@QEAAXPEAVRenderView@2@@Z	public: void __cdecl MOXIE::RenderManager::destroyRenderView(class MOXIE::RenderView * __ptr64) __ptr64
1854	?destroyResourceGroup@ResourceManager@MOXIE@@QEAAXI@Z	public: void __cdecl MOXIE::ResourceManager::destroyResourceGroup(unsigned int) __ptr64
1855	?destroyResourceGroupInternal@ResourceManager@MOXIE@@AEAAXI@Z	private: void __cdecl MOXIE::ResourceManager::destroyResourceGroupInternal(unsigned int) __ptr64
1856	?destroyScene@SceneManager@MOXIE@@QEAAXPEAVSceneGraph@2@@Z	public: void __cdecl MOXIE::SceneManager::destroyScene(class MOXIE::SceneGraph * __ptr64) __ptr64
1857	?destroyShader@RenderDeviceGL@MOXIE@@UEAAXPEAVShader@2@@Z	public: virtual void __cdecl MOXIE::RenderDeviceGL::destroyShader(class MOXIE::Shader * __ptr64) __ptr64
1858	?destroyStatLogger@StatManager@MOXIE@@QEAAXPEAVStatLogger@@@Z	public: void __cdecl MOXIE::StatManager::destroyStatLogger(class StatLogger * __ptr64) __ptr64
1859	?destroyStats@LApplication@MOXIE@@QEAAXXZ	public: void __cdecl MOXIE::LApplication::destroyStats(void) __ptr64
1860	?destroyTexture@RenderDeviceGL@MOXIE@@UEAAXPEAVTexture@2@@Z	public: virtual void __cdecl MOXIE::RenderDeviceGL::destroyTexture(class MOXIE::Texture * __ptr64) __ptr64
1861	?destroyVertexBuffer@RenderDeviceGL@MOXIE@@UEAAXPEAVVertexBuffer@2@@Z	public: virtual void __cdecl MOXIE::RenderDeviceGL::destroyVertexBuffer(class MOXIE::VertexBuffer * __ptr64) __ptr64
1862	?destroyWindow@Win32Utils@@SAXAEAUWindowInfo@1@@Z	public: static void __cdecl Win32Utils::destroyWindow(struct Win32Utils::WindowInfo & __ptr64)
1863	?detach@AudPlayer@MOXIE@@QEAAXXZ	public: void __cdecl MOXIE::AudPlayer::detach(void) __ptr64
1864	?detach@AudResource@MOXIE@@QEAAXXZ	public: void __cdecl MOXIE::AudResource::detach(void) __ptr64
1865	?detach@AudioDataSource@MOXIE@@QEAAXXZ	public: void __cdecl MOXIE::AudioDataSource::detach(void) __ptr64
1866	?detach@OggVorbisDecoder@MOXIE@@QEAAXXZ	public: void __cdecl MOXIE::OggVorbisDecoder::detach(void) __ptr64
1867	?detach@PcmDecoder@MOXIE@@UEAAXXZ	public: virtual void __cdecl MOXIE::PcmDecoder::detach(void) __ptr64
1868	?determinant@Matrix3@MOXIE@@QEBAMXZ	public: float __cdecl MOXIE::Matrix3::determinant(void)const __ptr64
1869	?determinant@Matrix4@MOXIE@@QEBAMXZ	public: float __cdecl MOXIE::Matrix4::determinant(void)const __ptr64
1870	?dispatchCommand@RenderDispatcher@MOXIE@@AEBAXHPEAE@Z	private: void __cdecl MOXIE::RenderDispatcher::dispatchCommand(int,unsigned char * __ptr64)const __ptr64
1871	?display@RenderDebug@MOXIE@@QEAAXPEAVRenderView@2@_N@Z	public: void __cdecl MOXIE::RenderDebug::display(class MOXIE::RenderView * __ptr64,bool) __ptr64
1872	?display@RenderView@MOXIE@@QEAAXXZ	public: void __cdecl MOXIE::RenderView::display(void) __ptr64
1873	?displayMono@RenderView@MOXIE@@IEAAXPEBVTexture@2@PEBVViewport@2@MM@Z	protected: void __cdecl MOXIE::RenderView::displayMono(class MOXIE::Texture const * __ptr64,class MOXIE::Viewport const * __ptr64,float,float) __ptr64
1874	?displayProfileStats@VideoCubeManager@MOXIE@@QEAAXII@Z	public: void __cdecl MOXIE::VideoCubeManager::displayProfileStats(unsigned int,unsigned int) __ptr64
1875	?displayStereo@RenderView@MOXIE@@IEAAXPEBVTexture@2@0PEBVViewport@2@MM@Z	protected: void __cdecl MOXIE::RenderView::displayStereo(class MOXIE::Texture const * __ptr64,class MOXIE::Texture const * __ptr64,class MOXIE::Viewport const * __ptr64,float,float) __ptr64
1876	?distance@Plane@MOXIE@@QEBAMAEBVVector3@2@@Z	public: float __cdecl MOXIE::Plane::distance(class MOXIE::Vector3 const & __ptr64)const __ptr64
1877	?distance@Point@MOXIE@@QEBAMAEBV12@@Z	public: float __cdecl MOXIE::Point::distance(class MOXIE::Point const & __ptr64)const __ptr64
1878	?distance@Vector2@MOXIE@@QEBAMAEBV12@@Z	public: float __cdecl MOXIE::Vector2::distance(class MOXIE::Vector2 const & __ptr64)const __ptr64
1879	?distance@Vector3@MOXIE@@QEBAMAEBV12@@Z	public: float __cdecl MOXIE::Vector3::distance(class MOXIE::Vector3 const & __ptr64)const __ptr64
1880	?distance@Vector4@MOXIE@@QEBAMAEBV12@@Z	public: float __cdecl MOXIE::Vector4::distance(class MOXIE::Vector4 const & __ptr64)const __ptr64
1881	?distanceSq@Point@MOXIE@@QEBAMAEBV12@@Z	public: float __cdecl MOXIE::Point::distanceSq(class MOXIE::Point const & __ptr64)const __ptr64
1882	?distanceSq@Vector2@MOXIE@@QEBAMAEBV12@@Z	public: float __cdecl MOXIE::Vector2::distanceSq(class MOXIE::Vector2 const & __ptr64)const __ptr64
1883	?distanceSq@Vector3@MOXIE@@QEBAMAEBV12@@Z	public: float __cdecl MOXIE::Vector3::distanceSq(class MOXIE::Vector3 const & __ptr64)const __ptr64
1884	?distanceSq@Vector4@MOXIE@@QEBAMAEBV12@@Z	public: float __cdecl MOXIE::Vector4::distanceSq(class MOXIE::Vector4 const & __ptr64)const __ptr64
1885	?distanceXY@Vector3@MOXIE@@QEBAMAEBV12@@Z	public: float __cdecl MOXIE::Vector3::distanceXY(class MOXIE::Vector3 const & __ptr64)const __ptr64
1886	?distanceXY@Vector4@MOXIE@@QEBAMAEBV12@@Z	public: float __cdecl MOXIE::Vector4::distanceXY(class MOXIE::Vector4 const & __ptr64)const __ptr64
1887	?distanceXZ@Vector3@MOXIE@@QEBAMAEBV12@@Z	public: float __cdecl MOXIE::Vector3::distanceXZ(class MOXIE::Vector3 const & __ptr64)const __ptr64
1888	?distanceXZ@Vector4@MOXIE@@QEBAMAEBV12@@Z	public: float __cdecl MOXIE::Vector4::distanceXZ(class MOXIE::Vector4 const & __ptr64)const __ptr64
1889	?distanceYZ@Vector3@MOXIE@@QEBAMAEBV12@@Z	public: float __cdecl MOXIE::Vector3::distanceYZ(class MOXIE::Vector3 const & __ptr64)const __ptr64
1890	?distanceYZ@Vector4@MOXIE@@QEBAMAEBV12@@Z	public: float __cdecl MOXIE::Vector4::distanceYZ(class MOXIE::Vector4 const & __ptr64)const __ptr64
1891	?div@Vector2@MOXIE@@QEAAXM@Z	public: void __cdecl MOXIE::Vector2::div(float) __ptr64
1892	?div@Vector3@MOXIE@@QEAAXM@Z	public: void __cdecl MOXIE::Vector3::div(float) __ptr64
1893	?div@Vector4@MOXIE@@QEAAXM@Z	public: void __cdecl MOXIE::Vector4::div(float) __ptr64
1894	?dot@Quaternion@MOXIE@@QEBAMAEBV12@@Z	public: float __cdecl MOXIE::Quaternion::dot(class MOXIE::Quaternion const & __ptr64)const __ptr64
1895	?dot@Vector2@MOXIE@@QEBAMAEBV12@@Z	public: float __cdecl MOXIE::Vector2::dot(class MOXIE::Vector2 const & __ptr64)const __ptr64
1896	?dot@Vector3@MOXIE@@QEBAMAEBV12@@Z	public: float __cdecl MOXIE::Vector3::dot(class MOXIE::Vector3 const & __ptr64)const __ptr64
1897	?download@StoryManager@MOXIE@@QEAAXI@Z	public: void __cdecl MOXIE::StoryManager::download(unsigned int) __ptr64
1898	?draw@ModelResource@MOXIE@@QEBAXPEAVRenderView@2@AEBVMatrix4@2@AEBVAABBox@2@PEBV42@HPEAVMaterial@2@PEA_N@Z	public: void __cdecl MOXIE::ModelResource::draw(class MOXIE::RenderView * __ptr64,class MOXIE::Matrix4 const & __ptr64,class MOXIE::AABBox const & __ptr64,class MOXIE::Matrix4 const * __ptr64,int,class MOXIE::Material * __ptr64,bool * __ptr64)const __ptr64
1899	?draw@ParticleBuffer@MOXIE@@QEAAXPEBVCamera@2@PEAVSGParticleEmitter@2@@Z	public: void __cdecl MOXIE::ParticleBuffer::draw(class MOXIE::Camera const * __ptr64,class MOXIE::SGParticleEmitter * __ptr64) __ptr64
1900	?draw@RenderDispatcher@MOXIE@@QEAAXXZ	public: void __cdecl MOXIE::RenderDispatcher::draw(void) __ptr64
1901	?draw@RenderManager@MOXIE@@QEAAXXZ	public: void __cdecl MOXIE::RenderManager::draw(void) __ptr64
1902	?draw@SGParticleEmitter@MOXIE@@QEAAXPEBVCamera@2@@Z	public: void __cdecl MOXIE::SGParticleEmitter::draw(class MOXIE::Camera const * __ptr64) __ptr64
1903	?drawAABBox@RenderDebug@MOXIE@@QEAAXAEBVAABBox@2@AEBVColor@2@@Z	public: void __cdecl MOXIE::RenderDebug::drawAABBox(class MOXIE::AABBox const & __ptr64,class MOXIE::Color const & __ptr64) __ptr64
1904	?drawCoordinateFrame@RenderDebug@MOXIE@@QEAAXAEBVMatrix4@2@AEBVVector3@2@@Z	public: void __cdecl MOXIE::RenderDebug::drawCoordinateFrame(class MOXIE::Matrix4 const & __ptr64,class MOXIE::Vector3 const & __ptr64) __ptr64
1905	?drawCurve@RenderDebug@MOXIE@@QEAAXAEBVVector3@2@000AEBVColor@2@I@Z	public: void __cdecl MOXIE::RenderDebug::drawCurve(class MOXIE::Vector3 const & __ptr64,class MOXIE::Vector3 const & __ptr64,class MOXIE::Vector3 const & __ptr64,class MOXIE::Vector3 const & __ptr64,class MOXIE::Color const & __ptr64,unsigned int) __ptr64
1906	?drawDebug@SGModelInstance@MOXIE@@QEAAXXZ	public: void __cdecl MOXIE::SGModelInstance::drawDebug(void) __ptr64
1907	?drawDebug@SGVideoCubePlayer@MOXIE@@QEAAXXZ	public: void __cdecl MOXIE::SGVideoCubePlayer::drawDebug(void) __ptr64
1908	?drawDebug@VideoCubeManager@MOXIE@@QEAAXXZ	public: void __cdecl MOXIE::VideoCubeManager::drawDebug(void) __ptr64
1909	?drawDebugRectList@SGVideoCubePlayer@MOXIE@@IEAAXXZ	protected: void __cdecl MOXIE::SGVideoCubePlayer::drawDebugRectList(void) __ptr64
1910	?drawDebugTimeline@SGVideoCubePlayer@MOXIE@@IEAAXAEBVVector3@2@0AEAVTimelineGraphData@2@_K2AEBVVector4@2@3333@Z	protected: void __cdecl MOXIE::SGVideoCubePlayer::drawDebugTimeline(class MOXIE::Vector3 const & __ptr64,class MOXIE::Vector3 const & __ptr64,class MOXIE::TimelineGraphData & __ptr64,unsigned __int64,unsigned __int64,class MOXIE::Vector4 const & __ptr64,class MOXIE::Vector4 const & __ptr64,class MOXIE::Vector4 const & __ptr64,class MOXIE::Vector4 const & __ptr64,class MOXIE::Vector4 const & __ptr64) __ptr64
1911	?drawFrustum@RenderDebug@MOXIE@@QEAAXAEBVFrustum@2@AEBVColor@2@@Z	public: void __cdecl MOXIE::RenderDebug::drawFrustum(class MOXIE::Frustum const & __ptr64,class MOXIE::Color const & __ptr64) __ptr64
1912	?drawLine@RenderDebug@MOXIE@@QEAAXAEBVVector3@2@0AEBVColor@2@@Z	public: void __cdecl MOXIE::RenderDebug::drawLine(class MOXIE::Vector3 const & __ptr64,class MOXIE::Vector3 const & __ptr64,class MOXIE::Color const & __ptr64) __ptr64
1913	?drawMesh@ModelResource@MOXIE@@QEBAXPEAVRenderView@2@AEBVMesh@12@AEBVMatrix4@2@PEBVCamera@2@2AEBVAABBox@2@PEBV52@PEAVMaterial@2@PEA_N@Z	public: void __cdecl MOXIE::ModelResource::drawMesh(class MOXIE::RenderView * __ptr64,class MOXIE::ModelResource::Mesh const & __ptr64,class MOXIE::Matrix4 const & __ptr64,class MOXIE::Camera const * __ptr64,class MOXIE::Matrix4 const & __ptr64,class MOXIE::AABBox const & __ptr64,class MOXIE::Matrix4 const * __ptr64,class MOXIE::Material * __ptr64,bool * __ptr64)const __ptr64
1914	?drawOSDMesh@ModelResource@MOXIE@@QEBAXPEAVRenderView@2@AEBVMesh@12@AEBVMatrix4@2@PEBVCamera@2@2AEBVAABBox@2@PEBV52@PEAVMaterial@2@PEA_N@Z	public: void __cdecl MOXIE::ModelResource::drawOSDMesh(class MOXIE::RenderView * __ptr64,class MOXIE::ModelResource::Mesh const & __ptr64,class MOXIE::Matrix4 const & __ptr64,class MOXIE::Camera const * __ptr64,class MOXIE::Matrix4 const & __ptr64,class MOXIE::AABBox const & __ptr64,class MOXIE::Matrix4 const * __ptr64,class MOXIE::Material * __ptr64,bool * __ptr64)const __ptr64
1915	?drawPlane@RenderDebug@MOXIE@@QEAAXAEBVVector3@2@0MAEBVColor@2@MMM@Z	public: void __cdecl MOXIE::RenderDebug::drawPlane(class MOXIE::Vector3 const & __ptr64,class MOXIE::Vector3 const & __ptr64,float,class MOXIE::Color const & __ptr64,float,float,float) __ptr64
1916	?drawPoint@RenderDebug@MOXIE@@QEAAXAEBVVector3@2@AEBVColor@2@M@Z	public: void __cdecl MOXIE::RenderDebug::drawPoint(class MOXIE::Vector3 const & __ptr64,class MOXIE::Color const & __ptr64,float) __ptr64
1917	?drawPrimitive@RenderDeviceGL@MOXIE@@UEAAXW4EPrimitiveType@2@PEBVIndexBuffer@2@II@Z	public: virtual void __cdecl MOXIE::RenderDeviceGL::drawPrimitive(enum MOXIE::EPrimitiveType,class MOXIE::IndexBuffer const * __ptr64,unsigned int,unsigned int) __ptr64
1918	?drawRect@SGVideoCubePlayer@MOXIE@@IEAAXAEBVVector3@2@0AEBVVector4@2@@Z	protected: void __cdecl MOXIE::SGVideoCubePlayer::drawRect(class MOXIE::Vector3 const & __ptr64,class MOXIE::Vector3 const & __ptr64,class MOXIE::Vector4 const & __ptr64) __ptr64
1919	?drawSphere@RenderDebug@MOXIE@@QEAAXAEBVVector3@2@MAEBVColor@2@@Z	public: void __cdecl MOXIE::RenderDebug::drawSphere(class MOXIE::Vector3 const & __ptr64,float,class MOXIE::Color const & __ptr64) __ptr64
1920	?drawText@RenderDebug@MOXIE@@QEAAXIIPEAVFont@2@AEBUStyle@2@PEBDZZ	public: void __cdecl MOXIE::RenderDebug::drawText(unsigned int,unsigned int,class MOXIE::Font * __ptr64,struct MOXIE::Style const & __ptr64,char const * __ptr64,...) __ptr64
1921	?drawText@RenderDeviceGL@MOXIE@@UEAAXAEBVViewport@2@HHPEBVFont@2@PEBDIIAEBVColor@2@MHHII@Z	public: virtual void __cdecl MOXIE::RenderDeviceGL::drawText(class MOXIE::Viewport const & __ptr64,int,int,class MOXIE::Font const * __ptr64,char const * __ptr64,unsigned int,unsigned int,class MOXIE::Color const & __ptr64,float,int,int,unsigned int,unsigned int) __ptr64
1922	?drawText@ShowDebug@duet@@SAXVString@MOXIE@@HHMVColor@4@@Z	public: static void __cdecl duet::ShowDebug::drawText(class MOXIE::String,int,int,float,class MOXIE::Color)
1923	?drawTextureFullscreen@RenderDeviceGL@MOXIE@@UEAAXPEBVTexture@2@PEBVViewport@2@MM@Z	public: virtual void __cdecl MOXIE::RenderDeviceGL::drawTextureFullscreen(class MOXIE::Texture const * __ptr64,class MOXIE::Viewport const * __ptr64,float,float) __ptr64
1924	?dummy@LApiActorVignette@duet@@SAHPEAUlua_State@@@Z	public: static int __cdecl duet::LApiActorVignette::dummy(struct lua_State * __ptr64)
1925	?emitParticles@SGParticleEmitter@MOXIE@@IEAAXIAEBUParticleDefinition@2@@Z	protected: void __cdecl MOXIE::SGParticleEmitter::emitParticles(unsigned int,struct MOXIE::ParticleDefinition const & __ptr64) __ptr64
1926	?enableInput@SGCameraController@MOXIE@@QEAAX_N@Z	public: void __cdecl MOXIE::SGCameraController::enableInput(bool) __ptr64
1927	?enableLuaProfiler@duet@@YAX_N@Z	void __cdecl duet::enableLuaProfiler(bool)
1928	?enableStereoDisplay@RenderView@MOXIE@@QEAAX_N@Z	public: void __cdecl MOXIE::RenderView::enableStereoDisplay(bool) __ptr64
1929	?end@RenderView@MOXIE@@QEAAXXZ	public: void __cdecl MOXIE::RenderView::end(void) __ptr64
1930	?endEye@RenderView@MOXIE@@QEAAXXZ	public: void __cdecl MOXIE::RenderView::endEye(void) __ptr64
1931	?endFrame@RenderView@MOXIE@@QEAAXXZ	public: void __cdecl MOXIE::RenderView::endFrame(void) __ptr64
1932	?endTrailer@Application@MOXIE@@UEAAXXZ	public: virtual void __cdecl MOXIE::Application::endTrailer(void) __ptr64
1933	?endTrailer@LApplication@MOXIE@@UEAAXXZ	public: virtual void __cdecl MOXIE::LApplication::endTrailer(void) __ptr64
1934	?enqueue@Flipbook@MOXIE@@QEAAXI@Z	public: void __cdecl MOXIE::Flipbook::enqueue(unsigned int) __ptr64
1935	?enqueue@JobQueue@MOXIE@@QEAAXPEAVIJob@2@PEAX_N2@Z	public: void __cdecl MOXIE::JobQueue::enqueue(class MOXIE::IJob * __ptr64,void * __ptr64,bool,bool) __ptr64
1936	?eof@FileStream@MOXIE@@QEBA_NXZ	public: bool __cdecl MOXIE::FileStream::eof(void)const __ptr64
1937	?eof@LocalFileSystem@MOXIE@@UEAA_N_K@Z	public: virtual bool __cdecl MOXIE::LocalFileSystem::eof(unsigned __int64) __ptr64
1938	?eof@NetworkFileSystem@MOXIE@@UEAA_N_K@Z	public: virtual bool __cdecl MOXIE::NetworkFileSystem::eof(unsigned __int64) __ptr64
1939	?error@LUtil@MOXIE@@SAPEBDPEAUlua_State@@@Z	public: static char const * __ptr64 __cdecl MOXIE::LUtil::error(struct lua_State * __ptr64)
1940	?error@Log@MOXIE@@YAXPEBDZZ	void __cdecl MOXIE::Log::error(char const * __ptr64,...)
1941	?error@ShaderFxCompiler@MOXIE@@AEAAXIPEBDZZ	private: void __cdecl MOXIE::ShaderFxCompiler::error(unsigned int,char const * __ptr64,...) __ptr64
1942	?evaluate@StoryConfig@MOXIE@@IEAAXXZ	protected: void __cdecl MOXIE::StoryConfig::evaluate(void) __ptr64
1943	?exists@LocalFileSystem@MOXIE@@UEAA?AW4EExist@FileSystem@2@PEBD@Z	public: virtual enum MOXIE::FileSystem::EExist __cdecl MOXIE::LocalFileSystem::exists(char const * __ptr64) __ptr64
1944	?exists@NetworkFileSystem@MOXIE@@UEAA?AW4EExist@FileSystem@2@PEBD@Z	public: virtual enum MOXIE::FileSystem::EExist __cdecl MOXIE::NetworkFileSystem::exists(char const * __ptr64) __ptr64
1945	?exists@ResourceManager@MOXIE@@QEAA_NAEBVUri@2@@Z	public: bool __cdecl MOXIE::ResourceManager::exists(class MOXIE::Uri const & __ptr64) __ptr64
1946	?exit@Application@MOXIE@@QEAAXXZ	public: void __cdecl MOXIE::Application::exit(void) __ptr64
1947	?expand@AABBox@MOXIE@@QEAAXAEBVVector3@2@@Z	public: void __cdecl MOXIE::AABBox::expand(class MOXIE::Vector3 const & __ptr64) __ptr64
1948	?expand@AABBox@MOXIE@@QEAAXAEBVVector3@2@M@Z	public: void __cdecl MOXIE::AABBox::expand(class MOXIE::Vector3 const & __ptr64,float) __ptr64
1949	?expand@BSphere@MOXIE@@QEAAXAEBVVector3@2@@Z	public: void __cdecl MOXIE::BSphere::expand(class MOXIE::Vector3 const & __ptr64) __ptr64
1950	?expand@BSphere@MOXIE@@QEAAXAEBVVector3@2@M@Z	public: void __cdecl MOXIE::BSphere::expand(class MOXIE::Vector3 const & __ptr64,float) __ptr64
1951	?expand@ShaderFxCompiler@MOXIE@@AEAAXPEAUCodeFragment@12@AEAVString@2@@Z	private: void __cdecl MOXIE::ShaderFxCompiler::expand(struct MOXIE::ShaderFxCompiler::CodeFragment * __ptr64,class MOXIE::String & __ptr64) __ptr64
1952	?expand@String@MOXIE@@IEAAXI_N@Z	protected: void __cdecl MOXIE::String::expand(unsigned int,bool) __ptr64
1953	?exposureToFrameIndex@Flipbook@MOXIE@@QEAAII@Z	public: unsigned int __cdecl MOXIE::Flipbook::exposureToFrameIndex(unsigned int) __ptr64
1954	?ext@FilePath@MOXIE@@QEBAPEBDXZ	public: char const * __ptr64 __cdecl MOXIE::FilePath::ext(void)const __ptr64
1955	?extractPoints@AABBox@MOXIE@@QEBAXPEAVVector3@2@@Z	public: void __cdecl MOXIE::AABBox::extractPoints(class MOXIE::Vector3 * __ptr64)const __ptr64
1956	?fadeTime@LApiGlowFader@duet@@0NA	private: static double duet::LApiGlowFader::fadeTime
1957	?fadeTime@LApiMasterBlender@duet@@0NA	private: static double duet::LApiMasterBlender::fadeTime
1958	?fatal@Log@MOXIE@@YAX_NPEBDZZ	void __cdecl MOXIE::Log::fatal(bool,char const * __ptr64,...)
1959	?findBoneByName@LApiActorVignette@duet@@CAHPEAVSGModelInstance@MOXIE@@AEBVString@4@@Z	private: static int __cdecl duet::LApiActorVignette::findBoneByName(class MOXIE::SGModelInstance * __ptr64,class MOXIE::String const & __ptr64)
1960	?findBoneByPartialName@LApiActorVignette@duet@@CAHPEAVSGModelInstance@MOXIE@@AEBVString@4@@Z	private: static int __cdecl duet::LApiActorVignette::findBoneByPartialName(class MOXIE::SGModelInstance * __ptr64,class MOXIE::String const & __ptr64)
1961	?findFormat@RenderDeviceGL@MOXIE@@QEBAPEBUTextureFormatEntry@2@W4EPixelFormat@2@@Z	public: struct MOXIE::TextureFormatEntry const * __ptr64 __cdecl MOXIE::RenderDeviceGL::findFormat(enum MOXIE::EPixelFormat)const __ptr64
1962	?findMaterialIndexByName@ModelResource@MOXIE@@QEAAHPEBD@Z	public: int __cdecl MOXIE::ModelResource::findMaterialIndexByName(char const * __ptr64) __ptr64
1963	?findMaterialIndexByName@SGModelInstance@MOXIE@@QEAAHPEBD@Z	public: int __cdecl MOXIE::SGModelInstance::findMaterialIndexByName(char const * __ptr64) __ptr64
1964	?findSemanticId@ShaderFxCompiler@MOXIE@@AEAAHPEBD@Z	private: int __cdecl MOXIE::ShaderFxCompiler::findSemanticId(char const * __ptr64) __ptr64
1965	?findSound@AudioEmitter@MOXIE@@QEAAPEAVSound@2@PEBD@Z	public: class MOXIE::Sound * __ptr64 __cdecl MOXIE::AudioEmitter::findSound(char const * __ptr64) __ptr64
1966	?findTrackIndexByName@AnimResource@MOXIE@@QEAAHPEBD@Z	public: int __cdecl MOXIE::AnimResource::findTrackIndexByName(char const * __ptr64) __ptr64
1967	?findTransformIndexByLeafName@SGModelInstance@MOXIE@@QEAAHPEBD@Z	public: int __cdecl MOXIE::SGModelInstance::findTransformIndexByLeafName(char const * __ptr64) __ptr64
1968	?findTransformIndexByName@ModelResource@MOXIE@@QEAAFPEBD@Z	public: short __cdecl MOXIE::ModelResource::findTransformIndexByName(char const * __ptr64) __ptr64
1969	?findTransformIndexByName@SGModelInstance@MOXIE@@QEAAHPEBD@Z	public: int __cdecl MOXIE::SGModelInstance::findTransformIndexByName(char const * __ptr64) __ptr64
1970	?finishLoad@AudResource@MOXIE@@QEAA?AW4MauxStatus@2@XZ	public: enum MOXIE::MauxStatus __cdecl MOXIE::AudResource::finishLoad(void) __ptr64
1971	?fixup_rotation@LApiCameraRig@duet@@CAXAEAUQuaternion@2@@Z	private: static void __cdecl duet::LApiCameraRig::fixup_rotation(struct duet::Quaternion & __ptr64)
1972	?floatFlip@RadixSortReal@MOXIE@@CAII@Z	private: static unsigned int __cdecl MOXIE::RadixSortReal::floatFlip(unsigned int)
1973	?flush@FileStream@MOXIE@@QEAAXXZ	public: void __cdecl MOXIE::FileStream::flush(void) __ptr64
1974	?flush@LocalFileSystem@MOXIE@@UEAA_N_K@Z	public: virtual bool __cdecl MOXIE::LocalFileSystem::flush(unsigned __int64) __ptr64
1975	?flush@NetworkFileSystem@MOXIE@@UEAA_N_K@Z	public: virtual bool __cdecl MOXIE::NetworkFileSystem::flush(unsigned __int64) __ptr64
1976	?flush@RenderDeviceGL@MOXIE@@UEAAXXZ	public: virtual void __cdecl MOXIE::RenderDeviceGL::flush(void) __ptr64
1977	?flushPendingResources@ResourceManager@MOXIE@@QEAAXXZ	public: void __cdecl MOXIE::ResourceManager::flushPendingResources(void) __ptr64
1978	?flushPersist@LApplication@MOXIE@@QEAAXXZ	public: void __cdecl MOXIE::LApplication::flushPersist(void) __ptr64
1979	?followMetric@LApiTrackingLayer@duet@@SAHPEAUlua_State@@@Z	public: static int __cdecl duet::LApiTrackingLayer::followMetric(struct lua_State * __ptr64)
1980	?forceWorldUpdate@SGTransform@MOXIE@@QEAAX_N@Z	public: void __cdecl MOXIE::SGTransform::forceWorldUpdate(bool) __ptr64
1981	?format@String@MOXIE@@QEAAXPEBDZZ	public: void __cdecl MOXIE::String::format(char const * __ptr64,...) __ptr64
1982	?frameBegin@duet@@YAXXZ	void __cdecl duet::frameBegin(void)
1983	?free@AudServices@MOXIE@@QEAAXPEAX@Z	public: void __cdecl MOXIE::AudServices::free(void * __ptr64) __ptr64
1984	?freePacket@VideoCubeTile@MOXIE@@IEAAXPEAUAVPacket@@@Z	protected: void __cdecl MOXIE::VideoCubeTile::freePacket(struct AVPacket * __ptr64) __ptr64
1985	?fullname@FilePath@MOXIE@@QEBAPEBDXZ	public: char const * __ptr64 __cdecl MOXIE::FilePath::fullname(void)const __ptr64
1986	?fullpath@FilePath@MOXIE@@QEBAPEBDXZ	public: char const * __ptr64 __cdecl MOXIE::FilePath::fullpath(void)const __ptr64
1987	?garbageCollect@ResourceManager@MOXIE@@QEAAIXZ	public: unsigned int __cdecl MOXIE::ResourceManager::garbageCollect(void) __ptr64
1988	?genBuffers@RenderDeviceGL@MOXIE@@QEAAX_KPEAI@Z	public: void __cdecl MOXIE::RenderDeviceGL::genBuffers(unsigned __int64,unsigned int * __ptr64) __ptr64
1989	?genFramebuffers@RenderDeviceGL@MOXIE@@QEAAX_KPEAI@Z	public: void __cdecl MOXIE::RenderDeviceGL::genFramebuffers(unsigned __int64,unsigned int * __ptr64) __ptr64
1990	?genRenderbuffers@RenderDeviceGL@MOXIE@@QEAAX_KPEAI@Z	public: void __cdecl MOXIE::RenderDeviceGL::genRenderbuffers(unsigned __int64,unsigned int * __ptr64) __ptr64
1991	?genTextures@RenderDeviceGL@MOXIE@@QEAAX_KPEAI@Z	public: void __cdecl MOXIE::RenderDeviceGL::genTextures(unsigned __int64,unsigned int * __ptr64) __ptr64
1992	?generate@FontMap@MOXIE@@SAPEAV12@PEBDHI@Z	public: static class MOXIE::FontMap * __ptr64 __cdecl MOXIE::FontMap::generate(char const * __ptr64,int,unsigned int)
1993	?generate@OggVorbisMetadata@MOXIE@@SA_NAEBVUri@2@@Z	public: static bool __cdecl MOXIE::OggVorbisMetadata::generate(class MOXIE::Uri const & __ptr64)
1994	?generate@OggVorbisMetadata@MOXIE@@SA_NPEBD@Z	public: static bool __cdecl MOXIE::OggVorbisMetadata::generate(char const * __ptr64)
1995	?generateResourceCache@ResourceManager@MOXIE@@QEAAXXZ	public: void __cdecl MOXIE::ResourceManager::generateResourceCache(void) __ptr64
1996	?get@Matrix4@MOXIE@@QEAAPEAMXZ	public: float * __ptr64 __cdecl MOXIE::Matrix4::get(void) __ptr64
1997	?get@Matrix4@MOXIE@@QEBAPEBMXZ	public: float const * __ptr64 __cdecl MOXIE::Matrix4::get(void)const __ptr64
1998	?get@Vector2@MOXIE@@QEAAPEAMXZ	public: float * __ptr64 __cdecl MOXIE::Vector2::get(void) __ptr64
1999	?get@Vector2@MOXIE@@QEBAPEBMXZ	public: float const * __ptr64 __cdecl MOXIE::Vector2::get(void)const __ptr64
2000	?get@Vector3@MOXIE@@QEAAPEAMXZ	public: float * __ptr64 __cdecl MOXIE::Vector3::get(void) __ptr64
2001	?get@Vector3@MOXIE@@QEBAPEBMXZ	public: float const * __ptr64 __cdecl MOXIE::Vector3::get(void)const __ptr64
2002	?get@Vector4@MOXIE@@QEAAPEAMXZ	public: float * __ptr64 __cdecl MOXIE::Vector4::get(void) __ptr64
2003	?get@Vector4@MOXIE@@QEBAPEBMXZ	public: float const * __ptr64 __cdecl MOXIE::Vector4::get(void)const __ptr64
2004	?getAbsoluteFrameOffset@AnimResource@MOXIE@@QEBAIXZ	public: unsigned int __cdecl MOXIE::AnimResource::getAbsoluteFrameOffset(void)const __ptr64
2005	?getActivePlayerCount@AudEmitter@MOXIE@@QEAAIXZ	public: unsigned int __cdecl MOXIE::AudEmitter::getActivePlayerCount(void) __ptr64
2006	?getActiveTouches@InputManager@MOXIE@@QEAAPEBIXZ	public: unsigned int const * __ptr64 __cdecl MOXIE::InputManager::getActiveTouches(void) __ptr64
2007	?getAdaptiveQuality@SGVideoCubePlayer@MOXIE@@QEAA_NXZ	public: bool __cdecl MOXIE::SGVideoCubePlayer::getAdaptiveQuality(void) __ptr64
2008	?getAllMixVolume@AudioSystem@MOXIE@@QEBAMXZ	public: float __cdecl MOXIE::AudioSystem::getAllMixVolume(void)const __ptr64
2009	?getAllStatus@AudioSystem@MOXIE@@QEBA?AW4MauxStatus@2@XZ	public: enum MOXIE::MauxStatus __cdecl MOXIE::AudioSystem::getAllStatus(void)const __ptr64
2010	?getAllocator@LEnvironment@MOXIE@@QEBAPEBVLAllocator@2@XZ	public: class MOXIE::LAllocator const * __ptr64 __cdecl MOXIE::LEnvironment::getAllocator(void)const __ptr64
2011	?getAlphaRange@RenderView@MOXIE@@QEAAXAEAM0@Z	public: void __cdecl MOXIE::RenderView::getAlphaRange(float & __ptr64,float & __ptr64) __ptr64
2012	?getAnimation@Animator@MOXIE@@QEAAPEAVAnimation@2@PEBD@Z	public: class MOXIE::Animation * __ptr64 __cdecl MOXIE::Animator::getAnimation(char const * __ptr64) __ptr64
2013	?getAnimator@SGModelInstance@MOXIE@@QEAAPEAVSGAnimator@2@XZ	public: class MOXIE::SGAnimator * __ptr64 __cdecl MOXIE::SGModelInstance::getAnimator(void) __ptr64
2014	?getArray@Matrix3@MOXIE@@QEBAPEBMXZ	public: float const * __ptr64 __cdecl MOXIE::Matrix3::getArray(void)const __ptr64
2015	?getAspectRatio@Bitmap@MOXIE@@QEBAMXZ	public: float __cdecl MOXIE::Bitmap::getAspectRatio(void)const __ptr64
2016	?getAspectRatio@Surface@MOXIE@@QEBAMXZ	public: float __cdecl MOXIE::Surface::getAspectRatio(void)const __ptr64
2017	?getAspectRatio@Viewport@MOXIE@@QEBAMXZ	public: float __cdecl MOXIE::Viewport::getAspectRatio(void)const __ptr64
2018	?getAudioData@AudioResource@MOXIE@@QEAAPEAVAudioData@2@XZ	public: class MOXIE::AudioData * __ptr64 __cdecl MOXIE::AudioResource::getAudioData(void) __ptr64
2019	?getAudioData@AudioResource@MOXIE@@QEBAPEBVAudioData@2@XZ	public: class MOXIE::AudioData const * __ptr64 __cdecl MOXIE::AudioResource::getAudioData(void)const __ptr64
2020	?getAudioPlayer@Sound@MOXIE@@QEAAPEAVAudioPlayer@2@XZ	public: class MOXIE::AudioPlayer * __ptr64 __cdecl MOXIE::Sound::getAudioPlayer(void) __ptr64
2021	?getAudioResource@Sound@MOXIE@@QEAA?AVResourceHandle@2@XZ	public: class MOXIE::ResourceHandle __cdecl MOXIE::Sound::getAudioResource(void) __ptr64
2022	?getAudioWorldTime@AudioSystem@MOXIE@@QEAA_KXZ	public: unsigned __int64 __cdecl MOXIE::AudioSystem::getAudioWorldTime(void) __ptr64
2023	?getAxisAngle@Quaternion@MOXIE@@QEBAXAEAVVector3@2@AEAM@Z	public: void __cdecl MOXIE::Quaternion::getAxisAngle(class MOXIE::Vector3 & __ptr64,float & __ptr64)const __ptr64
2024	?getAxisW@Vector4@MOXIE@@SAAEBV12@XZ	public: static class MOXIE::Vector4 const & __ptr64 __cdecl MOXIE::Vector4::getAxisW(void)
2025	?getAxisX@Vector2@MOXIE@@SAAEBV12@XZ	public: static class MOXIE::Vector2 const & __ptr64 __cdecl MOXIE::Vector2::getAxisX(void)
2026	?getAxisX@Vector3@MOXIE@@SAAEBV12@XZ	public: static class MOXIE::Vector3 const & __ptr64 __cdecl MOXIE::Vector3::getAxisX(void)
2027	?getAxisX@Vector4@MOXIE@@SAAEBV12@XZ	public: static class MOXIE::Vector4 const & __ptr64 __cdecl MOXIE::Vector4::getAxisX(void)
2028	?getAxisY@Vector2@MOXIE@@SAAEBV12@XZ	public: static class MOXIE::Vector2 const & __ptr64 __cdecl MOXIE::Vector2::getAxisY(void)
2029	?getAxisY@Vector3@MOXIE@@SAAEBV12@XZ	public: static class MOXIE::Vector3 const & __ptr64 __cdecl MOXIE::Vector3::getAxisY(void)
2030	?getAxisY@Vector4@MOXIE@@SAAEBV12@XZ	public: static class MOXIE::Vector4 const & __ptr64 __cdecl MOXIE::Vector4::getAxisY(void)
2031	?getAxisZ@Vector3@MOXIE@@SAAEBV12@XZ	public: static class MOXIE::Vector3 const & __ptr64 __cdecl MOXIE::Vector3::getAxisZ(void)
2032	?getAxisZ@Vector4@MOXIE@@SAAEBV12@XZ	public: static class MOXIE::Vector4 const & __ptr64 __cdecl MOXIE::Vector4::getAxisZ(void)
2033	?getBaseRTTI@RTTI@MOXIE@@QEBAPEBV12@XZ	public: class MOXIE::RTTI const * __ptr64 __cdecl MOXIE::RTTI::getBaseRTTI(void)const __ptr64
2034	?getBasisX@Matrix3@MOXIE@@QEBA?AVVector3@2@XZ	public: class MOXIE::Vector3 __cdecl MOXIE::Matrix3::getBasisX(void)const __ptr64
2035	?getBasisX@Matrix4@MOXIE@@QEBA?AVVector3@2@XZ	public: class MOXIE::Vector3 __cdecl MOXIE::Matrix4::getBasisX(void)const __ptr64
2036	?getBasisY@Matrix3@MOXIE@@QEBA?AVVector3@2@XZ	public: class MOXIE::Vector3 __cdecl MOXIE::Matrix3::getBasisY(void)const __ptr64
2037	?getBasisY@Matrix4@MOXIE@@QEBA?AVVector3@2@XZ	public: class MOXIE::Vector3 __cdecl MOXIE::Matrix4::getBasisY(void)const __ptr64
2038	?getBasisZ@Matrix3@MOXIE@@QEBA?AVVector3@2@XZ	public: class MOXIE::Vector3 __cdecl MOXIE::Matrix3::getBasisZ(void)const __ptr64
2039	?getBasisZ@Matrix4@MOXIE@@QEBA?AVVector3@2@XZ	public: class MOXIE::Vector3 __cdecl MOXIE::Matrix4::getBasisZ(void)const __ptr64
2040	?getBitmapDepth@FontMap@MOXIE@@QEBAIXZ	public: unsigned int __cdecl MOXIE::FontMap::getBitmapDepth(void)const __ptr64
2041	?getBitmapHeight@FontMap@MOXIE@@QEBAIXZ	public: unsigned int __cdecl MOXIE::FontMap::getBitmapHeight(void)const __ptr64
2042	?getBitmapPixels@FontMap@MOXIE@@QEBAPEAXXZ	public: void * __ptr64 __cdecl MOXIE::FontMap::getBitmapPixels(void)const __ptr64
2043	?getBitmapWidth@FontMap@MOXIE@@QEBAIXZ	public: unsigned int __cdecl MOXIE::FontMap::getBitmapWidth(void)const __ptr64
2044	?getBoneGroup@ModelResource@MOXIE@@QEBAAEBVBoneGroup@12@I@Z	public: class MOXIE::ModelResource::BoneGroup const & __ptr64 __cdecl MOXIE::ModelResource::getBoneGroup(unsigned int)const __ptr64
2045	?getBoneRadius@SGModelInstance@MOXIE@@QEBAMXZ	public: float __cdecl MOXIE::SGModelInstance::getBoneRadius(void)const __ptr64
2046	?getBoneVisibility@SGModelInstance@MOXIE@@QEAA_NI@Z	public: bool __cdecl MOXIE::SGModelInstance::getBoneVisibility(unsigned int) __ptr64
2047	?getBool@ADBProperty@MOXIE@@SA_NPEBD@Z	public: static bool __cdecl MOXIE::ADBProperty::getBool(char const * __ptr64)
2048	?getBorderSize@VideoCube@MOXIE@@QEBAIXZ	public: unsigned int __cdecl MOXIE::VideoCube::getBorderSize(void)const __ptr64
2049	?getBounds@VideoCubeTile@MOXIE@@QEBAAEBVAABBox@2@XZ	public: class MOXIE::AABBox const & __ptr64 __cdecl MOXIE::VideoCubeTile::getBounds(void)const __ptr64
2050	?getBuffer@FlipbookTexturePool@MOXIE@@QEAAPEAEXZ	public: unsigned char * __ptr64 __cdecl MOXIE::FlipbookTexturePool::getBuffer(void) __ptr64
2051	?getBuffer@ShaderParamBlock@MOXIE@@QEAAAEAVBuffer@2@XZ	public: class MOXIE::Buffer & __ptr64 __cdecl MOXIE::ShaderParamBlock::getBuffer(void) __ptr64
2052	?getBuffer@ShaderParamBlock@MOXIE@@QEAAAEAVBuffer@@XZ	public: class Buffer & __ptr64 __cdecl MOXIE::ShaderParamBlock::getBuffer(void) __ptr64
2053	?getBuffer@ShaderParamBlock@MOXIE@@QEBAAEBVBuffer@2@XZ	public: class MOXIE::Buffer const & __ptr64 __cdecl MOXIE::ShaderParamBlock::getBuffer(void)const __ptr64
2054	?getBuffer@ShaderParamBlock@MOXIE@@QEBAAEBVBuffer@@XZ	public: class Buffer const & __ptr64 __cdecl MOXIE::ShaderParamBlock::getBuffer(void)const __ptr64
2055	?getBufferSize@FlipbookTexturePool@MOXIE@@QEBAIXZ	public: unsigned int __cdecl MOXIE::FlipbookTexturePool::getBufferSize(void)const __ptr64
2056	?getCamForward@LApiCameraRig@duet@@SA?AVVector@2@XZ	public: static class duet::Vector __cdecl duet::LApiCameraRig::getCamForward(void)
2057	?getCamRight@LApiCameraRig@duet@@SA?AVVector@2@XZ	public: static class duet::Vector __cdecl duet::LApiCameraRig::getCamRight(void)
2058	?getCamUp@LApiCameraRig@duet@@SA?AVVector@2@XZ	public: static class duet::Vector __cdecl duet::LApiCameraRig::getCamUp(void)
2059	?getCamera@LApiDuet@duet@@SAAEBVSRT@2@XZ	public: static class duet::SRT const & __ptr64 __cdecl duet::LApiDuet::getCamera(void)
2060	?getCamera@RenderView@MOXIE@@QEBAPEAVCamera@2@XZ	public: class MOXIE::Camera * __ptr64 __cdecl MOXIE::RenderView::getCamera(void)const __ptr64
2061	?getCamera@SGCamera@MOXIE@@QEAAAEAVCamera@2@XZ	public: class MOXIE::Camera & __ptr64 __cdecl MOXIE::SGCamera::getCamera(void) __ptr64
2062	?getCamera@SGCamera@MOXIE@@QEBAAEBVCamera@2@XZ	public: class MOXIE::Camera const & __ptr64 __cdecl MOXIE::SGCamera::getCamera(void)const __ptr64
2063	?getCamera@SGCameraController@MOXIE@@QEAAPEAVSGCamera@2@XZ	public: class MOXIE::SGCamera * __ptr64 __cdecl MOXIE::SGCameraController::getCamera(void) __ptr64
2064	?getCameraVR@RenderView@MOXIE@@QEBAPEAVCameraVR@2@XZ	public: class MOXIE::CameraVR * __ptr64 __cdecl MOXIE::RenderView::getCameraVR(void)const __ptr64
2065	?getCapacity@Buffer@MOXIE@@QEAAIXZ	public: unsigned int __cdecl MOXIE::Buffer::getCapacity(void) __ptr64
2066	?getCenter@AABBox@MOXIE@@QEBA?AVVector3@2@XZ	public: class MOXIE::Vector3 __cdecl MOXIE::AABBox::getCenter(void)const __ptr64
2067	?getChar@Lexer@MOXIE@@QEAAD_N@Z	public: char __cdecl MOXIE::Lexer::getChar(bool) __ptr64
2068	?getChecksumFilename@LApplication@MOXIE@@QEBA?AVString@2@XZ	public: class MOXIE::String __cdecl MOXIE::LApplication::getChecksumFilename(void)const __ptr64
2069	?getChild@SGGroup@MOXIE@@QEBAPEAVSGNode@2@I@Z	public: class MOXIE::SGNode * __ptr64 __cdecl MOXIE::SGGroup::getChild(unsigned int)const __ptr64
2070	?getChunkById@StoryManifest@MOXIE@@QEBAPEBUchunk_t@12@I@Z	public: struct MOXIE::StoryManifest::chunk_t const * __ptr64 __cdecl MOXIE::StoryManifest::getChunkById(unsigned int)const __ptr64
2071	?getChunkByIndex@StoryManifest@MOXIE@@QEBAPEBUchunk_t@12@I@Z	public: struct MOXIE::StoryManifest::chunk_t const * __ptr64 __cdecl MOXIE::StoryManifest::getChunkByIndex(unsigned int)const __ptr64
2072	?getChunkBytesAvailable@RiffDiver@MOXIE@@QEBAIXZ	public: unsigned int __cdecl MOXIE::RiffDiver::getChunkBytesAvailable(void)const __ptr64
2073	?getChunkCount@StoryManifest@MOXIE@@QEBAIXZ	public: unsigned int __cdecl MOXIE::StoryManifest::getChunkCount(void)const __ptr64
2074	?getChunkDataAddr@RiffDiver@MOXIE@@QEBAIXZ	public: unsigned int __cdecl MOXIE::RiffDiver::getChunkDataAddr(void)const __ptr64
2075	?getClassId@RTTI@MOXIE@@QEBAIXZ	public: unsigned int __cdecl MOXIE::RTTI::getClassId(void)const __ptr64
2076	?getClassName@RTTI@MOXIE@@QEBAPEBDXZ	public: char const * __ptr64 __cdecl MOXIE::RTTI::getClassName(void)const __ptr64
2077	?getClearColor@RenderDeviceGL@MOXIE@@UEAAAEBVVector4@2@XZ	public: virtual class MOXIE::Vector4 const & __ptr64 __cdecl MOXIE::RenderDeviceGL::getClearColor(void) __ptr64
2078	?getClearColor@RenderView@MOXIE@@QEAA?BVColor@2@XZ	public: class MOXIE::Color const __cdecl MOXIE::RenderView::getClearColor(void) __ptr64
2079	?getClipPlayer@AudioSystem@MOXIE@@QEAA?AW4MauxStatus@2@IIIMMPEAI@Z	public: enum MOXIE::MauxStatus __cdecl MOXIE::AudioSystem::getClipPlayer(unsigned int,unsigned int,unsigned int,float,float,unsigned int * __ptr64) __ptr64
2080	?getCodecID@VideoCube@MOXIE@@QEBAIXZ	public: unsigned int __cdecl MOXIE::VideoCube::getCodecID(void)const __ptr64
2081	?getColor@SGParticleEmitter@MOXIE@@QEBAAEBVVector4@2@XZ	public: class MOXIE::Vector4 const & __ptr64 __cdecl MOXIE::SGParticleEmitter::getColor(void)const __ptr64
2082	?getColor@SGVideoCubePlayer@MOXIE@@QEAAAEBVVector4@2@XZ	public: class MOXIE::Vector4 const & __ptr64 __cdecl MOXIE::SGVideoCubePlayer::getColor(void) __ptr64
2083	?getCommandBuffer@RenderDispatcher@MOXIE@@QEAA?AVCommandBuffer@12@XZ	public: class MOXIE::RenderDispatcher::CommandBuffer __cdecl MOXIE::RenderDispatcher::getCommandBuffer(void) __ptr64
2084	?getCommandLineArgument@Application@MOXIE@@QEBAPEBDPEBD@Z	public: char const * __ptr64 __cdecl MOXIE::Application::getCommandLineArgument(char const * __ptr64)const __ptr64
2085	?getCompatibleManifestCount@StoryConfig@MOXIE@@QEAAHXZ	public: int __cdecl MOXIE::StoryConfig::getCompatibleManifestCount(void) __ptr64
2086	?getCompatibleManifestURL@StoryConfig@MOXIE@@QEAA?AVString@2@H@Z	public: class MOXIE::String __cdecl MOXIE::StoryConfig::getCompatibleManifestURL(int) __ptr64
2087	?getComponent@SGNode@MOXIE@@QEAAPEAVSGComponent@2@I@Z	public: class MOXIE::SGComponent * __ptr64 __cdecl MOXIE::SGNode::getComponent(unsigned int) __ptr64
2088	?getConfig@LApplication@MOXIE@@QEBAAEBVString@2@XZ	public: class MOXIE::String const & __ptr64 __cdecl MOXIE::LApplication::getConfig(void)const __ptr64
2089	?getCount@JobQueue@MOXIE@@QEAAIXZ	public: unsigned int __cdecl MOXIE::JobQueue::getCount(void) __ptr64
2090	?getCount@ResourceGroup@MOXIE@@QEBAIXZ	public: unsigned int __cdecl MOXIE::ResourceGroup::getCount(void)const __ptr64
2091	?getCount@ResourceManager@MOXIE@@QEAAII@Z	public: unsigned int __cdecl MOXIE::ResourceManager::getCount(unsigned int) __ptr64
2092	?getCount@ZipArchive@MOXIE@@QEBAIXZ	public: unsigned int __cdecl MOXIE::ZipArchive::getCount(void)const __ptr64
2093	?getCullingEnable@EnableManager@MOXIE@@QEAA_NXZ	public: bool __cdecl MOXIE::EnableManager::getCullingEnable(void) __ptr64
2094	?getCurrentAnimation@Animator@MOXIE@@QEAAPEAVAnimation@2@XZ	public: class MOXIE::Animation * __ptr64 __cdecl MOXIE::Animator::getCurrentAnimation(void) __ptr64
2095	?getCurrentBlocksAllocated@LAllocator@MOXIE@@QEBAIXZ	public: unsigned int __cdecl MOXIE::LAllocator::getCurrentBlocksAllocated(void)const __ptr64
2096	?getCurrentBytesAllocated@LAllocator@MOXIE@@QEBAIXZ	public: unsigned int __cdecl MOXIE::LAllocator::getCurrentBytesAllocated(void)const __ptr64
2097	?getCurrentDirectory@LocalFileSystem@MOXIE@@UEAA_NPEADI@Z	public: virtual bool __cdecl MOXIE::LocalFileSystem::getCurrentDirectory(char * __ptr64,unsigned int) __ptr64
2098	?getCurrentDirectory@NetworkFileSystem@MOXIE@@UEAA_NPEADI@Z	public: virtual bool __cdecl MOXIE::NetworkFileSystem::getCurrentDirectory(char * __ptr64,unsigned int) __ptr64
2099	?getCurrentTime@Time@MOXIE@@QEAAMXZ	public: float __cdecl MOXIE::Time::getCurrentTime(void) __ptr64
2100	?getDSeconds@GlobalTime@MOXIE@@QEAANI@Z	public: double __cdecl MOXIE::GlobalTime::getDSeconds(unsigned int) __ptr64
2101	?getDSeconds@Time@MOXIE@@QEAANXZ	public: double __cdecl MOXIE::Time::getDSeconds(void) __ptr64
2102	?getData@AudResource@MOXIE@@QEBAPEAXXZ	public: void * __ptr64 __cdecl MOXIE::AudResource::getData(void)const __ptr64
2103	?getData@Bitmap@MOXIE@@QEBAPEBEXZ	public: unsigned char const * __ptr64 __cdecl MOXIE::Bitmap::getData(void)const __ptr64
2104	?getData@Buffer@MOXIE@@QEAAPEAEXZ	public: unsigned char * __ptr64 __cdecl MOXIE::Buffer::getData(void) __ptr64
2105	?getData@Buffer@MOXIE@@QEBAPEBEXZ	public: unsigned char const * __ptr64 __cdecl MOXIE::Buffer::getData(void)const __ptr64
2106	?getData@LApiLookAtDetector@duet@@SAPEAVLookAtDetectorData@2@PEAUlua_State@@AEBVString@MOXIE@@@Z	public: static class duet::LookAtDetectorData * __ptr64 __cdecl duet::LApiLookAtDetector::getData(struct lua_State * __ptr64,class MOXIE::String const & __ptr64)
2107	?getData@LApiSoftTrack@duet@@SAPEAVSoftTrackData@2@PEAUlua_State@@AEBVString@MOXIE@@@Z	public: static class duet::SoftTrackData * __ptr64 __cdecl duet::LApiSoftTrack::getData(struct lua_State * __ptr64,class MOXIE::String const & __ptr64)
2108	?getData@LApiTrackingTarget@duet@@SAPEAVTrackingTargetData@2@PEAUlua_State@@AEBVString@MOXIE@@@Z	public: static class duet::TrackingTargetData * __ptr64 __cdecl duet::LApiTrackingTarget::getData(struct lua_State * __ptr64,class MOXIE::String const & __ptr64)
2109	?getData@MemoryStream@MOXIE@@QEAAPEAEXZ	public: unsigned char * __ptr64 __cdecl MOXIE::MemoryStream::getData(void) __ptr64
2110	?getData@Surface@MOXIE@@QEAAPEAEI@Z	public: unsigned char * __ptr64 __cdecl MOXIE::Surface::getData(unsigned int) __ptr64
2111	?getData@Surface@MOXIE@@QEBAPEBEI@Z	public: unsigned char const * __ptr64 __cdecl MOXIE::Surface::getData(unsigned int)const __ptr64
2112	?getDataRaw@AudioDataSource@MOXIE@@QEAAPEAXAEAI@Z	public: void * __ptr64 __cdecl MOXIE::AudioDataSource::getDataRaw(unsigned int & __ptr64) __ptr64
2113	?getDataSizeRaw@AudioDataSource@MOXIE@@QEBAIXZ	public: unsigned int __cdecl MOXIE::AudioDataSource::getDataSizeRaw(void)const __ptr64
2114	?getDataUri@AudResource@MOXIE@@QEBA?AVUri@2@XZ	public: class MOXIE::Uri __cdecl MOXIE::AudResource::getDataUri(void)const __ptr64
2115	?getDebugMode@SGVideoCubePlayer@MOXIE@@QEAAIXZ	public: unsigned int __cdecl MOXIE::SGVideoCubePlayer::getDebugMode(void) __ptr64
2116	?getDecoded@AudioDataSource@MOXIE@@QEAAPEAXIAEAI@Z	public: void * __ptr64 __cdecl MOXIE::AudioDataSource::getDecoded(unsigned int,unsigned int & __ptr64) __ptr64
2117	?getDecoded_backend@OggVorbisDecoder@MOXIE@@UEAAPEAXIAEAI@Z	public: virtual void * __ptr64 __cdecl MOXIE::OggVorbisDecoder::getDecoded_backend(unsigned int,unsigned int & __ptr64) __ptr64
2118	?getDecoded_backend@PcmDecoder@MOXIE@@UEAAPEAXIAEAI@Z	public: virtual void * __ptr64 __cdecl MOXIE::PcmDecoder::getDecoded_backend(unsigned int,unsigned int & __ptr64) __ptr64
2119	?getDefault@FileSystemLocator@MOXIE@@YAPEAVFileSystem@2@XZ	class MOXIE::FileSystem * __ptr64 __cdecl MOXIE::FileSystemLocator::getDefault(void)
2120	?getDefaultFrameBuffer@RenderDevice@MOXIE@@QEBAHXZ	public: int __cdecl MOXIE::RenderDevice::getDefaultFrameBuffer(void)const __ptr64
2121	?getDefaultHeight@Application@MOXIE@@QEBAIXZ	public: unsigned int __cdecl MOXIE::Application::getDefaultHeight(void)const __ptr64
2122	?getDefaultTexture@RenderDevice@MOXIE@@SAPEBVTexture@2@XZ	public: static class MOXIE::Texture const * __ptr64 __cdecl MOXIE::RenderDevice::getDefaultTexture(void)
2123	?getDefaultWidth@Application@MOXIE@@QEBAIXZ	public: unsigned int __cdecl MOXIE::Application::getDefaultWidth(void)const __ptr64
2124	?getDefinition@SGParticleEmitter@MOXIE@@QEBAAEBUParticleDefinition@2@XZ	public: struct MOXIE::ParticleDefinition const & __ptr64 __cdecl MOXIE::SGParticleEmitter::getDefinition(void)const __ptr64
2125	?getDepth@Surface@MOXIE@@QEBAIXZ	public: unsigned int __cdecl MOXIE::Surface::getDepth(void)const __ptr64
2126	?getDeviceRotation@InputManager@MOXIE@@QEAA?AW4EDeviceRotation@2@XZ	public: enum MOXIE::EDeviceRotation __cdecl MOXIE::InputManager::getDeviceRotation(void) __ptr64
2127	?getDirection@AudEmitter@MOXIE@@QEBA?AVQuaternion@2@XZ	public: class MOXIE::Quaternion __cdecl MOXIE::AudEmitter::getDirection(void)const __ptr64
2128	?getDisplayFrameEnable@EnableManager@MOXIE@@QEAA_NXZ	public: bool __cdecl MOXIE::EnableManager::getDisplayFrameEnable(void) __ptr64
2129	?getDisplayOrientation@Application@MOXIE@@QEBA?AW4EDisplayOrientation@2@XZ	public: enum MOXIE::EDisplayOrientation __cdecl MOXIE::Application::getDisplayOrientation(void)const __ptr64
2130	?getDriverProperties@PlatformAudioDriver@MOXIE@@UEBA?AUAudioDrvProps@2@XZ	public: virtual struct MOXIE::AudioDrvProps __cdecl MOXIE::PlatformAudioDriver::getDriverProperties(void)const __ptr64
2131	?getDriverProperties@PlatformAudioDriverDirectSound@MOXIE@@UEBA?AUAudioDrvProps@2@XZ	public: virtual struct MOXIE::AudioDrvProps __cdecl MOXIE::PlatformAudioDriverDirectSound::getDriverProperties(void)const __ptr64
2132	?getDt@LApiCameraRig@duet@@SAMPEAUlua_State@@@Z	public: static float __cdecl duet::LApiCameraRig::getDt(struct lua_State * __ptr64)
2133	?getDuration@AudioPlayerMaux@MOXIE@@UEAAIXZ	public: virtual unsigned int __cdecl MOXIE::AudioPlayerMaux::getDuration(void) __ptr64
2134	?getDuration@SGVideoCubePlayer@MOXIE@@QEBAMXZ	public: float __cdecl MOXIE::SGVideoCubePlayer::getDuration(void)const __ptr64
2135	?getDuration@Sound@MOXIE@@QEAAIXZ	public: unsigned int __cdecl MOXIE::Sound::getDuration(void) __ptr64
2136	?getEOriginForStdSeek@LocalFileSystem@MOXIE@@SA?AW4EOrigin@FileSystem@2@H@Z	public: static enum MOXIE::FileSystem::EOrigin __cdecl MOXIE::LocalFileSystem::getEOriginForStdSeek(int)
2137	?getElapsedDSeconds@GlobalTime@MOXIE@@QEAANI@Z	public: double __cdecl MOXIE::GlobalTime::getElapsedDSeconds(unsigned int) __ptr64
2138	?getElapsedDSeconds@Time@MOXIE@@QEAANXZ	public: double __cdecl MOXIE::Time::getElapsedDSeconds(void) __ptr64
2139	?getElapsedMicroseconds@GlobalTime@MOXIE@@QEAA_KI@Z	public: unsigned __int64 __cdecl MOXIE::GlobalTime::getElapsedMicroseconds(unsigned int) __ptr64
2140	?getElapsedMicroseconds@Time@MOXIE@@QEAA_KXZ	public: unsigned __int64 __cdecl MOXIE::Time::getElapsedMicroseconds(void) __ptr64
2141	?getElapsedMilliseconds@GlobalTime@MOXIE@@QEAAMI@Z	public: float __cdecl MOXIE::GlobalTime::getElapsedMilliseconds(unsigned int) __ptr64
2142	?getElapsedMilliseconds@Time@MOXIE@@QEAAMXZ	public: float __cdecl MOXIE::Time::getElapsedMilliseconds(void) __ptr64
2143	?getElapsedSeconds@GlobalTime@MOXIE@@QEAAMI@Z	public: float __cdecl MOXIE::GlobalTime::getElapsedSeconds(unsigned int) __ptr64
2144	?getElapsedSeconds@Time@MOXIE@@QEAAMXZ	public: float __cdecl MOXIE::Time::getElapsedSeconds(void) __ptr64
2145	?getEmitRate@SGParticleEmitter@MOXIE@@QEBAMXZ	public: float __cdecl MOXIE::SGParticleEmitter::getEmitRate(void)const __ptr64
2146	?getEmitter3dPosition@AudioSystem@MOXIE@@QEBA?AW4MauxStatus@2@IPEAVVector3@2@PEAVQuaternion@2@@Z	public: enum MOXIE::MauxStatus __cdecl MOXIE::AudioSystem::getEmitter3dPosition(unsigned int,class MOXIE::Vector3 * __ptr64,class MOXIE::Quaternion * __ptr64)const __ptr64
2147	?getEmitter@AudioSystem@MOXIE@@QEAA?AW4MauxStatus@2@W4EMITTERTYPE@2@PEAI@Z	public: enum MOXIE::MauxStatus __cdecl MOXIE::AudioSystem::getEmitter(enum MOXIE::EMITTERTYPE,unsigned int * __ptr64) __ptr64
2148	?getEmitterEffectCount@AudioSystem@MOXIE@@QEAA?AW4MauxStatus@2@IW4MauxRenderMode@2@PEAI@Z	public: enum MOXIE::MauxStatus __cdecl MOXIE::AudioSystem::getEmitterEffectCount(unsigned int,enum MOXIE::MauxRenderMode,unsigned int * __ptr64) __ptr64
2149	?getEmitterEffectInfo@AudioSystem@MOXIE@@QEAA?AW4MauxStatus@2@IW4MauxRenderMode@2@IAEAVString@2@PEAPEBVIEmitterEffect@2@@Z	public: enum MOXIE::MauxStatus __cdecl MOXIE::AudioSystem::getEmitterEffectInfo(unsigned int,enum MOXIE::MauxRenderMode,unsigned int,class MOXIE::String & __ptr64,class MOXIE::IEmitterEffect const * __ptr64 * __ptr64) __ptr64
2150	?getEmitterId@AudPlayer@MOXIE@@QEBAIXZ	public: unsigned int __cdecl MOXIE::AudPlayer::getEmitterId(void)const __ptr64
2151	?getEmitterVolume@AudioSystem@MOXIE@@QEAA?AW4MauxStatus@2@IPEAM@Z	public: enum MOXIE::MauxStatus __cdecl MOXIE::AudioSystem::getEmitterVolume(unsigned int,float * __ptr64) __ptr64
2152	?getEnabled@SensorManager@MOXIE@@QEAA_NW4ESensorType@2@@Z	public: bool __cdecl MOXIE::SensorManager::getEnabled(enum MOXIE::ESensorType) __ptr64
2153	?getEncodedInfo@AudResource@MOXIE@@SA?AUAUDIORESOURCEINFO@2@AEBVUri@2@@Z	public: static struct MOXIE::AUDIORESOURCEINFO __cdecl MOXIE::AudResource::getEncodedInfo(class MOXIE::Uri const & __ptr64)
2154	?getEngineThreadID@Engine@MOXIE@@QEAAKXZ	public: unsigned long __cdecl MOXIE::Engine::getEngineThreadID(void) __ptr64
2155	?getEntryByIndex@ZipArchive@MOXIE@@QEAAPEAVZipEntry@2@I@Z	public: class MOXIE::ZipEntry * __ptr64 __cdecl MOXIE::ZipArchive::getEntryByIndex(unsigned int) __ptr64
2156	?getEntryByName@ZipArchive@MOXIE@@QEAAPEAVZipEntry@2@PEBD@Z	public: class MOXIE::ZipEntry * __ptr64 __cdecl MOXIE::ZipArchive::getEntryByName(char const * __ptr64) __ptr64
2157	?getEnvironment@ScriptManager@MOXIE@@QEAAPEAVLEnvironment@2@XZ	public: class MOXIE::LEnvironment * __ptr64 __cdecl MOXIE::ScriptManager::getEnvironment(void) __ptr64
2158	?getEuler@Matrix4@MOXIE@@QEAAXAEAVVector3@2@@Z	public: void __cdecl MOXIE::Matrix4::getEuler(class MOXIE::Vector3 & __ptr64) __ptr64
2159	?getEuler@Quaternion@MOXIE@@QEBAXAEAVVector3@2@@Z	public: void __cdecl MOXIE::Quaternion::getEuler(class MOXIE::Vector3 & __ptr64)const __ptr64
2160	?getEventRate@SensorManager@MOXIE@@QEAAHXZ	public: int __cdecl MOXIE::SensorManager::getEventRate(void) __ptr64
2161	?getExitCode@Application@MOXIE@@QEBAHXZ	public: int __cdecl MOXIE::Application::getExitCode(void)const __ptr64
2162	?getExposureCount@Flipbook@MOXIE@@QEBAIXZ	public: unsigned int __cdecl MOXIE::Flipbook::getExposureCount(void)const __ptr64
2163	?getExposures@Flipbook@MOXIE@@QEBAPEBIXZ	public: unsigned int const * __ptr64 __cdecl MOXIE::Flipbook::getExposures(void)const __ptr64
2164	?getExtents@AABBox@MOXIE@@QEBA?AVVector3@2@XZ	public: class MOXIE::Vector3 __cdecl MOXIE::AABBox::getExtents(void)const __ptr64
2165	?getEyeIndex@RenderView@MOXIE@@QEBAIXZ	public: unsigned int __cdecl MOXIE::RenderView::getEyeIndex(void)const __ptr64
2166	?getFPS@SGVideoCubePlayer@MOXIE@@QEBAMXZ	public: float __cdecl MOXIE::SGVideoCubePlayer::getFPS(void)const __ptr64
2167	?getFPS@VideoCube@MOXIE@@QEBAMXZ	public: float __cdecl MOXIE::VideoCube::getFPS(void)const __ptr64
2168	?getFSM@StoryManager@MOXIE@@QEAAPEAVStoryFSM@2@PEBD@Z	public: class MOXIE::StoryFSM * __ptr64 __cdecl MOXIE::StoryManager::getFSM(char const * __ptr64) __ptr64
2169	?getFSM@StoryManifest@MOXIE@@QEBAPEBUfsm_t@12@I@Z	public: struct MOXIE::StoryManifest::fsm_t const * __ptr64 __cdecl MOXIE::StoryManifest::getFSM(unsigned int)const __ptr64
2170	?getFSMCount@StoryManifest@MOXIE@@QEBAIXZ	public: unsigned int __cdecl MOXIE::StoryManifest::getFSMCount(void)const __ptr64
2171	?getFace@VideoCubeTile@MOXIE@@QEBAIXZ	public: unsigned int __cdecl MOXIE::VideoCubeTile::getFace(void)const __ptr64
2172	?getFileExtension@Uri@MOXIE@@QEBAPEBDXZ	public: char const * __ptr64 __cdecl MOXIE::Uri::getFileExtension(void)const __ptr64
2173	?getFileName@UriManager@MOXIE@@QEAAPEBDAEBVUri@2@@Z	public: char const * __ptr64 __cdecl MOXIE::UriManager::getFileName(class MOXIE::Uri const & __ptr64) __ptr64
2174	?getFilename@ZipEntry@MOXIE@@QEBAPEBDXZ	public: char const * __ptr64 __cdecl MOXIE::ZipEntry::getFilename(void)const __ptr64
2175	?getFilesInDirectory@LocalFileSystem@MOXIE@@UEAAXAEAV?$TArray@VString@MOXIE@@@2@PEBD1_N@Z	public: virtual void __cdecl MOXIE::LocalFileSystem::getFilesInDirectory(class MOXIE::TArray<class MOXIE::String> & __ptr64,char const * __ptr64,char const * __ptr64,bool) __ptr64
2176	?getFilesInDirectory@NetworkFileSystem@MOXIE@@UEAAXAEAV?$TArray@VString@MOXIE@@@2@PEBD1_N@Z	public: virtual void __cdecl MOXIE::NetworkFileSystem::getFilesInDirectory(class MOXIE::TArray<class MOXIE::String> & __ptr64,char const * __ptr64,char const * __ptr64,bool) __ptr64
2177	?getFixedTimeStep@Time@MOXIE@@QEBA_KXZ	public: unsigned __int64 __cdecl MOXIE::Time::getFixedTimeStep(void)const __ptr64
2178	?getFlags@RenderView@MOXIE@@QEBAIXZ	public: unsigned int __cdecl MOXIE::RenderView::getFlags(void)const __ptr64
2179	?getFlipBookUpdateEnable@EnableManager@MOXIE@@QEAA_NXZ	public: bool __cdecl MOXIE::EnableManager::getFlipBookUpdateEnable(void) __ptr64
2180	?getFlipbook@FlipbookResource@MOXIE@@QEAAPEAVFlipbook@2@XZ	public: class MOXIE::Flipbook * __ptr64 __cdecl MOXIE::FlipbookResource::getFlipbook(void) __ptr64
2181	?getFlipbook@FlipbookResource@MOXIE@@QEBAPEBVFlipbook@2@XZ	public: class MOXIE::Flipbook const * __ptr64 __cdecl MOXIE::FlipbookResource::getFlipbook(void)const __ptr64
2182	?getFlipbook@FlipbookSampler@MOXIE@@QEAAPEAVFlipbook@2@XZ	public: class MOXIE::Flipbook * __ptr64 __cdecl MOXIE::FlipbookSampler::getFlipbook(void) __ptr64
2183	?getFlipbookHandle@FlipbookSampler@MOXIE@@QEBA?AVResourceHandle@2@XZ	public: class MOXIE::ResourceHandle __cdecl MOXIE::FlipbookSampler::getFlipbookHandle(void)const __ptr64
2184	?getFlowStatus@AudioDataSource@MOXIE@@QEBA?AW4MauxStatus@2@XZ	public: enum MOXIE::MauxStatus __cdecl MOXIE::AudioDataSource::getFlowStatus(void)const __ptr64
2185	?getFont@FontResource@MOXIE@@QEAAPEAVFont@2@XZ	public: class MOXIE::Font * __ptr64 __cdecl MOXIE::FontResource::getFont(void) __ptr64
2186	?getFont@FontResource@MOXIE@@QEBAPEBVFont@2@XZ	public: class MOXIE::Font const * __ptr64 __cdecl MOXIE::FontResource::getFont(void)const __ptr64
2187	?getFont@RenderDebug@MOXIE@@QEAAPEAVFont@2@AEBVUri@2@@Z	public: class MOXIE::Font * __ptr64 __cdecl MOXIE::RenderDebug::getFont(class MOXIE::Uri const & __ptr64) __ptr64
2188	?getFontMap@Font@MOXIE@@QEBAPEBVFontMap@2@XZ	public: class MOXIE::FontMap const * __ptr64 __cdecl MOXIE::Font::getFontMap(void)const __ptr64
2189	?getFontMap@FontResource@MOXIE@@QEAAPEAVFontMap@2@XZ	public: class MOXIE::FontMap * __ptr64 __cdecl MOXIE::FontResource::getFontMap(void) __ptr64
2190	?getFontMap@FontResource@MOXIE@@QEBAPEBVFontMap@2@XZ	public: class MOXIE::FontMap const * __ptr64 __cdecl MOXIE::FontResource::getFontMap(void)const __ptr64
2191	?getForce@BobberField@MOXIE@@UEBA?AVVector3@2@AEBUParticle@2@M@Z	public: virtual class MOXIE::Vector3 __cdecl MOXIE::BobberField::getForce(struct MOXIE::Particle const & __ptr64,float)const __ptr64
2192	?getForce@ForceField@MOXIE@@UEBA?AVVector3@2@AEBUParticle@2@M@Z	public: virtual class MOXIE::Vector3 __cdecl MOXIE::ForceField::getForce(struct MOXIE::Particle const & __ptr64,float)const __ptr64
2193	?getForce@TornadoField@MOXIE@@UEBA?AVVector3@2@AEBUParticle@2@M@Z	public: virtual class MOXIE::Vector3 __cdecl MOXIE::TornadoField::getForce(struct MOXIE::Particle const & __ptr64,float)const __ptr64
2194	?getForce@TurbulenceField2D@MOXIE@@UEBA?AVVector3@2@AEBUParticle@2@M@Z	public: virtual class MOXIE::Vector3 __cdecl MOXIE::TurbulenceField2D::getForce(struct MOXIE::Particle const & __ptr64,float)const __ptr64
2195	?getForce@TurbulenceField3D@MOXIE@@UEBA?AVVector3@2@AEBUParticle@2@M@Z	public: virtual class MOXIE::Vector3 __cdecl MOXIE::TurbulenceField3D::getForce(struct MOXIE::Particle const & __ptr64,float)const __ptr64
2196	?getForce@VortexField@MOXIE@@UEBA?AVVector3@2@AEBUParticle@2@M@Z	public: virtual class MOXIE::Vector3 __cdecl MOXIE::VortexField::getForce(struct MOXIE::Particle const & __ptr64,float)const __ptr64
2197	?getFormat@AudioDataMaux@MOXIE@@UEAA?AW4EAudioFormat@2@XZ	public: virtual enum MOXIE::EAudioFormat __cdecl MOXIE::AudioDataMaux::getFormat(void) __ptr64
2198	?getFormat@Flipbook@MOXIE@@QEBA?AW4DXGI_FORMAT_EX@@XZ	public: enum DXGI_FORMAT_EX __cdecl MOXIE::Flipbook::getFormat(void)const __ptr64
2199	?getFov@Camera@MOXIE@@QEBAMXZ	public: float __cdecl MOXIE::Camera::getFov(void)const __ptr64
2200	?getFps@LApplication@MOXIE@@QEBAAEBVFPS@2@XZ	public: class MOXIE::FPS const & __ptr64 __cdecl MOXIE::LApplication::getFps(void)const __ptr64
2201	?getFragment@Uri@MOXIE@@QEBAPEBDXZ	public: char const * __ptr64 __cdecl MOXIE::Uri::getFragment(void)const __ptr64
2202	?getFrame@Flipbook@MOXIE@@IEAAPEAVFlipbookFrame@2@I@Z	protected: class MOXIE::FlipbookFrame * __ptr64 __cdecl MOXIE::Flipbook::getFrame(unsigned int) __ptr64
2203	?getFrame@SGVideoCubePlayer@MOXIE@@QEBAHXZ	public: int __cdecl MOXIE::SGVideoCubePlayer::getFrame(void)const __ptr64
2204	?getFrame@VideoCubeTile@MOXIE@@QEBAHXZ	public: int __cdecl MOXIE::VideoCubeTile::getFrame(void)const __ptr64
2205	?getFrameCount@AudPlayer@MOXIE@@QEBAIXZ	public: unsigned int __cdecl MOXIE::AudPlayer::getFrameCount(void)const __ptr64
2206	?getFrameCount@AudioDataSource@MOXIE@@QEBAIXZ	public: unsigned int __cdecl MOXIE::AudioDataSource::getFrameCount(void)const __ptr64
2207	?getFrameCount@Flipbook@MOXIE@@QEBAIXZ	public: unsigned int __cdecl MOXIE::Flipbook::getFrameCount(void)const __ptr64
2208	?getFrameCount@SGVideoCubePlayer@MOXIE@@QEBAIXZ	public: unsigned int __cdecl MOXIE::SGVideoCubePlayer::getFrameCount(void)const __ptr64
2209	?getFrameCount@VideoCube@MOXIE@@QEBAIXZ	public: unsigned int __cdecl MOXIE::VideoCube::getFrameCount(void)const __ptr64
2210	?getFrameRate@AudPlayer@MOXIE@@QEBAMXZ	public: float __cdecl MOXIE::AudPlayer::getFrameRate(void)const __ptr64
2211	?getFrameRate@AudioDataSource@MOXIE@@QEBAMXZ	public: float __cdecl MOXIE::AudioDataSource::getFrameRate(void)const __ptr64
2212	?getFramesPerSecond@AnimResource@MOXIE@@QEBAIXZ	public: unsigned int __cdecl MOXIE::AnimResource::getFramesPerSecond(void)const __ptr64
2213	?getFramesPerSecond@Flipbook@MOXIE@@QEBAMXZ	public: float __cdecl MOXIE::Flipbook::getFramesPerSecond(void)const __ptr64
2214	?getFramesSinceDecode@VideoCubeTile@MOXIE@@QEBAIXZ	public: unsigned int __cdecl MOXIE::VideoCubeTile::getFramesSinceDecode(void)const __ptr64
2215	?getFreeJob@SGVideoCubePlayer@MOXIE@@IEAAPEAUdecode_job_t@2@XZ	protected: struct MOXIE::decode_job_t * __ptr64 __cdecl MOXIE::SGVideoCubePlayer::getFreeJob(void) __ptr64
2216	?getFrustum@Camera@MOXIE@@QEBAAEBVFrustum@2@XZ	public: class MOXIE::Frustum const & __ptr64 __cdecl MOXIE::Camera::getFrustum(void)const __ptr64
2217	?getFullURI@Uri@MOXIE@@QEBAPEBDXZ	public: char const * __ptr64 __cdecl MOXIE::Uri::getFullURI(void)const __ptr64
2218	?getGLVersion@RenderDeviceGL@MOXIE@@SAPEBDAEAH0@Z	public: static char const * __ptr64 __cdecl MOXIE::RenderDeviceGL::getGLVersion(int & __ptr64,int & __ptr64)
2219	?getGlyph@FontMap@MOXIE@@QEBAAEBUGlyph@12@D@Z	public: struct MOXIE::FontMap::Glyph const & __ptr64 __cdecl MOXIE::FontMap::getGlyph(char)const __ptr64
2220	?getGlyphs@FontMap@MOXIE@@QEBAPEBUGlyph@12@XZ	public: struct MOXIE::FontMap::Glyph const * __ptr64 __cdecl MOXIE::FontMap::getGlyphs(void)const __ptr64
2221	?getHRTF@AudServices@MOXIE@@QEAA_NAEAPEAUBiquadHRTFNode@@AEAI@Z	public: bool __cdecl MOXIE::AudServices::getHRTF(struct BiquadHRTFNode * __ptr64 & __ptr64,unsigned int & __ptr64) __ptr64
2222	?getHandlMauxStatus@AudioSystem@MOXIE@@QEBA?AW4MauxStatus@2@I@Z	public: enum MOXIE::MauxStatus __cdecl MOXIE::AudioSystem::getHandlMauxStatus(unsigned int)const __ptr64
2223	?getHash@Uri@MOXIE@@QEBAIXZ	public: unsigned int __cdecl MOXIE::Uri::getHash(void)const __ptr64
2224	?getHeight@Application@MOXIE@@QEBAIXZ	public: unsigned int __cdecl MOXIE::Application::getHeight(void)const __ptr64
2225	?getHeight@Bitmap@MOXIE@@QEBAIXZ	public: unsigned int __cdecl MOXIE::Bitmap::getHeight(void)const __ptr64
2226	?getHeight@Flipbook@MOXIE@@QEBAIXZ	public: unsigned int __cdecl MOXIE::Flipbook::getHeight(void)const __ptr64
2227	?getHeight@Surface@MOXIE@@QEBAIXZ	public: unsigned int __cdecl MOXIE::Surface::getHeight(void)const __ptr64
2228	?getId@ResourceGroup@MOXIE@@QEBAIXZ	public: unsigned int __cdecl MOXIE::ResourceGroup::getId(void)const __ptr64
2229	?getId@ResourceHandle@MOXIE@@QEBAIXZ	public: unsigned int __cdecl MOXIE::ResourceHandle::getId(void)const __ptr64
2230	?getId@Thread@MOXIE@@QEBAKXZ	public: unsigned long __cdecl MOXIE::Thread::getId(void)const __ptr64
2231	?getIdentity@Matrix3@MOXIE@@SAAEBV12@XZ	public: static class MOXIE::Matrix3 const & __ptr64 __cdecl MOXIE::Matrix3::getIdentity(void)
2232	?getIdentity@Matrix4@MOXIE@@SAAEBV12@XZ	public: static class MOXIE::Matrix4 const & __ptr64 __cdecl MOXIE::Matrix4::getIdentity(void)
2233	?getIdentity@Quaternion@MOXIE@@SAAEBV12@XZ	public: static class MOXIE::Quaternion const & __ptr64 __cdecl MOXIE::Quaternion::getIdentity(void)
2234	?getIdentity@Transform@MOXIE@@SAAEBV12@XZ	public: static class MOXIE::Transform const & __ptr64 __cdecl MOXIE::Transform::getIdentity(void)
2235	?getImageDesc@Surface@MOXIE@@QEBAAEBUImageDesc@2@II@Z	public: struct MOXIE::ImageDesc const & __ptr64 __cdecl MOXIE::Surface::getImageDesc(unsigned int,unsigned int)const __ptr64
2236	?getImageDescList@Surface@MOXIE@@QEBAAEBV?$TArray@UImageDesc@MOXIE@@@2@I@Z	public: class MOXIE::TArray<struct MOXIE::ImageDesc> const & __ptr64 __cdecl MOXIE::Surface::getImageDescList(unsigned int)const __ptr64
2237	?getIndex@ZipEntry@MOXIE@@QEBAIXZ	public: unsigned int __cdecl MOXIE::ZipEntry::getIndex(void)const __ptr64
2238	?getIndexBuffer@VertexData@MOXIE@@QEAAPEAVIndexBuffer@2@XZ	public: class MOXIE::IndexBuffer * __ptr64 __cdecl MOXIE::VertexData::getIndexBuffer(void) __ptr64
2239	?getIndexBuffer@VertexData@MOXIE@@QEBAPEBVIndexBuffer@2@XZ	public: class MOXIE::IndexBuffer const * __ptr64 __cdecl MOXIE::VertexData::getIndexBuffer(void)const __ptr64
2240	?getIndexByName@ShaderBlockInstance@MOXIE@@QEBAHPEBD@Z	public: int __cdecl MOXIE::ShaderBlockInstance::getIndexByName(char const * __ptr64)const __ptr64
2241	?getIndexCount@VertexData@MOXIE@@QEBAIXZ	public: unsigned int __cdecl MOXIE::VertexData::getIndexCount(void)const __ptr64
2242	?getIndexOfParameter@Material@MOXIE@@QEAAHPEBD@Z	public: int __cdecl MOXIE::Material::getIndexOfParameter(char const * __ptr64) __ptr64
2243	?getInputAcceleration@SGDebugCameraController@MOXIE@@QEAAMH@Z	public: float __cdecl MOXIE::SGDebugCameraController::getInputAcceleration(int) __ptr64
2244	?getInstance@Application@MOXIE@@SAPEAV12@XZ	public: static class MOXIE::Application * __ptr64 __cdecl MOXIE::Application::getInstance(void)
2245	?getInstance@DefaultAnimMixer@MOXIE@@SAPEAV12@XZ	public: static class MOXIE::DefaultAnimMixer * __ptr64 __cdecl MOXIE::DefaultAnimMixer::getInstance(void)
2246	?getInstance@Engine@MOXIE@@SAPEAV12@XZ	public: static class MOXIE::Engine * __ptr64 __cdecl MOXIE::Engine::getInstance(void)
2247	?getInstance@Player@MOXIE@@SAPEAV12@XZ	public: static class MOXIE::Player * __ptr64 __cdecl MOXIE::Player::getInstance(void)
2248	?getInt@ADBProperty@MOXIE@@SAHPEBD@Z	public: static int __cdecl MOXIE::ADBProperty::getInt(char const * __ptr64)
2249	?getInverse@Matrix4@MOXIE@@QEBA_NAEAV12@@Z	public: bool __cdecl MOXIE::Matrix4::getInverse(class MOXIE::Matrix4 & __ptr64)const __ptr64
2250	?getJob@SGVideoCubePlayer@MOXIE@@IEAAPEAUdecode_job_t@2@PEAVDecodeThreadData@12@@Z	protected: struct MOXIE::decode_job_t * __ptr64 __cdecl MOXIE::SGVideoCubePlayer::getJob(class MOXIE::SGVideoCubePlayer::DecodeThreadData * __ptr64) __ptr64
2251	?getKey@InputManager@MOXIE@@QEAA_NW4EKey@2@I@Z	public: bool __cdecl MOXIE::InputManager::getKey(enum MOXIE::EKey,unsigned int) __ptr64
2252	?getKeyDown@InputManager@MOXIE@@QEAA_NW4EKey@2@I@Z	public: bool __cdecl MOXIE::InputManager::getKeyDown(enum MOXIE::EKey,unsigned int) __ptr64
2253	?getKeyModifiers@InputManager@MOXIE@@QEAAIXZ	public: unsigned int __cdecl MOXIE::InputManager::getKeyModifiers(void) __ptr64
2254	?getKeyUp@InputManager@MOXIE@@QEAA_NW4EKey@2@I@Z	public: bool __cdecl MOXIE::InputManager::getKeyUp(enum MOXIE::EKey,unsigned int) __ptr64
2255	?getLastFrame@FlipbookSampler@MOXIE@@QEAAHXZ	public: int __cdecl MOXIE::FlipbookSampler::getLastFrame(void) __ptr64
2256	?getLatency@AudioSystem@MOXIE@@QEAAMXZ	public: float __cdecl MOXIE::AudioSystem::getLatency(void) __ptr64
2257	?getLatency@PlatformAudioDriverDirectSound@MOXIE@@UEAAMXZ	public: virtual float __cdecl MOXIE::PlatformAudioDriverDirectSound::getLatency(void) __ptr64
2258	?getLaunchReason@LApplication@MOXIE@@QEBAAEBVString@2@XZ	public: class MOXIE::String const & __ptr64 __cdecl MOXIE::LApplication::getLaunchReason(void)const __ptr64
2259	?getLength@Point@MOXIE@@QEBAMXZ	public: float __cdecl MOXIE::Point::getLength(void)const __ptr64
2260	?getLength@Vector2@MOXIE@@QEBAMXZ	public: float __cdecl MOXIE::Vector2::getLength(void)const __ptr64
2261	?getLength@Vector3@MOXIE@@QEBAMXZ	public: float __cdecl MOXIE::Vector3::getLength(void)const __ptr64
2262	?getLength@Vector4@MOXIE@@QEBAMXZ	public: float __cdecl MOXIE::Vector4::getLength(void)const __ptr64
2263	?getLengthSq@Point@MOXIE@@QEBAMXZ	public: float __cdecl MOXIE::Point::getLengthSq(void)const __ptr64
2264	?getLengthSq@Vector2@MOXIE@@QEBAMXZ	public: float __cdecl MOXIE::Vector2::getLengthSq(void)const __ptr64
2265	?getLengthSq@Vector3@MOXIE@@QEBAMXZ	public: float __cdecl MOXIE::Vector3::getLengthSq(void)const __ptr64
2266	?getLengthSq@Vector4@MOXIE@@QEBAMXZ	public: float __cdecl MOXIE::Vector4::getLengthSq(void)const __ptr64
2267	?getLengthXY@Vector3@MOXIE@@QEBAMXZ	public: float __cdecl MOXIE::Vector3::getLengthXY(void)const __ptr64
2268	?getLengthXY@Vector4@MOXIE@@QEBAMXZ	public: float __cdecl MOXIE::Vector4::getLengthXY(void)const __ptr64
2269	?getLengthXZ@Vector3@MOXIE@@QEBAMXZ	public: float __cdecl MOXIE::Vector3::getLengthXZ(void)const __ptr64
2270	?getLengthXZ@Vector4@MOXIE@@QEBAMXZ	public: float __cdecl MOXIE::Vector4::getLengthXZ(void)const __ptr64
2271	?getLengthYZ@Vector3@MOXIE@@QEBAMXZ	public: float __cdecl MOXIE::Vector3::getLengthYZ(void)const __ptr64
2272	?getLengthYZ@Vector4@MOXIE@@QEBAMXZ	public: float __cdecl MOXIE::Vector4::getLengthYZ(void)const __ptr64
2273	?getLightParameters@RenderManager@MOXIE@@QEAAAEAVLightParameters@2@XZ	public: class MOXIE::LightParameters & __ptr64 __cdecl MOXIE::RenderManager::getLightParameters(void) __ptr64
2274	?getLightParameters@RenderManager@MOXIE@@QEBAAEBVLightParameters@2@XZ	public: class MOXIE::LightParameters const & __ptr64 __cdecl MOXIE::RenderManager::getLightParameters(void)const __ptr64
2275	?getLine@Lexer@MOXIE@@QEBAIXZ	public: unsigned int __cdecl MOXIE::Lexer::getLine(void)const __ptr64
2276	?getLineSegmentToTarget@LApiActorsLayer@duet@@SAHPEAUlua_State@@@Z	public: static int __cdecl duet::LApiActorsLayer::getLineSegmentToTarget(struct lua_State * __ptr64)
2277	?getListenerWorldPosition@AudioSystem@MOXIE@@QEBA?AW4MauxStatus@2@PEAVVector3@2@PEAVQuaternion@2@@Z	public: enum MOXIE::MauxStatus __cdecl MOXIE::AudioSystem::getListenerWorldPosition(class MOXIE::Vector3 * __ptr64,class MOXIE::Quaternion * __ptr64)const __ptr64
2278	?getLocal@SGTransform@MOXIE@@QEBAAEBVTransform@2@XZ	public: class MOXIE::Transform const & __ptr64 __cdecl MOXIE::SGTransform::getLocal(void)const __ptr64
2279	?getLocalBounds@SGTransform@MOXIE@@QEBAAEBVAABBox@2@XZ	public: class MOXIE::AABBox const & __ptr64 __cdecl MOXIE::SGTransform::getLocalBounds(void)const __ptr64
2280	?getLocalMatrices@SGModelInstance@MOXIE@@QEBAPEBVMatrix4@2@XZ	public: class MOXIE::Matrix4 const * __ptr64 __cdecl MOXIE::SGModelInstance::getLocalMatrices(void)const __ptr64
2281	?getLocalMatrix@SGModelInstance@MOXIE@@QEAAAEAVMatrix4@2@I@Z	public: class MOXIE::Matrix4 & __ptr64 __cdecl MOXIE::SGModelInstance::getLocalMatrix(unsigned int) __ptr64
2282	?getLocalMatrix@SGModelInstance@MOXIE@@QEBAAEBVMatrix4@2@I@Z	public: class MOXIE::Matrix4 const & __ptr64 __cdecl MOXIE::SGModelInstance::getLocalMatrix(unsigned int)const __ptr64
2283	?getLocalMatrix@SGTransform@MOXIE@@QEAA?AVMatrix4@2@XZ	public: class MOXIE::Matrix4 __cdecl MOXIE::SGTransform::getLocalMatrix(void) __ptr64
2284	?getLocalRotation@SGTransform@MOXIE@@QEBAAEBVQuaternion@2@XZ	public: class MOXIE::Quaternion const & __ptr64 __cdecl MOXIE::SGTransform::getLocalRotation(void)const __ptr64
2285	?getLocalScale@SGTransform@MOXIE@@QEBAAEBVVector3@2@XZ	public: class MOXIE::Vector3 const & __ptr64 __cdecl MOXIE::SGTransform::getLocalScale(void)const __ptr64
2286	?getLocalTransformNames@ModelResource@MOXIE@@QEBAPEBVString@2@XZ	public: class MOXIE::String const * __ptr64 __cdecl MOXIE::ModelResource::getLocalTransformNames(void)const __ptr64
2287	?getLocalTransformProperties@ModelResource@MOXIE@@QEBAPEBVString@2@XZ	public: class MOXIE::String const * __ptr64 __cdecl MOXIE::ModelResource::getLocalTransformProperties(void)const __ptr64
2288	?getLocalTransforms@ModelResource@MOXIE@@QEAAPEAVMatrix4@2@XZ	public: class MOXIE::Matrix4 * __ptr64 __cdecl MOXIE::ModelResource::getLocalTransforms(void) __ptr64
2289	?getLocalTransforms@ModelResource@MOXIE@@QEAAXAEAV?$TArray@VMatrix4@MOXIE@@@2@@Z	public: void __cdecl MOXIE::ModelResource::getLocalTransforms(class MOXIE::TArray<class MOXIE::Matrix4> & __ptr64) __ptr64
2290	?getLocalTranslation@SGTransform@MOXIE@@QEBAAEBVVector3@2@XZ	public: class MOXIE::Vector3 const & __ptr64 __cdecl MOXIE::SGTransform::getLocalTranslation(void)const __ptr64
2291	?getLocation@AudioDataMaux@MOXIE@@UEAA?AW4EAudioLocation@2@XZ	public: virtual enum MOXIE::EAudioLocation __cdecl MOXIE::AudioDataMaux::getLocation(void) __ptr64
2292	?getLoopBeginFrame@AudioDataSource@MOXIE@@QEBAIXZ	public: unsigned int __cdecl MOXIE::AudioDataSource::getLoopBeginFrame(void)const __ptr64
2293	?getLoopDuration@AudioDataSource@MOXIE@@QEBAIXZ	public: unsigned int __cdecl MOXIE::AudioDataSource::getLoopDuration(void)const __ptr64
2294	?getLoopEndpoints@AudPlayer@MOXIE@@QEBAXAEAI0@Z	public: void __cdecl MOXIE::AudPlayer::getLoopEndpoints(unsigned int & __ptr64,unsigned int & __ptr64)const __ptr64
2295	?getLoopMode@AudPlayer@MOXIE@@QEBA_NXZ	public: bool __cdecl MOXIE::AudPlayer::getLoopMode(void)const __ptr64
2296	?getLoopMode@AudioDataSource@MOXIE@@QEBA_NXZ	public: bool __cdecl MOXIE::AudioDataSource::getLoopMode(void)const __ptr64
2297	?getLooping@AudioPlayerMaux@MOXIE@@UEAA_NPEAI0@Z	public: virtual bool __cdecl MOXIE::AudioPlayerMaux::getLooping(unsigned int * __ptr64,unsigned int * __ptr64) __ptr64
2298	?getLooping@Sound@MOXIE@@QEAA_NXZ	public: bool __cdecl MOXIE::Sound::getLooping(void) __ptr64
2299	?getLuaProfilerEnable@LApiDuet@duet@@SAHPEAUlua_State@@@Z	public: static int __cdecl duet::LApiDuet::getLuaProfilerEnable(struct lua_State * __ptr64)
2300	?getLuaState@LEnvironment@MOXIE@@QEAAPEAUlua_State@@XZ	public: struct lua_State * __ptr64 __cdecl MOXIE::LEnvironment::getLuaState(void) __ptr64
2301	?getLuaState@LEnvironment@MOXIE@@QEBAPEBUlua_State@@XZ	public: struct lua_State const * __ptr64 __cdecl MOXIE::LEnvironment::getLuaState(void)const __ptr64
2302	?getManifestConfigUrl@Application@MOXIE@@QEBAAEBVString@2@XZ	public: class MOXIE::String const & __ptr64 __cdecl MOXIE::Application::getManifestConfigUrl(void)const __ptr64
2303	?getManifestUrl@Application@MOXIE@@QEBAAEBVString@2@XZ	public: class MOXIE::String const & __ptr64 __cdecl MOXIE::Application::getManifestUrl(void)const __ptr64
2304	?getMarker@ReplayManager@MOXIE@@QEBAAEBVString@2@XZ	public: class MOXIE::String const & __ptr64 __cdecl MOXIE::ReplayManager::getMarker(void)const __ptr64
2305	?getMaterial@ModelResource@MOXIE@@QEBAPEBVMaterial@2@I@Z	public: class MOXIE::Material const * __ptr64 __cdecl MOXIE::ModelResource::getMaterial(unsigned int)const __ptr64
2306	?getMaterial@SGMaterial@MOXIE@@QEAAAEAVMaterial@2@XZ	public: class MOXIE::Material & __ptr64 __cdecl MOXIE::SGMaterial::getMaterial(void) __ptr64
2307	?getMaterial@SGMaterial@MOXIE@@QEBAAEBVMaterial@2@XZ	public: class MOXIE::Material const & __ptr64 __cdecl MOXIE::SGMaterial::getMaterial(void)const __ptr64
2308	?getMaterial@SGModelInstance@MOXIE@@QEAAPEAVMaterial@2@I@Z	public: class MOXIE::Material * __ptr64 __cdecl MOXIE::SGModelInstance::getMaterial(unsigned int) __ptr64
2309	?getMaterial@SGModelInstance@MOXIE@@QEAAPEAVMaterial@2@PEBD@Z	public: class MOXIE::Material * __ptr64 __cdecl MOXIE::SGModelInstance::getMaterial(char const * __ptr64) __ptr64
2310	?getMaterial@SGParticleEmitter@MOXIE@@QEAAPEAVMaterial@2@XZ	public: class MOXIE::Material * __ptr64 __cdecl MOXIE::SGParticleEmitter::getMaterial(void) __ptr64
2311	?getMaterialOverride@RenderView@MOXIE@@QEAAPEAVMaterial@2@XZ	public: class MOXIE::Material * __ptr64 __cdecl MOXIE::RenderView::getMaterialOverride(void) __ptr64
2312	?getMaterials@ModelResource@MOXIE@@QEBAPEBVMaterial@2@XZ	public: class MOXIE::Material const * __ptr64 __cdecl MOXIE::ModelResource::getMaterials(void)const __ptr64
2313	?getMaterials@ModelResource@MOXIE@@QEBAXAEAV?$TArray@VMaterial@MOXIE@@@2@@Z	public: void __cdecl MOXIE::ModelResource::getMaterials(class MOXIE::TArray<class MOXIE::Material> & __ptr64)const __ptr64
2314	?getMatrix@Quaternion@MOXIE@@QEBAXAEAVMatrix4@2@@Z	public: void __cdecl MOXIE::Quaternion::getMatrix(class MOXIE::Matrix4 & __ptr64)const __ptr64
2315	?getMatrix@Transform@MOXIE@@QEBA?AVMatrix4@2@XZ	public: class MOXIE::Matrix4 __cdecl MOXIE::Transform::getMatrix(void)const __ptr64
2316	?getMax@AABBox@MOXIE@@QEBA?BVVector3@2@XZ	public: class MOXIE::Vector3 const __cdecl MOXIE::AABBox::getMax(void)const __ptr64
2317	?getMaxCharHeight@FontMap@MOXIE@@QEBAIXZ	public: unsigned int __cdecl MOXIE::FontMap::getMaxCharHeight(void)const __ptr64
2318	?getMaxCharWidth@FontMap@MOXIE@@QEBAIXZ	public: unsigned int __cdecl MOXIE::FontMap::getMaxCharWidth(void)const __ptr64
2319	?getMaxInvalid@AABBox@MOXIE@@SAAEBVVector3@2@XZ	public: static class MOXIE::Vector3 const & __ptr64 __cdecl MOXIE::AABBox::getMaxInvalid(void)
2320	?getMesh@ModelResource@MOXIE@@QEBAAEBVMesh@12@I@Z	public: class MOXIE::ModelResource::Mesh const & __ptr64 __cdecl MOXIE::ModelResource::getMesh(unsigned int)const __ptr64
2321	?getMeshRenderEnable@EnableManager@MOXIE@@QEAA_NXZ	public: bool __cdecl MOXIE::EnableManager::getMeshRenderEnable(void) __ptr64
2322	?getMicroseconds@GlobalTime@MOXIE@@QEAA_KI@Z	public: unsigned __int64 __cdecl MOXIE::GlobalTime::getMicroseconds(unsigned int) __ptr64
2323	?getMicroseconds@Time@MOXIE@@QEAA_KXZ	public: unsigned __int64 __cdecl MOXIE::Time::getMicroseconds(void) __ptr64
2324	?getMilliseconds@GlobalTime@MOXIE@@QEAAMI@Z	public: float __cdecl MOXIE::GlobalTime::getMilliseconds(unsigned int) __ptr64
2325	?getMilliseconds@Time@MOXIE@@QEAAMXZ	public: float __cdecl MOXIE::Time::getMilliseconds(void) __ptr64
2326	?getMin@AABBox@MOXIE@@QEBA?BVVector3@2@XZ	public: class MOXIE::Vector3 const __cdecl MOXIE::AABBox::getMin(void)const __ptr64
2327	?getMinInvalid@AABBox@MOXIE@@SAAEBVVector3@2@XZ	public: static class MOXIE::Vector3 const & __ptr64 __cdecl MOXIE::AABBox::getMinInvalid(void)
2328	?getMinOutputBufferSize@OggVorbisDecoder@MOXIE@@UEBAIXZ	public: virtual unsigned int __cdecl MOXIE::OggVorbisDecoder::getMinOutputBufferSize(void)const __ptr64
2329	?getMinOutputBufferSize@PcmDecoder@MOXIE@@UEBAIXZ	public: virtual unsigned int __cdecl MOXIE::PcmDecoder::getMinOutputBufferSize(void)const __ptr64
2330	?getMip@VideoCubeTile@MOXIE@@QEBAIXZ	public: unsigned int __cdecl MOXIE::VideoCubeTile::getMip(void)const __ptr64
2331	?getMipCount@Surface@MOXIE@@QEBAIXZ	public: unsigned int __cdecl MOXIE::Surface::getMipCount(void)const __ptr64
2332	?getMipCount@VideoCube@MOXIE@@QEBAIXZ	public: unsigned int __cdecl MOXIE::VideoCube::getMipCount(void)const __ptr64
2333	?getModel@SGModelInstance@MOXIE@@QEBAAEBVResourceHandle@2@XZ	public: class MOXIE::ResourceHandle const & __ptr64 __cdecl MOXIE::SGModelInstance::getModel(void)const __ptr64
2334	?getModelMatrices@SGModelInstance@MOXIE@@QEBAPEBVMatrix4@2@XZ	public: class MOXIE::Matrix4 const * __ptr64 __cdecl MOXIE::SGModelInstance::getModelMatrices(void)const __ptr64
2335	?getModelMatrix@SGModelInstance@MOXIE@@QEAAAEAVMatrix4@2@I@Z	public: class MOXIE::Matrix4 & __ptr64 __cdecl MOXIE::SGModelInstance::getModelMatrix(unsigned int) __ptr64
2336	?getModelMatrix@SGModelInstance@MOXIE@@QEBAAEBVMatrix4@2@I@Z	public: class MOXIE::Matrix4 const & __ptr64 __cdecl MOXIE::SGModelInstance::getModelMatrix(unsigned int)const __ptr64
2337	?getMouseButton@InputManager@MOXIE@@QEAA_NW4EMouseButton@2@@Z	public: bool __cdecl MOXIE::InputManager::getMouseButton(enum MOXIE::EMouseButton) __ptr64
2338	?getMouseButtonDoubleClick@InputManager@MOXIE@@QEAA_NW4EMouseButton@2@@Z	public: bool __cdecl MOXIE::InputManager::getMouseButtonDoubleClick(enum MOXIE::EMouseButton) __ptr64
2339	?getMouseButtonDown@InputManager@MOXIE@@QEAA_NW4EMouseButton@2@@Z	public: bool __cdecl MOXIE::InputManager::getMouseButtonDown(enum MOXIE::EMouseButton) __ptr64
2340	?getMouseButtonMask@InputManager@MOXIE@@QEAAIXZ	public: unsigned int __cdecl MOXIE::InputManager::getMouseButtonMask(void) __ptr64
2341	?getMouseButtonUp@InputManager@MOXIE@@QEAA_NW4EMouseButton@2@@Z	public: bool __cdecl MOXIE::InputManager::getMouseButtonUp(enum MOXIE::EMouseButton) __ptr64
2342	?getMouseDelta@InputManager@MOXIE@@QEAAAEBVVector3@2@XZ	public: class MOXIE::Vector3 const & __ptr64 __cdecl MOXIE::InputManager::getMouseDelta(void) __ptr64
2343	?getMouseMove@InputManager@MOXIE@@QEAA_NXZ	public: bool __cdecl MOXIE::InputManager::getMouseMove(void) __ptr64
2344	?getMousePosition@InputManager@MOXIE@@QEAAAEBVVector3@2@XZ	public: class MOXIE::Vector3 const & __ptr64 __cdecl MOXIE::InputManager::getMousePosition(void) __ptr64
2345	?getMouseWheelDelta@InputManager@MOXIE@@QEAAHXZ	public: int __cdecl MOXIE::InputManager::getMouseWheelDelta(void) __ptr64
2346	?getMute@AudioPlayerMaux@MOXIE@@UEAA_NXZ	public: virtual bool __cdecl MOXIE::AudioPlayerMaux::getMute(void) __ptr64
2347	?getMute@Sound@MOXIE@@QEAA_NXZ	public: bool __cdecl MOXIE::Sound::getMute(void) __ptr64
2348	?getMuted@AudPlayer@MOXIE@@QEBA_NXZ	public: bool __cdecl MOXIE::AudPlayer::getMuted(void)const __ptr64
2349	?getMutex@Condition@MOXIE@@QEAAPEAVMutex@2@XZ	public: class MOXIE::Mutex * __ptr64 __cdecl MOXIE::Condition::getMutex(void) __ptr64
2350	?getName@Flipbook@MOXIE@@QEBAPEBDXZ	public: char const * __ptr64 __cdecl MOXIE::Flipbook::getName(void)const __ptr64
2351	?getName@GUITheme@MOXIE@@QEAAPEBDXZ	public: char const * __ptr64 __cdecl MOXIE::GUITheme::getName(void) __ptr64
2352	?getName@Material@MOXIE@@QEBAAEBVString@2@XZ	public: class MOXIE::String const & __ptr64 __cdecl MOXIE::Material::getName(void)const __ptr64
2353	?getName@RenderView@MOXIE@@QEBAAEBVString@2@XZ	public: class MOXIE::String const & __ptr64 __cdecl MOXIE::RenderView::getName(void)const __ptr64
2354	?getName@SGNode@MOXIE@@QEBAAEBVString@2@XZ	public: class MOXIE::String const & __ptr64 __cdecl MOXIE::SGNode::getName(void)const __ptr64
2355	?getName@StoryFSM@MOXIE@@QEBAAEBVString@2@XZ	public: class MOXIE::String const & __ptr64 __cdecl MOXIE::StoryFSM::getName(void)const __ptr64
2356	?getName@Surface@MOXIE@@QEBAAEBVString@2@XZ	public: class MOXIE::String const & __ptr64 __cdecl MOXIE::Surface::getName(void)const __ptr64
2357	?getName@Thread@MOXIE@@QEBAAEBVString@2@XZ	public: class MOXIE::String const & __ptr64 __cdecl MOXIE::Thread::getName(void)const __ptr64
2358	?getNameHash@Material@MOXIE@@QEBAIXZ	public: unsigned int __cdecl MOXIE::Material::getNameHash(void)const __ptr64
2359	?getNativeFilePtr@LocalFileSystem@MOXIE@@UEAAPEAU_iobuf@@_K@Z	public: virtual struct _iobuf * __ptr64 __cdecl MOXIE::LocalFileSystem::getNativeFilePtr(unsigned __int64) __ptr64
2360	?getNewPcmSource@AudResource@MOXIE@@QEBAPEAVAudioDataSource@2@XZ	public: class MOXIE::AudioDataSource * __ptr64 __cdecl MOXIE::AudResource::getNewPcmSource(void)const __ptr64
2361	?getNewPlayerGroup@AudioSystem@MOXIE@@QEAA?AW4MauxStatus@2@PEAI@Z	public: enum MOXIE::MauxStatus __cdecl MOXIE::AudioSystem::getNewPlayerGroup(unsigned int * __ptr64) __ptr64
2362	?getNextFrame@LApiFlipbookDriver@duet@@CAHPEAUlua_State@@@Z	private: static int __cdecl duet::LApiFlipbookDriver::getNextFrame(struct lua_State * __ptr64)
2363	?getNextFrame@SGFlipbookDriver@MOXIE@@AEAAHXZ	private: int __cdecl MOXIE::SGFlipbookDriver::getNextFrame(void) __ptr64
2364	?getNumBindTransforms@ModelResource@MOXIE@@QEBAIXZ	public: unsigned int __cdecl MOXIE::ModelResource::getNumBindTransforms(void)const __ptr64
2365	?getNumBoneGroups@ModelResource@MOXIE@@QEBAGXZ	public: unsigned short __cdecl MOXIE::ModelResource::getNumBoneGroups(void)const __ptr64
2366	?getNumChannels@AudioPlayerMaux@MOXIE@@UEAAIXZ	public: virtual unsigned int __cdecl MOXIE::AudioPlayerMaux::getNumChannels(void) __ptr64
2367	?getNumChannels@Sound@MOXIE@@QEAAIXZ	public: unsigned int __cdecl MOXIE::Sound::getNumChannels(void) __ptr64
2368	?getNumFrames@AnimResource@MOXIE@@QEBAIXZ	public: unsigned int __cdecl MOXIE::AnimResource::getNumFrames(void)const __ptr64
2369	?getNumGlyphs@FontMap@MOXIE@@QEBAIXZ	public: unsigned int __cdecl MOXIE::FontMap::getNumGlyphs(void)const __ptr64
2370	?getNumLocalMatrices@SGModelInstance@MOXIE@@QEBAIXZ	public: unsigned int __cdecl MOXIE::SGModelInstance::getNumLocalMatrices(void)const __ptr64
2371	?getNumLocalTransforms@ModelResource@MOXIE@@QEBAIXZ	public: unsigned int __cdecl MOXIE::ModelResource::getNumLocalTransforms(void)const __ptr64
2372	?getNumMaterials@ModelResource@MOXIE@@QEBAIXZ	public: unsigned int __cdecl MOXIE::ModelResource::getNumMaterials(void)const __ptr64
2373	?getNumMaterials@SGModelInstance@MOXIE@@QEBAIXZ	public: unsigned int __cdecl MOXIE::SGModelInstance::getNumMaterials(void)const __ptr64
2374	?getNumMeshes@ModelResource@MOXIE@@QEBAGXZ	public: unsigned short __cdecl MOXIE::ModelResource::getNumMeshes(void)const __ptr64
2375	?getNumParentIndices@ModelResource@MOXIE@@QEBAIXZ	public: unsigned int __cdecl MOXIE::ModelResource::getNumParentIndices(void)const __ptr64
2376	?getNumTracks@AnimResource@MOXIE@@QEBAIXZ	public: unsigned int __cdecl MOXIE::AnimResource::getNumTracks(void)const __ptr64
2377	?getOffset@ZipEntry@MOXIE@@QEBA_KXZ	public: unsigned __int64 __cdecl MOXIE::ZipEntry::getOffset(void)const __ptr64
2378	?getOffsetX@VideoCubeTile@MOXIE@@QEBAIXZ	public: unsigned int __cdecl MOXIE::VideoCubeTile::getOffsetX(void)const __ptr64
2379	?getOffsetY@VideoCubeTile@MOXIE@@QEBAIXZ	public: unsigned int __cdecl MOXIE::VideoCubeTile::getOffsetY(void)const __ptr64
2380	?getOne@Vector2@MOXIE@@SAAEBV12@XZ	public: static class MOXIE::Vector2 const & __ptr64 __cdecl MOXIE::Vector2::getOne(void)
2381	?getOne@Vector3@MOXIE@@SAAEBV12@XZ	public: static class MOXIE::Vector3 const & __ptr64 __cdecl MOXIE::Vector3::getOne(void)
2382	?getOne@Vector4@MOXIE@@SAAEBV12@XZ	public: static class MOXIE::Vector4 const & __ptr64 __cdecl MOXIE::Vector4::getOne(void)
2383	?getOptimalOutputBufferSize@OggVorbisDecoder@MOXIE@@UEBAIXZ	public: virtual unsigned int __cdecl MOXIE::OggVorbisDecoder::getOptimalOutputBufferSize(void)const __ptr64
2384	?getOptimalOutputBufferSize@PcmDecoder@MOXIE@@UEBAIXZ	public: virtual unsigned int __cdecl MOXIE::PcmDecoder::getOptimalOutputBufferSize(void)const __ptr64
2385	?getOrientation@ReplayManager@MOXIE@@QEBAAEBVQuaternion@2@XZ	public: class MOXIE::Quaternion const & __ptr64 __cdecl MOXIE::ReplayManager::getOrientation(void)const __ptr64
2386	?getOwner@SGComponent@MOXIE@@QEAAPEAVSGNode@2@XZ	public: class MOXIE::SGNode * __ptr64 __cdecl MOXIE::SGComponent::getOwner(void) __ptr64
2387	?getPackage@LApplication@MOXIE@@QEBAAEBVString@2@XZ	public: class MOXIE::String const & __ptr64 __cdecl MOXIE::LApplication::getPackage(void)const __ptr64
2388	?getPanBalance@AudioPlayerMaux@MOXIE@@UEAAMXZ	public: virtual float __cdecl MOXIE::AudioPlayerMaux::getPanBalance(void) __ptr64
2389	?getPanBalance@Sound@MOXIE@@QEAAMXZ	public: float __cdecl MOXIE::Sound::getPanBalance(void) __ptr64
2390	?getPanDelta@AudPlayer@MOXIE@@QEBAMXZ	public: float __cdecl MOXIE::AudPlayer::getPanDelta(void)const __ptr64
2391	?getPanPosition@AudPlayer@MOXIE@@QEBAMXZ	public: float __cdecl MOXIE::AudPlayer::getPanPosition(void)const __ptr64
2392	?getParamByIndex@ShaderParamBlock@MOXIE@@QEAAAEAVShaderParam@2@I@Z	public: class MOXIE::ShaderParam & __ptr64 __cdecl MOXIE::ShaderParamBlock::getParamByIndex(unsigned int) __ptr64
2393	?getParamIndex@ShaderParamBlock@MOXIE@@QEBAHPEBD@Z	public: int __cdecl MOXIE::ShaderParamBlock::getParamIndex(char const * __ptr64)const __ptr64
2394	?getParameters@Material@MOXIE@@QEAAAEAVShaderBlockInstance@2@XZ	public: class MOXIE::ShaderBlockInstance & __ptr64 __cdecl MOXIE::Material::getParameters(void) __ptr64
2395	?getParams@ShaderFx@MOXIE@@QEAAAEAVShaderParamBlock@2@XZ	public: class MOXIE::ShaderParamBlock & __ptr64 __cdecl MOXIE::ShaderFx::getParams(void) __ptr64
2396	?getParams@ShaderFx@MOXIE@@QEBAAEBVShaderParamBlock@2@XZ	public: class MOXIE::ShaderParamBlock const & __ptr64 __cdecl MOXIE::ShaderFx::getParams(void)const __ptr64
2397	?getParent@SGNode@MOXIE@@QEAAPEAV12@XZ	public: class MOXIE::SGNode * __ptr64 __cdecl MOXIE::SGNode::getParent(void) __ptr64
2398	?getParent@SGNode@MOXIE@@QEBAPEBV12@XZ	public: class MOXIE::SGNode const * __ptr64 __cdecl MOXIE::SGNode::getParent(void)const __ptr64
2399	?getParentIndices@ModelResource@MOXIE@@QEBAPEBFXZ	public: short const * __ptr64 __cdecl MOXIE::ModelResource::getParentIndices(void)const __ptr64
2400	?getParentIndices@SGModelInstance@MOXIE@@QEAAPEBFXZ	public: short const * __ptr64 __cdecl MOXIE::SGModelInstance::getParentIndices(void) __ptr64
2401	?getParticles@SGParticleEmitter@MOXIE@@QEBAAEBV?$TArray@UParticle@MOXIE@@@2@XZ	public: class MOXIE::TArray<struct MOXIE::Particle> const & __ptr64 __cdecl MOXIE::SGParticleEmitter::getParticles(void)const __ptr64
2402	?getParticlesEnable@EnableManager@MOXIE@@QEAA_NXZ	public: bool __cdecl MOXIE::EnableManager::getParticlesEnable(void) __ptr64
2403	?getPath@Uri@MOXIE@@QEBAPEBDXZ	public: char const * __ptr64 __cdecl MOXIE::Uri::getPath(void)const __ptr64
2404	?getPendingResourceCount@ResourceManager@MOXIE@@QEBAIXZ	public: unsigned int __cdecl MOXIE::ResourceManager::getPendingResourceCount(void)const __ptr64
2405	?getPersistFilename@LApplication@MOXIE@@QEBA?AVString@2@XZ	public: class MOXIE::String __cdecl MOXIE::LApplication::getPersistFilename(void)const __ptr64
2406	?getPitchAngle@Quaternion@MOXIE@@QEBAMXZ	public: float __cdecl MOXIE::Quaternion::getPitchAngle(void)const __ptr64
2407	?getPixel@Bitmap@MOXIE@@QEBA?AVColor@2@II@Z	public: class MOXIE::Color __cdecl MOXIE::Bitmap::getPixel(unsigned int,unsigned int)const __ptr64
2408	?getPixelFormat@Surface@MOXIE@@QEBA?AW4EPixelFormat@2@XZ	public: enum MOXIE::EPixelFormat __cdecl MOXIE::Surface::getPixelFormat(void)const __ptr64
2409	?getPlatformInfo@Engine@MOXIE@@QEAAPEAUPlatformInfo@2@XZ	public: struct MOXIE::PlatformInfo * __ptr64 __cdecl MOXIE::Engine::getPlatformInfo(void) __ptr64
2410	?getPlatformInfo@Engine@MOXIE@@QEBAPEBUPlatformInfo@2@XZ	public: struct MOXIE::PlatformInfo const * __ptr64 __cdecl MOXIE::Engine::getPlatformInfo(void)const __ptr64
2411	?getPlayPosition@AudPlayer@MOXIE@@QEBAIXZ	public: unsigned int __cdecl MOXIE::AudPlayer::getPlayPosition(void)const __ptr64
2412	?getPlayState@AudPlayer@MOXIE@@QEBA?AW4MauxPlayState@2@XZ	public: enum MOXIE::MauxPlayState __cdecl MOXIE::AudPlayer::getPlayState(void)const __ptr64
2413	?getPlayState@AudioPlayerMaux@MOXIE@@UEAA?AW4EPlayState@2@XZ	public: virtual enum MOXIE::EPlayState __cdecl MOXIE::AudioPlayerMaux::getPlayState(void) __ptr64
2414	?getPlayState@Sound@MOXIE@@QEAA?AW4EPlayState@2@XZ	public: enum MOXIE::EPlayState __cdecl MOXIE::Sound::getPlayState(void) __ptr64
2415	?getPlaybackTime@AudioPlayerMaux@MOXIE@@UEAA_KXZ	public: virtual unsigned __int64 __cdecl MOXIE::AudioPlayerMaux::getPlaybackTime(void) __ptr64
2416	?getPlaybackTime@Sound@MOXIE@@QEAA_KXZ	public: unsigned __int64 __cdecl MOXIE::Sound::getPlaybackTime(void) __ptr64
2417	?getPlayer@AudioSystem@MOXIE@@QEAA?AW4MauxStatus@2@IIIPEAI@Z	public: enum MOXIE::MauxStatus __cdecl MOXIE::AudioSystem::getPlayer(unsigned int,unsigned int,unsigned int,unsigned int * __ptr64) __ptr64
2418	?getPlayer@AudioSystem@MOXIE@@QEAA?AW4MauxStatus@2@VString@2@IW4MauxLoadFlags@2@PEAI@Z	public: enum MOXIE::MauxStatus __cdecl MOXIE::AudioSystem::getPlayer(class MOXIE::String,unsigned int,enum MOXIE::MauxLoadFlags,unsigned int * __ptr64) __ptr64
2419	?getPlayerFrameLoopPoints@AudioSystem@MOXIE@@QEBA?AW4MauxStatus@2@IPEAI0@Z	public: enum MOXIE::MauxStatus __cdecl MOXIE::AudioSystem::getPlayerFrameLoopPoints(unsigned int,unsigned int * __ptr64,unsigned int * __ptr64)const __ptr64
2420	?getPlayerLooping@AudioSystem@MOXIE@@QEBA?AW4MauxStatus@2@IPEA_N@Z	public: enum MOXIE::MauxStatus __cdecl MOXIE::AudioSystem::getPlayerLooping(unsigned int,bool * __ptr64)const __ptr64
2421	?getPlayerMuted@AudioSystem@MOXIE@@QEBA?AW4MauxStatus@2@IPEA_N@Z	public: enum MOXIE::MauxStatus __cdecl MOXIE::AudioSystem::getPlayerMuted(unsigned int,bool * __ptr64)const __ptr64
2422	?getPlayerPanPosition@AudioSystem@MOXIE@@QEBA?AW4MauxStatus@2@IPEAM@Z	public: enum MOXIE::MauxStatus __cdecl MOXIE::AudioSystem::getPlayerPanPosition(unsigned int,float * __ptr64)const __ptr64
2423	?getPlayerRate@AudioSystem@MOXIE@@QEAA?AW4MauxStatus@2@IPEAM@Z	public: enum MOXIE::MauxStatus __cdecl MOXIE::AudioSystem::getPlayerRate(unsigned int,float * __ptr64) __ptr64
2424	?getPlayerSamplePosition@AudioSystem@MOXIE@@QEBA?AW4MauxStatus@2@IPEAI@Z	public: enum MOXIE::MauxStatus __cdecl MOXIE::AudioSystem::getPlayerSamplePosition(unsigned int,unsigned int * __ptr64)const __ptr64
2425	?getPlayerState@AudioSystem@MOXIE@@QEBA?AW4MauxStatus@2@IPEAW4MauxPlayState@2@@Z	public: enum MOXIE::MauxStatus __cdecl MOXIE::AudioSystem::getPlayerState(unsigned int,enum MOXIE::MauxPlayState * __ptr64)const __ptr64
2426	?getPlayerTimeDuration@AudioSystem@MOXIE@@QEBA?AW4MauxStatus@2@IPEAM@Z	public: enum MOXIE::MauxStatus __cdecl MOXIE::AudioSystem::getPlayerTimeDuration(unsigned int,float * __ptr64)const __ptr64
2427	?getPlayerTimeLoopPoints@AudioSystem@MOXIE@@QEBA?AW4MauxStatus@2@IPEAM0@Z	public: enum MOXIE::MauxStatus __cdecl MOXIE::AudioSystem::getPlayerTimeLoopPoints(unsigned int,float * __ptr64,float * __ptr64)const __ptr64
2428	?getPlayerTimePosition@AudioSystem@MOXIE@@QEBA?AW4MauxStatus@2@IPEAM@Z	public: enum MOXIE::MauxStatus __cdecl MOXIE::AudioSystem::getPlayerTimePosition(unsigned int,float * __ptr64)const __ptr64
2429	?getPlayerVolume@AudioSystem@MOXIE@@QEBA?AW4MauxStatus@2@IPEAM@Z	public: enum MOXIE::MauxStatus __cdecl MOXIE::AudioSystem::getPlayerVolume(unsigned int,float * __ptr64)const __ptr64
2430	?getPlayheadPosDecoded@AudioDataSource@MOXIE@@QEBAIXZ	public: unsigned int __cdecl MOXIE::AudioDataSource::getPlayheadPosDecoded(void)const __ptr64
2431	?getPlayheadPosResampled@AudioDataSource@MOXIE@@QEBAIXZ	public: unsigned int __cdecl MOXIE::AudioDataSource::getPlayheadPosResampled(void)const __ptr64
2432	?getPose@Animator@MOXIE@@QEAAPEAVPose@12@XZ	public: class MOXIE::Animator::Pose * __ptr64 __cdecl MOXIE::Animator::getPose(void) __ptr64
2433	?getPose@Animator@MOXIE@@QEBAPEBVPose@12@XZ	public: class MOXIE::Animator::Pose const * __ptr64 __cdecl MOXIE::Animator::getPose(void)const __ptr64
2434	?getPosition@AudEmitter@MOXIE@@QEBA?AVVector3@2@XZ	public: class MOXIE::Vector3 __cdecl MOXIE::AudEmitter::getPosition(void)const __ptr64
2435	?getPosition@BSphere@MOXIE@@QEBAAEBVVector3@2@XZ	public: class MOXIE::Vector3 const & __ptr64 __cdecl MOXIE::BSphere::getPosition(void)const __ptr64
2436	?getPosition@MemoryStream@MOXIE@@QEBAIXZ	public: unsigned int __cdecl MOXIE::MemoryStream::getPosition(void)const __ptr64
2437	?getPostChain@RenderView@MOXIE@@QEAAAEAVPostEffectChain@2@XZ	public: class MOXIE::PostEffectChain & __ptr64 __cdecl MOXIE::RenderView::getPostChain(void) __ptr64
2438	?getPostChain@RenderView@MOXIE@@QEBAAEBVPostEffectChain@2@XZ	public: class MOXIE::PostEffectChain const & __ptr64 __cdecl MOXIE::RenderView::getPostChain(void)const __ptr64
2439	?getPostOutputTexture@RenderView@MOXIE@@QEBAPEBVTexture@2@XZ	public: class MOXIE::Texture const * __ptr64 __cdecl MOXIE::RenderView::getPostOutputTexture(void)const __ptr64
2440	?getPrimeTime@LApplication@MOXIE@@QEBA_NXZ	public: bool __cdecl MOXIE::LApplication::getPrimeTime(void)const __ptr64
2441	?getPriority@Thread@MOXIE@@QEBA?AW4Priority@12@XZ	public: enum MOXIE::Thread::Priority __cdecl MOXIE::Thread::getPriority(void)const __ptr64
2442	?getProfileStats@VideoCubeTile@MOXIE@@QEAAPEAUProfileStats@12@XZ	public: struct MOXIE::VideoCubeTile::ProfileStats * __ptr64 __cdecl MOXIE::VideoCubeTile::getProfileStats(void) __ptr64
2443	?getProfileValueNumDecodes@SGVideoCubePlayer@MOXIE@@QEBAAEBV?$ProfileValue@I@2@XZ	public: class MOXIE::ProfileValue<unsigned int> const & __ptr64 __cdecl MOXIE::SGVideoCubePlayer::getProfileValueNumDecodes(void)const __ptr64
2444	?getProfileValueNumUploads@SGVideoCubePlayer@MOXIE@@QEBAAEBV?$ProfileValue@I@2@XZ	public: class MOXIE::ProfileValue<unsigned int> const & __ptr64 __cdecl MOXIE::SGVideoCubePlayer::getProfileValueNumUploads(void)const __ptr64
2445	?getProfileValueTimeUpdate@SGVideoCubePlayer@MOXIE@@QEBAAEBV?$ProfileValue@I@2@XZ	public: class MOXIE::ProfileValue<unsigned int> const & __ptr64 __cdecl MOXIE::SGVideoCubePlayer::getProfileValueTimeUpdate(void)const __ptr64
2446	?getProfileValueTimeUpload@SGVideoCubePlayer@MOXIE@@QEBAAEBV?$ProfileValue@I@2@XZ	public: class MOXIE::ProfileValue<unsigned int> const & __ptr64 __cdecl MOXIE::SGVideoCubePlayer::getProfileValueTimeUpload(void)const __ptr64
2447	?getProjMatrix@Camera@MOXIE@@QEBAAEBVMatrix4@2@XZ	public: class MOXIE::Matrix4 const & __ptr64 __cdecl MOXIE::Camera::getProjMatrix(void)const __ptr64
2448	?getProperties@Material@MOXIE@@QEBAAEBVString@2@XZ	public: class MOXIE::String const & __ptr64 __cdecl MOXIE::Material::getProperties(void)const __ptr64
2449	?getQualityLevel@SGVideoCubePlayer@MOXIE@@QEAAIXZ	public: unsigned int __cdecl MOXIE::SGVideoCubePlayer::getQualityLevel(void) __ptr64
2450	?getRTTI@AnalyticsManager@MOXIE@@UEBAPEBVRTTI@2@XZ	public: virtual class MOXIE::RTTI const * __ptr64 __cdecl MOXIE::AnalyticsManager::getRTTI(void)const __ptr64
2451	?getRTTI@AnimResource@MOXIE@@UEBAPEBVRTTI@2@XZ	public: virtual class MOXIE::RTTI const * __ptr64 __cdecl MOXIE::AnimResource::getRTTI(void)const __ptr64
2452	?getRTTI@AudioDevice@MOXIE@@UEBAPEBVRTTI@2@XZ	public: virtual class MOXIE::RTTI const * __ptr64 __cdecl MOXIE::AudioDevice::getRTTI(void)const __ptr64
2453	?getRTTI@AudioEmitter3D@MOXIE@@UEBAPEBVRTTI@2@XZ	public: virtual class MOXIE::RTTI const * __ptr64 __cdecl MOXIE::AudioEmitter3D::getRTTI(void)const __ptr64
2454	?getRTTI@AudioEmitter@MOXIE@@UEBAPEBVRTTI@2@XZ	public: virtual class MOXIE::RTTI const * __ptr64 __cdecl MOXIE::AudioEmitter::getRTTI(void)const __ptr64
2455	?getRTTI@AudioManager@MOXIE@@UEBAPEBVRTTI@2@XZ	public: virtual class MOXIE::RTTI const * __ptr64 __cdecl MOXIE::AudioManager::getRTTI(void)const __ptr64
2456	?getRTTI@AudioResource@MOXIE@@UEBAPEBVRTTI@2@XZ	public: virtual class MOXIE::RTTI const * __ptr64 __cdecl MOXIE::AudioResource::getRTTI(void)const __ptr64
2457	?getRTTI@AudioSystem@MOXIE@@UEBAPEBVRTTI@2@XZ	public: virtual class MOXIE::RTTI const * __ptr64 __cdecl MOXIE::AudioSystem::getRTTI(void)const __ptr64
2458	?getRTTI@BufferObject@MOXIE@@UEBAPEBVRTTI@2@XZ	public: virtual class MOXIE::RTTI const * __ptr64 __cdecl MOXIE::BufferObject::getRTTI(void)const __ptr64
2459	?getRTTI@EnableManager@MOXIE@@UEBAPEBVRTTI@2@XZ	public: virtual class MOXIE::RTTI const * __ptr64 __cdecl MOXIE::EnableManager::getRTTI(void)const __ptr64
2460	?getRTTI@FileSystem@MOXIE@@UEBAPEBVRTTI@2@XZ	public: virtual class MOXIE::RTTI const * __ptr64 __cdecl MOXIE::FileSystem::getRTTI(void)const __ptr64
2461	?getRTTI@FlipbookResource@MOXIE@@UEBAPEBVRTTI@2@XZ	public: virtual class MOXIE::RTTI const * __ptr64 __cdecl MOXIE::FlipbookResource::getRTTI(void)const __ptr64
2462	?getRTTI@Font@MOXIE@@UEBAPEBVRTTI@2@XZ	public: virtual class MOXIE::RTTI const * __ptr64 __cdecl MOXIE::Font::getRTTI(void)const __ptr64
2463	?getRTTI@FontResource@MOXIE@@UEBAPEBVRTTI@2@XZ	public: virtual class MOXIE::RTTI const * __ptr64 __cdecl MOXIE::FontResource::getRTTI(void)const __ptr64
2464	?getRTTI@GlobalTime@MOXIE@@UEBAPEBVRTTI@2@XZ	public: virtual class MOXIE::RTTI const * __ptr64 __cdecl MOXIE::GlobalTime::getRTTI(void)const __ptr64
2465	?getRTTI@IService@MOXIE@@UEBAPEBVRTTI@2@XZ	public: virtual class MOXIE::RTTI const * __ptr64 __cdecl MOXIE::IService::getRTTI(void)const __ptr64
2466	?getRTTI@IndexBuffer@MOXIE@@UEBAPEBVRTTI@2@XZ	public: virtual class MOXIE::RTTI const * __ptr64 __cdecl MOXIE::IndexBuffer::getRTTI(void)const __ptr64
2467	?getRTTI@InputManager@MOXIE@@UEBAPEBVRTTI@2@XZ	public: virtual class MOXIE::RTTI const * __ptr64 __cdecl MOXIE::InputManager::getRTTI(void)const __ptr64
2468	?getRTTI@LAllocator@MOXIE@@UEBAPEBVRTTI@2@XZ	public: virtual class MOXIE::RTTI const * __ptr64 __cdecl MOXIE::LAllocator::getRTTI(void)const __ptr64
2469	?getRTTI@LApi@MOXIE@@UEBAPEBVRTTI@2@XZ	public: virtual class MOXIE::RTTI const * __ptr64 __cdecl MOXIE::LApi::getRTTI(void)const __ptr64
2470	?getRTTI@LApiActorClampLayer@duet@@UEBAPEBVRTTI@MOXIE@@XZ	public: virtual class MOXIE::RTTI const * __ptr64 __cdecl duet::LApiActorClampLayer::getRTTI(void)const __ptr64
2471	?getRTTI@LApiActorMover@duet@@UEBAPEBVRTTI@MOXIE@@XZ	public: virtual class MOXIE::RTTI const * __ptr64 __cdecl duet::LApiActorMover::getRTTI(void)const __ptr64
2472	?getRTTI@LApiActorMoverLayer@duet@@UEBAPEBVRTTI@MOXIE@@XZ	public: virtual class MOXIE::RTTI const * __ptr64 __cdecl duet::LApiActorMoverLayer::getRTTI(void)const __ptr64
2473	?getRTTI@LApiActorVignette@duet@@UEBAPEBVRTTI@MOXIE@@XZ	public: virtual class MOXIE::RTTI const * __ptr64 __cdecl duet::LApiActorVignette::getRTTI(void)const __ptr64
2474	?getRTTI@LApiActorsLayer@duet@@UEBAPEBVRTTI@MOXIE@@XZ	public: virtual class MOXIE::RTTI const * __ptr64 __cdecl duet::LApiActorsLayer::getRTTI(void)const __ptr64
2475	?getRTTI@LApiBoomLayer@duet@@UEBAPEBVRTTI@MOXIE@@XZ	public: virtual class MOXIE::RTTI const * __ptr64 __cdecl duet::LApiBoomLayer::getRTTI(void)const __ptr64
2476	?getRTTI@LApiBoundsLayer@duet@@UEBAPEBVRTTI@MOXIE@@XZ	public: virtual class MOXIE::RTTI const * __ptr64 __cdecl duet::LApiBoundsLayer::getRTTI(void)const __ptr64
2477	?getRTTI@LApiCameraRig@duet@@UEBAPEBVRTTI@MOXIE@@XZ	public: virtual class MOXIE::RTTI const * __ptr64 __cdecl duet::LApiCameraRig::getRTTI(void)const __ptr64
2478	?getRTTI@LApiDuet@duet@@UEBAPEBVRTTI@MOXIE@@XZ	public: virtual class MOXIE::RTTI const * __ptr64 __cdecl duet::LApiDuet::getRTTI(void)const __ptr64
2479	?getRTTI@LApiDuetScene@duet@@UEBAPEBVRTTI@MOXIE@@XZ	public: virtual class MOXIE::RTTI const * __ptr64 __cdecl duet::LApiDuetScene::getRTTI(void)const __ptr64
2480	?getRTTI@LApiFlipbookDriver@duet@@UEBAPEBVRTTI@MOXIE@@XZ	public: virtual class MOXIE::RTTI const * __ptr64 __cdecl duet::LApiFlipbookDriver::getRTTI(void)const __ptr64
2481	?getRTTI@LApiGlowAlpha@duet@@UEBAPEBVRTTI@MOXIE@@XZ	public: virtual class MOXIE::RTTI const * __ptr64 __cdecl duet::LApiGlowAlpha::getRTTI(void)const __ptr64
2482	?getRTTI@LApiGlowFader@duet@@UEBAPEBVRTTI@MOXIE@@XZ	public: virtual class MOXIE::RTTI const * __ptr64 __cdecl duet::LApiGlowFader::getRTTI(void)const __ptr64
2483	?getRTTI@LApiInputLayer@duet@@UEBAPEBVRTTI@MOXIE@@XZ	public: virtual class MOXIE::RTTI const * __ptr64 __cdecl duet::LApiInputLayer::getRTTI(void)const __ptr64
2484	?getRTTI@LApiIntroEnvControl@duet@@UEBAPEBVRTTI@MOXIE@@XZ	public: virtual class MOXIE::RTTI const * __ptr64 __cdecl duet::LApiIntroEnvControl::getRTTI(void)const __ptr64
2485	?getRTTI@LApiLookAtDetector@duet@@UEBAPEBVRTTI@MOXIE@@XZ	public: virtual class MOXIE::RTTI const * __ptr64 __cdecl duet::LApiLookAtDetector::getRTTI(void)const __ptr64
2486	?getRTTI@LApiLookAtLayer@duet@@UEBAPEBVRTTI@MOXIE@@XZ	public: virtual class MOXIE::RTTI const * __ptr64 __cdecl duet::LApiLookAtLayer::getRTTI(void)const __ptr64
2487	?getRTTI@LApiMasterBlender@duet@@UEBAPEBVRTTI@MOXIE@@XZ	public: virtual class MOXIE::RTTI const * __ptr64 __cdecl duet::LApiMasterBlender::getRTTI(void)const __ptr64
2488	?getRTTI@LApiParticlesController@duet@@UEBAPEBVRTTI@MOXIE@@XZ	public: virtual class MOXIE::RTTI const * __ptr64 __cdecl duet::LApiParticlesController::getRTTI(void)const __ptr64
2489	?getRTTI@LApiProxyLayer@duet@@UEBAPEBVRTTI@MOXIE@@XZ	public: virtual class MOXIE::RTTI const * __ptr64 __cdecl duet::LApiProxyLayer::getRTTI(void)const __ptr64
2490	?getRTTI@LApiSegmentManager@duet@@UEBAPEBVRTTI@MOXIE@@XZ	public: virtual class MOXIE::RTTI const * __ptr64 __cdecl duet::LApiSegmentManager::getRTTI(void)const __ptr64
2491	?getRTTI@LApiSoftTrack@duet@@UEBAPEBVRTTI@MOXIE@@XZ	public: virtual class MOXIE::RTTI const * __ptr64 __cdecl duet::LApiSoftTrack::getRTTI(void)const __ptr64
2492	?getRTTI@LApiStarBlendLayer@duet@@UEBAPEBVRTTI@MOXIE@@XZ	public: virtual class MOXIE::RTTI const * __ptr64 __cdecl duet::LApiStarBlendLayer::getRTTI(void)const __ptr64
2493	?getRTTI@LApiTrackingLayer@duet@@UEBAPEBVRTTI@MOXIE@@XZ	public: virtual class MOXIE::RTTI const * __ptr64 __cdecl duet::LApiTrackingLayer::getRTTI(void)const __ptr64
2494	?getRTTI@LApiTrackingManager@duet@@UEBAPEBVRTTI@MOXIE@@XZ	public: virtual class MOXIE::RTTI const * __ptr64 __cdecl duet::LApiTrackingManager::getRTTI(void)const __ptr64
2495	?getRTTI@LApiTrackingTarget@duet@@UEBAPEBVRTTI@MOXIE@@XZ	public: virtual class MOXIE::RTTI const * __ptr64 __cdecl duet::LApiTrackingTarget::getRTTI(void)const __ptr64
2496	?getRTTI@LApiUtil@duet@@UEBAPEBVRTTI@MOXIE@@XZ	public: virtual class MOXIE::RTTI const * __ptr64 __cdecl duet::LApiUtil::getRTTI(void)const __ptr64
2497	?getRTTI@LBlockAllocator@MOXIE@@UEBAPEBVRTTI@2@XZ	public: virtual class MOXIE::RTTI const * __ptr64 __cdecl MOXIE::LBlockAllocator::getRTTI(void)const __ptr64
2498	?getRTTI@LComponent@MOXIE@@UEBAPEBVRTTI@2@XZ	public: virtual class MOXIE::RTTI const * __ptr64 __cdecl MOXIE::LComponent::getRTTI(void)const __ptr64
2499	?getRTTI@LocalFileSystem@MOXIE@@UEBAPEBVRTTI@2@XZ	public: virtual class MOXIE::RTTI const * __ptr64 __cdecl MOXIE::LocalFileSystem::getRTTI(void)const __ptr64
2500	?getRTTI@ModelResource@MOXIE@@UEBAPEBVRTTI@2@XZ	public: virtual class MOXIE::RTTI const * __ptr64 __cdecl MOXIE::ModelResource::getRTTI(void)const __ptr64
2501	?getRTTI@NetworkFileSystem@MOXIE@@UEBAPEBVRTTI@2@XZ	public: virtual class MOXIE::RTTI const * __ptr64 __cdecl MOXIE::NetworkFileSystem::getRTTI(void)const __ptr64
2502	?getRTTI@ParticleSystemResource@MOXIE@@UEBAPEBVRTTI@2@XZ	public: virtual class MOXIE::RTTI const * __ptr64 __cdecl MOXIE::ParticleSystemResource::getRTTI(void)const __ptr64
2503	?getRTTI@PhysicsManager@MOXIE@@UEBAPEBVRTTI@2@XZ	public: virtual class MOXIE::RTTI const * __ptr64 __cdecl MOXIE::PhysicsManager::getRTTI(void)const __ptr64
2504	?getRTTI@RenderDebug@MOXIE@@UEBAPEBVRTTI@2@XZ	public: virtual class MOXIE::RTTI const * __ptr64 __cdecl MOXIE::RenderDebug::getRTTI(void)const __ptr64
2505	?getRTTI@RenderDevice@MOXIE@@UEBAPEBVRTTI@2@XZ	public: virtual class MOXIE::RTTI const * __ptr64 __cdecl MOXIE::RenderDevice::getRTTI(void)const __ptr64
2506	?getRTTI@RenderManager@MOXIE@@UEBAPEBVRTTI@2@XZ	public: virtual class MOXIE::RTTI const * __ptr64 __cdecl MOXIE::RenderManager::getRTTI(void)const __ptr64
2507	?getRTTI@RenderTarget@MOXIE@@UEBAPEBVRTTI@2@XZ	public: virtual class MOXIE::RTTI const * __ptr64 __cdecl MOXIE::RenderTarget::getRTTI(void)const __ptr64
2508	?getRTTI@ReplayManager@MOXIE@@UEBAPEBVRTTI@2@XZ	public: virtual class MOXIE::RTTI const * __ptr64 __cdecl MOXIE::ReplayManager::getRTTI(void)const __ptr64
2509	?getRTTI@Resource@MOXIE@@UEBAPEBVRTTI@2@XZ	public: virtual class MOXIE::RTTI const * __ptr64 __cdecl MOXIE::Resource::getRTTI(void)const __ptr64
2510	?getRTTI@ResourceManager@MOXIE@@UEBAPEBVRTTI@2@XZ	public: virtual class MOXIE::RTTI const * __ptr64 __cdecl MOXIE::ResourceManager::getRTTI(void)const __ptr64
2511	?getRTTI@SGAnimator@MOXIE@@UEBAPEBVRTTI@2@XZ	public: virtual class MOXIE::RTTI const * __ptr64 __cdecl MOXIE::SGAnimator::getRTTI(void)const __ptr64
2512	?getRTTI@SGCamera@MOXIE@@UEBAPEBVRTTI@2@XZ	public: virtual class MOXIE::RTTI const * __ptr64 __cdecl MOXIE::SGCamera::getRTTI(void)const __ptr64
2513	?getRTTI@SGCameraController@MOXIE@@UEBAPEBVRTTI@2@XZ	public: virtual class MOXIE::RTTI const * __ptr64 __cdecl MOXIE::SGCameraController::getRTTI(void)const __ptr64
2514	?getRTTI@SGComponent@MOXIE@@UEBAPEBVRTTI@2@XZ	public: virtual class MOXIE::RTTI const * __ptr64 __cdecl MOXIE::SGComponent::getRTTI(void)const __ptr64
2515	?getRTTI@SGDebugCameraController@MOXIE@@UEBAPEBVRTTI@2@XZ	public: virtual class MOXIE::RTTI const * __ptr64 __cdecl MOXIE::SGDebugCameraController::getRTTI(void)const __ptr64
2516	?getRTTI@SGFlipbookDriver@MOXIE@@UEBAPEBVRTTI@2@XZ	public: virtual class MOXIE::RTTI const * __ptr64 __cdecl MOXIE::SGFlipbookDriver::getRTTI(void)const __ptr64
2517	?getRTTI@SGGroup@MOXIE@@UEBAPEBVRTTI@2@XZ	public: virtual class MOXIE::RTTI const * __ptr64 __cdecl MOXIE::SGGroup::getRTTI(void)const __ptr64
2518	?getRTTI@SGLight@MOXIE@@UEBAPEBVRTTI@2@XZ	public: virtual class MOXIE::RTTI const * __ptr64 __cdecl MOXIE::SGLight::getRTTI(void)const __ptr64
2519	?getRTTI@SGMaterial@MOXIE@@UEBAPEBVRTTI@2@XZ	public: virtual class MOXIE::RTTI const * __ptr64 __cdecl MOXIE::SGMaterial::getRTTI(void)const __ptr64
2520	?getRTTI@SGModelInstance@MOXIE@@UEBAPEBVRTTI@2@XZ	public: virtual class MOXIE::RTTI const * __ptr64 __cdecl MOXIE::SGModelInstance::getRTTI(void)const __ptr64
2521	?getRTTI@SGNode@MOXIE@@UEBAPEBVRTTI@2@XZ	public: virtual class MOXIE::RTTI const * __ptr64 __cdecl MOXIE::SGNode::getRTTI(void)const __ptr64
2522	?getRTTI@SGParticleEmitter@MOXIE@@UEBAPEBVRTTI@2@XZ	public: virtual class MOXIE::RTTI const * __ptr64 __cdecl MOXIE::SGParticleEmitter::getRTTI(void)const __ptr64
2523	?getRTTI@SGReplay@MOXIE@@UEBAPEBVRTTI@2@XZ	public: virtual class MOXIE::RTTI const * __ptr64 __cdecl MOXIE::SGReplay::getRTTI(void)const __ptr64
2524	?getRTTI@SGTransform@MOXIE@@UEBAPEBVRTTI@2@XZ	public: virtual class MOXIE::RTTI const * __ptr64 __cdecl MOXIE::SGTransform::getRTTI(void)const __ptr64
2525	?getRTTI@SGVideoCubePlayer@MOXIE@@UEBAPEBVRTTI@2@XZ	public: virtual class MOXIE::RTTI const * __ptr64 __cdecl MOXIE::SGVideoCubePlayer::getRTTI(void)const __ptr64
2526	?getRTTI@SceneGraphResource@MOXIE@@UEBAPEBVRTTI@2@XZ	public: virtual class MOXIE::RTTI const * __ptr64 __cdecl MOXIE::SceneGraphResource::getRTTI(void)const __ptr64
2527	?getRTTI@SceneManager@MOXIE@@UEBAPEBVRTTI@2@XZ	public: virtual class MOXIE::RTTI const * __ptr64 __cdecl MOXIE::SceneManager::getRTTI(void)const __ptr64
2528	?getRTTI@ScriptManager@MOXIE@@UEBAPEBVRTTI@2@XZ	public: virtual class MOXIE::RTTI const * __ptr64 __cdecl MOXIE::ScriptManager::getRTTI(void)const __ptr64
2529	?getRTTI@SensorManager@MOXIE@@UEBAPEBVRTTI@2@XZ	public: virtual class MOXIE::RTTI const * __ptr64 __cdecl MOXIE::SensorManager::getRTTI(void)const __ptr64
2530	?getRTTI@Shader@MOXIE@@UEBAPEBVRTTI@2@XZ	public: virtual class MOXIE::RTTI const * __ptr64 __cdecl MOXIE::Shader::getRTTI(void)const __ptr64
2531	?getRTTI@ShaderFxResource@MOXIE@@UEBAPEBVRTTI@2@XZ	public: virtual class MOXIE::RTTI const * __ptr64 __cdecl MOXIE::ShaderFxResource::getRTTI(void)const __ptr64
2532	?getRTTI@StatManager@MOXIE@@UEBAPEBVRTTI@2@XZ	public: virtual class MOXIE::RTTI const * __ptr64 __cdecl MOXIE::StatManager::getRTTI(void)const __ptr64
2533	?getRTTI@TextureResource@MOXIE@@UEBAPEBVRTTI@2@XZ	public: virtual class MOXIE::RTTI const * __ptr64 __cdecl MOXIE::TextureResource::getRTTI(void)const __ptr64
2534	?getRTTI@UriManager@MOXIE@@UEBAPEBVRTTI@2@XZ	public: virtual class MOXIE::RTTI const * __ptr64 __cdecl MOXIE::UriManager::getRTTI(void)const __ptr64
2535	?getRTTI@VertexBuffer@MOXIE@@UEBAPEBVRTTI@2@XZ	public: virtual class MOXIE::RTTI const * __ptr64 __cdecl MOXIE::VertexBuffer::getRTTI(void)const __ptr64
2536	?getRTTI@VideoCubeResource@MOXIE@@UEBAPEBVRTTI@2@XZ	public: virtual class MOXIE::RTTI const * __ptr64 __cdecl MOXIE::VideoCubeResource::getRTTI(void)const __ptr64
2537	?getRate@AudioPlayerMaux@MOXIE@@UEAAMXZ	public: virtual float __cdecl MOXIE::AudioPlayerMaux::getRate(void) __ptr64
2538	?getRate@Sound@MOXIE@@QEAAMXZ	public: float __cdecl MOXIE::Sound::getRate(void) __ptr64
2539	?getRecordFile@LApplication@MOXIE@@QEBAAEBVString@2@XZ	public: class MOXIE::String const & __ptr64 __cdecl MOXIE::LApplication::getRecordFile(void)const __ptr64
2540	?getReferenceCount@ResourceHandle@MOXIE@@QEBAIXZ	public: unsigned int __cdecl MOXIE::ResourceHandle::getReferenceCount(void)const __ptr64
2541	?getRegressionTestStats@Engine@MOXIE@@QEBA_NXZ	public: bool __cdecl MOXIE::Engine::getRegressionTestStats(void)const __ptr64
2542	?getRenderDevice@RenderManager@MOXIE@@QEAAPEAVRenderDevice@2@XZ	public: class MOXIE::RenderDevice * __ptr64 __cdecl MOXIE::RenderManager::getRenderDevice(void) __ptr64
2543	?getRenderDevice@RenderManager@MOXIE@@QEBAPEBVRenderDevice@2@XZ	public: class MOXIE::RenderDevice const * __ptr64 __cdecl MOXIE::RenderManager::getRenderDevice(void)const __ptr64
2544	?getRenderDispatcher@RenderManager@MOXIE@@QEAAPEAVRenderDispatcher@2@XZ	public: class MOXIE::RenderDispatcher * __ptr64 __cdecl MOXIE::RenderManager::getRenderDispatcher(void) __ptr64
2545	?getRenderDispatcher@RenderManager@MOXIE@@QEBAPEBVRenderDispatcher@2@XZ	public: class MOXIE::RenderDispatcher const * __ptr64 __cdecl MOXIE::RenderManager::getRenderDispatcher(void)const __ptr64
2546	?getRenderFlags@SGNode@MOXIE@@QEAAIXZ	public: unsigned int __cdecl MOXIE::SGNode::getRenderFlags(void) __ptr64
2547	?getRenderGroup@Material@MOXIE@@QEBAIXZ	public: unsigned int __cdecl MOXIE::Material::getRenderGroup(void)const __ptr64
2548	?getRenderState@RenderDeviceGL@MOXIE@@UEBAAEBURenderState@2@XZ	public: virtual struct MOXIE::RenderState const & __ptr64 __cdecl MOXIE::RenderDeviceGL::getRenderState(void)const __ptr64
2549	?getRenderTarget@RenderView@MOXIE@@QEBAPEAVRenderTarget@2@XZ	public: class MOXIE::RenderTarget * __ptr64 __cdecl MOXIE::RenderView::getRenderTarget(void)const __ptr64
2550	?getReplayFile@LApplication@MOXIE@@QEBAAEBVString@2@XZ	public: class MOXIE::String const & __ptr64 __cdecl MOXIE::LApplication::getReplayFile(void)const __ptr64
2551	?getResolution@VideoCube@MOXIE@@QEBAIXZ	public: unsigned int __cdecl MOXIE::VideoCube::getResolution(void)const __ptr64
2552	?getResource@ResourceHandle@MOXIE@@AEAAPEAVResource@2@XZ	private: class MOXIE::Resource * __ptr64 __cdecl MOXIE::ResourceHandle::getResource(void) __ptr64
2553	?getResourceBinding@Material@MOXIE@@IEAAPEAVResourceBinding@12@I@Z	protected: class MOXIE::Material::ResourceBinding * __ptr64 __cdecl MOXIE::Material::getResourceBinding(unsigned int) __ptr64
2554	?getResourceByIndex@StoryManifest@MOXIE@@QEBAPEBUresource_t@12@I@Z	public: struct MOXIE::StoryManifest::resource_t const * __ptr64 __cdecl MOXIE::StoryManifest::getResourceByIndex(unsigned int)const __ptr64
2555	?getResourceByName@StoryManifest@MOXIE@@QEBAPEBUresource_t@12@PEBD@Z	public: struct MOXIE::StoryManifest::resource_t const * __ptr64 __cdecl MOXIE::StoryManifest::getResourceByName(char const * __ptr64)const __ptr64
2556	?getResourceCount@Material@MOXIE@@QEBAIXZ	public: unsigned int __cdecl MOXIE::Material::getResourceCount(void)const __ptr64
2557	?getResourceCount@StoryManifest@MOXIE@@QEBAIXZ	public: unsigned int __cdecl MOXIE::StoryManifest::getResourceCount(void)const __ptr64
2558	?getResourceGroup@ResourceManager@MOXIE@@QEAAII@Z	public: unsigned int __cdecl MOXIE::ResourceManager::getResourceGroup(unsigned int) __ptr64
2559	?getResourceHandle@Material@MOXIE@@QEBA?AVResourceHandle@2@I@Z	public: class MOXIE::ResourceHandle __cdecl MOXIE::Material::getResourceHandle(unsigned int)const __ptr64
2560	?getResourceId@AudPlayer@MOXIE@@QEBAIXZ	public: unsigned int __cdecl MOXIE::AudPlayer::getResourceId(void)const __ptr64
2561	?getResourceInfo@AudioDataSource@MOXIE@@QEBA?AUAUDIORESOURCEINFO@2@XZ	public: struct MOXIE::AUDIORESOURCEINFO __cdecl MOXIE::AudioDataSource::getResourceInfo(void)const __ptr64
2562	?getResourceMauxStatus@AudioSystem@MOXIE@@QEAA?AW4MauxStatus@2@IPEAW432@PEAM@Z	public: enum MOXIE::MauxStatus __cdecl MOXIE::AudioSystem::getResourceMauxStatus(unsigned int,enum MOXIE::MauxStatus * __ptr64,float * __ptr64) __ptr64
2563	?getResourceName@Material@MOXIE@@QEBAAEBVString@2@I@Z	public: class MOXIE::String const & __ptr64 __cdecl MOXIE::Material::getResourceName(unsigned int)const __ptr64
2564	?getResourceType@Material@MOXIE@@QEBA?AW4EMaterialResourceType@2@I@Z	public: enum MOXIE::EMaterialResourceType __cdecl MOXIE::Material::getResourceType(unsigned int)const __ptr64
2565	?getResourceUri@Material@MOXIE@@QEBA?AVUri@2@I@Z	public: class MOXIE::Uri __cdecl MOXIE::Material::getResourceUri(unsigned int)const __ptr64
2566	?getRollAngle@LApiDuet@duet@@SAMXZ	public: static float __cdecl duet::LApiDuet::getRollAngle(void)
2567	?getRollAngle@Quaternion@MOXIE@@QEBAMXZ	public: float __cdecl MOXIE::Quaternion::getRollAngle(void)const __ptr64
2568	?getRollQuat@LApiDuet@duet@@SAAEBUQuaternion@2@XZ	public: static struct duet::Quaternion const & __ptr64 __cdecl duet::LApiDuet::getRollQuat(void)
2569	?getRoot@SceneGraph@MOXIE@@QEAAPEAVSGGroup@2@XZ	public: class MOXIE::SGGroup * __ptr64 __cdecl MOXIE::SceneGraph::getRoot(void) __ptr64
2570	?getRoot@SceneGraph@MOXIE@@QEBAPEBVSGGroup@2@XZ	public: class MOXIE::SGGroup const * __ptr64 __cdecl MOXIE::SceneGraph::getRoot(void)const __ptr64
2571	?getRootDir@LApplication@MOXIE@@QEBAAEBVString@2@XZ	public: class MOXIE::String const & __ptr64 __cdecl MOXIE::LApplication::getRootDir(void)const __ptr64
2572	?getRotation@Matrix4@MOXIE@@QEBAXAEAVMatrix3@2@@Z	public: void __cdecl MOXIE::Matrix4::getRotation(class MOXIE::Matrix3 & __ptr64)const __ptr64
2573	?getRotation@Transform@MOXIE@@QEBAAEBVQuaternion@2@XZ	public: class MOXIE::Quaternion const & __ptr64 __cdecl MOXIE::Transform::getRotation(void)const __ptr64
2574	?getSampleCount@Surface@MOXIE@@QEBAIXZ	public: unsigned int __cdecl MOXIE::Surface::getSampleCount(void)const __ptr64
2575	?getScale@Transform@MOXIE@@QEBAAEBVVector3@2@XZ	public: class MOXIE::Vector3 const & __ptr64 __cdecl MOXIE::Transform::getScale(void)const __ptr64
2576	?getScaleBias@Flipbook@MOXIE@@QEAAAEBVVector4@2@I@Z	public: class MOXIE::Vector4 const & __ptr64 __cdecl MOXIE::Flipbook::getScaleBias(unsigned int) __ptr64
2577	?getScene@LApplication@MOXIE@@QEBAAEBVString@2@XZ	public: class MOXIE::String const & __ptr64 __cdecl MOXIE::LApplication::getScene(void)const __ptr64
2578	?getSceneGraph@LApiDuet@duet@@SAPEAVSceneGraph@MOXIE@@XZ	public: static class MOXIE::SceneGraph * __ptr64 __cdecl duet::LApiDuet::getSceneGraph(void)
2579	?getSceneGraph@SGNode@MOXIE@@QEAAPEAVSceneGraph@2@XZ	public: class MOXIE::SceneGraph * __ptr64 __cdecl MOXIE::SGNode::getSceneGraph(void) __ptr64
2580	?getSceneGraph@SGNode@MOXIE@@QEBAPEBVSceneGraph@2@XZ	public: class MOXIE::SceneGraph const * __ptr64 __cdecl MOXIE::SGNode::getSceneGraph(void)const __ptr64
2581	?getScheme@Uri@MOXIE@@QEBAPEBDXZ	public: char const * __ptr64 __cdecl MOXIE::Uri::getScheme(void)const __ptr64
2582	?getSchemeType@Uri@MOXIE@@QEBA?AW4EScheme@12@XZ	public: enum MOXIE::Uri::EScheme __cdecl MOXIE::Uri::getSchemeType(void)const __ptr64
2583	?getSearchPackages@ResourceManager@MOXIE@@QEAAXAEAV?$TArray@VString@MOXIE@@@2@@Z	public: void __cdecl MOXIE::ResourceManager::getSearchPackages(class MOXIE::TArray<class MOXIE::String> & __ptr64) __ptr64
2584	?getSeconds@GlobalTime@MOXIE@@QEAAMI@Z	public: float __cdecl MOXIE::GlobalTime::getSeconds(unsigned int) __ptr64
2585	?getSeconds@Time@MOXIE@@QEAAMXZ	public: float __cdecl MOXIE::Time::getSeconds(void) __ptr64
2586	?getSeekDecodeCost@VideoCubeTile@MOXIE@@QEBAHHH@Z	public: int __cdecl MOXIE::VideoCubeTile::getSeekDecodeCost(int,int)const __ptr64
2587	?getSeekPosition@AudioPlayerMaux@MOXIE@@UEAAIXZ	public: virtual unsigned int __cdecl MOXIE::AudioPlayerMaux::getSeekPosition(void) __ptr64
2588	?getSeekPosition@Sound@MOXIE@@QEAAIXZ	public: unsigned int __cdecl MOXIE::Sound::getSeekPosition(void) __ptr64
2589	?getSeekable@AudResource@MOXIE@@QEBA_NXZ	public: bool __cdecl MOXIE::AudResource::getSeekable(void)const __ptr64
2590	?getSeekable@AudioDataSource@MOXIE@@QEBA_NXZ	public: bool __cdecl MOXIE::AudioDataSource::getSeekable(void)const __ptr64
2591	?getSegment@LApplication@MOXIE@@QEBAAEBVString@2@XZ	public: class MOXIE::String const & __ptr64 __cdecl MOXIE::LApplication::getSegment(void)const __ptr64
2592	?getSemanticInfo@ShaderFxCompiler@MOXIE@@AEBAPEBUSemanticInfo@2@I@Z	private: struct MOXIE::SemanticInfo const * __ptr64 __cdecl MOXIE::ShaderFxCompiler::getSemanticInfo(unsigned int)const __ptr64
2593	?getSensorFusionEnabled@SensorManager@MOXIE@@QEAA_NXZ	public: bool __cdecl MOXIE::SensorManager::getSensorFusionEnabled(void) __ptr64
2594	?getSensorFusionOrientation@SensorManager@MOXIE@@QEAA?AVQuaternion@2@XZ	public: class MOXIE::Quaternion __cdecl MOXIE::SensorManager::getSensorFusionOrientation(void) __ptr64
2595	?getSensorRotation@SGCameraController@MOXIE@@QEAA?AVQuaternion@2@XZ	public: class MOXIE::Quaternion __cdecl MOXIE::SGCameraController::getSensorRotation(void) __ptr64
2596	?getServerConnectionCount@SGCameraController@MOXIE@@SAHXZ	public: static int __cdecl MOXIE::SGCameraController::getServerConnectionCount(void)
2597	?getShader@ShaderFx@MOXIE@@QEAAPEAVShader@2@HI@Z	public: class MOXIE::Shader * __ptr64 __cdecl MOXIE::ShaderFx::getShader(int,unsigned int) __ptr64
2598	?getShaderCache@RenderDeviceGL@MOXIE@@UEAAPEAVShaderCache@2@XZ	public: virtual class MOXIE::ShaderCache * __ptr64 __cdecl MOXIE::RenderDeviceGL::getShaderCache(void) __ptr64
2599	?getShaderFlags@Material@MOXIE@@QEBAIXZ	public: unsigned int __cdecl MOXIE::Material::getShaderFlags(void)const __ptr64
2600	?getShaderFx@Material@MOXIE@@QEAAPEAVShaderFx@2@XZ	public: class MOXIE::ShaderFx * __ptr64 __cdecl MOXIE::Material::getShaderFx(void) __ptr64
2601	?getShaderFx@ShaderFxResource@MOXIE@@QEAAPEAVShaderFx@2@XZ	public: class MOXIE::ShaderFx * __ptr64 __cdecl MOXIE::ShaderFxResource::getShaderFx(void) __ptr64
2602	?getShaderFx@ShaderFxResource@MOXIE@@QEBAPEBVShaderFx@2@XZ	public: class MOXIE::ShaderFx const * __ptr64 __cdecl MOXIE::ShaderFxResource::getShaderFx(void)const __ptr64
2603	?getShaderUri@Material@MOXIE@@QEBA?AVUri@2@XZ	public: class MOXIE::Uri __cdecl MOXIE::Material::getShaderUri(void)const __ptr64
2604	?getSharedDir@LApplication@MOXIE@@QEBAAEBVString@2@XZ	public: class MOXIE::String const & __ptr64 __cdecl MOXIE::LApplication::getSharedDir(void)const __ptr64
2605	?getSize@AudResource@MOXIE@@QEBA_KXZ	public: unsigned __int64 __cdecl MOXIE::AudResource::getSize(void)const __ptr64
2606	?getSize@MemoryStream@MOXIE@@QEAAIXZ	public: unsigned int __cdecl MOXIE::MemoryStream::getSize(void) __ptr64
2607	?getSize@Surface@MOXIE@@QEBAIXZ	public: unsigned int __cdecl MOXIE::Surface::getSize(void)const __ptr64
2608	?getSize@ZipEntry@MOXIE@@QEBA_KXZ	public: unsigned __int64 __cdecl MOXIE::ZipEntry::getSize(void)const __ptr64
2609	?getSortKeyGroup@RenderDispatcher@MOXIE@@AEAAI_K@Z	private: unsigned int __cdecl MOXIE::RenderDispatcher::getSortKeyGroup(unsigned __int64) __ptr64
2610	?getSpeakerRenderMode@AudioSystem@MOXIE@@QEBA?AW4MauxRenderMode@2@XZ	public: enum MOXIE::MauxRenderMode __cdecl MOXIE::AudioSystem::getSpeakerRenderMode(void)const __ptr64
2611	?getSpecific@FileSystemLocator@MOXIE@@YAPEAVFileSystem@2@PEBVRTTI@2@@Z	class MOXIE::FileSystem * __ptr64 __cdecl MOXIE::FileSystemLocator::getSpecific(class MOXIE::RTTI const * __ptr64)
2612	?getStatLogger@Engine@MOXIE@@QEBA_NXZ	public: bool __cdecl MOXIE::Engine::getStatLogger(void)const __ptr64
2613	?getState@Player@MOXIE@@QEAA?AW4moxiePlayerState_t@@XZ	public: enum moxiePlayerState_t __cdecl MOXIE::Player::getState(void) __ptr64
2614	?getState@StoryFSM@MOXIE@@QEBAAEBVString@2@XZ	public: class MOXIE::String const & __ptr64 __cdecl MOXIE::StoryFSM::getState(void)const __ptr64
2615	?getStatus@AudEmitter@MOXIE@@QEBA?AW4MauxStatus@2@XZ	public: enum MOXIE::MauxStatus __cdecl MOXIE::AudEmitter::getStatus(void)const __ptr64
2616	?getStatus@AudPlayer@MOXIE@@QEBA?AW4MauxStatus@2@XZ	public: enum MOXIE::MauxStatus __cdecl MOXIE::AudPlayer::getStatus(void)const __ptr64
2617	?getStatus@AudResource@MOXIE@@QEBA?AW4MauxStatus@2@XZ	public: enum MOXIE::MauxStatus __cdecl MOXIE::AudResource::getStatus(void)const __ptr64
2618	?getStatus@Engine@MOXIE@@QEAA?AW4Status@12@XZ	public: enum MOXIE::Engine::Status __cdecl MOXIE::Engine::getStatus(void) __ptr64
2619	?getStatus@IJob@MOXIE@@QEBA?AW4EStatus@12@XZ	public: enum MOXIE::IJob::EStatus __cdecl MOXIE::IJob::getStatus(void)const __ptr64
2620	?getStatus@Resource@MOXIE@@QEBA?AW4EStatus@12@XZ	public: enum MOXIE::Resource::EStatus __cdecl MOXIE::Resource::getStatus(void)const __ptr64
2621	?getStatus@SensorManager@MOXIE@@QEAAPEBUSensorStatus@2@W4ESensorType@2@@Z	public: struct MOXIE::SensorStatus const * __ptr64 __cdecl MOXIE::SensorManager::getStatus(enum MOXIE::ESensorType) __ptr64
2622	?getStdSeekForEOrigin@LocalFileSystem@MOXIE@@SAHW4EOrigin@FileSystem@2@@Z	public: static int __cdecl MOXIE::LocalFileSystem::getStdSeekForEOrigin(enum MOXIE::FileSystem::EOrigin)
2623	?getStopped@PlatformAudioDriverDirectSound@MOXIE@@UEAA_NXZ	public: virtual bool __cdecl MOXIE::PlatformAudioDriverDirectSound::getStopped(void) __ptr64
2624	?getStoryManager@StoryPlayer@MOXIE@@QEAAPEAVStoryManager@2@XZ	public: class MOXIE::StoryManager * __ptr64 __cdecl MOXIE::StoryPlayer::getStoryManager(void) __ptr64
2625	?getStrength@LApiTrackingLayer@duet@@SAMPEAUlua_State@@@Z	public: static float __cdecl duet::LApiTrackingLayer::getStrength(struct lua_State * __ptr64)
2626	?getString@ADBProperty@MOXIE@@SAPEBDPEBD@Z	public: static char const * __ptr64 __cdecl MOXIE::ADBProperty::getString(char const * __ptr64)
2627	?getStringWidth@FontMap@MOXIE@@QEBAIPEBDII@Z	public: unsigned int __cdecl MOXIE::FontMap::getStringWidth(char const * __ptr64,unsigned int,unsigned int)const __ptr64
2628	?getStyle@GUITheme@MOXIE@@QEBAPEBVGUIStyle@2@I@Z	public: class MOXIE::GUIStyle const * __ptr64 __cdecl MOXIE::GUITheme::getStyle(unsigned int)const __ptr64
2629	?getSubmixBuffer@AudEmitter@MOXIE@@QEAAPEAXXZ	public: void * __ptr64 __cdecl MOXIE::AudEmitter::getSubmixBuffer(void) __ptr64
2630	?getSupportedSensors@SensorManager@MOXIE@@QEAAIXZ	public: unsigned int __cdecl MOXIE::SensorManager::getSupportedSensors(void) __ptr64
2631	?getSystemId@AudPlayer@MOXIE@@QEBAIXZ	public: unsigned int __cdecl MOXIE::AudPlayer::getSystemId(void)const __ptr64
2632	?getSystemId@AudResource@MOXIE@@QEBAIXZ	public: unsigned int __cdecl MOXIE::AudResource::getSystemId(void)const __ptr64
2633	?getTCLDebug@SGCameraController@MOXIE@@QEAAMXZ	public: float __cdecl MOXIE::SGCameraController::getTCLDebug(void) __ptr64
2634	?getTechnique@ShaderFx@MOXIE@@QEAAAEAUTechnique@2@H@Z	public: struct MOXIE::Technique & __ptr64 __cdecl MOXIE::ShaderFx::getTechnique(int) __ptr64
2635	?getTechniqueIndex@Material@MOXIE@@QEAAHXZ	public: int __cdecl MOXIE::Material::getTechniqueIndex(void) __ptr64
2636	?getTechniqueIndexByName@ShaderFx@MOXIE@@QEBAHPEBD@Z	public: int __cdecl MOXIE::ShaderFx::getTechniqueIndexByName(char const * __ptr64)const __ptr64
2637	?getTechniqueName@Material@MOXIE@@QEBAAEBVString@2@XZ	public: class MOXIE::String const & __ptr64 __cdecl MOXIE::Material::getTechniqueName(void)const __ptr64
2638	?getTexture@Flipbook@MOXIE@@QEAAPEAVTexture2D@2@I@Z	public: class MOXIE::Texture2D * __ptr64 __cdecl MOXIE::Flipbook::getTexture(unsigned int) __ptr64
2639	?getTexture@FlipbookTexturePool@MOXIE@@QEAAXAEAPEAVFlipbookTexture@2@I@Z	public: void __cdecl MOXIE::FlipbookTexturePool::getTexture(class MOXIE::FlipbookTexture * __ptr64 & __ptr64,unsigned int) __ptr64
2640	?getTexture@Font@MOXIE@@QEAAPEAVTexture@2@XZ	public: class MOXIE::Texture * __ptr64 __cdecl MOXIE::Font::getTexture(void) __ptr64
2641	?getTexture@Font@MOXIE@@QEBAPEBVTexture@2@XZ	public: class MOXIE::Texture const * __ptr64 __cdecl MOXIE::Font::getTexture(void)const __ptr64
2642	?getTexture@TextureResource@MOXIE@@QEBAPEBVTexture@2@XZ	public: class MOXIE::Texture const * __ptr64 __cdecl MOXIE::TextureResource::getTexture(void)const __ptr64
2643	?getTextureType@Surface@MOXIE@@QEBA?AW4ETextureType@2@XZ	public: enum MOXIE::ETextureType __cdecl MOXIE::Surface::getTextureType(void)const __ptr64
2644	?getThreadProfileStats@SGVideoCubePlayer@MOXIE@@QEBAAEBUProfileStats@VideoCubeTile@2@I@Z	public: struct MOXIE::VideoCubeTile::ProfileStats const & __ptr64 __cdecl MOXIE::SGVideoCubePlayer::getThreadProfileStats(unsigned int)const __ptr64
2645	?getTileCount@VideoCube@MOXIE@@QEBAIXZ	public: unsigned int __cdecl MOXIE::VideoCube::getTileCount(void)const __ptr64
2646	?getTileSize@VideoCube@MOXIE@@QEBAIXZ	public: unsigned int __cdecl MOXIE::VideoCube::getTileSize(void)const __ptr64
2647	?getTiles@VideoCube@MOXIE@@QEAAPEAVVideoCubeTile@2@I@Z	public: class MOXIE::VideoCubeTile * __ptr64 __cdecl MOXIE::VideoCube::getTiles(unsigned int) __ptr64
2648	?getTime@SGVideoCubePlayer@MOXIE@@QEAAMXZ	public: float __cdecl MOXIE::SGVideoCubePlayer::getTime(void) __ptr64
2649	?getTimeScale@SGParticleEmitter@MOXIE@@QEBAMXZ	public: float __cdecl MOXIE::SGParticleEmitter::getTimeScale(void)const __ptr64
2650	?getTimeScale@Time@MOXIE@@QEAAMXZ	public: float __cdecl MOXIE::Time::getTimeScale(void) __ptr64
2651	?getTimeStampFileName@FileSystem@MOXIE@@SAPEBDPEBD@Z	public: static char const * __ptr64 __cdecl MOXIE::FileSystem::getTimeStampFileName(char const * __ptr64)
2652	?getTimeString@GlobalTime@MOXIE@@QEAAPEBDI@Z	public: char const * __ptr64 __cdecl MOXIE::GlobalTime::getTimeString(unsigned int) __ptr64
2653	?getTimeString@Time@MOXIE@@QEAAPEBDXZ	public: char const * __ptr64 __cdecl MOXIE::Time::getTimeString(void) __ptr64
2654	?getTimer@GlobalTime@MOXIE@@QEAAAEAVTime@2@I@Z	public: class MOXIE::Time & __ptr64 __cdecl MOXIE::GlobalTime::getTimer(unsigned int) __ptr64
2655	?getTimer@GlobalTime@MOXIE@@QEBAAEBVTime@2@I@Z	public: class MOXIE::Time const & __ptr64 __cdecl MOXIE::GlobalTime::getTimer(unsigned int)const __ptr64
2656	?getToken@Lexer@MOXIE@@QEBAPEBDXZ	public: char const * __ptr64 __cdecl MOXIE::Lexer::getToken(void)const __ptr64
2657	?getTotalBlocksAllocated@LAllocator@MOXIE@@QEBAIXZ	public: unsigned int __cdecl MOXIE::LAllocator::getTotalBlocksAllocated(void)const __ptr64
2658	?getTotalBytesAllocated@LAllocator@MOXIE@@QEBAIXZ	public: unsigned int __cdecl MOXIE::LAllocator::getTotalBytesAllocated(void)const __ptr64
2659	?getTouchCount@InputManager@MOXIE@@QEAAIXZ	public: unsigned int __cdecl MOXIE::InputManager::getTouchCount(void) __ptr64
2660	?getTouchInfo@InputManager@MOXIE@@QEAAPEBUTouchInfo@2@I@Z	public: struct MOXIE::TouchInfo const * __ptr64 __cdecl MOXIE::InputManager::getTouchInfo(unsigned int) __ptr64
2661	?getTrackedActor@SGCameraController@MOXIE@@QEAAPEAVSGModelInstance@2@XZ	public: class MOXIE::SGModelInstance * __ptr64 __cdecl MOXIE::SGCameraController::getTrackedActor(void) __ptr64
2662	?getTracks@AnimResource@MOXIE@@QEBAPEBUTrack@12@XZ	public: struct MOXIE::AnimResource::Track const * __ptr64 __cdecl MOXIE::AnimResource::getTracks(void)const __ptr64
2663	?getTransformInfluences@ModelResource@MOXIE@@QEBAPEB_NXZ	public: bool const * __ptr64 __cdecl MOXIE::ModelResource::getTransformInfluences(void)const __ptr64
2664	?getTransformNames@SGModelInstance@MOXIE@@QEBAPEBVString@2@XZ	public: class MOXIE::String const * __ptr64 __cdecl MOXIE::SGModelInstance::getTransformNames(void)const __ptr64
2665	?getTransformProperties@SGModelInstance@MOXIE@@QEBAPEBVString@2@XZ	public: class MOXIE::String const * __ptr64 __cdecl MOXIE::SGModelInstance::getTransformProperties(void)const __ptr64
2666	?getTranslation@Matrix4@MOXIE@@QEBA?AVVector3@2@XZ	public: class MOXIE::Vector3 __cdecl MOXIE::Matrix4::getTranslation(void)const __ptr64
2667	?getTranslation@Transform@MOXIE@@QEBAAEBVVector3@2@XZ	public: class MOXIE::Vector3 const & __ptr64 __cdecl MOXIE::Transform::getTranslation(void)const __ptr64
2668	?getType@AudEmitter@MOXIE@@QEBA?AW4EMITTERTYPE@2@XZ	public: enum MOXIE::EMITTERTYPE __cdecl MOXIE::AudEmitter::getType(void)const __ptr64
2669	?getType@Camera@MOXIE@@QEBA?AW4EType@12@XZ	public: enum MOXIE::Camera::EType __cdecl MOXIE::Camera::getType(void)const __ptr64
2670	?getType@Lexer@MOXIE@@QEBA?AW4ELexType@2@XZ	public: enum MOXIE::ELexType __cdecl MOXIE::Lexer::getType(void)const __ptr64
2671	?getType@ResourceHandle@MOXIE@@QEBAIXZ	public: unsigned int __cdecl MOXIE::ResourceHandle::getType(void)const __ptr64
2672	?getType@Texture2D@MOXIE@@UEBA?AW4ETextureType@2@XZ	public: virtual enum MOXIE::ETextureType __cdecl MOXIE::Texture2D::getType(void)const __ptr64
2673	?getType@Texture2DArray@MOXIE@@UEBA?AW4ETextureType@2@XZ	public: virtual enum MOXIE::ETextureType __cdecl MOXIE::Texture2DArray::getType(void)const __ptr64
2674	?getType@TextureCubeMap@MOXIE@@UEBA?AW4ETextureType@2@XZ	public: virtual enum MOXIE::ETextureType __cdecl MOXIE::TextureCubeMap::getType(void)const __ptr64
2675	?getType@TextureVideo@MOXIE@@UEBA?AW4ETextureType@2@XZ	public: virtual enum MOXIE::ETextureType __cdecl MOXIE::TextureVideo::getType(void)const __ptr64
2676	?getTypeByIndex@ShaderBlockInstance@MOXIE@@QEBAHH@Z	public: int __cdecl MOXIE::ShaderBlockInstance::getTypeByIndex(int)const __ptr64
2677	?getTypeInfo@ShaderParam@MOXIE@@SAAEBUTypeInfo@12@H@Z	public: static struct MOXIE::ShaderParam::TypeInfo const & __ptr64 __cdecl MOXIE::ShaderParam::getTypeInfo(int)
2678	?getUniqueId@Material@MOXIE@@QEBAIXZ	public: unsigned int __cdecl MOXIE::Material::getUniqueId(void)const __ptr64
2679	?getUpdateFlags@SGNode@MOXIE@@QEAAIXZ	public: unsigned int __cdecl MOXIE::SGNode::getUpdateFlags(void) __ptr64
2680	?getUri@ResourceHandle@MOXIE@@QEBA?AVUri@2@XZ	public: class MOXIE::Uri __cdecl MOXIE::ResourceHandle::getUri(void)const __ptr64
2681	?getUsed@Buffer@MOXIE@@QEAAIXZ	public: unsigned int __cdecl MOXIE::Buffer::getUsed(void) __ptr64
2682	?getUsed@Buffer@MOXIE@@QEBAIXZ	public: unsigned int __cdecl MOXIE::Buffer::getUsed(void)const __ptr64
2683	?getValid@RiffDiver@MOXIE@@QEBA_NXZ	public: bool __cdecl MOXIE::RiffDiver::getValid(void)const __ptr64
2684	?getVertexAttributeOffset@VertexData@MOXIE@@QEBAHW4EVertexAttribute@2@@Z	public: int __cdecl MOXIE::VertexData::getVertexAttributeOffset(enum MOXIE::EVertexAttribute)const __ptr64
2685	?getVertexBuffer@VertexData@MOXIE@@QEAAPEAVVertexBuffer@2@XZ	public: class MOXIE::VertexBuffer * __ptr64 __cdecl MOXIE::VertexData::getVertexBuffer(void) __ptr64
2686	?getVertexBuffer@VertexData@MOXIE@@QEBAPEBVVertexBuffer@2@XZ	public: class MOXIE::VertexBuffer const * __ptr64 __cdecl MOXIE::VertexData::getVertexBuffer(void)const __ptr64
2687	?getVertexCount@VertexData@MOXIE@@QEBAIXZ	public: unsigned int __cdecl MOXIE::VertexData::getVertexCount(void)const __ptr64
2688	?getVideoCube@VideoCubeResource@MOXIE@@QEAAPEAVVideoCube@2@XZ	public: class MOXIE::VideoCube * __ptr64 __cdecl MOXIE::VideoCubeResource::getVideoCube(void) __ptr64
2689	?getViewFlags@Material@MOXIE@@QEBAIXZ	public: unsigned int __cdecl MOXIE::Material::getViewFlags(void)const __ptr64
2690	?getViewFlags@SGNode@MOXIE@@QEBAIXZ	public: unsigned int __cdecl MOXIE::SGNode::getViewFlags(void)const __ptr64
2691	?getViewKey@Camera@MOXIE@@QEBAIXZ	public: unsigned int __cdecl MOXIE::Camera::getViewKey(void)const __ptr64
2692	?getViewMatrix@Camera@MOXIE@@QEBAAEBVMatrix4@2@XZ	public: class MOXIE::Matrix4 const & __ptr64 __cdecl MOXIE::Camera::getViewMatrix(void)const __ptr64
2693	?getViewport@GUIRenderer@MOXIE@@QEBAAEBVViewport@2@XZ	public: class MOXIE::Viewport const & __ptr64 __cdecl MOXIE::GUIRenderer::getViewport(void)const __ptr64
2694	?getViewport@RenderView@MOXIE@@QEBA?AVViewport@2@XZ	public: class MOXIE::Viewport __cdecl MOXIE::RenderView::getViewport(void)const __ptr64
2695	?getVisible@RenderDebug@MOXIE@@QEBA_NXZ	public: bool __cdecl MOXIE::RenderDebug::getVisible(void)const __ptr64
2696	?getVolume@AudPlayer@MOXIE@@QEBAMXZ	public: float __cdecl MOXIE::AudPlayer::getVolume(void)const __ptr64
2697	?getVolume@AudioPlayerMaux@MOXIE@@UEAAMXZ	public: virtual float __cdecl MOXIE::AudioPlayerMaux::getVolume(void) __ptr64
2698	?getVolume@Sound@MOXIE@@QEAAMXZ	public: float __cdecl MOXIE::Sound::getVolume(void) __ptr64
2699	?getVolumeDelta@AudPlayer@MOXIE@@QEBAMXZ	public: float __cdecl MOXIE::AudPlayer::getVolumeDelta(void)const __ptr64
2700	?getW@Vector4@MOXIE@@QEBAMXZ	public: float __cdecl MOXIE::Vector4::getW(void)const __ptr64
2701	?getWidth@Application@MOXIE@@QEBAIXZ	public: unsigned int __cdecl MOXIE::Application::getWidth(void)const __ptr64
2702	?getWidth@Bitmap@MOXIE@@QEBAIXZ	public: unsigned int __cdecl MOXIE::Bitmap::getWidth(void)const __ptr64
2703	?getWidth@Flipbook@MOXIE@@QEBAIXZ	public: unsigned int __cdecl MOXIE::Flipbook::getWidth(void)const __ptr64
2704	?getWidth@Surface@MOXIE@@QEBAIXZ	public: unsigned int __cdecl MOXIE::Surface::getWidth(void)const __ptr64
2705	?getWindAtSingleTornado@TornadoField@MOXIE@@IEBAXPEAM00MMMMH@Z	protected: void __cdecl MOXIE::TornadoField::getWindAtSingleTornado(float * __ptr64,float * __ptr64,float * __ptr64,float,float,float,float,int)const __ptr64
2706	?getWindowsButtons@Win32Utils@@SAIXZ	public: static unsigned int __cdecl Win32Utils::getWindowsButtons(void)
2707	?getWireframeOverlayEnable@EnableManager@MOXIE@@QEAA_NXZ	public: bool __cdecl MOXIE::EnableManager::getWireframeOverlayEnable(void) __ptr64
2708	?getWorld@SGTransform@MOXIE@@QEBAAEBVTransform@2@XZ	public: class MOXIE::Transform const & __ptr64 __cdecl MOXIE::SGTransform::getWorld(void)const __ptr64
2709	?getWorldBounds@SGTransform@MOXIE@@QEBAAEBVAABBox@2@XZ	public: class MOXIE::AABBox const & __ptr64 __cdecl MOXIE::SGTransform::getWorldBounds(void)const __ptr64
2710	?getWorldMatrix@SGTransform@MOXIE@@QEAA?AVMatrix4@2@XZ	public: class MOXIE::Matrix4 __cdecl MOXIE::SGTransform::getWorldMatrix(void) __ptr64
2711	?getWorldRotation@SGTransform@MOXIE@@QEBAAEBVQuaternion@2@XZ	public: class MOXIE::Quaternion const & __ptr64 __cdecl MOXIE::SGTransform::getWorldRotation(void)const __ptr64
2712	?getWorldScale@SGTransform@MOXIE@@QEBAAEBVVector3@2@XZ	public: class MOXIE::Vector3 const & __ptr64 __cdecl MOXIE::SGTransform::getWorldScale(void)const __ptr64
2713	?getWorldT@LApiCameraRig@duet@@SA?AVSRT@2@XZ	public: static class duet::SRT __cdecl duet::LApiCameraRig::getWorldT(void)
2714	?getWorldTranslation@SGTransform@MOXIE@@QEBAAEBVVector3@2@XZ	public: class MOXIE::Vector3 const & __ptr64 __cdecl MOXIE::SGTransform::getWorldTranslation(void)const __ptr64
2715	?getX@Point@MOXIE@@QEBAHXZ	public: int __cdecl MOXIE::Point::getX(void)const __ptr64
2716	?getX@Vector2@MOXIE@@QEBAMXZ	public: float __cdecl MOXIE::Vector2::getX(void)const __ptr64
2717	?getX@Vector3@MOXIE@@QEBAMXZ	public: float __cdecl MOXIE::Vector3::getX(void)const __ptr64
2718	?getX@Vector4@MOXIE@@QEBAMXZ	public: float __cdecl MOXIE::Vector4::getX(void)const __ptr64
2719	?getY@Point@MOXIE@@QEBAHXZ	public: int __cdecl MOXIE::Point::getY(void)const __ptr64
2720	?getY@Vector2@MOXIE@@QEBAMXZ	public: float __cdecl MOXIE::Vector2::getY(void)const __ptr64
2721	?getY@Vector3@MOXIE@@QEBAMXZ	public: float __cdecl MOXIE::Vector3::getY(void)const __ptr64
2722	?getY@Vector4@MOXIE@@QEBAMXZ	public: float __cdecl MOXIE::Vector4::getY(void)const __ptr64
2723	?getYawAngle@Quaternion@MOXIE@@QEBAMXZ	public: float __cdecl MOXIE::Quaternion::getYawAngle(void)const __ptr64
2724	?getZ@Vector3@MOXIE@@QEBAMXZ	public: float __cdecl MOXIE::Vector3::getZ(void)const __ptr64
2725	?getZ@Vector4@MOXIE@@QEBAMXZ	public: float __cdecl MOXIE::Vector4::getZ(void)const __ptr64
2726	?getZFar@Camera@MOXIE@@QEBAMXZ	public: float __cdecl MOXIE::Camera::getZFar(void)const __ptr64
2727	?getZNear@Camera@MOXIE@@QEBAMXZ	public: float __cdecl MOXIE::Camera::getZNear(void)const __ptr64
2728	?getZero@Matrix3@MOXIE@@SAAEBV12@XZ	public: static class MOXIE::Matrix3 const & __ptr64 __cdecl MOXIE::Matrix3::getZero(void)
2729	?getZero@Matrix4@MOXIE@@SAAEBV12@XZ	public: static class MOXIE::Matrix4 const & __ptr64 __cdecl MOXIE::Matrix4::getZero(void)
2730	?getZero@Vector2@MOXIE@@SAAEBV12@XZ	public: static class MOXIE::Vector2 const & __ptr64 __cdecl MOXIE::Vector2::getZero(void)
2731	?getZero@Vector3@MOXIE@@SAAEBV12@XZ	public: static class MOXIE::Vector3 const & __ptr64 __cdecl MOXIE::Vector3::getZero(void)
2732	?getZero@Vector4@MOXIE@@SAAEBV12@XZ	public: static class MOXIE::Vector4 const & __ptr64 __cdecl MOXIE::Vector4::getZero(void)
2733	?getZeroPaddedSize@AudResource@MOXIE@@QEBA_KXZ	public: unsigned __int64 __cdecl MOXIE::AudResource::getZeroPaddedSize(void)const __ptr64
2734	?getZipEntry@NetworkFileSystem@MOXIE@@IEAAPEAVZipEntry@2@PEBD@Z	protected: class MOXIE::ZipEntry * __ptr64 __cdecl MOXIE::NetworkFileSystem::getZipEntry(char const * __ptr64) __ptr64
2735	?gettime_string@MOXIE@@YAPEBDI@Z	char const * __ptr64 __cdecl MOXIE::gettime_string(unsigned int)
2736	?glowOpacity@LApiActorVignette@duet@@2MA	public: static float duet::LApiActorVignette::glowOpacity
2737	?grad@SimplexNoise@MOXIE@@AEAAMHM@Z	private: float __cdecl MOXIE::SimplexNoise::grad(int,float) __ptr64
2738	?grad@SimplexNoise@MOXIE@@AEAAMHMM@Z	private: float __cdecl MOXIE::SimplexNoise::grad(int,float,float) __ptr64
2739	?grad@SimplexNoise@MOXIE@@AEAAMHMMM@Z	private: float __cdecl MOXIE::SimplexNoise::grad(int,float,float,float) __ptr64
2740	?grad@SimplexNoise@MOXIE@@AEAAMHMMMM@Z	private: float __cdecl MOXIE::SimplexNoise::grad(int,float,float,float,float) __ptr64
2741	?graddotp2@SimplexNoise@MOXIE@@AEAAMMMMM@Z	private: float __cdecl MOXIE::SimplexNoise::graddotp2(float,float,float,float) __ptr64
2742	?graddotp3@SimplexNoise@MOXIE@@AEAAMMMMMMM@Z	private: float __cdecl MOXIE::SimplexNoise::graddotp3(float,float,float,float,float,float) __ptr64
2743	?gradrot2@SimplexNoise@MOXIE@@AEAAXHMMPEAM0@Z	private: void __cdecl MOXIE::SimplexNoise::gradrot2(int,float,float,float * __ptr64,float * __ptr64) __ptr64
2744	?gradrot3@SimplexNoise@MOXIE@@AEAAXHMMPEAM00@Z	private: void __cdecl MOXIE::SimplexNoise::gradrot3(int,float,float,float * __ptr64,float * __ptr64,float * __ptr64) __ptr64
2745	?handleJobRequest@AudioDataSource@MOXIE@@QEAAHW4AUDJOBTYPE@2@@Z	public: int __cdecl MOXIE::AudioDataSource::handleJobRequest(enum MOXIE::AUDJOBTYPE) __ptr64
2746	?hasAlpha@PixelFormat@MOXIE@@SA_NW4EPixelFormat@2@@Z	public: static bool __cdecl MOXIE::PixelFormat::hasAlpha(enum MOXIE::EPixelFormat)
2747	?hasDepth@PixelFormat@MOXIE@@SA_NW4EPixelFormat@2@@Z	public: static bool __cdecl MOXIE::PixelFormat::hasDepth(enum MOXIE::EPixelFormat)
2748	?hasGlyph@FontMap@MOXIE@@QEBA_NE@Z	public: bool __cdecl MOXIE::FontMap::hasGlyph(unsigned char)const __ptr64
2749	?hasImage@GUIStyle@MOXIE@@QEBA_NXZ	public: bool __cdecl MOXIE::GUIStyle::hasImage(void)const __ptr64
2750	?hasOSD@ModelResource@MOXIE@@QEBA_NXZ	public: bool __cdecl MOXIE::ModelResource::hasOSD(void)const __ptr64
2751	?hasRenderFlags@SGNode@MOXIE@@QEAA_NI@Z	public: bool __cdecl MOXIE::SGNode::hasRenderFlags(unsigned int) __ptr64
2752	?hasSemanticParameter@ShaderFx@MOXIE@@IEBA_NH@Z	protected: bool __cdecl MOXIE::ShaderFx::hasSemanticParameter(int)const __ptr64
2753	?hasStencil@PixelFormat@MOXIE@@SA_NW4EPixelFormat@2@@Z	public: static bool __cdecl MOXIE::PixelFormat::hasStencil(enum MOXIE::EPixelFormat)
2754	?hasUpdateFlags@SGNode@MOXIE@@QEAA_NI@Z	public: bool __cdecl MOXIE::SGNode::hasUpdateFlags(unsigned int) __ptr64
2755	?hash@HString@MOXIE@@QEBAIXZ	public: unsigned int __cdecl MOXIE::HString::hash(void)const __ptr64
2756	?hash@String@MOXIE@@QEBAIXZ	public: unsigned int __cdecl MOXIE::String::hash(void)const __ptr64
2757	?hashstr@MOXIE@@YAIPEBD@Z	unsigned int __cdecl MOXIE::hashstr(char const * __ptr64)
2758	?hide@LApiActorVignette@duet@@SAHPEAUlua_State@@@Z	public: static int __cdecl duet::LApiActorVignette::hide(struct lua_State * __ptr64)
2759	?hiresTimerGet@LApiDuet@duet@@SAHPEAUlua_State@@@Z	public: static int __cdecl duet::LApiDuet::hiresTimerGet(struct lua_State * __ptr64)
2760	?id@BufferObject@MOXIE@@QEBAIXZ	public: unsigned int __cdecl MOXIE::BufferObject::id(void)const __ptr64
2761	?init@FontMap@MOXIE@@QEAAXXZ	public: void __cdecl MOXIE::FontMap::init(void) __ptr64
2762	?init@LApiActorClampLayer@duet@@SAXPEAUlua_State@@@Z	public: static void __cdecl duet::LApiActorClampLayer::init(struct lua_State * __ptr64)
2763	?init@LApiActorMoverLayer@duet@@SAXPEAUlua_State@@@Z	public: static void __cdecl duet::LApiActorMoverLayer::init(struct lua_State * __ptr64)
2764	?init@LApiActorVignette@duet@@SAXPEAUlua_State@@@Z	public: static void __cdecl duet::LApiActorVignette::init(struct lua_State * __ptr64)
2765	?init@LApiActorsLayer@duet@@SAXPEAUlua_State@@@Z	public: static void __cdecl duet::LApiActorsLayer::init(struct lua_State * __ptr64)
2766	?init@LApiBoomLayer@duet@@SAXPEAUlua_State@@@Z	public: static void __cdecl duet::LApiBoomLayer::init(struct lua_State * __ptr64)
2767	?init@LApiBoundsLayer@duet@@SAXPEAUlua_State@@@Z	public: static void __cdecl duet::LApiBoundsLayer::init(struct lua_State * __ptr64)
2768	?init@LApiCameraRig@duet@@SAXPEAUlua_State@@@Z	public: static void __cdecl duet::LApiCameraRig::init(struct lua_State * __ptr64)
2769	?init@LApiDuet@duet@@SAHPEAUlua_State@@@Z	public: static int __cdecl duet::LApiDuet::init(struct lua_State * __ptr64)
2770	?init@LApiDuetScene@duet@@SAXPEAUlua_State@@@Z	public: static void __cdecl duet::LApiDuetScene::init(struct lua_State * __ptr64)
2771	?init@LApiInputLayer@duet@@SAXPEAUlua_State@@@Z	public: static void __cdecl duet::LApiInputLayer::init(struct lua_State * __ptr64)
2772	?init@LApiIntroEnvControl@duet@@SAXXZ	public: static void __cdecl duet::LApiIntroEnvControl::init(void)
2773	?init@LApiLookAtDetector@duet@@SAXPEAUlua_State@@@Z	public: static void __cdecl duet::LApiLookAtDetector::init(struct lua_State * __ptr64)
2774	?init@LApiLookAtLayer@duet@@SAXPEAUlua_State@@@Z	public: static void __cdecl duet::LApiLookAtLayer::init(struct lua_State * __ptr64)
2775	?init@LApiProxyLayer@duet@@SAXPEAUlua_State@@@Z	public: static void __cdecl duet::LApiProxyLayer::init(struct lua_State * __ptr64)
2776	?init@LApiSegmentManager@duet@@SAXXZ	public: static void __cdecl duet::LApiSegmentManager::init(void)
2777	?init@LApiSoftTrack@duet@@SAXPEAUlua_State@@@Z	public: static void __cdecl duet::LApiSoftTrack::init(struct lua_State * __ptr64)
2778	?init@LApiStarBlendLayer@duet@@SAXPEAUlua_State@@@Z	public: static void __cdecl duet::LApiStarBlendLayer::init(struct lua_State * __ptr64)
2779	?init@LApiTrackingLayer@duet@@SAXPEAUlua_State@@@Z	public: static void __cdecl duet::LApiTrackingLayer::init(struct lua_State * __ptr64)
2780	?init@LApiTrackingManager@duet@@SAXXZ	public: static void __cdecl duet::LApiTrackingManager::init(void)
2781	?init@Lexer@MOXIE@@QEAAXPEBDI@Z	public: void __cdecl MOXIE::Lexer::init(char const * __ptr64,unsigned int) __ptr64
2782	?init@RenderDebug@MOXIE@@QEAAXI@Z	public: void __cdecl MOXIE::RenderDebug::init(unsigned int) __ptr64
2783	?init@SGAnimator@MOXIE@@QEAAXPEAVModelResource@2@@Z	public: void __cdecl MOXIE::SGAnimator::init(class MOXIE::ModelResource * __ptr64) __ptr64
2784	?init@SGFlipbookDriver@MOXIE@@QEAAXXZ	public: void __cdecl MOXIE::SGFlipbookDriver::init(void) __ptr64
2785	?init@SGModelInstance@MOXIE@@QEAA_NXZ	public: bool __cdecl MOXIE::SGModelInstance::init(void) __ptr64
2786	?init@Sound@MOXIE@@QEAAXAEBVResourceHandle@2@II_N1@Z	public: void __cdecl MOXIE::Sound::init(class MOXIE::ResourceHandle const & __ptr64,unsigned int,unsigned int,bool,bool) __ptr64
2787	?initExtDecoder@OggVorbisDecoder@MOXIE@@AEAA?AW4MauxStatus@2@XZ	private: enum MOXIE::MauxStatus __cdecl MOXIE::OggVorbisDecoder::initExtDecoder(void) __ptr64
2788	?initialize@AudEmitter@MOXIE@@QEAA?AW4MauxStatus@2@_NW4EMITTERTYPE@2@PEAVAudServices@2@@Z	public: enum MOXIE::MauxStatus __cdecl MOXIE::AudEmitter::initialize(bool,enum MOXIE::EMITTERTYPE,class MOXIE::AudServices * __ptr64) __ptr64
2789	?initialize@AudPlayer@MOXIE@@QEAAXPEAVAudServices@2@@Z	public: void __cdecl MOXIE::AudPlayer::initialize(class MOXIE::AudServices * __ptr64) __ptr64
2790	?initialize@AudResource@MOXIE@@QEAAXPEAVAudServices@2@@Z	public: void __cdecl MOXIE::AudResource::initialize(class MOXIE::AudServices * __ptr64) __ptr64
2791	?initialize@Engine@MOXIE@@QEAA_NPEBUPlatformInfo@2@@Z	public: bool __cdecl MOXIE::Engine::initialize(struct MOXIE::PlatformInfo const * __ptr64) __ptr64
2792	?initialize@EngineLocator@MOXIE@@SA_NXZ	public: static bool __cdecl MOXIE::EngineLocator::initialize(void)
2793	?initialize@FlipbookTexturePool@MOXIE@@QEAAXPEAVFlipbook@2@I@Z	public: void __cdecl MOXIE::FlipbookTexturePool::initialize(class MOXIE::Flipbook * __ptr64,unsigned int) __ptr64
2794	?initialize@Locator@MOXIE@@SA_NXZ	public: static bool __cdecl MOXIE::Locator::initialize(void)
2795	?initialize@Log@MOXIE@@YA_NXZ	bool __cdecl MOXIE::Log::initialize(void)
2796	?initialize@PlatformAudioDriver@MOXIE@@UEAA?AW4EAudioDrvStatus@2@UAudioDrvProps@2@@Z	public: virtual enum MOXIE::EAudioDrvStatus __cdecl MOXIE::PlatformAudioDriver::initialize(struct MOXIE::AudioDrvProps) __ptr64
2797	?initialize@PlatformAudioDriverDirectSound@MOXIE@@UEAA?AW4EAudioDrvStatus@2@UAudioDrvProps@2@@Z	public: virtual enum MOXIE::EAudioDrvStatus __cdecl MOXIE::PlatformAudioDriverDirectSound::initialize(struct MOXIE::AudioDrvProps) __ptr64
2798	?initialize@RenderDeviceGL@MOXIE@@MEAA_NXZ	protected: virtual bool __cdecl MOXIE::RenderDeviceGL::initialize(void) __ptr64
2799	?initialize@StoryFSM@MOXIE@@QEAAXPEBUfsm_t@StoryManifest@2@@Z	public: void __cdecl MOXIE::StoryFSM::initialize(struct MOXIE::StoryManifest::fsm_t const * __ptr64) __ptr64
2800	?initialize@VideoCubeTile@MOXIE@@QEAA_NPEAUheader_t@VideoCube@2@PEAVMemoryMappedFile@2@_K2IIII@Z	public: bool __cdecl MOXIE::VideoCubeTile::initialize(struct MOXIE::VideoCube::header_t * __ptr64,class MOXIE::MemoryMappedFile * __ptr64,unsigned __int64,unsigned __int64,unsigned int,unsigned int,unsigned int,unsigned int) __ptr64
2801	?initializeLoadThread@RenderDeviceGL@MOXIE@@UEAA_NXZ	public: virtual bool __cdecl MOXIE::RenderDeviceGL::initializeLoadThread(void) __ptr64
2802	?initializePassthroughShaders@RenderView@MOXIE@@IEAA_NXZ	protected: bool __cdecl MOXIE::RenderView::initializePassthroughShaders(void) __ptr64
2803	?initializeUpdateThread@RenderDeviceGL@MOXIE@@UEAA_NXZ	public: virtual bool __cdecl MOXIE::RenderDeviceGL::initializeUpdateThread(void) __ptr64
2804	?initializeVR@RenderView@MOXIE@@IEAAXXZ	protected: void __cdecl MOXIE::RenderView::initializeVR(void) __ptr64
2805	?insertEmitterEffect@AudioSystem@MOXIE@@QEAA?AW4MauxStatus@2@IW4MauxRenderMode@2@IVString@2@PEAVIEmitterEffect@2@@Z	public: enum MOXIE::MauxStatus __cdecl MOXIE::AudioSystem::insertEmitterEffect(unsigned int,enum MOXIE::MauxRenderMode,unsigned int,class MOXIE::String,class MOXIE::IEmitterEffect * __ptr64) __ptr64
2806	?instantiate@AnalyticsManager@MOXIE@@CAPEAVIService@2@XZ	private: static class MOXIE::IService * __ptr64 __cdecl MOXIE::AnalyticsManager::instantiate(void)
2807	?instantiate@AudioDevice@MOXIE@@KAPEAVIService@2@XZ	protected: static class MOXIE::IService * __ptr64 __cdecl MOXIE::AudioDevice::instantiate(void)
2808	?instantiate@AudioManager@MOXIE@@CAPEAVIService@2@XZ	private: static class MOXIE::IService * __ptr64 __cdecl MOXIE::AudioManager::instantiate(void)
2809	?instantiate@AudioSystem@MOXIE@@CAPEAVIService@2@XZ	private: static class MOXIE::IService * __ptr64 __cdecl MOXIE::AudioSystem::instantiate(void)
2810	?instantiate@EnableManager@MOXIE@@KAPEAVIService@2@XZ	protected: static class MOXIE::IService * __ptr64 __cdecl MOXIE::EnableManager::instantiate(void)
2811	?instantiate@GlobalTime@MOXIE@@KAPEAVIService@2@XZ	protected: static class MOXIE::IService * __ptr64 __cdecl MOXIE::GlobalTime::instantiate(void)
2812	?instantiate@InputManager@MOXIE@@CAPEAVIService@2@XZ	private: static class MOXIE::IService * __ptr64 __cdecl MOXIE::InputManager::instantiate(void)
2813	?instantiate@PhysicsManager@MOXIE@@CAPEAVIService@2@XZ	private: static class MOXIE::IService * __ptr64 __cdecl MOXIE::PhysicsManager::instantiate(void)
2814	?instantiate@RenderDebug@MOXIE@@SAPEAVIService@2@XZ	public: static class MOXIE::IService * __ptr64 __cdecl MOXIE::RenderDebug::instantiate(void)
2815	?instantiate@RenderDevice@MOXIE@@SAPEAVIService@2@XZ	public: static class MOXIE::IService * __ptr64 __cdecl MOXIE::RenderDevice::instantiate(void)
2816	?instantiate@RenderManager@MOXIE@@CAPEAVIService@2@XZ	private: static class MOXIE::IService * __ptr64 __cdecl MOXIE::RenderManager::instantiate(void)
2817	?instantiate@ReplayManager@MOXIE@@CAPEAVIService@2@XZ	private: static class MOXIE::IService * __ptr64 __cdecl MOXIE::ReplayManager::instantiate(void)
2818	?instantiate@ResourceManager@MOXIE@@CAPEAVIService@2@XZ	private: static class MOXIE::IService * __ptr64 __cdecl MOXIE::ResourceManager::instantiate(void)
2819	?instantiate@SceneManager@MOXIE@@CAPEAVIService@2@XZ	private: static class MOXIE::IService * __ptr64 __cdecl MOXIE::SceneManager::instantiate(void)
2820	?instantiate@ScriptManager@MOXIE@@CAPEAVIService@2@XZ	private: static class MOXIE::IService * __ptr64 __cdecl MOXIE::ScriptManager::instantiate(void)
2821	?instantiate@SensorManager@MOXIE@@CAPEAVIService@2@XZ	private: static class MOXIE::IService * __ptr64 __cdecl MOXIE::SensorManager::instantiate(void)
2822	?instantiate@StatManager@MOXIE@@CAPEAVIService@2@XZ	private: static class MOXIE::IService * __ptr64 __cdecl MOXIE::StatManager::instantiate(void)
2823	?instantiate@UriManager@MOXIE@@CAPEAVIService@2@XZ	private: static class MOXIE::IService * __ptr64 __cdecl MOXIE::UriManager::instantiate(void)
2824	?instantiate@VideoCubeManager@MOXIE@@SAPEAVIService@2@XZ	public: static class MOXIE::IService * __ptr64 __cdecl MOXIE::VideoCubeManager::instantiate(void)
2825	?integrateParticles@SGParticleEmitter@MOXIE@@IEAAXM@Z	protected: void __cdecl MOXIE::SGParticleEmitter::integrateParticles(float) __ptr64
2826	?internalLateUpdate@SGNode@MOXIE@@MEAAXXZ	protected: virtual void __cdecl MOXIE::SGNode::internalLateUpdate(void) __ptr64
2827	?internalRender@SGCamera@MOXIE@@MEAAXPEAVRenderView@2@I@Z	protected: virtual void __cdecl MOXIE::SGCamera::internalRender(class MOXIE::RenderView * __ptr64,unsigned int) __ptr64
2828	?internalRender@SGGroup@MOXIE@@MEAAXPEAVRenderView@2@I@Z	protected: virtual void __cdecl MOXIE::SGGroup::internalRender(class MOXIE::RenderView * __ptr64,unsigned int) __ptr64
2829	?internalRender@SGLight@MOXIE@@MEAAXPEAVRenderView@2@I@Z	protected: virtual void __cdecl MOXIE::SGLight::internalRender(class MOXIE::RenderView * __ptr64,unsigned int) __ptr64
2830	?internalRender@SGModelInstance@MOXIE@@MEAAXPEAVRenderView@2@I@Z	protected: virtual void __cdecl MOXIE::SGModelInstance::internalRender(class MOXIE::RenderView * __ptr64,unsigned int) __ptr64
2831	?internalRender@SGNode@MOXIE@@MEAAXPEAVRenderView@2@I@Z	protected: virtual void __cdecl MOXIE::SGNode::internalRender(class MOXIE::RenderView * __ptr64,unsigned int) __ptr64
2832	?internalRender@SGParticleEmitter@MOXIE@@MEAAXPEAVRenderView@2@I@Z	protected: virtual void __cdecl MOXIE::SGParticleEmitter::internalRender(class MOXIE::RenderView * __ptr64,unsigned int) __ptr64
2833	?internalRender@SGTransform@MOXIE@@MEAAXPEAVRenderView@2@I@Z	protected: virtual void __cdecl MOXIE::SGTransform::internalRender(class MOXIE::RenderView * __ptr64,unsigned int) __ptr64
2834	?internalRender@SGVideoCubePlayer@MOXIE@@MEAAXPEAVRenderView@2@I@Z	protected: virtual void __cdecl MOXIE::SGVideoCubePlayer::internalRender(class MOXIE::RenderView * __ptr64,unsigned int) __ptr64
2835	?internalUpdate@SGCamera@MOXIE@@MEAAXI@Z	protected: virtual void __cdecl MOXIE::SGCamera::internalUpdate(unsigned int) __ptr64
2836	?internalUpdate@SGGroup@MOXIE@@MEAAXI@Z	protected: virtual void __cdecl MOXIE::SGGroup::internalUpdate(unsigned int) __ptr64
2837	?internalUpdate@SGLight@MOXIE@@MEAAXI@Z	protected: virtual void __cdecl MOXIE::SGLight::internalUpdate(unsigned int) __ptr64
2838	?internalUpdate@SGModelInstance@MOXIE@@MEAAXI@Z	protected: virtual void __cdecl MOXIE::SGModelInstance::internalUpdate(unsigned int) __ptr64
2839	?internalUpdate@SGParticleEmitter@MOXIE@@MEAAXI@Z	protected: virtual void __cdecl MOXIE::SGParticleEmitter::internalUpdate(unsigned int) __ptr64
2840	?internalUpdate@SGTransform@MOXIE@@MEAAXI@Z	protected: virtual void __cdecl MOXIE::SGTransform::internalUpdate(unsigned int) __ptr64
2841	?internalUpdate@SGVideoCubePlayer@MOXIE@@MEAAXI@Z	protected: virtual void __cdecl MOXIE::SGVideoCubePlayer::internalUpdate(unsigned int) __ptr64
2842	?intersects@AABBox@MOXIE@@QEBA_NAEBVRay@2@PEAVVector3@2@@Z	public: bool __cdecl MOXIE::AABBox::intersects(class MOXIE::Ray const & __ptr64,class MOXIE::Vector3 * __ptr64)const __ptr64
2843	?intoChunk@RiffDiver@MOXIE@@QEAA_NI@Z	public: bool __cdecl MOXIE::RiffDiver::intoChunk(unsigned int) __ptr64
2844	?invalid@ShaderParam@MOXIE@@SAAEAV12@XZ	public: static class MOXIE::ShaderParam & __ptr64 __cdecl MOXIE::ShaderParam::invalid(void)
2845	?invalid@Sound@MOXIE@@SAAEAV12@XZ	public: static class MOXIE::Sound & __ptr64 __cdecl MOXIE::Sound::invalid(void)
2846	?invalidate@AABBox@MOXIE@@QEAAXXZ	public: void __cdecl MOXIE::AABBox::invalidate(void) __ptr64
2847	?invalidate@BSphere@MOXIE@@QEAAXXZ	public: void __cdecl MOXIE::BSphere::invalidate(void) __ptr64
2848	?invalidate@ShaderParamBlock@MOXIE@@QEAAXXZ	public: void __cdecl MOXIE::ShaderParamBlock::invalidate(void) __ptr64
2849	?inverse@Quaternion@MOXIE@@QEBA?AV12@XZ	public: class MOXIE::Quaternion __cdecl MOXIE::Quaternion::inverse(void)const __ptr64
2850	?inverse@Transform@MOXIE@@QEBA?AV12@XZ	public: class MOXIE::Transform __cdecl MOXIE::Transform::inverse(void)const __ptr64
2851	?invert@Matrix3@MOXIE@@QEAA_NXZ	public: bool __cdecl MOXIE::Matrix3::invert(void) __ptr64
2852	?invert@Matrix4@MOXIE@@QEAA_NXZ	public: bool __cdecl MOXIE::Matrix4::invert(void) __ptr64
2853	?isActive@ReplayManager@MOXIE@@QEBA_NXZ	public: bool __cdecl MOXIE::ReplayManager::isActive(void)const __ptr64
2854	?isActive@SGComponent@MOXIE@@QEBA_NXZ	public: bool __cdecl MOXIE::SGComponent::isActive(void)const __ptr64
2855	?isActive@SGNode@MOXIE@@QEAA_NXZ	public: bool __cdecl MOXIE::SGNode::isActive(void) __ptr64
2856	?isAnimating@Animator@MOXIE@@QEAA_NXZ	public: bool __cdecl MOXIE::Animator::isAnimating(void) __ptr64
2857	?isAttrib@ShaderParam@MOXIE@@QEBA_NXZ	public: bool __cdecl MOXIE::ShaderParam::isAttrib(void)const __ptr64
2858	?isBusy@Flipbook@MOXIE@@QEAA_NXZ	public: bool __cdecl MOXIE::Flipbook::isBusy(void) __ptr64
2859	?isCanceled@IJob@MOXIE@@IEAA_NXZ	protected: bool __cdecl MOXIE::IJob::isCanceled(void) __ptr64
2860	?isCanceled@JobQueue@MOXIE@@QEAA_NXZ	public: bool __cdecl MOXIE::JobQueue::isCanceled(void) __ptr64
2861	?isChildOf@SGNode@MOXIE@@QEBA_NPEAV12@@Z	public: bool __cdecl MOXIE::SGNode::isChildOf(class MOXIE::SGNode * __ptr64)const __ptr64
2862	?isCompressed@PixelFormat@MOXIE@@SA_NW4EPixelFormat@2@@Z	public: static bool __cdecl MOXIE::PixelFormat::isCompressed(enum MOXIE::EPixelFormat)
2863	?isCompressed@Surface@MOXIE@@QEBA_NXZ	public: bool __cdecl MOXIE::Surface::isCompressed(void)const __ptr64
2864	?isConnected@TcpSocket@MOXIE@@QEBA_NXZ	public: bool __cdecl MOXIE::TcpSocket::isConnected(void)const __ptr64
2865	?isCubeMap@Surface@MOXIE@@QEBA_NXZ	public: bool __cdecl MOXIE::Surface::isCubeMap(void)const __ptr64
2866	?isCustom@Camera@MOXIE@@QEBA_NXZ	public: bool __cdecl MOXIE::Camera::isCustom(void)const __ptr64
2867	?isDirty@SGTransform@MOXIE@@QEAA_NXZ	public: bool __cdecl MOXIE::SGTransform::isDirty(void) __ptr64
2868	?isDone@Animator@MOXIE@@QEAA_NPEBD@Z	public: bool __cdecl MOXIE::Animator::isDone(char const * __ptr64) __ptr64
2869	?isDone@Application@MOXIE@@QEBA_NXZ	public: bool __cdecl MOXIE::Application::isDone(void)const __ptr64
2870	?isDone@ReplayManager@MOXIE@@QEBA_NXZ	public: bool __cdecl MOXIE::ReplayManager::isDone(void)const __ptr64
2871	?isEmitterCompatible@AudPlayer@MOXIE@@QEBA_NW4EMITTERTYPE@2@@Z	public: bool __cdecl MOXIE::AudPlayer::isEmitterCompatible(enum MOXIE::EMITTERTYPE)const __ptr64
2872	?isEmpty@String@MOXIE@@QEBA_NXZ	public: bool __cdecl MOXIE::String::isEmpty(void)const __ptr64
2873	?isEqual@Vector2@MOXIE@@QEAA_NAEBV12@M@Z	public: bool __cdecl MOXIE::Vector2::isEqual(class MOXIE::Vector2 const & __ptr64,float) __ptr64
2874	?isEqual@Vector3@MOXIE@@QEAA_NAEBV12@M@Z	public: bool __cdecl MOXIE::Vector3::isEqual(class MOXIE::Vector3 const & __ptr64,float) __ptr64
2875	?isEqual@Vector4@MOXIE@@QEAA_NAEBV12@M@Z	public: bool __cdecl MOXIE::Vector4::isEqual(class MOXIE::Vector4 const & __ptr64,float) __ptr64
2876	?isExtensionSupported@RenderDeviceGL@MOXIE@@KA_NPEBD@Z	protected: static bool __cdecl MOXIE::RenderDeviceGL::isExtensionSupported(char const * __ptr64)
2877	?isFileMounted@NetworkFileSystem@MOXIE@@QEAA_NPEBD@Z	public: bool __cdecl MOXIE::NetworkFileSystem::isFileMounted(char const * __ptr64) __ptr64
2878	?isFinished@SGFlipbookDriver@MOXIE@@QEAA_NXZ	public: bool __cdecl MOXIE::SGFlipbookDriver::isFinished(void) __ptr64
2879	?isFunction@LUtil@MOXIE@@SA_NPEAUlua_State@@PEBD@Z	public: static bool __cdecl MOXIE::LUtil::isFunction(struct lua_State * __ptr64,char const * __ptr64)
2880	?isInitialized@LApiCameraRig@duet@@SA_NPEAUlua_State@@@Z	public: static bool __cdecl duet::LApiCameraRig::isInitialized(struct lua_State * __ptr64)
2881	?isLocked@SceneGraph@MOXIE@@QEBA_NXZ	public: bool __cdecl MOXIE::SceneGraph::isLocked(void)const __ptr64
2882	?isLooping@Flipbook@MOXIE@@QEBA_NXZ	public: bool __cdecl MOXIE::Flipbook::isLooping(void)const __ptr64
2883	?isOpSymbol@Lexer@MOXIE@@KA_ND@Z	protected: static bool __cdecl MOXIE::Lexer::isOpSymbol(char)
2884	?isOpen@FileStream@MOXIE@@QEAA_NXZ	public: bool __cdecl MOXIE::FileStream::isOpen(void) __ptr64
2885	?isOperator@Lexer@MOXIE@@KA_NPEAD@Z	protected: static bool __cdecl MOXIE::Lexer::isOperator(char * __ptr64)
2886	?isOrthographic@Camera@MOXIE@@QEBA_NXZ	public: bool __cdecl MOXIE::Camera::isOrthographic(void)const __ptr64
2887	?isOsd@Application@MOXIE@@QEBA_NXZ	public: bool __cdecl MOXIE::Application::isOsd(void)const __ptr64
2888	?isPaused@SGVideoCubePlayer@MOXIE@@QEBA_NXZ	public: bool __cdecl MOXIE::SGVideoCubePlayer::isPaused(void)const __ptr64
2889	?isPaused@Time@MOXIE@@QEBA_NXZ	public: bool __cdecl MOXIE::Time::isPaused(void)const __ptr64
2890	?isPerfEnabled@Application@MOXIE@@QEBA_NXZ	public: bool __cdecl MOXIE::Application::isPerfEnabled(void)const __ptr64
2891	?isPerspective@Camera@MOXIE@@QEBA_NXZ	public: bool __cdecl MOXIE::Camera::isPerspective(void)const __ptr64
2892	?isPlaying@Animator@MOXIE@@QEAA_NPEBD@Z	public: bool __cdecl MOXIE::Animator::isPlaying(char const * __ptr64) __ptr64
2893	?isPlaying@ReplayManager@MOXIE@@QEBA_NXZ	public: bool __cdecl MOXIE::ReplayManager::isPlaying(void)const __ptr64
2894	?isPlaying@SGVideoCubePlayer@MOXIE@@QEBA_NXZ	public: bool __cdecl MOXIE::SGVideoCubePlayer::isPlaying(void)const __ptr64
2895	?isQueued@Flipbook@MOXIE@@QEAA_NI@Z	public: bool __cdecl MOXIE::Flipbook::isQueued(unsigned int) __ptr64
2896	?isReady@Flipbook@MOXIE@@QEAA_NI@Z	public: bool __cdecl MOXIE::Flipbook::isReady(unsigned int) __ptr64
2897	?isReady@StoryManager@MOXIE@@QEAA_NI@Z	public: bool __cdecl MOXIE::StoryManager::isReady(unsigned int) __ptr64
2898	?isRecording@ReplayManager@MOXIE@@QEBA_NXZ	public: bool __cdecl MOXIE::ReplayManager::isRecording(void)const __ptr64
2899	?isReferenced@RefCount@MOXIE@@QEAA_NXZ	public: bool __cdecl MOXIE::RefCount::isReferenced(void) __ptr64
2900	?isRenderBuffer@Surface@MOXIE@@QEBA_NXZ	public: bool __cdecl MOXIE::Surface::isRenderBuffer(void)const __ptr64
2901	?isResident@Flipbook@MOXIE@@QEBA_NXZ	public: bool __cdecl MOXIE::Flipbook::isResident(void)const __ptr64
2902	?isRoot@SGNode@MOXIE@@QEBA_NXZ	public: bool __cdecl MOXIE::SGNode::isRoot(void)const __ptr64
2903	?isRunning@Time@MOXIE@@QEBA_NXZ	public: bool __cdecl MOXIE::Time::isRunning(void)const __ptr64
2904	?isSceneOpaque@LApplication@MOXIE@@QEBA_NXZ	public: bool __cdecl MOXIE::LApplication::isSceneOpaque(void)const __ptr64
2905	?isStarted@Engine@MOXIE@@QEAA_NXZ	public: bool __cdecl MOXIE::Engine::isStarted(void) __ptr64
2906	?isStepping@Time@MOXIE@@QEBA_NXZ	public: bool __cdecl MOXIE::Time::isStepping(void)const __ptr64
2907	?isStereoscopicEnabled@Application@MOXIE@@QEBA_NXZ	public: bool __cdecl MOXIE::Application::isStereoscopicEnabled(void)const __ptr64
2908	?isStopped@Time@MOXIE@@QEBA_NXZ	public: bool __cdecl MOXIE::Time::isStopped(void)const __ptr64
2909	?isSupported@ResourceMonitor@MOXIE@@QEBA_NI@Z	public: bool __cdecl MOXIE::ResourceMonitor::isSupported(unsigned int)const __ptr64
2910	?isType@RTTI@MOXIE@@QEBA_NPEBV12@@Z	public: bool __cdecl MOXIE::RTTI::isType(class MOXIE::RTTI const * __ptr64)const __ptr64
2911	?isTypeOf@RTTI@MOXIE@@QEBA_NPEBV12@@Z	public: bool __cdecl MOXIE::RTTI::isTypeOf(class MOXIE::RTTI const * __ptr64)const __ptr64
2912	?isValid@AABBox@MOXIE@@QEAA_NXZ	public: bool __cdecl MOXIE::AABBox::isValid(void) __ptr64
2913	?isValid@StoryConfig@MOXIE@@QEAA_NXZ	public: bool __cdecl MOXIE::StoryConfig::isValid(void) __ptr64
2914	?isValid@Uri@MOXIE@@QEBA_NXZ	public: bool __cdecl MOXIE::Uri::isValid(void)const __ptr64
2915	?isVisible@Camera@MOXIE@@QEBA_NAEBVAABBox@2@@Z	public: bool __cdecl MOXIE::Camera::isVisible(class MOXIE::AABBox const & __ptr64)const __ptr64
2916	?isVisible@SGCamera@MOXIE@@QEAA_NAEBVAABBox@2@@Z	public: bool __cdecl MOXIE::SGCamera::isVisible(class MOXIE::AABBox const & __ptr64) __ptr64
2917	?isVisible@SGNode@MOXIE@@QEAA_NXZ	public: bool __cdecl MOXIE::SGNode::isVisible(void) __ptr64
2918	?isVolume@Surface@MOXIE@@QEBA_NXZ	public: bool __cdecl MOXIE::Surface::isVolume(void)const __ptr64
2919	?isVsyncEnabled@Application@MOXIE@@QEBA_NXZ	public: bool __cdecl MOXIE::Application::isVsyncEnabled(void)const __ptr64
2920	?join@Thread@MOXIE@@QEAA_NI@Z	public: bool __cdecl MOXIE::Thread::join(unsigned int) __ptr64
2921	?join@Thread@MOXIE@@QEAA_NXZ	public: bool __cdecl MOXIE::Thread::join(void) __ptr64
2922	?lateUpdateComponents@SGNode@MOXIE@@QEAAXXZ	public: void __cdecl MOXIE::SGNode::lateUpdateComponents(void) __ptr64
2923	?length@String@MOXIE@@QEBAIXZ	public: unsigned int __cdecl MOXIE::String::length(void)const __ptr64
2924	?lex_@Lexer@MOXIE@@AEAA?AW4ELexType@2@XZ	private: enum MOXIE::ELexType __cdecl MOXIE::Lexer::lex_(void) __ptr64
2925	?lineShaderRSFX@?1??init@RenderDebug@MOXIE@@QEAAXI@Z@4QBDB	char const * const `public: void __cdecl MOXIE::RenderDebug::init(unsigned int) __ptr64'::`2'::lineShaderRSFX
2926	?linkSemantic@ShaderFx@MOXIE@@QEAA_NHPEBD@Z	public: bool __cdecl MOXIE::ShaderFx::linkSemantic(int,char const * __ptr64) __ptr64
2927	?linkSemantics@ShaderFxCompiler@MOXIE@@AEAAXXZ	private: void __cdecl MOXIE::ShaderFxCompiler::linkSemantics(void) __ptr64
2928	?listen@TcpSocket@MOXIE@@QEAA_NG_N@Z	public: bool __cdecl MOXIE::TcpSocket::listen(unsigned short,bool) __ptr64
2929	?load@Bitmap@MOXIE@@QEAA_NPEBD@Z	public: bool __cdecl MOXIE::Bitmap::load(char const * __ptr64) __ptr64
2930	?load@FontMap@MOXIE@@QEAA_NPEBD@Z	public: bool __cdecl MOXIE::FontMap::load(char const * __ptr64) __ptr64
2931	?load@MemoryStream@MOXIE@@QEAA_NPEAVFileSystem@2@PEBD@Z	public: bool __cdecl MOXIE::MemoryStream::load(class MOXIE::FileSystem * __ptr64,char const * __ptr64) __ptr64
2932	?load@Resource@MOXIE@@QEAAXAEBVUri@2@I@Z	public: void __cdecl MOXIE::Resource::load(class MOXIE::Uri const & __ptr64,unsigned int) __ptr64
2933	?load@Surface@MOXIE@@QEAA_NPEAVFileSystem@2@PEBD@Z	public: bool __cdecl MOXIE::Surface::load(class MOXIE::FileSystem * __ptr64,char const * __ptr64) __ptr64
2934	?loadBegin@RenderDeviceGL@MOXIE@@UEAAXXZ	public: virtual void __cdecl MOXIE::RenderDeviceGL::loadBegin(void) __ptr64
2935	?loadDDS@Surface@MOXIE@@AEAA_NPEBDPEAEI@Z	private: bool __cdecl MOXIE::Surface::loadDDS(char const * __ptr64,unsigned char * __ptr64,unsigned int) __ptr64
2936	?loadDevice@SGModelInstance@MOXIE@@QEAAXXZ	public: void __cdecl MOXIE::SGModelInstance::loadDevice(void) __ptr64
2937	?loadEnd@RenderDeviceGL@MOXIE@@UEAAXXZ	public: virtual void __cdecl MOXIE::RenderDeviceGL::loadEnd(void) __ptr64
2938	?loadOtherFormats@Surface@MOXIE@@AEAA_NPEBDPEAEI@Z	private: bool __cdecl MOXIE::Surface::loadOtherFormats(char const * __ptr64,unsigned char * __ptr64,unsigned int) __ptr64
2939	?loadResource@AudioSystem@MOXIE@@QEAA?AW4MauxStatus@2@I@Z	public: enum MOXIE::MauxStatus __cdecl MOXIE::AudioSystem::loadResource(unsigned int) __ptr64
2940	?loadUsingInternalFormats@Surface@MOXIE@@AEAA_NPEBDPEAEI@Z	private: bool __cdecl MOXIE::Surface::loadUsingInternalFormats(char const * __ptr64,unsigned char * __ptr64,unsigned int) __ptr64
2941	?loadWindowLayout@Win32Utils@@SA_NAEAUtagWINDOWPLACEMENT@@@Z	public: static bool __cdecl Win32Utils::loadWindowLayout(struct tagWINDOWPLACEMENT & __ptr64)
2942	?local@SGTransform@MOXIE@@QEAAAEAVTransform@2@XZ	public: class MOXIE::Transform & __ptr64 __cdecl MOXIE::SGTransform::local(void) __ptr64
2943	?local@SGTransform@MOXIE@@QEBAAEBVTransform@2@XZ	public: class MOXIE::Transform const & __ptr64 __cdecl MOXIE::SGTransform::local(void)const __ptr64
2944	?localToWorld@SGTransform@MOXIE@@IEAA?AVTransform@2@AEBV32@@Z	protected: class MOXIE::Transform __cdecl MOXIE::SGTransform::localToWorld(class MOXIE::Transform const & __ptr64) __ptr64
2945	?locate@?$EngineService@VAnalyticsManager@MOXIE@@@MOXIE@@SAPEAVAnalyticsManager@2@XZ	public: static class MOXIE::AnalyticsManager * __ptr64 __cdecl MOXIE::EngineService<class MOXIE::AnalyticsManager>::locate(void)
2946	?locate@?$EngineService@VAudioDevice@MOXIE@@@MOXIE@@SAPEAVAudioDevice@2@XZ	public: static class MOXIE::AudioDevice * __ptr64 __cdecl MOXIE::EngineService<class MOXIE::AudioDevice>::locate(void)
2947	?locate@?$EngineService@VAudioManager@MOXIE@@@MOXIE@@SAPEAVAudioManager@2@XZ	public: static class MOXIE::AudioManager * __ptr64 __cdecl MOXIE::EngineService<class MOXIE::AudioManager>::locate(void)
2948	?locate@?$EngineService@VAudioSystem@MOXIE@@@MOXIE@@SAPEAVAudioSystem@2@XZ	public: static class MOXIE::AudioSystem * __ptr64 __cdecl MOXIE::EngineService<class MOXIE::AudioSystem>::locate(void)
2949	?locate@?$EngineService@VEnableManager@MOXIE@@@MOXIE@@SAPEAVEnableManager@2@XZ	public: static class MOXIE::EnableManager * __ptr64 __cdecl MOXIE::EngineService<class MOXIE::EnableManager>::locate(void)
2950	?locate@?$EngineService@VInputManager@MOXIE@@@MOXIE@@SAPEAVInputManager@2@XZ	public: static class MOXIE::InputManager * __ptr64 __cdecl MOXIE::EngineService<class MOXIE::InputManager>::locate(void)
2951	?locate@?$EngineService@VPhysicsManager@MOXIE@@@MOXIE@@SAPEAVPhysicsManager@2@XZ	public: static class MOXIE::PhysicsManager * __ptr64 __cdecl MOXIE::EngineService<class MOXIE::PhysicsManager>::locate(void)
2952	?locate@?$EngineService@VRenderDebug@MOXIE@@@MOXIE@@SAPEAVRenderDebug@2@XZ	public: static class MOXIE::RenderDebug * __ptr64 __cdecl MOXIE::EngineService<class MOXIE::RenderDebug>::locate(void)
2953	?locate@?$EngineService@VRenderDevice@MOXIE@@@MOXIE@@SAPEAVRenderDevice@2@XZ	public: static class MOXIE::RenderDevice * __ptr64 __cdecl MOXIE::EngineService<class MOXIE::RenderDevice>::locate(void)
2954	?locate@?$EngineService@VRenderManager@MOXIE@@@MOXIE@@SAPEAVRenderManager@2@XZ	public: static class MOXIE::RenderManager * __ptr64 __cdecl MOXIE::EngineService<class MOXIE::RenderManager>::locate(void)
2955	?locate@?$EngineService@VReplayManager@MOXIE@@@MOXIE@@SAPEAVReplayManager@2@XZ	public: static class MOXIE::ReplayManager * __ptr64 __cdecl MOXIE::EngineService<class MOXIE::ReplayManager>::locate(void)
2956	?locate@?$EngineService@VResourceManager@MOXIE@@@MOXIE@@SAPEAVResourceManager@2@XZ	public: static class MOXIE::ResourceManager * __ptr64 __cdecl MOXIE::EngineService<class MOXIE::ResourceManager>::locate(void)
2957	?locate@?$EngineService@VSceneManager@MOXIE@@@MOXIE@@SAPEAVSceneManager@2@XZ	public: static class MOXIE::SceneManager * __ptr64 __cdecl MOXIE::EngineService<class MOXIE::SceneManager>::locate(void)
2958	?locate@?$EngineService@VScriptManager@MOXIE@@@MOXIE@@SAPEAVScriptManager@2@XZ	public: static class MOXIE::ScriptManager * __ptr64 __cdecl MOXIE::EngineService<class MOXIE::ScriptManager>::locate(void)
2959	?locate@?$EngineService@VSensorManager@MOXIE@@@MOXIE@@SAPEAVSensorManager@2@XZ	public: static class MOXIE::SensorManager * __ptr64 __cdecl MOXIE::EngineService<class MOXIE::SensorManager>::locate(void)
2960	?locate@?$EngineService@VStatManager@MOXIE@@@MOXIE@@SAPEAVStatManager@2@XZ	public: static class MOXIE::StatManager * __ptr64 __cdecl MOXIE::EngineService<class MOXIE::StatManager>::locate(void)
2961	?locate@?$EngineService@VUriManager@MOXIE@@@MOXIE@@SAPEAVUriManager@2@XZ	public: static class MOXIE::UriManager * __ptr64 __cdecl MOXIE::EngineService<class MOXIE::UriManager>::locate(void)
2962	?locate@?$EngineService@VVideoCubeManager@MOXIE@@@MOXIE@@SAPEAVVideoCubeManager@2@XZ	public: static class MOXIE::VideoCubeManager * __ptr64 __cdecl MOXIE::EngineService<class MOXIE::VideoCubeManager>::locate(void)
2963	?locate@?$Service@VAnalyticsManager@MOXIE@@@MOXIE@@SAPEAVAnalyticsManager@2@XZ	public: static class MOXIE::AnalyticsManager * __ptr64 __cdecl MOXIE::Service<class MOXIE::AnalyticsManager>::locate(void)
2964	?locate@?$Service@VAudioDevice@MOXIE@@@MOXIE@@SAPEAVAudioDevice@2@XZ	public: static class MOXIE::AudioDevice * __ptr64 __cdecl MOXIE::Service<class MOXIE::AudioDevice>::locate(void)
2965	?locate@?$Service@VAudioManager@MOXIE@@@MOXIE@@SAPEAVAudioManager@2@XZ	public: static class MOXIE::AudioManager * __ptr64 __cdecl MOXIE::Service<class MOXIE::AudioManager>::locate(void)
2966	?locate@?$Service@VAudioSystem@MOXIE@@@MOXIE@@SAPEAVAudioSystem@2@XZ	public: static class MOXIE::AudioSystem * __ptr64 __cdecl MOXIE::Service<class MOXIE::AudioSystem>::locate(void)
2967	?locate@?$Service@VEnableManager@MOXIE@@@MOXIE@@SAPEAVEnableManager@2@XZ	public: static class MOXIE::EnableManager * __ptr64 __cdecl MOXIE::Service<class MOXIE::EnableManager>::locate(void)
2968	?locate@?$Service@VGlobalTime@MOXIE@@@MOXIE@@SAPEAVGlobalTime@2@XZ	public: static class MOXIE::GlobalTime * __ptr64 __cdecl MOXIE::Service<class MOXIE::GlobalTime>::locate(void)
2969	?locate@?$Service@VInputManager@MOXIE@@@MOXIE@@SAPEAVInputManager@2@XZ	public: static class MOXIE::InputManager * __ptr64 __cdecl MOXIE::Service<class MOXIE::InputManager>::locate(void)
2970	?locate@?$Service@VPhysicsManager@MOXIE@@@MOXIE@@SAPEAVPhysicsManager@2@XZ	public: static class MOXIE::PhysicsManager * __ptr64 __cdecl MOXIE::Service<class MOXIE::PhysicsManager>::locate(void)
2971	?locate@?$Service@VRenderDebug@MOXIE@@@MOXIE@@SAPEAVRenderDebug@2@XZ	public: static class MOXIE::RenderDebug * __ptr64 __cdecl MOXIE::Service<class MOXIE::RenderDebug>::locate(void)
2972	?locate@?$Service@VRenderDevice@MOXIE@@@MOXIE@@SAPEAVRenderDevice@2@XZ	public: static class MOXIE::RenderDevice * __ptr64 __cdecl MOXIE::Service<class MOXIE::RenderDevice>::locate(void)
2973	?locate@?$Service@VRenderManager@MOXIE@@@MOXIE@@SAPEAVRenderManager@2@XZ	public: static class MOXIE::RenderManager * __ptr64 __cdecl MOXIE::Service<class MOXIE::RenderManager>::locate(void)
2974	?locate@?$Service@VReplayManager@MOXIE@@@MOXIE@@SAPEAVReplayManager@2@XZ	public: static class MOXIE::ReplayManager * __ptr64 __cdecl MOXIE::Service<class MOXIE::ReplayManager>::locate(void)
2975	?locate@?$Service@VResourceManager@MOXIE@@@MOXIE@@SAPEAVResourceManager@2@XZ	public: static class MOXIE::ResourceManager * __ptr64 __cdecl MOXIE::Service<class MOXIE::ResourceManager>::locate(void)
2976	?locate@?$Service@VSceneManager@MOXIE@@@MOXIE@@SAPEAVSceneManager@2@XZ	public: static class MOXIE::SceneManager * __ptr64 __cdecl MOXIE::Service<class MOXIE::SceneManager>::locate(void)
2977	?locate@?$Service@VScriptManager@MOXIE@@@MOXIE@@SAPEAVScriptManager@2@XZ	public: static class MOXIE::ScriptManager * __ptr64 __cdecl MOXIE::Service<class MOXIE::ScriptManager>::locate(void)
2978	?locate@?$Service@VSensorManager@MOXIE@@@MOXIE@@SAPEAVSensorManager@2@XZ	public: static class MOXIE::SensorManager * __ptr64 __cdecl MOXIE::Service<class MOXIE::SensorManager>::locate(void)
2979	?locate@?$Service@VStatManager@MOXIE@@@MOXIE@@SAPEAVStatManager@2@XZ	public: static class MOXIE::StatManager * __ptr64 __cdecl MOXIE::Service<class MOXIE::StatManager>::locate(void)
2980	?locate@?$Service@VUriManager@MOXIE@@@MOXIE@@SAPEAVUriManager@2@XZ	public: static class MOXIE::UriManager * __ptr64 __cdecl MOXIE::Service<class MOXIE::UriManager>::locate(void)
2981	?locate@?$Service@VVideoCubeManager@MOXIE@@@MOXIE@@SAPEAVVideoCubeManager@2@XZ	public: static class MOXIE::VideoCubeManager * __ptr64 __cdecl MOXIE::Service<class MOXIE::VideoCubeManager>::locate(void)
2982	?lock@AudServices@MOXIE@@QEAAXXZ	public: void __cdecl MOXIE::AudServices::lock(void) __ptr64
2983	?lock@Mutex@MOXIE@@QEAAXXZ	public: void __cdecl MOXIE::Mutex::lock(void) __ptr64
2984	?logTree@SGGroup@MOXIE@@UEAAXI@Z	public: virtual void __cdecl MOXIE::SGGroup::logTree(unsigned int) __ptr64
2985	?logTree@SGNode@MOXIE@@UEAAXI@Z	public: virtual void __cdecl MOXIE::SGNode::logTree(unsigned int) __ptr64
2986	?logTree@SceneGraph@MOXIE@@QEAAXXZ	public: void __cdecl MOXIE::SceneGraph::logTree(void) __ptr64
2987	?lookAtHeading@SGCameraController@MOXIE@@QEAAXM@Z	public: void __cdecl MOXIE::SGCameraController::lookAtHeading(float) __ptr64
2988	?lookAtHeadingHelper@SGCameraController@MOXIE@@QEAA?AVQuaternion@2@MAEBVTransform@2@@Z	public: class MOXIE::Quaternion __cdecl MOXIE::SGCameraController::lookAtHeadingHelper(float,class MOXIE::Transform const & __ptr64) __ptr64
2989	?lowercase@String@MOXIE@@QEAAXXZ	public: void __cdecl MOXIE::String::lowercase(void) __ptr64
2990	?m_cachedAudioDevice@EngineLocator@MOXIE@@0PEAVAudioDevice@2@EA	private: static class MOXIE::AudioDevice * __ptr64 __ptr64 MOXIE::EngineLocator::m_cachedAudioDevice
2991	?m_cachedGlobalTime@Locator@MOXIE@@0PEAVGlobalTime@2@EA	private: static class MOXIE::GlobalTime * __ptr64 __ptr64 MOXIE::Locator::m_cachedGlobalTime
2992	?m_cachedRenderDebug@EngineLocator@MOXIE@@0PEAVRenderDebug@2@EA	private: static class MOXIE::RenderDebug * __ptr64 __ptr64 MOXIE::EngineLocator::m_cachedRenderDebug
2993	?m_cachedRenderDevice@EngineLocator@MOXIE@@0PEAVRenderDevice@2@EA	private: static class MOXIE::RenderDevice * __ptr64 __ptr64 MOXIE::EngineLocator::m_cachedRenderDevice
2994	?m_cachedResourceMgr@EngineLocator@MOXIE@@0PEAVResourceManager@2@EA	private: static class MOXIE::ResourceManager * __ptr64 __ptr64 MOXIE::EngineLocator::m_cachedResourceMgr
2995	?m_cachedSceneManager@EngineLocator@MOXIE@@0PEAVSceneManager@2@EA	private: static class MOXIE::SceneManager * __ptr64 __ptr64 MOXIE::EngineLocator::m_cachedSceneManager
2996	?m_cachedUriMgr@EngineLocator@MOXIE@@0PEAVUriManager@2@EA	private: static class MOXIE::UriManager * __ptr64 __ptr64 MOXIE::EngineLocator::m_cachedUriMgr
2997	?m_clientConnectionCount@SGCameraController@MOXIE@@2HC	public: static int volatile MOXIE::SGCameraController::m_clientConnectionCount
2998	?m_defaultFrameBuffer@RenderDevice@MOXIE@@2HA	public: static int MOXIE::RenderDevice::m_defaultFrameBuffer
2999	?m_defaultTexture@RenderDevice@MOXIE@@1PEAVTexture@2@EA	protected: static class MOXIE::Texture * __ptr64 __ptr64 MOXIE::RenderDevice::m_defaultTexture
3000	?m_initialized@EngineLocator@MOXIE@@0_NA	private: static bool MOXIE::EngineLocator::m_initialized
3001	?m_initialized@Locator@MOXIE@@0_NA	private: static bool MOXIE::Locator::m_initialized
3002	?m_instances@Locator@MOXIE@@0V?$TArray@PEAVIService@MOXIE@@@2@A	private: static class MOXIE::TArray<class MOXIE::IService * __ptr64> MOXIE::Locator::m_instances
3003	?m_instancesHashTable@Locator@MOXIE@@0V?$THashTable@I@2@A	private: static class MOXIE::THashTable<unsigned int> MOXIE::Locator::m_instancesHashTable
3004	?m_paused@Locator@MOXIE@@0_NA	private: static bool MOXIE::Locator::m_paused
3005	?make@ResourceManager@MOXIE@@QEAA?AVResourceHandle@2@AEBVUri@2@I@Z	public: class MOXIE::ResourceHandle __cdecl MOXIE::ResourceManager::make(class MOXIE::Uri const & __ptr64,unsigned int) __ptr64
3006	?makeAddress@MOXIE@@YAIEEEE@Z	unsigned int __cdecl MOXIE::makeAddress(unsigned char,unsigned char,unsigned char,unsigned char)
3007	?makeAddress@MOXIE@@YAIPEBD@Z	unsigned int __cdecl MOXIE::makeAddress(char const * __ptr64)
3008	?makeFrustum@Matrix4@MOXIE@@QEAAXMMMMMM@Z	public: void __cdecl MOXIE::Matrix4::makeFrustum(float,float,float,float,float,float) __ptr64
3009	?makeSortKey@RenderDispatcher@MOXIE@@QEAA_KIPEAVMaterial@2@M@Z	public: unsigned __int64 __cdecl MOXIE::RenderDispatcher::makeSortKey(unsigned int,class MOXIE::Material * __ptr64,float) __ptr64
3010	?makeSortKey@RenderDispatcher@MOXIE@@QEAA_KI_N0MI@Z	public: unsigned __int64 __cdecl MOXIE::RenderDispatcher::makeSortKey(unsigned int,bool,bool,float,unsigned int) __ptr64
3011	?makeSortKey@RenderDispatcher@MOXIE@@QEAA_KPEAVMaterial@2@M@Z	public: unsigned __int64 __cdecl MOXIE::RenderDispatcher::makeSortKey(class MOXIE::Material * __ptr64,float) __ptr64
3012	?malloc@AudServices@MOXIE@@QEAAPEAXII@Z	public: void * __ptr64 __cdecl MOXIE::AudServices::malloc(unsigned int,unsigned int) __ptr64
3013	?maxCount@RefCount@MOXIE@@QEBAIXZ	public: unsigned int __cdecl MOXIE::RefCount::maxCount(void)const __ptr64
3014	?maximize@Point@MOXIE@@QEAAXAEBV12@@Z	public: void __cdecl MOXIE::Point::maximize(class MOXIE::Point const & __ptr64) __ptr64
3015	?maximize@Vector2@MOXIE@@QEAAXAEBV12@@Z	public: void __cdecl MOXIE::Vector2::maximize(class MOXIE::Vector2 const & __ptr64) __ptr64
3016	?maximize@Vector3@MOXIE@@QEAAXAEBV12@@Z	public: void __cdecl MOXIE::Vector3::maximize(class MOXIE::Vector3 const & __ptr64) __ptr64
3017	?maximize@Vector4@MOXIE@@QEAAXAEBV12@@Z	public: void __cdecl MOXIE::Vector4::maximize(class MOXIE::Vector4 const & __ptr64) __ptr64
3018	?merge@String@MOXIE@@QEAAXPEBV12@IPEBD@Z	public: void __cdecl MOXIE::String::merge(class MOXIE::String const * __ptr64,unsigned int,char const * __ptr64) __ptr64
3019	?merged@AABBox@MOXIE@@QEAA?AV12@AEBV12@@Z	public: class MOXIE::AABBox __cdecl MOXIE::AABBox::merged(class MOXIE::AABBox const & __ptr64) __ptr64
3020	?message@Log@MOXIE@@YAXPEBDZZ	void __cdecl MOXIE::Log::message(char const * __ptr64,...)
3021	?minCapacity@Buffer@MOXIE@@2IB	public: static unsigned int const MOXIE::Buffer::minCapacity
3022	?minimize@Point@MOXIE@@QEAAXAEBV12@@Z	public: void __cdecl MOXIE::Point::minimize(class MOXIE::Point const & __ptr64) __ptr64
3023	?minimize@Vector2@MOXIE@@QEAAXAEBV12@@Z	public: void __cdecl MOXIE::Vector2::minimize(class MOXIE::Vector2 const & __ptr64) __ptr64
3024	?minimize@Vector3@MOXIE@@QEAAXAEBV12@@Z	public: void __cdecl MOXIE::Vector3::minimize(class MOXIE::Vector3 const & __ptr64) __ptr64
3025	?minimize@Vector4@MOXIE@@QEAAXAEBV12@@Z	public: void __cdecl MOXIE::Vector4::minimize(class MOXIE::Vector4 const & __ptr64) __ptr64
3026	?mixToOutput@AudioSystem@MOXIE@@AEAAXPEAXI@Z	private: void __cdecl MOXIE::AudioSystem::mixToOutput(void * __ptr64,unsigned int) __ptr64
3027	?mixdown@AudPlayer@MOXIE@@QEAAXIPEAX@Z	public: void __cdecl MOXIE::AudPlayer::mixdown(unsigned int,void * __ptr64) __ptr64
3028	?mkdir@LocalFileSystem@MOXIE@@UEAAHPEBDH@Z	public: virtual int __cdecl MOXIE::LocalFileSystem::mkdir(char const * __ptr64,int) __ptr64
3029	?mkdir@NetworkFileSystem@MOXIE@@UEAAHPEBDH@Z	public: virtual int __cdecl MOXIE::NetworkFileSystem::mkdir(char const * __ptr64,int) __ptr64
3030	?modcount@ShaderParam@MOXIE@@QEBAIXZ	public: unsigned int __cdecl MOXIE::ShaderParam::modcount(void)const __ptr64
3031	?modify@ShaderParam@MOXIE@@QEAAXXZ	public: void __cdecl MOXIE::ShaderParam::modify(void) __ptr64
3032	?mountArchive@NetworkFileSystem@MOXIE@@QEAA_NPEBDI@Z	public: bool __cdecl MOXIE::NetworkFileSystem::mountArchive(char const * __ptr64,unsigned int) __ptr64
3033	?mread@Surface@MOXIE@@CAXPEAXIAEAPEAE@Z	private: static void __cdecl MOXIE::Surface::mread(void * __ptr64,unsigned int,unsigned char * __ptr64 & __ptr64)
3034	?mul@Matrix3@MOXIE@@QEAAXAEBV12@@Z	public: void __cdecl MOXIE::Matrix3::mul(class MOXIE::Matrix3 const & __ptr64) __ptr64
3035	?mul@Matrix3@MOXIE@@QEAAXM@Z	public: void __cdecl MOXIE::Matrix3::mul(float) __ptr64
3036	?mul@Matrix4@MOXIE@@QEAAXAEBV12@@Z	public: void __cdecl MOXIE::Matrix4::mul(class MOXIE::Matrix4 const & __ptr64) __ptr64
3037	?mul@Matrix4@MOXIE@@QEAAXM@Z	public: void __cdecl MOXIE::Matrix4::mul(float) __ptr64
3038	?mul@Quaternion@MOXIE@@QEAAXAEBV12@@Z	public: void __cdecl MOXIE::Quaternion::mul(class MOXIE::Quaternion const & __ptr64) __ptr64
3039	?mul@Quaternion@MOXIE@@QEAAXM@Z	public: void __cdecl MOXIE::Quaternion::mul(float) __ptr64
3040	?mul@Vector2@MOXIE@@QEAAXAEBV12@@Z	public: void __cdecl MOXIE::Vector2::mul(class MOXIE::Vector2 const & __ptr64) __ptr64
3041	?mul@Vector2@MOXIE@@QEAAXM@Z	public: void __cdecl MOXIE::Vector2::mul(float) __ptr64
3042	?mul@Vector3@MOXIE@@QEAAXAEBV12@@Z	public: void __cdecl MOXIE::Vector3::mul(class MOXIE::Vector3 const & __ptr64) __ptr64
3043	?mul@Vector3@MOXIE@@QEAAXM@Z	public: void __cdecl MOXIE::Vector3::mul(float) __ptr64
3044	?mul@Vector4@MOXIE@@QEAAXAEBV12@@Z	public: void __cdecl MOXIE::Vector4::mul(class MOXIE::Vector4 const & __ptr64) __ptr64
3045	?mul@Vector4@MOXIE@@QEAAXM@Z	public: void __cdecl MOXIE::Vector4::mul(float) __ptr64
3046	?name@FilePath@MOXIE@@QEBAPEBDXZ	public: char const * __ptr64 __cdecl MOXIE::FilePath::name(void)const __ptr64
3047	?nameHash@ShaderParam@MOXIE@@QEBAIXZ	public: unsigned int __cdecl MOXIE::ShaderParam::nameHash(void)const __ptr64
3048	?negate@Point@MOXIE@@QEAAXXZ	public: void __cdecl MOXIE::Point::negate(void) __ptr64
3049	?negate@Vector2@MOXIE@@QEAAXXZ	public: void __cdecl MOXIE::Vector2::negate(void) __ptr64
3050	?negate@Vector3@MOXIE@@QEAAXXZ	public: void __cdecl MOXIE::Vector3::negate(void) __ptr64
3051	?negate@Vector4@MOXIE@@QEAAXXZ	public: void __cdecl MOXIE::Vector4::negate(void) __ptr64
3052	?newTable@LUtil@MOXIE@@SAXPEAUlua_State@@@Z	public: static void __cdecl MOXIE::LUtil::newTable(struct lua_State * __ptr64)
3053	?newline@Lexer@MOXIE@@QEAAIXZ	public: unsigned int __cdecl MOXIE::Lexer::newline(void) __ptr64
3054	?nextMip@Surface@MOXIE@@AEAAII@Z	private: unsigned int __cdecl MOXIE::Surface::nextMip(unsigned int) __ptr64
3055	?nextNonWhitespaceChar@Lexer@MOXIE@@QEAADXZ	public: char __cdecl MOXIE::Lexer::nextNonWhitespaceChar(void) __ptr64
3056	?nextPow2@Buffer@MOXIE@@AEAAII@Z	private: unsigned int __cdecl MOXIE::Buffer::nextPow2(unsigned int) __ptr64
3057	?nextToken@Lexer@MOXIE@@QEAA_NXZ	public: bool __cdecl MOXIE::Lexer::nextToken(void) __ptr64
3058	?nextTokenIs@Lexer@MOXIE@@QEAA_NW4ELexType@2@PEBD_N@Z	public: bool __cdecl MOXIE::Lexer::nextTokenIs(enum MOXIE::ELexType,char const * __ptr64,bool) __ptr64
3059	?noise@FastNoise@MOXIE@@QEBAMMMM@Z	public: float __cdecl MOXIE::FastNoise::noise(float,float,float)const __ptr64
3060	?noise@SimplexNoise@MOXIE@@QEAAMM@Z	public: float __cdecl MOXIE::SimplexNoise::noise(float) __ptr64
3061	?noise@SimplexNoise@MOXIE@@QEAAMMM@Z	public: float __cdecl MOXIE::SimplexNoise::noise(float,float) __ptr64
3062	?noise@SimplexNoise@MOXIE@@QEAAMMMM@Z	public: float __cdecl MOXIE::SimplexNoise::noise(float,float,float) __ptr64
3063	?noise@SimplexNoise@MOXIE@@QEAAMMMMM@Z	public: float __cdecl MOXIE::SimplexNoise::noise(float,float,float,float) __ptr64
3064	?normalize@Plane@MOXIE@@QEAAXXZ	public: void __cdecl MOXIE::Plane::normalize(void) __ptr64
3065	?normalize@Vector2@MOXIE@@QEAAMXZ	public: float __cdecl MOXIE::Vector2::normalize(void) __ptr64
3066	?normalize@Vector3@MOXIE@@QEAAXXZ	public: void __cdecl MOXIE::Vector3::normalize(void) __ptr64
3067	?normalize@Vector4@MOXIE@@QEAAXXZ	public: void __cdecl MOXIE::Vector4::normalize(void) __ptr64
3068	?normalizeLength@Vector3@MOXIE@@QEAAM_N@Z	public: float __cdecl MOXIE::Vector3::normalizeLength(bool) __ptr64
3069	?normalizeLength@Vector4@MOXIE@@QEAAMXZ	public: float __cdecl MOXIE::Vector4::normalizeLength(void) __ptr64
3070	?numChildren@SGGroup@MOXIE@@QEBAIXZ	public: unsigned int __cdecl MOXIE::SGGroup::numChildren(void)const __ptr64
3071	?numComponents@SGNode@MOXIE@@QEBAIXZ	public: unsigned int __cdecl MOXIE::SGNode::numComponents(void)const __ptr64
3072	?numEyes@RenderView@MOXIE@@QEAAIXZ	public: unsigned int __cdecl MOXIE::RenderView::numEyes(void) __ptr64
3073	?offset@ShaderParam@MOXIE@@QEBAIXZ	public: unsigned int __cdecl MOXIE::ShaderParam::offset(void)const __ptr64
3074	?onAttached@SGNode@MOXIE@@UEAAXXZ	public: virtual void __cdecl MOXIE::SGNode::onAttached(void) __ptr64
3075	?onDestroy@LApiActorMover@duet@@SAHPEAUlua_State@@@Z	public: static int __cdecl duet::LApiActorMover::onDestroy(struct lua_State * __ptr64)
3076	?onDestroy@LApiSoftTrack@duet@@SAHPEAUlua_State@@@Z	public: static int __cdecl duet::LApiSoftTrack::onDestroy(struct lua_State * __ptr64)
3077	?onDestroy@LComponent@MOXIE@@UEAAXXZ	public: virtual void __cdecl MOXIE::LComponent::onDestroy(void) __ptr64
3078	?onDestroy@RefCount@MOXIE@@MEAAXXZ	protected: virtual void __cdecl MOXIE::RefCount::onDestroy(void) __ptr64
3079	?onDestroy@SGComponent@MOXIE@@UEAAXXZ	public: virtual void __cdecl MOXIE::SGComponent::onDestroy(void) __ptr64
3080	?onDestroy@SGFlipbookDriver@MOXIE@@UEAAXXZ	public: virtual void __cdecl MOXIE::SGFlipbookDriver::onDestroy(void) __ptr64
3081	?onDestroyNative@LApiLookAtDetector@duet@@SAHPEAUlua_State@@@Z	public: static int __cdecl duet::LApiLookAtDetector::onDestroyNative(struct lua_State * __ptr64)
3082	?onDestroyNative@LApiTrackingTarget@duet@@SAHPEAUlua_State@@@Z	public: static int __cdecl duet::LApiTrackingTarget::onDestroyNative(struct lua_State * __ptr64)
3083	?onDetached@SGNode@MOXIE@@UEAAXXZ	public: virtual void __cdecl MOXIE::SGNode::onDetached(void) __ptr64
3084	?onDownloadComplete@StoryManager@MOXIE@@QEAAXXZ	public: void __cdecl MOXIE::StoryManager::onDownloadComplete(void) __ptr64
3085	?onDraw@StoryPlayer@MOXIE@@QEAA_NXZ	public: bool __cdecl MOXIE::StoryPlayer::onDraw(void) __ptr64
3086	?onEvent@StoryPlayer@MOXIE@@QEAA_NPEAUmoxieStoryEvent_t@@@Z	public: bool __cdecl MOXIE::StoryPlayer::onEvent(struct moxieStoryEvent_t * __ptr64) __ptr64
3087	?onGlobalShutdown@LApiLookAtDetector@duet@@SAHPEAUlua_State@@@Z	public: static int __cdecl duet::LApiLookAtDetector::onGlobalShutdown(struct lua_State * __ptr64)
3088	?onGlobalShutdown@LApiSoftTrack@duet@@SAHPEAUlua_State@@@Z	public: static int __cdecl duet::LApiSoftTrack::onGlobalShutdown(struct lua_State * __ptr64)
3089	?onGlobalShutdown@LApiTrackingTarget@duet@@SAHPEAUlua_State@@@Z	public: static int __cdecl duet::LApiTrackingTarget::onGlobalShutdown(struct lua_State * __ptr64)
3090	?onInitialize@LApplication@MOXIE@@UEAA_NXZ	public: virtual bool __cdecl MOXIE::LApplication::onInitialize(void) __ptr64
3091	?onLateUpdate@LComponent@MOXIE@@UEAAXXZ	public: virtual void __cdecl MOXIE::LComponent::onLateUpdate(void) __ptr64
3092	?onLateUpdate@SGComponent@MOXIE@@UEAAXXZ	public: virtual void __cdecl MOXIE::SGComponent::onLateUpdate(void) __ptr64
3093	?onLateUpdate@SGFlipbookDriver@MOXIE@@UEAAXXZ	public: virtual void __cdecl MOXIE::SGFlipbookDriver::onLateUpdate(void) __ptr64
3094	?onLoad@AnimResource@MOXIE@@UEAA_NPEBDI@Z	public: virtual bool __cdecl MOXIE::AnimResource::onLoad(char const * __ptr64,unsigned int) __ptr64
3095	?onLoad@AudioResource@MOXIE@@UEAA_NPEBDI@Z	public: virtual bool __cdecl MOXIE::AudioResource::onLoad(char const * __ptr64,unsigned int) __ptr64
3096	?onLoad@FlipbookResource@MOXIE@@UEAA_NPEBDI@Z	public: virtual bool __cdecl MOXIE::FlipbookResource::onLoad(char const * __ptr64,unsigned int) __ptr64
3097	?onLoad@FontResource@MOXIE@@UEAA_NPEBDI@Z	public: virtual bool __cdecl MOXIE::FontResource::onLoad(char const * __ptr64,unsigned int) __ptr64
3098	?onLoad@ModelResource@MOXIE@@UEAA_NPEBDI@Z	public: virtual bool __cdecl MOXIE::ModelResource::onLoad(char const * __ptr64,unsigned int) __ptr64
3099	?onLoad@ParticleSystemResource@MOXIE@@UEAA_NPEBDI@Z	public: virtual bool __cdecl MOXIE::ParticleSystemResource::onLoad(char const * __ptr64,unsigned int) __ptr64
3100	?onLoad@SceneGraphResource@MOXIE@@UEAA_NPEBDI@Z	public: virtual bool __cdecl MOXIE::SceneGraphResource::onLoad(char const * __ptr64,unsigned int) __ptr64
3101	?onLoad@ShaderFxResource@MOXIE@@UEAA_NPEBDI@Z	public: virtual bool __cdecl MOXIE::ShaderFxResource::onLoad(char const * __ptr64,unsigned int) __ptr64
3102	?onLoad@TextureResource@MOXIE@@UEAA_NPEBDI@Z	public: virtual bool __cdecl MOXIE::TextureResource::onLoad(char const * __ptr64,unsigned int) __ptr64
3103	?onLoad@VideoCubeResource@MOXIE@@UEAA_NPEBDI@Z	public: virtual bool __cdecl MOXIE::VideoCubeResource::onLoad(char const * __ptr64,unsigned int) __ptr64
3104	?onLoadDevice@ModelResource@MOXIE@@QEAA_NXZ	public: bool __cdecl MOXIE::ModelResource::onLoadDevice(void) __ptr64
3105	?onLuaEvent@Application@MOXIE@@UEAA_NVString@2@@Z	public: virtual bool __cdecl MOXIE::Application::onLuaEvent(class MOXIE::String) __ptr64
3106	?onParseCommandLine@Application@MOXIE@@UEAA_NPEBVString@2@I@Z	public: virtual bool __cdecl MOXIE::Application::onParseCommandLine(class MOXIE::String const * __ptr64,unsigned int) __ptr64
3107	?onParseCommandLine@LApplication@MOXIE@@UEAA_NPEBVString@2@I@Z	public: virtual bool __cdecl MOXIE::LApplication::onParseCommandLine(class MOXIE::String const * __ptr64,unsigned int) __ptr64
3108	?onPause@?$Service@VAnalyticsManager@MOXIE@@@MOXIE@@UEAA_NXZ	public: virtual bool __cdecl MOXIE::Service<class MOXIE::AnalyticsManager>::onPause(void) __ptr64
3109	?onPause@?$Service@VAudioDevice@MOXIE@@@MOXIE@@UEAA_NXZ	public: virtual bool __cdecl MOXIE::Service<class MOXIE::AudioDevice>::onPause(void) __ptr64
3110	?onPause@?$Service@VAudioManager@MOXIE@@@MOXIE@@UEAA_NXZ	public: virtual bool __cdecl MOXIE::Service<class MOXIE::AudioManager>::onPause(void) __ptr64
3111	?onPause@?$Service@VAudioSystem@MOXIE@@@MOXIE@@UEAA_NXZ	public: virtual bool __cdecl MOXIE::Service<class MOXIE::AudioSystem>::onPause(void) __ptr64
3112	?onPause@?$Service@VEnableManager@MOXIE@@@MOXIE@@UEAA_NXZ	public: virtual bool __cdecl MOXIE::Service<class MOXIE::EnableManager>::onPause(void) __ptr64
3113	?onPause@?$Service@VGlobalTime@MOXIE@@@MOXIE@@UEAA_NXZ	public: virtual bool __cdecl MOXIE::Service<class MOXIE::GlobalTime>::onPause(void) __ptr64
3114	?onPause@?$Service@VInputManager@MOXIE@@@MOXIE@@UEAA_NXZ	public: virtual bool __cdecl MOXIE::Service<class MOXIE::InputManager>::onPause(void) __ptr64
3115	?onPause@?$Service@VPhysicsManager@MOXIE@@@MOXIE@@UEAA_NXZ	public: virtual bool __cdecl MOXIE::Service<class MOXIE::PhysicsManager>::onPause(void) __ptr64
3116	?onPause@?$Service@VRenderDebug@MOXIE@@@MOXIE@@UEAA_NXZ	public: virtual bool __cdecl MOXIE::Service<class MOXIE::RenderDebug>::onPause(void) __ptr64
3117	?onPause@?$Service@VRenderDevice@MOXIE@@@MOXIE@@UEAA_NXZ	public: virtual bool __cdecl MOXIE::Service<class MOXIE::RenderDevice>::onPause(void) __ptr64
3118	?onPause@?$Service@VRenderManager@MOXIE@@@MOXIE@@UEAA_NXZ	public: virtual bool __cdecl MOXIE::Service<class MOXIE::RenderManager>::onPause(void) __ptr64
3119	?onPause@?$Service@VReplayManager@MOXIE@@@MOXIE@@UEAA_NXZ	public: virtual bool __cdecl MOXIE::Service<class MOXIE::ReplayManager>::onPause(void) __ptr64
3120	?onPause@?$Service@VResourceManager@MOXIE@@@MOXIE@@UEAA_NXZ	public: virtual bool __cdecl MOXIE::Service<class MOXIE::ResourceManager>::onPause(void) __ptr64
3121	?onPause@?$Service@VSceneManager@MOXIE@@@MOXIE@@UEAA_NXZ	public: virtual bool __cdecl MOXIE::Service<class MOXIE::SceneManager>::onPause(void) __ptr64
3122	?onPause@?$Service@VScriptManager@MOXIE@@@MOXIE@@UEAA_NXZ	public: virtual bool __cdecl MOXIE::Service<class MOXIE::ScriptManager>::onPause(void) __ptr64
3123	?onPause@?$Service@VSensorManager@MOXIE@@@MOXIE@@UEAA_NXZ	public: virtual bool __cdecl MOXIE::Service<class MOXIE::SensorManager>::onPause(void) __ptr64
3124	?onPause@?$Service@VStatManager@MOXIE@@@MOXIE@@UEAA_NXZ	public: virtual bool __cdecl MOXIE::Service<class MOXIE::StatManager>::onPause(void) __ptr64
3125	?onPause@?$Service@VUriManager@MOXIE@@@MOXIE@@UEAA_NXZ	public: virtual bool __cdecl MOXIE::Service<class MOXIE::UriManager>::onPause(void) __ptr64
3126	?onPause@?$Service@VVideoCubeManager@MOXIE@@@MOXIE@@UEAA_NXZ	public: virtual bool __cdecl MOXIE::Service<class MOXIE::VideoCubeManager>::onPause(void) __ptr64
3127	?onPause@GlobalTime@MOXIE@@MEAA_NXZ	protected: virtual bool __cdecl MOXIE::GlobalTime::onPause(void) __ptr64
3128	?onPause@LApplication@MOXIE@@UEAAXXZ	public: virtual void __cdecl MOXIE::LApplication::onPause(void) __ptr64
3129	?onPause@RenderDevice@MOXIE@@UEAA_NXZ	public: virtual bool __cdecl MOXIE::RenderDevice::onPause(void) __ptr64
3130	?onRegisterLuaEnv@LApplication@MOXIE@@MEAAXPEAVLEnvironment@2@@Z	protected: virtual void __cdecl MOXIE::LApplication::onRegisterLuaEnv(class MOXIE::LEnvironment * __ptr64) __ptr64
3131	?onRender@LApplication@MOXIE@@UEAAXXZ	public: virtual void __cdecl MOXIE::LApplication::onRender(void) __ptr64
3132	?onReshape@Application@MOXIE@@UEAAXII@Z	public: virtual void __cdecl MOXIE::Application::onReshape(unsigned int,unsigned int) __ptr64
3133	?onReshape@LApplication@MOXIE@@UEAAXII@Z	public: virtual void __cdecl MOXIE::LApplication::onReshape(unsigned int,unsigned int) __ptr64
3134	?onResourceModified@ResourceMonitor@MOXIE@@QEAAXAEBVUri@2@@Z	public: void __cdecl MOXIE::ResourceMonitor::onResourceModified(class MOXIE::Uri const & __ptr64) __ptr64
3135	?onResume@?$Service@VAnalyticsManager@MOXIE@@@MOXIE@@UEAA_NXZ	public: virtual bool __cdecl MOXIE::Service<class MOXIE::AnalyticsManager>::onResume(void) __ptr64
3136	?onResume@?$Service@VAudioDevice@MOXIE@@@MOXIE@@UEAA_NXZ	public: virtual bool __cdecl MOXIE::Service<class MOXIE::AudioDevice>::onResume(void) __ptr64
3137	?onResume@?$Service@VAudioManager@MOXIE@@@MOXIE@@UEAA_NXZ	public: virtual bool __cdecl MOXIE::Service<class MOXIE::AudioManager>::onResume(void) __ptr64
3138	?onResume@?$Service@VAudioSystem@MOXIE@@@MOXIE@@UEAA_NXZ	public: virtual bool __cdecl MOXIE::Service<class MOXIE::AudioSystem>::onResume(void) __ptr64
3139	?onResume@?$Service@VEnableManager@MOXIE@@@MOXIE@@UEAA_NXZ	public: virtual bool __cdecl MOXIE::Service<class MOXIE::EnableManager>::onResume(void) __ptr64
3140	?onResume@?$Service@VGlobalTime@MOXIE@@@MOXIE@@UEAA_NXZ	public: virtual bool __cdecl MOXIE::Service<class MOXIE::GlobalTime>::onResume(void) __ptr64
3141	?onResume@?$Service@VInputManager@MOXIE@@@MOXIE@@UEAA_NXZ	public: virtual bool __cdecl MOXIE::Service<class MOXIE::InputManager>::onResume(void) __ptr64
3142	?onResume@?$Service@VPhysicsManager@MOXIE@@@MOXIE@@UEAA_NXZ	public: virtual bool __cdecl MOXIE::Service<class MOXIE::PhysicsManager>::onResume(void) __ptr64
3143	?onResume@?$Service@VRenderDebug@MOXIE@@@MOXIE@@UEAA_NXZ	public: virtual bool __cdecl MOXIE::Service<class MOXIE::RenderDebug>::onResume(void) __ptr64
3144	?onResume@?$Service@VRenderDevice@MOXIE@@@MOXIE@@UEAA_NXZ	public: virtual bool __cdecl MOXIE::Service<class MOXIE::RenderDevice>::onResume(void) __ptr64
3145	?onResume@?$Service@VRenderManager@MOXIE@@@MOXIE@@UEAA_NXZ	public: virtual bool __cdecl MOXIE::Service<class MOXIE::RenderManager>::onResume(void) __ptr64
3146	?onResume@?$Service@VReplayManager@MOXIE@@@MOXIE@@UEAA_NXZ	public: virtual bool __cdecl MOXIE::Service<class MOXIE::ReplayManager>::onResume(void) __ptr64
3147	?onResume@?$Service@VResourceManager@MOXIE@@@MOXIE@@UEAA_NXZ	public: virtual bool __cdecl MOXIE::Service<class MOXIE::ResourceManager>::onResume(void) __ptr64
3148	?onResume@?$Service@VSceneManager@MOXIE@@@MOXIE@@UEAA_NXZ	public: virtual bool __cdecl MOXIE::Service<class MOXIE::SceneManager>::onResume(void) __ptr64
3149	?onResume@?$Service@VScriptManager@MOXIE@@@MOXIE@@UEAA_NXZ	public: virtual bool __cdecl MOXIE::Service<class MOXIE::ScriptManager>::onResume(void) __ptr64
3150	?onResume@?$Service@VSensorManager@MOXIE@@@MOXIE@@UEAA_NXZ	public: virtual bool __cdecl MOXIE::Service<class MOXIE::SensorManager>::onResume(void) __ptr64
3151	?onResume@?$Service@VStatManager@MOXIE@@@MOXIE@@UEAA_NXZ	public: virtual bool __cdecl MOXIE::Service<class MOXIE::StatManager>::onResume(void) __ptr64
3152	?onResume@?$Service@VUriManager@MOXIE@@@MOXIE@@UEAA_NXZ	public: virtual bool __cdecl MOXIE::Service<class MOXIE::UriManager>::onResume(void) __ptr64
3153	?onResume@?$Service@VVideoCubeManager@MOXIE@@@MOXIE@@UEAA_NXZ	public: virtual bool __cdecl MOXIE::Service<class MOXIE::VideoCubeManager>::onResume(void) __ptr64
3154	?onResume@GlobalTime@MOXIE@@MEAA_NXZ	protected: virtual bool __cdecl MOXIE::GlobalTime::onResume(void) __ptr64
3155	?onResume@LApplication@MOXIE@@UEAAXXZ	public: virtual void __cdecl MOXIE::LApplication::onResume(void) __ptr64
3156	?onResume@RenderDevice@MOXIE@@UEAA_NXZ	public: virtual bool __cdecl MOXIE::RenderDevice::onResume(void) __ptr64
3157	?onRotation@LApplication@MOXIE@@UEAAXW4EDeviceRotation@2@@Z	public: virtual void __cdecl MOXIE::LApplication::onRotation(enum MOXIE::EDeviceRotation) __ptr64
3158	?onScreenMetric@LApiTrackingLayer@duet@@SAHPEAUlua_State@@@Z	public: static int __cdecl duet::LApiTrackingLayer::onScreenMetric(struct lua_State * __ptr64)
3159	?onShutdown@?$Service@VAnalyticsManager@MOXIE@@@MOXIE@@UEAA_NXZ	public: virtual bool __cdecl MOXIE::Service<class MOXIE::AnalyticsManager>::onShutdown(void) __ptr64
3160	?onShutdown@?$Service@VAudioDevice@MOXIE@@@MOXIE@@UEAA_NXZ	public: virtual bool __cdecl MOXIE::Service<class MOXIE::AudioDevice>::onShutdown(void) __ptr64
3161	?onShutdown@?$Service@VAudioManager@MOXIE@@@MOXIE@@UEAA_NXZ	public: virtual bool __cdecl MOXIE::Service<class MOXIE::AudioManager>::onShutdown(void) __ptr64
3162	?onShutdown@?$Service@VAudioSystem@MOXIE@@@MOXIE@@UEAA_NXZ	public: virtual bool __cdecl MOXIE::Service<class MOXIE::AudioSystem>::onShutdown(void) __ptr64
3163	?onShutdown@?$Service@VEnableManager@MOXIE@@@MOXIE@@UEAA_NXZ	public: virtual bool __cdecl MOXIE::Service<class MOXIE::EnableManager>::onShutdown(void) __ptr64
3164	?onShutdown@?$Service@VGlobalTime@MOXIE@@@MOXIE@@UEAA_NXZ	public: virtual bool __cdecl MOXIE::Service<class MOXIE::GlobalTime>::onShutdown(void) __ptr64
3165	?onShutdown@?$Service@VInputManager@MOXIE@@@MOXIE@@UEAA_NXZ	public: virtual bool __cdecl MOXIE::Service<class MOXIE::InputManager>::onShutdown(void) __ptr64
3166	?onShutdown@?$Service@VPhysicsManager@MOXIE@@@MOXIE@@UEAA_NXZ	public: virtual bool __cdecl MOXIE::Service<class MOXIE::PhysicsManager>::onShutdown(void) __ptr64
3167	?onShutdown@?$Service@VRenderDebug@MOXIE@@@MOXIE@@UEAA_NXZ	public: virtual bool __cdecl MOXIE::Service<class MOXIE::RenderDebug>::onShutdown(void) __ptr64
3168	?onShutdown@?$Service@VRenderDevice@MOXIE@@@MOXIE@@UEAA_NXZ	public: virtual bool __cdecl MOXIE::Service<class MOXIE::RenderDevice>::onShutdown(void) __ptr64
3169	?onShutdown@?$Service@VRenderManager@MOXIE@@@MOXIE@@UEAA_NXZ	public: virtual bool __cdecl MOXIE::Service<class MOXIE::RenderManager>::onShutdown(void) __ptr64
3170	?onShutdown@?$Service@VReplayManager@MOXIE@@@MOXIE@@UEAA_NXZ	public: virtual bool __cdecl MOXIE::Service<class MOXIE::ReplayManager>::onShutdown(void) __ptr64
3171	?onShutdown@?$Service@VResourceManager@MOXIE@@@MOXIE@@UEAA_NXZ	public: virtual bool __cdecl MOXIE::Service<class MOXIE::ResourceManager>::onShutdown(void) __ptr64
3172	?onShutdown@?$Service@VSceneManager@MOXIE@@@MOXIE@@UEAA_NXZ	public: virtual bool __cdecl MOXIE::Service<class MOXIE::SceneManager>::onShutdown(void) __ptr64
3173	?onShutdown@?$Service@VScriptManager@MOXIE@@@MOXIE@@UEAA_NXZ	public: virtual bool __cdecl MOXIE::Service<class MOXIE::ScriptManager>::onShutdown(void) __ptr64
3174	?onShutdown@?$Service@VSensorManager@MOXIE@@@MOXIE@@UEAA_NXZ	public: virtual bool __cdecl MOXIE::Service<class MOXIE::SensorManager>::onShutdown(void) __ptr64
3175	?onShutdown@?$Service@VStatManager@MOXIE@@@MOXIE@@UEAA_NXZ	public: virtual bool __cdecl MOXIE::Service<class MOXIE::StatManager>::onShutdown(void) __ptr64
3176	?onShutdown@?$Service@VUriManager@MOXIE@@@MOXIE@@UEAA_NXZ	public: virtual bool __cdecl MOXIE::Service<class MOXIE::UriManager>::onShutdown(void) __ptr64
3177	?onShutdown@?$Service@VVideoCubeManager@MOXIE@@@MOXIE@@UEAA_NXZ	public: virtual bool __cdecl MOXIE::Service<class MOXIE::VideoCubeManager>::onShutdown(void) __ptr64
3178	?onShutdown@AudioManager@MOXIE@@UEAA_NXZ	public: virtual bool __cdecl MOXIE::AudioManager::onShutdown(void) __ptr64
3179	?onShutdown@EnableManager@MOXIE@@UEAA_NXZ	public: virtual bool __cdecl MOXIE::EnableManager::onShutdown(void) __ptr64
3180	?onShutdown@RenderDebug@MOXIE@@UEAA_NXZ	public: virtual bool __cdecl MOXIE::RenderDebug::onShutdown(void) __ptr64
3181	?onShutdown@RenderDeviceGL@MOXIE@@UEAA_NXZ	public: virtual bool __cdecl MOXIE::RenderDeviceGL::onShutdown(void) __ptr64
3182	?onShutdown@RenderManager@MOXIE@@UEAA_NXZ	public: virtual bool __cdecl MOXIE::RenderManager::onShutdown(void) __ptr64
3183	?onShutdown@ResourceManager@MOXIE@@UEAA_NXZ	public: virtual bool __cdecl MOXIE::ResourceManager::onShutdown(void) __ptr64
3184	?onShutdown@SceneManager@MOXIE@@UEAA_NXZ	public: virtual bool __cdecl MOXIE::SceneManager::onShutdown(void) __ptr64
3185	?onShutdown@StatManager@MOXIE@@UEAA_NXZ	public: virtual bool __cdecl MOXIE::StatManager::onShutdown(void) __ptr64
3186	?onShutdown@StoryManager@MOXIE@@QEAA_NXZ	public: bool __cdecl MOXIE::StoryManager::onShutdown(void) __ptr64
3187	?onStart@LApiActorMover@duet@@SAHPEAUlua_State@@@Z	public: static int __cdecl duet::LApiActorMover::onStart(struct lua_State * __ptr64)
3188	?onStart@LApiSoftTrack@duet@@SAHPEAUlua_State@@@Z	public: static int __cdecl duet::LApiSoftTrack::onStart(struct lua_State * __ptr64)
3189	?onStartNative@LApiActorsLayer@duet@@SAHPEAUlua_State@@@Z	public: static int __cdecl duet::LApiActorsLayer::onStartNative(struct lua_State * __ptr64)
3190	?onStartNative@LApiLookAtDetector@duet@@SAHPEAUlua_State@@@Z	public: static int __cdecl duet::LApiLookAtDetector::onStartNative(struct lua_State * __ptr64)
3191	?onStartNative@LApiTrackingTarget@duet@@SAHPEAUlua_State@@@Z	public: static int __cdecl duet::LApiTrackingTarget::onStartNative(struct lua_State * __ptr64)
3192	?onStartup@?$Service@VAnalyticsManager@MOXIE@@@MOXIE@@UEAA_NXZ	public: virtual bool __cdecl MOXIE::Service<class MOXIE::AnalyticsManager>::onStartup(void) __ptr64
3193	?onStartup@?$Service@VAudioDevice@MOXIE@@@MOXIE@@UEAA_NXZ	public: virtual bool __cdecl MOXIE::Service<class MOXIE::AudioDevice>::onStartup(void) __ptr64
3194	?onStartup@?$Service@VAudioManager@MOXIE@@@MOXIE@@UEAA_NXZ	public: virtual bool __cdecl MOXIE::Service<class MOXIE::AudioManager>::onStartup(void) __ptr64
3195	?onStartup@?$Service@VAudioSystem@MOXIE@@@MOXIE@@UEAA_NXZ	public: virtual bool __cdecl MOXIE::Service<class MOXIE::AudioSystem>::onStartup(void) __ptr64
3196	?onStartup@?$Service@VEnableManager@MOXIE@@@MOXIE@@UEAA_NXZ	public: virtual bool __cdecl MOXIE::Service<class MOXIE::EnableManager>::onStartup(void) __ptr64
3197	?onStartup@?$Service@VGlobalTime@MOXIE@@@MOXIE@@UEAA_NXZ	public: virtual bool __cdecl MOXIE::Service<class MOXIE::GlobalTime>::onStartup(void) __ptr64
3198	?onStartup@?$Service@VInputManager@MOXIE@@@MOXIE@@UEAA_NXZ	public: virtual bool __cdecl MOXIE::Service<class MOXIE::InputManager>::onStartup(void) __ptr64
3199	?onStartup@?$Service@VPhysicsManager@MOXIE@@@MOXIE@@UEAA_NXZ	public: virtual bool __cdecl MOXIE::Service<class MOXIE::PhysicsManager>::onStartup(void) __ptr64
3200	?onStartup@?$Service@VRenderDebug@MOXIE@@@MOXIE@@UEAA_NXZ	public: virtual bool __cdecl MOXIE::Service<class MOXIE::RenderDebug>::onStartup(void) __ptr64
3201	?onStartup@?$Service@VRenderDevice@MOXIE@@@MOXIE@@UEAA_NXZ	public: virtual bool __cdecl MOXIE::Service<class MOXIE::RenderDevice>::onStartup(void) __ptr64
3202	?onStartup@?$Service@VRenderManager@MOXIE@@@MOXIE@@UEAA_NXZ	public: virtual bool __cdecl MOXIE::Service<class MOXIE::RenderManager>::onStartup(void) __ptr64
3203	?onStartup@?$Service@VReplayManager@MOXIE@@@MOXIE@@UEAA_NXZ	public: virtual bool __cdecl MOXIE::Service<class MOXIE::ReplayManager>::onStartup(void) __ptr64
3204	?onStartup@?$Service@VResourceManager@MOXIE@@@MOXIE@@UEAA_NXZ	public: virtual bool __cdecl MOXIE::Service<class MOXIE::ResourceManager>::onStartup(void) __ptr64
3205	?onStartup@?$Service@VSceneManager@MOXIE@@@MOXIE@@UEAA_NXZ	public: virtual bool __cdecl MOXIE::Service<class MOXIE::SceneManager>::onStartup(void) __ptr64
3206	?onStartup@?$Service@VScriptManager@MOXIE@@@MOXIE@@UEAA_NXZ	public: virtual bool __cdecl MOXIE::Service<class MOXIE::ScriptManager>::onStartup(void) __ptr64
3207	?onStartup@?$Service@VSensorManager@MOXIE@@@MOXIE@@UEAA_NXZ	public: virtual bool __cdecl MOXIE::Service<class MOXIE::SensorManager>::onStartup(void) __ptr64
3208	?onStartup@?$Service@VStatManager@MOXIE@@@MOXIE@@UEAA_NXZ	public: virtual bool __cdecl MOXIE::Service<class MOXIE::StatManager>::onStartup(void) __ptr64
3209	?onStartup@?$Service@VUriManager@MOXIE@@@MOXIE@@UEAA_NXZ	public: virtual bool __cdecl MOXIE::Service<class MOXIE::UriManager>::onStartup(void) __ptr64
3210	?onStartup@?$Service@VVideoCubeManager@MOXIE@@@MOXIE@@UEAA_NXZ	public: virtual bool __cdecl MOXIE::Service<class MOXIE::VideoCubeManager>::onStartup(void) __ptr64
3211	?onStartup@EnableManager@MOXIE@@UEAA_NXZ	public: virtual bool __cdecl MOXIE::EnableManager::onStartup(void) __ptr64
3212	?onStartup@RenderManager@MOXIE@@UEAA_NXZ	public: virtual bool __cdecl MOXIE::RenderManager::onStartup(void) __ptr64
3213	?onStartup@ResourceManager@MOXIE@@UEAA_NXZ	public: virtual bool __cdecl MOXIE::ResourceManager::onStartup(void) __ptr64
3214	?onStartup@StatManager@MOXIE@@UEAA_NXZ	public: virtual bool __cdecl MOXIE::StatManager::onStartup(void) __ptr64
3215	?onStartup@StoryManager@MOXIE@@QEAA_NXZ	public: bool __cdecl MOXIE::StoryManager::onStartup(void) __ptr64
3216	?onTerminate@LApplication@MOXIE@@UEAAXXZ	public: virtual void __cdecl MOXIE::LApplication::onTerminate(void) __ptr64
3217	?onTextInput@Application@MOXIE@@UEAA_NI@Z	public: virtual bool __cdecl MOXIE::Application::onTextInput(unsigned int) __ptr64
3218	?onTextInput@LApplication@MOXIE@@UEAA_NI@Z	public: virtual bool __cdecl MOXIE::LApplication::onTextInput(unsigned int) __ptr64
3219	?onTouchDown@Application@MOXIE@@UEAA_NIMMJH@Z	public: virtual bool __cdecl MOXIE::Application::onTouchDown(unsigned int,float,float,long,int) __ptr64
3220	?onTouchDown@LApplication@MOXIE@@UEAA_NIMMJH@Z	public: virtual bool __cdecl MOXIE::LApplication::onTouchDown(unsigned int,float,float,long,int) __ptr64
3221	?onTouchMove@Application@MOXIE@@UEAA_NIMMJH@Z	public: virtual bool __cdecl MOXIE::Application::onTouchMove(unsigned int,float,float,long,int) __ptr64
3222	?onTouchMove@LApplication@MOXIE@@UEAA_NIMMJH@Z	public: virtual bool __cdecl MOXIE::LApplication::onTouchMove(unsigned int,float,float,long,int) __ptr64
3223	?onTouchUp@Application@MOXIE@@UEAA_NIMMJH@Z	public: virtual bool __cdecl MOXIE::Application::onTouchUp(unsigned int,float,float,long,int) __ptr64
3224	?onTouchUp@LApplication@MOXIE@@UEAA_NIMMJH@Z	public: virtual bool __cdecl MOXIE::LApplication::onTouchUp(unsigned int,float,float,long,int) __ptr64
3225	?onUnload@AnimResource@MOXIE@@UEAAXXZ	public: virtual void __cdecl MOXIE::AnimResource::onUnload(void) __ptr64
3226	?onUnload@AudioResource@MOXIE@@UEAAXXZ	public: virtual void __cdecl MOXIE::AudioResource::onUnload(void) __ptr64
3227	?onUnload@FlipbookResource@MOXIE@@UEAAXXZ	public: virtual void __cdecl MOXIE::FlipbookResource::onUnload(void) __ptr64
3228	?onUnload@FontResource@MOXIE@@UEAAXXZ	public: virtual void __cdecl MOXIE::FontResource::onUnload(void) __ptr64
3229	?onUnload@ModelResource@MOXIE@@UEAAXXZ	public: virtual void __cdecl MOXIE::ModelResource::onUnload(void) __ptr64
3230	?onUnload@ParticleSystemResource@MOXIE@@UEAAXXZ	public: virtual void __cdecl MOXIE::ParticleSystemResource::onUnload(void) __ptr64
3231	?onUnload@SceneGraphResource@MOXIE@@UEAAXXZ	public: virtual void __cdecl MOXIE::SceneGraphResource::onUnload(void) __ptr64
3232	?onUnload@ShaderFxResource@MOXIE@@UEAAXXZ	public: virtual void __cdecl MOXIE::ShaderFxResource::onUnload(void) __ptr64
3233	?onUnload@TextureResource@MOXIE@@UEAAXXZ	public: virtual void __cdecl MOXIE::TextureResource::onUnload(void) __ptr64
3234	?onUnload@VideoCubeResource@MOXIE@@UEAAXXZ	public: virtual void __cdecl MOXIE::VideoCubeResource::onUnload(void) __ptr64
3235	?onUnloadDevice@ModelResource@MOXIE@@QEAAXXZ	public: void __cdecl MOXIE::ModelResource::onUnloadDevice(void) __ptr64
3236	?onUpdate@?$Service@VAnalyticsManager@MOXIE@@@MOXIE@@UEAAXXZ	public: virtual void __cdecl MOXIE::Service<class MOXIE::AnalyticsManager>::onUpdate(void) __ptr64
3237	?onUpdate@?$Service@VAudioDevice@MOXIE@@@MOXIE@@UEAAXXZ	public: virtual void __cdecl MOXIE::Service<class MOXIE::AudioDevice>::onUpdate(void) __ptr64
3238	?onUpdate@?$Service@VAudioManager@MOXIE@@@MOXIE@@UEAAXXZ	public: virtual void __cdecl MOXIE::Service<class MOXIE::AudioManager>::onUpdate(void) __ptr64
3239	?onUpdate@?$Service@VAudioSystem@MOXIE@@@MOXIE@@UEAAXXZ	public: virtual void __cdecl MOXIE::Service<class MOXIE::AudioSystem>::onUpdate(void) __ptr64
3240	?onUpdate@?$Service@VEnableManager@MOXIE@@@MOXIE@@UEAAXXZ	public: virtual void __cdecl MOXIE::Service<class MOXIE::EnableManager>::onUpdate(void) __ptr64
3241	?onUpdate@?$Service@VGlobalTime@MOXIE@@@MOXIE@@UEAAXXZ	public: virtual void __cdecl MOXIE::Service<class MOXIE::GlobalTime>::onUpdate(void) __ptr64
3242	?onUpdate@?$Service@VInputManager@MOXIE@@@MOXIE@@UEAAXXZ	public: virtual void __cdecl MOXIE::Service<class MOXIE::InputManager>::onUpdate(void) __ptr64
3243	?onUpdate@?$Service@VPhysicsManager@MOXIE@@@MOXIE@@UEAAXXZ	public: virtual void __cdecl MOXIE::Service<class MOXIE::PhysicsManager>::onUpdate(void) __ptr64
3244	?onUpdate@?$Service@VRenderDebug@MOXIE@@@MOXIE@@UEAAXXZ	public: virtual void __cdecl MOXIE::Service<class MOXIE::RenderDebug>::onUpdate(void) __ptr64
3245	?onUpdate@?$Service@VRenderDevice@MOXIE@@@MOXIE@@UEAAXXZ	public: virtual void __cdecl MOXIE::Service<class MOXIE::RenderDevice>::onUpdate(void) __ptr64
3246	?onUpdate@?$Service@VRenderManager@MOXIE@@@MOXIE@@UEAAXXZ	public: virtual void __cdecl MOXIE::Service<class MOXIE::RenderManager>::onUpdate(void) __ptr64
3247	?onUpdate@?$Service@VReplayManager@MOXIE@@@MOXIE@@UEAAXXZ	public: virtual void __cdecl MOXIE::Service<class MOXIE::ReplayManager>::onUpdate(void) __ptr64
3248	?onUpdate@?$Service@VResourceManager@MOXIE@@@MOXIE@@UEAAXXZ	public: virtual void __cdecl MOXIE::Service<class MOXIE::ResourceManager>::onUpdate(void) __ptr64
3249	?onUpdate@?$Service@VSceneManager@MOXIE@@@MOXIE@@UEAAXXZ	public: virtual void __cdecl MOXIE::Service<class MOXIE::SceneManager>::onUpdate(void) __ptr64
3250	?onUpdate@?$Service@VScriptManager@MOXIE@@@MOXIE@@UEAAXXZ	public: virtual void __cdecl MOXIE::Service<class MOXIE::ScriptManager>::onUpdate(void) __ptr64
3251	?onUpdate@?$Service@VSensorManager@MOXIE@@@MOXIE@@UEAAXXZ	public: virtual void __cdecl MOXIE::Service<class MOXIE::SensorManager>::onUpdate(void) __ptr64
3252	?onUpdate@?$Service@VStatManager@MOXIE@@@MOXIE@@UEAAXXZ	public: virtual void __cdecl MOXIE::Service<class MOXIE::StatManager>::onUpdate(void) __ptr64
3253	?onUpdate@?$Service@VUriManager@MOXIE@@@MOXIE@@UEAAXXZ	public: virtual void __cdecl MOXIE::Service<class MOXIE::UriManager>::onUpdate(void) __ptr64
3254	?onUpdate@?$Service@VVideoCubeManager@MOXIE@@@MOXIE@@UEAAXXZ	public: virtual void __cdecl MOXIE::Service<class MOXIE::VideoCubeManager>::onUpdate(void) __ptr64
3255	?onUpdate@AnalyticsManager@MOXIE@@UEAAXXZ	public: virtual void __cdecl MOXIE::AnalyticsManager::onUpdate(void) __ptr64
3256	?onUpdate@AudioManager@MOXIE@@UEAAXXZ	public: virtual void __cdecl MOXIE::AudioManager::onUpdate(void) __ptr64
3257	?onUpdate@EnableManager@MOXIE@@UEAAXXZ	public: virtual void __cdecl MOXIE::EnableManager::onUpdate(void) __ptr64
3258	?onUpdate@GlobalTime@MOXIE@@MEAAXXZ	protected: virtual void __cdecl MOXIE::GlobalTime::onUpdate(void) __ptr64
3259	?onUpdate@InputManager@MOXIE@@UEAAXXZ	public: virtual void __cdecl MOXIE::InputManager::onUpdate(void) __ptr64
3260	?onUpdate@LApiParticlesController@duet@@SAXXZ	public: static void __cdecl duet::LApiParticlesController::onUpdate(void)
3261	?onUpdate@LApplication@MOXIE@@UEAAXXZ	public: virtual void __cdecl MOXIE::LApplication::onUpdate(void) __ptr64
3262	?onUpdate@LComponent@MOXIE@@UEAAXXZ	public: virtual void __cdecl MOXIE::LComponent::onUpdate(void) __ptr64
3263	?onUpdate@RenderDevice@MOXIE@@UEAAXXZ	public: virtual void __cdecl MOXIE::RenderDevice::onUpdate(void) __ptr64
3264	?onUpdate@RenderDeviceGL@MOXIE@@UEAAXXZ	public: virtual void __cdecl MOXIE::RenderDeviceGL::onUpdate(void) __ptr64
3265	?onUpdate@ReplayManager@MOXIE@@UEAAXXZ	public: virtual void __cdecl MOXIE::ReplayManager::onUpdate(void) __ptr64
3266	?onUpdate@ResourceManager@MOXIE@@UEAAXXZ	public: virtual void __cdecl MOXIE::ResourceManager::onUpdate(void) __ptr64
3267	?onUpdate@SGAnimator@MOXIE@@UEAAXXZ	public: virtual void __cdecl MOXIE::SGAnimator::onUpdate(void) __ptr64
3268	?onUpdate@SGCameraController@MOXIE@@MEAAXXZ	protected: virtual void __cdecl MOXIE::SGCameraController::onUpdate(void) __ptr64
3269	?onUpdate@SGComponent@MOXIE@@UEAAXXZ	public: virtual void __cdecl MOXIE::SGComponent::onUpdate(void) __ptr64
3270	?onUpdate@SGFlipbookDriver@MOXIE@@UEAAXXZ	public: virtual void __cdecl MOXIE::SGFlipbookDriver::onUpdate(void) __ptr64
3271	?onUpdate@SGReplay@MOXIE@@UEAAXXZ	public: virtual void __cdecl MOXIE::SGReplay::onUpdate(void) __ptr64
3272	?onUpdate@SensorManager@MOXIE@@UEAAXXZ	public: virtual void __cdecl MOXIE::SensorManager::onUpdate(void) __ptr64
3273	?onUpdate@StatManager@MOXIE@@UEAAXXZ	public: virtual void __cdecl MOXIE::StatManager::onUpdate(void) __ptr64
3274	?onUpdate@StoryManager@MOXIE@@QEAAXXZ	public: void __cdecl MOXIE::StoryManager::onUpdate(void) __ptr64
3275	?onUpdateNative@LApiActorClampLayer@duet@@SAHPEAUlua_State@@@Z	public: static int __cdecl duet::LApiActorClampLayer::onUpdateNative(struct lua_State * __ptr64)
3276	?onUpdateNative@LApiActorMoverLayer@duet@@SAHPEAUlua_State@@@Z	public: static int __cdecl duet::LApiActorMoverLayer::onUpdateNative(struct lua_State * __ptr64)
3277	?onUpdateNative@LApiActorsLayer@duet@@SAHPEAUlua_State@@@Z	public: static int __cdecl duet::LApiActorsLayer::onUpdateNative(struct lua_State * __ptr64)
3278	?onUpdateNative@LApiBoomLayer@duet@@SAHPEAUlua_State@@@Z	public: static int __cdecl duet::LApiBoomLayer::onUpdateNative(struct lua_State * __ptr64)
3279	?onUpdateNative@LApiBoundsLayer@duet@@SAHPEAUlua_State@@@Z	public: static int __cdecl duet::LApiBoundsLayer::onUpdateNative(struct lua_State * __ptr64)
3280	?onUpdateNative@LApiFlipbookDriver@duet@@SAHPEAUlua_State@@@Z	public: static int __cdecl duet::LApiFlipbookDriver::onUpdateNative(struct lua_State * __ptr64)
3281	?onUpdateNative@LApiInputLayer@duet@@SAHPEAUlua_State@@@Z	public: static int __cdecl duet::LApiInputLayer::onUpdateNative(struct lua_State * __ptr64)
3282	?onUpdateNative@LApiLookAtDetector@duet@@SAHPEAUlua_State@@@Z	public: static int __cdecl duet::LApiLookAtDetector::onUpdateNative(struct lua_State * __ptr64)
3283	?onUpdateNative@LApiLookAtLayer@duet@@SAHPEAUlua_State@@@Z	public: static int __cdecl duet::LApiLookAtLayer::onUpdateNative(struct lua_State * __ptr64)
3284	?onUpdateNative@LApiProxyLayer@duet@@SAHPEAUlua_State@@@Z	public: static int __cdecl duet::LApiProxyLayer::onUpdateNative(struct lua_State * __ptr64)
3285	?onUpdateNative@LApiStarBlendLayer@duet@@SAHPEAUlua_State@@@Z	public: static int __cdecl duet::LApiStarBlendLayer::onUpdateNative(struct lua_State * __ptr64)
3286	?onUpdateNative@LApiTrackingLayer@duet@@SAHPEAUlua_State@@@Z	public: static int __cdecl duet::LApiTrackingLayer::onUpdateNative(struct lua_State * __ptr64)
3287	?open@FileStream@MOXIE@@QEAA_NPEAVFileSystem@2@PEBD1@Z	public: bool __cdecl MOXIE::FileStream::open(class MOXIE::FileSystem * __ptr64,char const * __ptr64,char const * __ptr64) __ptr64
3288	?open@LocalFileSystem@MOXIE@@UEAA_KPEBD0@Z	public: virtual unsigned __int64 __cdecl MOXIE::LocalFileSystem::open(char const * __ptr64,char const * __ptr64) __ptr64
3289	?open@NetworkFileSystem@MOXIE@@UEAA_KPEBD0@Z	public: virtual unsigned __int64 __cdecl MOXIE::NetworkFileSystem::open(char const * __ptr64,char const * __ptr64) __ptr64
3290	?open@VideoCube@MOXIE@@QEAA_NPEBD@Z	public: bool __cdecl MOXIE::VideoCube::open(char const * __ptr64) __ptr64
3291	?open@ZipArchive@MOXIE@@QEAA_NPEBD@Z	public: bool __cdecl MOXIE::ZipArchive::open(char const * __ptr64) __ptr64
3292	?open@ZipEntry@MOXIE@@QEAA_NXZ	public: bool __cdecl MOXIE::ZipEntry::open(void) __ptr64
3293	?openCallbacks@OggVorbisMetadata@MOXIE@@SAHAEBVUri@2@PEAXPEAUOggVorbis_File@@PEBDJUov_callbacks@@@Z	public: static int __cdecl MOXIE::OggVorbisMetadata::openCallbacks(class MOXIE::Uri const & __ptr64,void * __ptr64,struct OggVorbis_File * __ptr64,char const * __ptr64,long,struct ov_callbacks)
3294	?openCallbacks@OggVorbisMetadata@MOXIE@@SAHPEBDPEAXPEAUOggVorbis_File@@0JUov_callbacks@@@Z	public: static int __cdecl MOXIE::OggVorbisMetadata::openCallbacks(char const * __ptr64,void * __ptr64,struct OggVorbis_File * __ptr64,char const * __ptr64,long,struct ov_callbacks)
3295	?openFace@VideoCube@MOXIE@@IEAA_NPEBDI@Z	protected: bool __cdecl MOXIE::VideoCube::openFace(char const * __ptr64,unsigned int) __ptr64
3296	?orthonormalize@Matrix4@MOXIE@@QEAAXXZ	public: void __cdecl MOXIE::Matrix4::orthonormalize(void) __ptr64
3297	?outofChunk@RiffDiver@MOXIE@@QEAA_NXZ	public: bool __cdecl MOXIE::RiffDiver::outofChunk(void) __ptr64
3298	?overlaps@AABBox@MOXIE@@QEBA_NAEBV12@@Z	public: bool __cdecl MOXIE::AABBox::overlaps(class MOXIE::AABBox const & __ptr64)const __ptr64
3299	?overlaps@BSphere@MOXIE@@QEBA_NAEBV12@@Z	public: bool __cdecl MOXIE::BSphere::overlaps(class MOXIE::BSphere const & __ptr64)const __ptr64
3300	?overlaps@BSphere@MOXIE@@QEBA_NAEBVAABBox@2@@Z	public: bool __cdecl MOXIE::BSphere::overlaps(class MOXIE::AABBox const & __ptr64)const __ptr64
3301	?overlaps@Frustum@MOXIE@@QEBA_NAEBVAABBox@2@@Z	public: bool __cdecl MOXIE::Frustum::overlaps(class MOXIE::AABBox const & __ptr64)const __ptr64
3302	?overlaps@Frustum@MOXIE@@QEBA_NAEBVBSphere@2@@Z	public: bool __cdecl MOXIE::Frustum::overlaps(class MOXIE::BSphere const & __ptr64)const __ptr64
3303	?overrideManifestUrl@Application@MOXIE@@QEAAXAEAVString@2@@Z	public: void __cdecl MOXIE::Application::overrideManifestUrl(class MOXIE::String & __ptr64) __ptr64
3304	?padding@Buffer@MOXIE@@AEAAIPEAEI@Z	private: unsigned int __cdecl MOXIE::Buffer::padding(unsigned char * __ptr64,unsigned int) __ptr64
3305	?parse@FilePath@MOXIE@@AEAAXPEBD@Z	private: void __cdecl MOXIE::FilePath::parse(char const * __ptr64) __ptr64
3306	?parse@ShaderFxCompiler@MOXIE@@AEAA_NPEBDI@Z	private: bool __cdecl MOXIE::ShaderFxCompiler::parse(char const * __ptr64,unsigned int) __ptr64
3307	?parse@StoryConfig@MOXIE@@QEAA_NPEBD@Z	public: bool __cdecl MOXIE::StoryConfig::parse(char const * __ptr64) __ptr64
3308	?parse@StoryManifest@MOXIE@@QEAA_NPEAVBuffer@2@AEBVString@2@@Z	public: bool __cdecl MOXIE::StoryManifest::parse(class MOXIE::Buffer * __ptr64,class MOXIE::String const & __ptr64) __ptr64
3309	?parseAddressMode@ShaderFxCompiler@MOXIE@@AEAA?AW4ESamplerAddressMode@2@AEAVLexer@2@@Z	private: enum MOXIE::ESamplerAddressMode __cdecl MOXIE::ShaderFxCompiler::parseAddressMode(class MOXIE::Lexer & __ptr64) __ptr64
3310	?parseBlendEquation@ShaderFxCompiler@MOXIE@@AEAAHAEAVLexer@2@@Z	private: int __cdecl MOXIE::ShaderFxCompiler::parseBlendEquation(class MOXIE::Lexer & __ptr64) __ptr64
3311	?parseBlendFactor@ShaderFxCompiler@MOXIE@@AEAAHAEAVLexer@2@@Z	private: int __cdecl MOXIE::ShaderFxCompiler::parseBlendFactor(class MOXIE::Lexer & __ptr64) __ptr64
3312	?parseBoolean@ShaderFxCompiler@MOXIE@@AEAA_NAEAVLexer@2@@Z	private: bool __cdecl MOXIE::ShaderFxCompiler::parseBoolean(class MOXIE::Lexer & __ptr64) __ptr64
3313	?parseCodeBlock@ShaderFxCompiler@MOXIE@@AEAAXAEAVLexer@2@AEAVString@2@@Z	private: void __cdecl MOXIE::ShaderFxCompiler::parseCodeBlock(class MOXIE::Lexer & __ptr64,class MOXIE::String & __ptr64) __ptr64
3314	?parseCodeFragment@ShaderFxCompiler@MOXIE@@AEAAXAEAVLexer@2@@Z	private: void __cdecl MOXIE::ShaderFxCompiler::parseCodeFragment(class MOXIE::Lexer & __ptr64) __ptr64
3315	?parseColor@ShaderFxCompiler@MOXIE@@AEAA?AVVector4@2@AEAVLexer@2@@Z	private: class MOXIE::Vector4 __cdecl MOXIE::ShaderFxCompiler::parseColor(class MOXIE::Lexer & __ptr64) __ptr64
3316	?parseCullingMode@ShaderFxCompiler@MOXIE@@AEAAHAEAVLexer@2@@Z	private: int __cdecl MOXIE::ShaderFxCompiler::parseCullingMode(class MOXIE::Lexer & __ptr64) __ptr64
3317	?parseFilterMode@ShaderFxCompiler@MOXIE@@AEAA?AW4ESamplerFilterMode@2@AEAVLexer@2@@Z	private: enum MOXIE::ESamplerFilterMode __cdecl MOXIE::ShaderFxCompiler::parseFilterMode(class MOXIE::Lexer & __ptr64) __ptr64
3318	?parseFloat@ShaderFxCompiler@MOXIE@@AEAAMAEAVLexer@2@@Z	private: float __cdecl MOXIE::ShaderFxCompiler::parseFloat(class MOXIE::Lexer & __ptr64) __ptr64
3319	?parseFuncOp@ShaderFxCompiler@MOXIE@@AEAAHAEAVLexer@2@@Z	private: int __cdecl MOXIE::ShaderFxCompiler::parseFuncOp(class MOXIE::Lexer & __ptr64) __ptr64
3320	?parseIncludeFile@ShaderFxCompiler@MOXIE@@AEAA_NAEAVLexer@2@@Z	private: bool __cdecl MOXIE::ShaderFxCompiler::parseIncludeFile(class MOXIE::Lexer & __ptr64) __ptr64
3321	?parseInteger@ShaderFxCompiler@MOXIE@@AEAAHAEAVLexer@2@@Z	private: int __cdecl MOXIE::ShaderFxCompiler::parseInteger(class MOXIE::Lexer & __ptr64) __ptr64
3322	?parseLocal@StoryConfig@MOXIE@@QEAA_NPEBD@Z	public: bool __cdecl MOXIE::StoryConfig::parseLocal(char const * __ptr64) __ptr64
3323	?parsePolygonMode@ShaderFxCompiler@MOXIE@@AEAAHAEAVLexer@2@@Z	private: int __cdecl MOXIE::ShaderFxCompiler::parsePolygonMode(class MOXIE::Lexer & __ptr64) __ptr64
3324	?parseRemote@StoryConfig@MOXIE@@QEAA_NPEBD@Z	public: bool __cdecl MOXIE::StoryConfig::parseRemote(char const * __ptr64) __ptr64
3325	?parseRenderState@ShaderFxCompiler@MOXIE@@AEAAXAEAVLexer@2@AEAURenderState@2@@Z	private: void __cdecl MOXIE::ShaderFxCompiler::parseRenderState(class MOXIE::Lexer & __ptr64,struct MOXIE::RenderState & __ptr64) __ptr64
3326	?parseResourceInfo@OggVorbisDecoder@MOXIE@@SA?AUAUDIORESOURCEINFO@2@AEBVUri@2@@Z	public: static struct MOXIE::AUDIORESOURCEINFO __cdecl MOXIE::OggVorbisDecoder::parseResourceInfo(class MOXIE::Uri const & __ptr64)
3327	?parseResourceInfo@PcmDecoder@MOXIE@@SA?AUAUDIORESOURCEINFO@2@AEBVUri@2@@Z	public: static struct MOXIE::AUDIORESOURCEINFO __cdecl MOXIE::PcmDecoder::parseResourceInfo(class MOXIE::Uri const & __ptr64)
3328	?parseSamplerState@ShaderFxCompiler@MOXIE@@AEAAXAEAVLexer@2@AEAUSamplerState@2@@Z	private: void __cdecl MOXIE::ShaderFxCompiler::parseSamplerState(class MOXIE::Lexer & __ptr64,struct MOXIE::SamplerState & __ptr64) __ptr64
3329	?parseSemantic@ShaderFxCompiler@MOXIE@@AEAAXAEAVLexer@2@@Z	private: void __cdecl MOXIE::ShaderFxCompiler::parseSemantic(class MOXIE::Lexer & __ptr64) __ptr64
3330	?parseShaderCombinations@ShaderFxCompiler@MOXIE@@AEAAXAEAVLexer@2@AEAUShaderCombinationList@12@@Z	private: void __cdecl MOXIE::ShaderFxCompiler::parseShaderCombinations(class MOXIE::Lexer & __ptr64,struct MOXIE::ShaderFxCompiler::ShaderCombinationList & __ptr64) __ptr64
3331	?parseSign@ShaderFxCompiler@MOXIE@@AEAAHAEAVLexer@2@@Z	private: int __cdecl MOXIE::ShaderFxCompiler::parseSign(class MOXIE::Lexer & __ptr64) __ptr64
3332	?parseStencilOp@ShaderFxCompiler@MOXIE@@AEAAHAEAVLexer@2@@Z	private: int __cdecl MOXIE::ShaderFxCompiler::parseStencilOp(class MOXIE::Lexer & __ptr64) __ptr64
3333	?parseString@ShaderFxCompiler@MOXIE@@AEAA?AVString@2@AEAVLexer@2@@Z	private: class MOXIE::String __cdecl MOXIE::ShaderFxCompiler::parseString(class MOXIE::Lexer & __ptr64) __ptr64
3334	?parseTechnique@ShaderFxCompiler@MOXIE@@AEAAXAEAVLexer@2@@Z	private: void __cdecl MOXIE::ShaderFxCompiler::parseTechnique(class MOXIE::Lexer & __ptr64) __ptr64
3335	?path@FilePath@MOXIE@@QEBAPEBDXZ	public: char const * __ptr64 __cdecl MOXIE::FilePath::path(void)const __ptr64
3336	?pause@Engine@MOXIE@@QEAAXXZ	public: void __cdecl MOXIE::Engine::pause(void) __ptr64
3337	?pause@JobQueue@MOXIE@@QEAAXXZ	public: void __cdecl MOXIE::JobQueue::pause(void) __ptr64
3338	?pause@PlatformAudioDriver@MOXIE@@UEAA_NXZ	public: virtual bool __cdecl MOXIE::PlatformAudioDriver::pause(void) __ptr64
3339	?pause@SGVideoCubePlayer@MOXIE@@QEAAXXZ	public: void __cdecl MOXIE::SGVideoCubePlayer::pause(void) __ptr64
3340	?pause@SensorManager@MOXIE@@QEAAXXZ	public: void __cdecl MOXIE::SensorManager::pause(void) __ptr64
3341	?pause@StoryPlayer@MOXIE@@IEAA_NXZ	protected: bool __cdecl MOXIE::StoryPlayer::pause(void) __ptr64
3342	?pause@Time@MOXIE@@QEAAXXZ	public: void __cdecl MOXIE::Time::pause(void) __ptr64
3343	?pauseAll@Locator@MOXIE@@SA_NXZ	public: static bool __cdecl MOXIE::Locator::pauseAll(void)
3344	?pauseStory@StoryManager@MOXIE@@QEAAXXZ	public: void __cdecl MOXIE::StoryManager::pauseStory(void) __ptr64
3345	?pick@SceneGraph@MOXIE@@QEAAPEAVSGNode@2@AEBVCamera@2@AEBVViewport@2@AEBVVector2@2@@Z	public: class MOXIE::SGNode * __ptr64 __cdecl MOXIE::SceneGraph::pick(class MOXIE::Camera const & __ptr64,class MOXIE::Viewport const & __ptr64,class MOXIE::Vector2 const & __ptr64) __ptr64
3346	?pickTraversal@SceneGraph@MOXIE@@IEAAPEAVSGNode@2@PEAV32@AEBVRay@2@PEAVVector3@2@@Z	protected: class MOXIE::SGNode * __ptr64 __cdecl MOXIE::SceneGraph::pickTraversal(class MOXIE::SGNode * __ptr64,class MOXIE::Ray const & __ptr64,class MOXIE::Vector3 * __ptr64) __ptr64
3347	?pitchDownClamp@SGCameraController@MOXIE@@QEAAXM@Z	public: void __cdecl MOXIE::SGCameraController::pitchDownClamp(float) __ptr64
3348	?play@Animator@MOXIE@@QEAA_NPEBD_N@Z	public: bool __cdecl MOXIE::Animator::play(char const * __ptr64,bool) __ptr64
3349	?play@ReplayManager@MOXIE@@QEAA_NPEBD@Z	public: bool __cdecl MOXIE::ReplayManager::play(char const * __ptr64) __ptr64
3350	?play@SGFlipbookDriver@MOXIE@@QEAAXXZ	public: void __cdecl MOXIE::SGFlipbookDriver::play(void) __ptr64
3351	?play@SGVideoCubePlayer@MOXIE@@QEAAXXZ	public: void __cdecl MOXIE::SGVideoCubePlayer::play(void) __ptr64
3352	?play@StoryPlayer@MOXIE@@IEAA_NXZ	protected: bool __cdecl MOXIE::StoryPlayer::play(void) __ptr64
3353	?playCompleteCallback@AudioDataMaux@MOXIE@@CAXPEAXW4EPlayerCallback@2@II@Z	private: static void __cdecl MOXIE::AudioDataMaux::playCompleteCallback(void * __ptr64,enum MOXIE::EPlayerCallback,unsigned int,unsigned int)
3354	?playerPreroll@AudioSystem@MOXIE@@QEAA?AW4MauxStatus@2@I@Z	public: enum MOXIE::MauxStatus __cdecl MOXIE::AudioSystem::playerPreroll(unsigned int) __ptr64
3355	?pop@Buffer@MOXIE@@QEAAPEAEI@Z	public: unsigned char * __ptr64 __cdecl MOXIE::Buffer::pop(unsigned int) __ptr64
3356	?popBool@LUtil@MOXIE@@SA_NPEAUlua_State@@_N@Z	public: static bool __cdecl MOXIE::LUtil::popBool(struct lua_State * __ptr64,bool)
3357	?popBool@LUtil@duet@@SA_NPEAUlua_State@@_N@Z	public: static bool __cdecl duet::LUtil::popBool(struct lua_State * __ptr64,bool)
3358	?popChar@Buffer@MOXIE@@QEAAHXZ	public: int __cdecl MOXIE::Buffer::popChar(void) __ptr64
3359	?popFloat@Buffer@MOXIE@@QEAAMXZ	public: float __cdecl MOXIE::Buffer::popFloat(void) __ptr64
3360	?popFloat@LUtil@MOXIE@@SAMPEAUlua_State@@M@Z	public: static float __cdecl MOXIE::LUtil::popFloat(struct lua_State * __ptr64,float)
3361	?popFloat@LUtil@duet@@SAMPEAUlua_State@@M@Z	public: static float __cdecl duet::LUtil::popFloat(struct lua_State * __ptr64,float)
3362	?popInt16@Buffer@MOXIE@@QEAAHXZ	public: int __cdecl MOXIE::Buffer::popInt16(void) __ptr64
3363	?popInt32@Buffer@MOXIE@@QEAAHXZ	public: int __cdecl MOXIE::Buffer::popInt32(void) __ptr64
3364	?popInt@LUtil@MOXIE@@SAHPEAUlua_State@@H@Z	public: static int __cdecl MOXIE::LUtil::popInt(struct lua_State * __ptr64,int)
3365	?popInt@LUtil@duet@@SAHPEAUlua_State@@H@Z	public: static int __cdecl duet::LUtil::popInt(struct lua_State * __ptr64,int)
3366	?popNativeType_@LUtil@MOXIE@@CAIPEAUlua_State@@PEBD@Z	private: static unsigned int __cdecl MOXIE::LUtil::popNativeType_(struct lua_State * __ptr64,char const * __ptr64)
3367	?popString@Buffer@MOXIE@@QEAAPEBDXZ	public: char const * __ptr64 __cdecl MOXIE::Buffer::popString(void) __ptr64
3368	?popString@LUtil@MOXIE@@SA?AVString@2@PEAUlua_State@@V32@@Z	public: static class MOXIE::String __cdecl MOXIE::LUtil::popString(struct lua_State * __ptr64,class MOXIE::String)
3369	?popTableBegin@LUtil@MOXIE@@SA_NPEAUlua_State@@PEBD@Z	public: static bool __cdecl MOXIE::LUtil::popTableBegin(struct lua_State * __ptr64,char const * __ptr64)
3370	?popTableEnd@LUtil@MOXIE@@SAXPEAUlua_State@@@Z	public: static void __cdecl MOXIE::LUtil::popTableEnd(struct lua_State * __ptr64)
3371	?popUInt@LUtil@MOXIE@@SAIPEAUlua_State@@I@Z	public: static unsigned int __cdecl MOXIE::LUtil::popUInt(struct lua_State * __ptr64,unsigned int)
3372	?postJob@AudServices@MOXIE@@QEAAX_NW4AUDJOBTYPE@2@PEAX@Z	public: void __cdecl MOXIE::AudServices::postJob(bool,enum MOXIE::AUDJOBTYPE,void * __ptr64) __ptr64
3373	?prefetch@AudioDataMaux@MOXIE@@UEAA_NXZ	public: virtual bool __cdecl MOXIE::AudioDataMaux::prefetch(void) __ptr64
3374	?prefetch@Material@MOXIE@@QEAAXI@Z	public: void __cdecl MOXIE::Material::prefetch(unsigned int) __ptr64
3375	?prefetch@ResourceGroup@MOXIE@@QEAAXXZ	public: void __cdecl MOXIE::ResourceGroup::prefetch(void) __ptr64
3376	?prefetch@ResourceManager@MOXIE@@QEAAXAEBVResourceHandle@2@I@Z	public: void __cdecl MOXIE::ResourceManager::prefetch(class MOXIE::ResourceHandle const & __ptr64,unsigned int) __ptr64
3377	?prefetch@ResourceManager@MOXIE@@QEAA_NI@Z	public: bool __cdecl MOXIE::ResourceManager::prefetch(unsigned int) __ptr64
3378	?prefetch@TextureResource@MOXIE@@UEAAXI@Z	public: virtual void __cdecl MOXIE::TextureResource::prefetch(unsigned int) __ptr64
3379	?prefetch@VideoCubeResource@MOXIE@@UEAAXI@Z	public: virtual void __cdecl MOXIE::VideoCubeResource::prefetch(unsigned int) __ptr64
3380	?prefetchMaterials@ModelResource@MOXIE@@QEAAXI@Z	public: void __cdecl MOXIE::ModelResource::prefetchMaterials(unsigned int) __ptr64
3381	?prefetchState@StoryFSM@MOXIE@@QEAAXPEBD@Z	public: void __cdecl MOXIE::StoryFSM::prefetchState(char const * __ptr64) __ptr64
3382	?prepare@StoryPlayer@MOXIE@@IEAA_NPEBD0@Z	protected: bool __cdecl MOXIE::StoryPlayer::prepare(char const * __ptr64,char const * __ptr64) __ptr64
3383	?preroll@AudPlayer@MOXIE@@QEAA?AW4MauxStatus@2@_N@Z	public: enum MOXIE::MauxStatus __cdecl MOXIE::AudPlayer::preroll(bool) __ptr64
3384	?preroll@AudioDataSource@MOXIE@@QEAA?AW4MauxStatus@2@_N@Z	public: enum MOXIE::MauxStatus __cdecl MOXIE::AudioDataSource::preroll(bool) __ptr64
3385	?print@ParticleDefinition@MOXIE@@QEBAXXZ	public: void __cdecl MOXIE::ParticleDefinition::print(void)const __ptr64
3386	?print@StoryConfig@MOXIE@@QEAAXXZ	public: void __cdecl MOXIE::StoryConfig::print(void) __ptr64
3387	?printActiveResources@ResourceManager@MOXIE@@QEAAXXZ	public: void __cdecl MOXIE::ResourceManager::printActiveResources(void) __ptr64
3388	?printFSM@StoryManifest@MOXIE@@QEAAXXZ	public: void __cdecl MOXIE::StoryManifest::printFSM(void) __ptr64
3389	?printFilter@StoryConfig@MOXIE@@IEAAXPEAV?$THashTable@PEAVIParameter@StoryConfig@MOXIE@@@2@@Z	protected: void __cdecl MOXIE::StoryConfig::printFilter(class MOXIE::THashTable<class MOXIE::StoryConfig::IParameter * __ptr64> * __ptr64) __ptr64
3390	?printStack@LUtil@MOXIE@@SAXPEAUlua_State@@@Z	public: static void __cdecl MOXIE::LUtil::printStack(struct lua_State * __ptr64)
3391	?printf@FileStream@MOXIE@@QEAAHPEBDZZ	public: int __cdecl MOXIE::FileStream::printf(char const * __ptr64,...) __ptr64
3392	?printf@LocalFileSystem@MOXIE@@UEAAH_KPEBDZZ	public: virtual int __cdecl MOXIE::LocalFileSystem::printf(unsigned __int64,char const * __ptr64,...) __ptr64
3393	?printf@NetworkFileSystem@MOXIE@@UEAAH_KPEBDZZ	public: virtual int __cdecl MOXIE::NetworkFileSystem::printf(unsigned __int64,char const * __ptr64,...) __ptr64
3394	?processPrefetchQueue@ResourceManager@MOXIE@@AEAAXXZ	private: void __cdecl MOXIE::ResourceManager::processPrefetchQueue(void) __ptr64
3395	?project@RenderDevice@MOXIE@@QEBA?AVVector3@2@AEBVCamera@2@AEBV32@@Z	public: class MOXIE::Vector3 __cdecl MOXIE::RenderDevice::project(class MOXIE::Camera const & __ptr64,class MOXIE::Vector3 const & __ptr64)const __ptr64
3396	?projectOntoPlane@Vector3@MOXIE@@QEAAXAEBV12@@Z	public: void __cdecl MOXIE::Vector3::projectOntoPlane(class MOXIE::Vector3 const & __ptr64) __ptr64
3397	?push@Buffer@MOXIE@@QEAAPEAEI@Z	public: unsigned char * __ptr64 __cdecl MOXIE::Buffer::push(unsigned int) __ptr64
3398	?pushBool@LUtil@MOXIE@@SAXPEAUlua_State@@_N@Z	public: static void __cdecl MOXIE::LUtil::pushBool(struct lua_State * __ptr64,bool)
3399	?pushChar@Buffer@MOXIE@@QEAAXD@Z	public: void __cdecl MOXIE::Buffer::pushChar(char) __ptr64
3400	?pushFloat@Buffer@MOXIE@@QEAAXM@Z	public: void __cdecl MOXIE::Buffer::pushFloat(float) __ptr64
3401	?pushFloat@LUtil@MOXIE@@SAXPEAUlua_State@@M@Z	public: static void __cdecl MOXIE::LUtil::pushFloat(struct lua_State * __ptr64,float)
3402	?pushInt16@Buffer@MOXIE@@QEAAXF@Z	public: void __cdecl MOXIE::Buffer::pushInt16(short) __ptr64
3403	?pushInt32@Buffer@MOXIE@@QEAAXH@Z	public: void __cdecl MOXIE::Buffer::pushInt32(int) __ptr64
3404	?pushInt@LUtil@MOXIE@@SAXPEAUlua_State@@H@Z	public: static void __cdecl MOXIE::LUtil::pushInt(struct lua_State * __ptr64,int)
3405	?pushNativeType_@LUtil@MOXIE@@CAXPEAUlua_State@@IPEBD@Z	private: static void __cdecl MOXIE::LUtil::pushNativeType_(struct lua_State * __ptr64,unsigned int,char const * __ptr64)
3406	?pushString@Buffer@MOXIE@@QEAAPEADPEBD@Z	public: char * __ptr64 __cdecl MOXIE::Buffer::pushString(char const * __ptr64) __ptr64
3407	?pushString@LUtil@MOXIE@@SAXPEAUlua_State@@VString@2@@Z	public: static void __cdecl MOXIE::LUtil::pushString(struct lua_State * __ptr64,class MOXIE::String)
3408	?pushTableBegin@LUtil@MOXIE@@SAXPEAUlua_State@@H@Z	public: static void __cdecl MOXIE::LUtil::pushTableBegin(struct lua_State * __ptr64,int)
3409	?pushTableBegin@LUtil@MOXIE@@SAXPEAUlua_State@@PEBD@Z	public: static void __cdecl MOXIE::LUtil::pushTableBegin(struct lua_State * __ptr64,char const * __ptr64)
3410	?pushTableEnd@LUtil@MOXIE@@SAXPEAUlua_State@@@Z	public: static void __cdecl MOXIE::LUtil::pushTableEnd(struct lua_State * __ptr64)
3411	?pushToFilestack@ShaderFxCompiler@MOXIE@@QEAAXPEBD@Z	public: void __cdecl MOXIE::ShaderFxCompiler::pushToFilestack(char const * __ptr64) __ptr64
3412	?pushUInt@LUtil@MOXIE@@SAXPEAUlua_State@@I@Z	public: static void __cdecl MOXIE::LUtil::pushUInt(struct lua_State * __ptr64,unsigned int)
3413	?rayIntersection@Plane@MOXIE@@QEBA_NAEBVVector3@2@0AEAV32@@Z	public: bool __cdecl MOXIE::Plane::rayIntersection(class MOXIE::Vector3 const & __ptr64,class MOXIE::Vector3 const & __ptr64,class MOXIE::Vector3 & __ptr64)const __ptr64
3414	?read@AnimResource@MOXIE@@UEAAXPEAVStream@2@@Z	public: virtual void __cdecl MOXIE::AnimResource::read(class MOXIE::Stream * __ptr64) __ptr64
3415	?read@Flipbook@MOXIE@@QEAAXPEAVStream@2@PEBD_N@Z	public: void __cdecl MOXIE::Flipbook::read(class MOXIE::Stream * __ptr64,char const * __ptr64,bool) __ptr64
3416	?read@FontMap@MOXIE@@QEAAXPEAVStream@2@@Z	public: void __cdecl MOXIE::FontMap::read(class MOXIE::Stream * __ptr64) __ptr64
3417	?read@HString@MOXIE@@QEAAXPEAVStream@2@@Z	public: void __cdecl MOXIE::HString::read(class MOXIE::Stream * __ptr64) __ptr64
3418	?read@LocalFileSystem@MOXIE@@UEAAHPEAXII_K@Z	public: virtual int __cdecl MOXIE::LocalFileSystem::read(void * __ptr64,unsigned int,unsigned int,unsigned __int64) __ptr64
3419	?read@Material@MOXIE@@QEAAXPEAVStream@2@@Z	public: void __cdecl MOXIE::Material::read(class MOXIE::Stream * __ptr64) __ptr64
3420	?read@ModelResource@MOXIE@@QEAAXPEAVStream@2@@Z	public: void __cdecl MOXIE::ModelResource::read(class MOXIE::Stream * __ptr64) __ptr64
3421	?read@NetworkFileSystem@MOXIE@@UEAAHPEAXII_K@Z	public: virtual int __cdecl MOXIE::NetworkFileSystem::read(void * __ptr64,unsigned int,unsigned int,unsigned __int64) __ptr64
3422	?read@ResourceHandle@MOXIE@@QEAAXPEAVStream@2@@Z	public: void __cdecl MOXIE::ResourceHandle::read(class MOXIE::Stream * __ptr64) __ptr64
3423	?read@RiffDiver@MOXIE@@QEAAIPEAXI@Z	public: unsigned int __cdecl MOXIE::RiffDiver::read(void * __ptr64,unsigned int) __ptr64
3424	?read@SGAnimator@MOXIE@@UEAAXPEAVStream@2@@Z	public: virtual void __cdecl MOXIE::SGAnimator::read(class MOXIE::Stream * __ptr64) __ptr64
3425	?read@SGComponent@MOXIE@@QEAAXPEAVStream@2@@Z	public: void __cdecl MOXIE::SGComponent::read(class MOXIE::Stream * __ptr64) __ptr64
3426	?read@SGModelInstance@MOXIE@@UEAAXPEAVStream@2@@Z	public: virtual void __cdecl MOXIE::SGModelInstance::read(class MOXIE::Stream * __ptr64) __ptr64
3427	?read@SGNode@MOXIE@@QEAAXPEAVStream@2@@Z	public: void __cdecl MOXIE::SGNode::read(class MOXIE::Stream * __ptr64) __ptr64
3428	?read@SGTransform@MOXIE@@UEAAXPEAVStream@2@@Z	public: virtual void __cdecl MOXIE::SGTransform::read(class MOXIE::Stream * __ptr64) __ptr64
3429	?read@ShaderParamBlock@MOXIE@@QEAAXPEAVStream@2@@Z	public: void __cdecl MOXIE::ShaderParamBlock::read(class MOXIE::Stream * __ptr64) __ptr64
3430	?read@Stream@MOXIE@@QEAAXPEADI@Z	public: void __cdecl MOXIE::Stream::read(char * __ptr64,unsigned int) __ptr64
3431	?read@Stream@MOXIE@@QEAAXPEAEI@Z	public: void __cdecl MOXIE::Stream::read(unsigned char * __ptr64,unsigned int) __ptr64
3432	?read@Stream@MOXIE@@QEAAXPEAFI@Z	public: void __cdecl MOXIE::Stream::read(short * __ptr64,unsigned int) __ptr64
3433	?read@Stream@MOXIE@@QEAAXPEAGI@Z	public: void __cdecl MOXIE::Stream::read(unsigned short * __ptr64,unsigned int) __ptr64
3434	?read@Stream@MOXIE@@QEAAXPEAHI@Z	public: void __cdecl MOXIE::Stream::read(int * __ptr64,unsigned int) __ptr64
3435	?read@Stream@MOXIE@@QEAAXPEAII@Z	public: void __cdecl MOXIE::Stream::read(unsigned int * __ptr64,unsigned int) __ptr64
3436	?read@Stream@MOXIE@@QEAAXPEAMI@Z	public: void __cdecl MOXIE::Stream::read(float * __ptr64,unsigned int) __ptr64
3437	?read@Stream@MOXIE@@QEAAXPEANI@Z	public: void __cdecl MOXIE::Stream::read(double * __ptr64,unsigned int) __ptr64
3438	?read@Stream@MOXIE@@QEAAXPEA_NI@Z	public: void __cdecl MOXIE::Stream::read(bool * __ptr64,unsigned int) __ptr64
3439	?read@String@MOXIE@@QEAAXPEAVStream@2@@Z	public: void __cdecl MOXIE::String::read(class MOXIE::Stream * __ptr64) __ptr64
3440	?read@TcpSocket@MOXIE@@QEAA_NPEAXI@Z	public: bool __cdecl MOXIE::TcpSocket::read(void * __ptr64,unsigned int) __ptr64
3441	?read@Transform@MOXIE@@QEAAXPEAVStream@2@@Z	public: void __cdecl MOXIE::Transform::read(class MOXIE::Stream * __ptr64) __ptr64
3442	?read@Uri@MOXIE@@QEAAXPEAVStream@2@@Z	public: void __cdecl MOXIE::Uri::read(class MOXIE::Stream * __ptr64) __ptr64
3443	?read@ZipEntry@MOXIE@@QEAA_KPEAX_K@Z	public: unsigned __int64 __cdecl MOXIE::ZipEntry::read(void * __ptr64,unsigned __int64) __ptr64
3444	?readBinaryFile@LocalFileSystem@MOXIE@@UEAA_NAEAVBuffer@2@PEBD@Z	public: virtual bool __cdecl MOXIE::LocalFileSystem::readBinaryFile(class MOXIE::Buffer & __ptr64,char const * __ptr64) __ptr64
3445	?readBinaryFile@NetworkFileSystem@MOXIE@@UEAA_NAEAVBuffer@2@PEBD@Z	public: virtual bool __cdecl MOXIE::NetworkFileSystem::readBinaryFile(class MOXIE::Buffer & __ptr64,char const * __ptr64) __ptr64
3446	?readBinaryFile@ZipEntry@MOXIE@@QEAA_NAEAVBuffer@2@@Z	public: bool __cdecl MOXIE::ZipEntry::readBinaryFile(class MOXIE::Buffer & __ptr64) __ptr64
3447	?readBinaryHeader@Resource@MOXIE@@IEAAIPEAVStream@2@II@Z	protected: unsigned int __cdecl MOXIE::Resource::readBinaryHeader(class MOXIE::Stream * __ptr64,unsigned int,unsigned int) __ptr64
3448	?readBitmap@FontMap@MOXIE@@QEAAXPEAVStream@2@PEAUBitmap@12@@Z	public: void __cdecl MOXIE::FontMap::readBitmap(class MOXIE::Stream * __ptr64,struct MOXIE::FontMap::Bitmap * __ptr64) __ptr64
3449	?readBoneGroup@ModelResource@MOXIE@@QEAAXPEAVStream@2@PEAVBoneGroup@12@@Z	public: void __cdecl MOXIE::ModelResource::readBoneGroup(class MOXIE::Stream * __ptr64,class MOXIE::ModelResource::BoneGroup * __ptr64) __ptr64
3450	?readBuffer@FileStream@MOXIE@@UEAAIPEAXII@Z	public: virtual unsigned int __cdecl MOXIE::FileStream::readBuffer(void * __ptr64,unsigned int,unsigned int) __ptr64
3451	?readBuffer@MemoryStream@MOXIE@@UEAAIPEAXII@Z	public: virtual unsigned int __cdecl MOXIE::MemoryStream::readBuffer(void * __ptr64,unsigned int,unsigned int) __ptr64
3452	?readBuffer@TcpStream@MOXIE@@YA_NAEAVTcpSocket@2@PEAXI@Z	bool __cdecl MOXIE::TcpStream::readBuffer(class MOXIE::TcpSocket & __ptr64,void * __ptr64,unsigned int)
3453	?readChannel@AnimResource@MOXIE@@UEAAXPEAVStream@2@PEAUTrack@12@PEAUChannel@12@@Z	public: virtual void __cdecl MOXIE::AnimResource::readChannel(class MOXIE::Stream * __ptr64,struct MOXIE::AnimResource::Track * __ptr64,struct MOXIE::AnimResource::Channel * __ptr64) __ptr64
3454	?readGlyph@FontMap@MOXIE@@QEAAXPEAVStream@2@PEAUGlyph@12@@Z	public: void __cdecl MOXIE::FontMap::readGlyph(class MOXIE::Stream * __ptr64,struct MOXIE::FontMap::Glyph * __ptr64) __ptr64
3455	?readManifest@StoryManager@MOXIE@@QEAA_NAEBVString@2@@Z	public: bool __cdecl MOXIE::StoryManager::readManifest(class MOXIE::String const & __ptr64) __ptr64
3456	?readMesh@ModelResource@MOXIE@@QEAAXPEAVStream@2@PEAVMesh@12@@Z	public: void __cdecl MOXIE::ModelResource::readMesh(class MOXIE::Stream * __ptr64,class MOXIE::ModelResource::Mesh * __ptr64) __ptr64
3457	?readPacket@VideoCubeTile@MOXIE@@IEAA_NPEAUAVPacket@@@Z	protected: bool __cdecl MOXIE::VideoCubeTile::readPacket(struct AVPacket * __ptr64) __ptr64
3458	?readRaw@AudioDataSource@MOXIE@@QEAAIPEAXI@Z	public: unsigned int __cdecl MOXIE::AudioDataSource::readRaw(void * __ptr64,unsigned int) __ptr64
3459	?readString@TcpStream@MOXIE@@YAPEADAEAVTcpSocket@2@AEAVBuffer@2@@Z	char * __ptr64 __cdecl MOXIE::TcpStream::readString(class MOXIE::TcpSocket & __ptr64,class MOXIE::Buffer & __ptr64)
3460	?readTextFile@LocalFileSystem@MOXIE@@UEAA_NAEAVString@2@PEBD@Z	public: virtual bool __cdecl MOXIE::LocalFileSystem::readTextFile(class MOXIE::String & __ptr64,char const * __ptr64) __ptr64
3461	?readTextFile@NetworkFileSystem@MOXIE@@UEAA_NAEAVString@2@PEBD@Z	public: virtual bool __cdecl MOXIE::NetworkFileSystem::readTextFile(class MOXIE::String & __ptr64,char const * __ptr64) __ptr64
3462	?readTextFile@ZipEntry@MOXIE@@QEAA_NAEAVString@2@@Z	public: bool __cdecl MOXIE::ZipEntry::readTextFile(class MOXIE::String & __ptr64) __ptr64
3463	?readTrack@AnimResource@MOXIE@@UEAAXPEAVStream@2@PEAUTrack@12@@Z	public: virtual void __cdecl MOXIE::AnimResource::readTrack(class MOXIE::Stream * __ptr64,struct MOXIE::AnimResource::Track * __ptr64) __ptr64
3464	?readyWait@Flipbook@MOXIE@@QEAAXI@Z	public: void __cdecl MOXIE::Flipbook::readyWait(unsigned int) __ptr64
3465	?record@ReplayManager@MOXIE@@QEAA_NPEBD@Z	public: bool __cdecl MOXIE::ReplayManager::record(char const * __ptr64) __ptr64
3466	?record@SGReplay@MOXIE@@QEAA_NPEBD@Z	public: bool __cdecl MOXIE::SGReplay::record(char const * __ptr64) __ptr64
3467	?recycleJob@SGVideoCubePlayer@MOXIE@@IEAAXPEAUdecode_job_t@2@@Z	protected: void __cdecl MOXIE::SGVideoCubePlayer::recycleJob(struct MOXIE::decode_job_t * __ptr64) __ptr64
3468	?registerCallback@AudPlayer@MOXIE@@QEAA?AW4MauxStatus@2@W4EPlayerCallback@2@P6AXPEAX0II@Z1I@Z	public: enum MOXIE::MauxStatus __cdecl MOXIE::AudPlayer::registerCallback(enum MOXIE::EPlayerCallback,void (__cdecl*)(void * __ptr64,enum MOXIE::EPlayerCallback,unsigned int,unsigned int),void * __ptr64,unsigned int) __ptr64
3469	?registerFile@NetworkFileSystem@MOXIE@@QEAAXPEBDII@Z	public: void __cdecl MOXIE::NetworkFileSystem::registerFile(char const * __ptr64,unsigned int,unsigned int) __ptr64
3470	?registerInputCallback@PlatformAudioDriver@MOXIE@@QEAA?AW4EAudioDrvStatus@2@P6AXPEAXPEBXI@Z0@Z	public: enum MOXIE::EAudioDrvStatus __cdecl MOXIE::PlatformAudioDriver::registerInputCallback(void (__cdecl*)(void * __ptr64,void const * __ptr64,unsigned int),void * __ptr64) __ptr64
3471	?registerLuaApi@duet@@YAXPEAVLEnvironment@MOXIE@@@Z	void __cdecl duet::registerLuaApi(class MOXIE::LEnvironment * __ptr64)
3472	?registerOutputCallback@PlatformAudioDriver@MOXIE@@QEAA?AW4EAudioDrvStatus@2@P6AXPEAX0I@Z0@Z	public: enum MOXIE::EAudioDrvStatus __cdecl MOXIE::PlatformAudioDriver::registerOutputCallback(void (__cdecl*)(void * __ptr64,void * __ptr64,unsigned int),void * __ptr64) __ptr64
3473	?registerPlayer@VideoCubeManager@MOXIE@@QEAAXPEAVSGVideoCubePlayer@2@@Z	public: void __cdecl MOXIE::VideoCubeManager::registerPlayer(class MOXIE::SGVideoCubePlayer * __ptr64) __ptr64
3474	?registerPlayerCallback@AudioSystem@MOXIE@@QEAA?AW4MauxStatus@2@IW4EPlayerCallback@2@P6AXPEAX0II@Z1I@Z	public: enum MOXIE::MauxStatus __cdecl MOXIE::AudioSystem::registerPlayerCallback(unsigned int,enum MOXIE::EPlayerCallback,void (__cdecl*)(void * __ptr64,enum MOXIE::EPlayerCallback,unsigned int,unsigned int),void * __ptr64,unsigned int) __ptr64
3475	?reinitialize@Engine@MOXIE@@QEAA_NXZ	public: bool __cdecl MOXIE::Engine::reinitialize(void) __ptr64
3476	?release@Bitmap@MOXIE@@QEAAXXZ	public: void __cdecl MOXIE::Bitmap::release(void) __ptr64
3477	?release@SGVideoCubePlayer@MOXIE@@IEAAXXZ	protected: void __cdecl MOXIE::SGVideoCubePlayer::release(void) __ptr64
3478	?release@ShaderFx@MOXIE@@IEAAXXZ	protected: void __cdecl MOXIE::ShaderFx::release(void) __ptr64
3479	?release@Surface@MOXIE@@QEAAXXZ	public: void __cdecl MOXIE::Surface::release(void) __ptr64
3480	?releaseDecoded@AudioDataSource@MOXIE@@QEAAXI@Z	public: void __cdecl MOXIE::AudioDataSource::releaseDecoded(unsigned int) __ptr64
3481	?releaseDecoded_backend@OggVorbisDecoder@MOXIE@@UEAAXI@Z	public: virtual void __cdecl MOXIE::OggVorbisDecoder::releaseDecoded_backend(unsigned int) __ptr64
3482	?releaseDecoded_backend@PcmDecoder@MOXIE@@UEAAXI@Z	public: virtual void __cdecl MOXIE::PcmDecoder::releaseDecoded_backend(unsigned int) __ptr64
3483	?releasePlayer@AudioSystem@MOXIE@@QEAA?AW4MauxStatus@2@I@Z	public: enum MOXIE::MauxStatus __cdecl MOXIE::AudioSystem::releasePlayer(unsigned int) __ptr64
3484	?releasePlayerGroup@AudioSystem@MOXIE@@QEAA?AW4MauxStatus@2@I@Z	public: enum MOXIE::MauxStatus __cdecl MOXIE::AudioSystem::releasePlayerGroup(unsigned int) __ptr64
3485	?remove@ResourceMonitor@MOXIE@@QEAAXAEBVUri@2@@Z	public: void __cdecl MOXIE::ResourceMonitor::remove(class MOXIE::Uri const & __ptr64) __ptr64
3486	?removeAttachment@SGModelInstance@MOXIE@@QEAAPEAVSGNode@2@PEBD@Z	public: class MOXIE::SGNode * __ptr64 __cdecl MOXIE::SGModelInstance::removeAttachment(char const * __ptr64) __ptr64
3487	?removeChar@String@MOXIE@@QEAAID@Z	public: unsigned int __cdecl MOXIE::String::removeChar(char) __ptr64
3488	?removeChild@SGGroup@MOXIE@@QEAAXPEAVSGNode@2@@Z	public: void __cdecl MOXIE::SGGroup::removeChild(class MOXIE::SGNode * __ptr64) __ptr64
3489	?removeComponent@SGNode@MOXIE@@QEAAXPEAVSGComponent@2@@Z	public: void __cdecl MOXIE::SGNode::removeComponent(class MOXIE::SGComponent * __ptr64) __ptr64
3490	?removeEmitterEffect@AudioSystem@MOXIE@@QEAA?AW4MauxStatus@2@IW4MauxRenderMode@2@I@Z	public: enum MOXIE::MauxStatus __cdecl MOXIE::AudioSystem::removeEmitterEffect(unsigned int,enum MOXIE::MauxRenderMode,unsigned int) __ptr64
3491	?removeInput@SGDebugCameraController@MOXIE@@QEAAXH@Z	public: void __cdecl MOXIE::SGDebugCameraController::removeInput(int) __ptr64
3492	?removeNode@SceneGraph@MOXIE@@QEAAXPEAVSGNode@2@@Z	public: void __cdecl MOXIE::SceneGraph::removeNode(class MOXIE::SGNode * __ptr64) __ptr64
3493	?removeReference@RefCount@MOXIE@@QEAAXXZ	public: void __cdecl MOXIE::RefCount::removeReference(void) __ptr64
3494	?removeReference_@RefCount@MOXIE@@AEAAXXZ	private: void __cdecl MOXIE::RefCount::removeReference_(void) __ptr64
3495	?removeRenderFlags@SGNode@MOXIE@@QEAAXI@Z	public: void __cdecl MOXIE::SGNode::removeRenderFlags(unsigned int) __ptr64
3496	?removeSound@AudioEmitter@MOXIE@@UEAAXPEBD@Z	public: virtual void __cdecl MOXIE::AudioEmitter::removeSound(char const * __ptr64) __ptr64
3497	?removeTimer@GlobalTime@MOXIE@@QEAAXH@Z	public: void __cdecl MOXIE::GlobalTime::removeTimer(int) __ptr64
3498	?removeTrackingActor@SGCameraController@MOXIE@@QEAAXPEAVSGModelInstance@2@@Z	public: void __cdecl MOXIE::SGCameraController::removeTrackingActor(class MOXIE::SGModelInstance * __ptr64) __ptr64
3499	?removeUpdateFlags@SGNode@MOXIE@@QEAAXI@Z	public: void __cdecl MOXIE::SGNode::removeUpdateFlags(unsigned int) __ptr64
3500	?render@SGNode@MOXIE@@UEAAXPEAVRenderView@2@I@Z	public: virtual void __cdecl MOXIE::SGNode::render(class MOXIE::RenderView * __ptr64,unsigned int) __ptr64
3501	?render@SceneGraph@MOXIE@@QEAAXPEAVRenderView@2@I@Z	public: void __cdecl MOXIE::SceneGraph::render(class MOXIE::RenderView * __ptr64,unsigned int) __ptr64
3502	?render@VideoCubeManager@MOXIE@@QEAAXPEAVRenderView@2@@Z	public: void __cdecl MOXIE::VideoCubeManager::render(class MOXIE::RenderView * __ptr64) __ptr64
3503	?renderBegin@RenderDeviceGL@MOXIE@@UEAAXXZ	public: virtual void __cdecl MOXIE::RenderDeviceGL::renderBegin(void) __ptr64
3504	?renderEnd@RenderDeviceGL@MOXIE@@UEAAXXZ	public: virtual void __cdecl MOXIE::RenderDeviceGL::renderEnd(void) __ptr64
3505	?renderScreenAlignedGrid@RenderDeviceGL@MOXIE@@UEAAXXZ	public: virtual void __cdecl MOXIE::RenderDeviceGL::renderScreenAlignedGrid(void) __ptr64
3506	?renderScreenAlignedQuad@RenderDeviceGL@MOXIE@@UEAAXXZ	public: virtual void __cdecl MOXIE::RenderDeviceGL::renderScreenAlignedQuad(void) __ptr64
3507	?replace@String@MOXIE@@QEAAXPEBD0@Z	public: void __cdecl MOXIE::String::replace(char const * __ptr64,char const * __ptr64) __ptr64
3508	?replaceChar@String@MOXIE@@QEAAXDD@Z	public: void __cdecl MOXIE::String::replaceChar(char,char) __ptr64
3509	?replay@SGReplay@MOXIE@@QEAA_NPEBD@Z	public: bool __cdecl MOXIE::SGReplay::replay(char const * __ptr64) __ptr64
3510	?report@StoryPlayer@MOXIE@@IEAAXW4moxieStoryStatus_t@@HPEBDZZ	protected: void __cdecl MOXIE::StoryPlayer::report(enum moxieStoryStatus_t,int,char const * __ptr64,...) __ptr64
3511	?reportShaderCompileError@RenderDeviceGL@MOXIE@@UEAAXIPEBD0@Z	public: virtual void __cdecl MOXIE::RenderDeviceGL::reportShaderCompileError(unsigned int,char const * __ptr64,char const * __ptr64) __ptr64
3512	?reportStoryState@StoryManager@MOXIE@@QEAAXW4moxieStoryStatus_t@@PEBD@Z	public: void __cdecl MOXIE::StoryManager::reportStoryState(enum moxieStoryStatus_t,char const * __ptr64) __ptr64
3513	?requestLateUpdate@SceneGraph@MOXIE@@QEAAXPEAVSGNode@2@@Z	public: void __cdecl MOXIE::SceneGraph::requestLateUpdate(class MOXIE::SGNode * __ptr64) __ptr64
3514	?reserve@Buffer@MOXIE@@QEAA_NI_N@Z	public: bool __cdecl MOXIE::Buffer::reserve(unsigned int,bool) __ptr64
3515	?reserveResource@AudioSystem@MOXIE@@QEAA?AW4MauxStatus@2@AEBVUri@2@IPEAI@Z	public: enum MOXIE::MauxStatus __cdecl MOXIE::AudioSystem::reserveResource(class MOXIE::Uri const & __ptr64,unsigned int,unsigned int * __ptr64) __ptr64
3516	?reset@Buffer@MOXIE@@QEAAX_N@Z	public: void __cdecl MOXIE::Buffer::reset(bool) __ptr64
3517	?reset@IJob@MOXIE@@QEAAXXZ	public: void __cdecl MOXIE::IJob::reset(void) __ptr64
3518	?reset@Material@MOXIE@@QEAAXXZ	public: void __cdecl MOXIE::Material::reset(void) __ptr64
3519	?reset@MemoryStream@MOXIE@@QEAAXXZ	public: void __cdecl MOXIE::MemoryStream::reset(void) __ptr64
3520	?reset@ResourceHandle@MOXIE@@QEAAXXZ	public: void __cdecl MOXIE::ResourceHandle::reset(void) __ptr64
3521	?reset@RiffDiver@MOXIE@@QEAAXXZ	public: void __cdecl MOXIE::RiffDiver::reset(void) __ptr64
3522	?reset@SGParticleEmitter@MOXIE@@QEAAXXZ	public: void __cdecl MOXIE::SGParticleEmitter::reset(void) __ptr64
3523	?resetAudioWorldTime@AudioSystem@MOXIE@@QEAAXXZ	public: void __cdecl MOXIE::AudioSystem::resetAudioWorldTime(void) __ptr64
3524	?resetFrame@VideoCubeTile@MOXIE@@QEAAXXZ	public: void __cdecl MOXIE::VideoCubeTile::resetFrame(void) __ptr64
3525	?resetProfileStats@SGVideoCubePlayer@MOXIE@@IEAAXXZ	protected: void __cdecl MOXIE::SGVideoCubePlayer::resetProfileStats(void) __ptr64
3526	?resetRenderCount@ModelResource@MOXIE@@SAXXZ	public: static void __cdecl MOXIE::ModelResource::resetRenderCount(void)
3527	?reshape@Camera@MOXIE@@QEAAXAEBVViewport@2@@Z	public: void __cdecl MOXIE::Camera::reshape(class MOXIE::Viewport const & __ptr64) __ptr64
3528	?resize@Bitmap@MOXIE@@QEAAXIIW4EPixelFormat@2@@Z	public: void __cdecl MOXIE::Bitmap::resize(unsigned int,unsigned int,enum MOXIE::EPixelFormat) __ptr64
3529	?resize@RenderView@MOXIE@@QEAAXII@Z	public: void __cdecl MOXIE::RenderView::resize(unsigned int,unsigned int) __ptr64
3530	?resize@Surface@MOXIE@@QEAAXIIW4EPixelFormat@2@@Z	public: void __cdecl MOXIE::Surface::resize(unsigned int,unsigned int,enum MOXIE::EPixelFormat) __ptr64
3531	?resizeWindow@Win32Utils@@SA_NAEAUWindowInfo@1@HH@Z	public: static bool __cdecl Win32Utils::resizeWindow(struct Win32Utils::WindowInfo & __ptr64,int,int)
3532	?resolve@UriManager@MOXIE@@QEAAPEBVUri@2@I@Z	public: class MOXIE::Uri const * __ptr64 __cdecl MOXIE::UriManager::resolve(unsigned int) __ptr64
3533	?resolvePackage@ResourceManager@MOXIE@@AEAA?AVUri@2@AEBV32@@Z	private: class MOXIE::Uri __cdecl MOXIE::ResourceManager::resolvePackage(class MOXIE::Uri const & __ptr64) __ptr64
3534	?resolveResources@Material@MOXIE@@IEAAXXZ	protected: void __cdecl MOXIE::Material::resolveResources(void) __ptr64
3535	?restock@AudioDataSource@MOXIE@@QEAA?AW4MauxStatus@2@_N0@Z	public: enum MOXIE::MauxStatus __cdecl MOXIE::AudioDataSource::restock(bool,bool) __ptr64
3536	?restock_onetoone@AudioDataSource@MOXIE@@IEAA?AW4MauxStatus@2@_N0@Z	protected: enum MOXIE::MauxStatus __cdecl MOXIE::AudioDataSource::restock_onetoone(bool,bool) __ptr64
3537	?restock_resampled@AudioDataSource@MOXIE@@IEAA?AW4MauxStatus@2@_N0@Z	protected: enum MOXIE::MauxStatus __cdecl MOXIE::AudioDataSource::restock_resampled(bool,bool) __ptr64
3538	?restoreDebugLines@RenderDebug@MOXIE@@QEAAXXZ	public: void __cdecl MOXIE::RenderDebug::restoreDebugLines(void) __ptr64
3539	?resume@Engine@MOXIE@@QEAAXXZ	public: void __cdecl MOXIE::Engine::resume(void) __ptr64
3540	?resume@JobQueue@MOXIE@@QEAAXXZ	public: void __cdecl MOXIE::JobQueue::resume(void) __ptr64
3541	?resume@PlatformAudioDriver@MOXIE@@UEAA_NXZ	public: virtual bool __cdecl MOXIE::PlatformAudioDriver::resume(void) __ptr64
3542	?resume@SensorManager@MOXIE@@QEAAXXZ	public: void __cdecl MOXIE::SensorManager::resume(void) __ptr64
3543	?resume@StoryPlayer@MOXIE@@IEAA_NXZ	protected: bool __cdecl MOXIE::StoryPlayer::resume(void) __ptr64
3544	?resume@Time@MOXIE@@QEAAXXZ	public: void __cdecl MOXIE::Time::resume(void) __ptr64
3545	?resumeAll@Locator@MOXIE@@SA_NXZ	public: static bool __cdecl MOXIE::Locator::resumeAll(void)
3546	?resumeStory@StoryManager@MOXIE@@QEAAXXZ	public: void __cdecl MOXIE::StoryManager::resumeStory(void) __ptr64
3547	?rgba4f@Color@MOXIE@@QEBA?AVVector4@2@XZ	public: class MOXIE::Vector4 __cdecl MOXIE::Color::rgba4f(void)const __ptr64
3548	?rgba@Color@MOXIE@@QEBAIXZ	public: unsigned int __cdecl MOXIE::Color::rgba(void)const __ptr64
3549	?rigidInverse@Matrix4@MOXIE@@QEAAXXZ	public: void __cdecl MOXIE::Matrix4::rigidInverse(void) __ptr64
3550	?rotate@SGTransform@MOXIE@@QEAAXAEBVQuaternion@2@@Z	public: void __cdecl MOXIE::SGTransform::rotate(class MOXIE::Quaternion const & __ptr64) __ptr64
3551	?rotate@Transform@MOXIE@@QEAAXAEBVQuaternion@2@@Z	public: void __cdecl MOXIE::Transform::rotate(class MOXIE::Quaternion const & __ptr64) __ptr64
3552	?rotate@Transform@MOXIE@@QEAAXAEBVVector3@2@VRadian@2@@Z	public: void __cdecl MOXIE::Transform::rotate(class MOXIE::Vector3 const & __ptr64,class MOXIE::Radian) __ptr64
3553	?run@ResourceMonitor@MOXIE@@AEAAXXZ	private: void __cdecl MOXIE::ResourceMonitor::run(void) __ptr64
3554	?run@Thread@MOXIE@@MEAAIXZ	protected: virtual unsigned int __cdecl MOXIE::Thread::run(void) __ptr64
3555	?runEffects@AudEmitter@MOXIE@@QEAAXXZ	public: void __cdecl MOXIE::AudEmitter::runEffects(void) __ptr64
3556	?runFile@LEnvMoxie@MOXIE@@UEAA_NPEBD@Z	public: virtual bool __cdecl MOXIE::LEnvMoxie::runFile(char const * __ptr64) __ptr64
3557	?runFile@LEnvironment@MOXIE@@UEAA_NPEBD@Z	public: virtual bool __cdecl MOXIE::LEnvironment::runFile(char const * __ptr64) __ptr64
3558	?runString@LEnvironment@MOXIE@@UEAA_NPEBD@Z	public: virtual bool __cdecl MOXIE::LEnvironment::runString(char const * __ptr64) __ptr64
3559	?s_RTTI@?1??_RTTI@AnalyticsManager@MOXIE@@SAPEBVRTTI@3@XZ@4V43@A	class MOXIE::RTTI `public: static class MOXIE::RTTI const * __ptr64 __cdecl MOXIE::AnalyticsManager::_RTTI(void)'::`2'::s_RTTI
3560	?s_RTTI@?1??_RTTI@AnimResource@MOXIE@@SAPEBVRTTI@3@XZ@4V43@A	class MOXIE::RTTI `public: static class MOXIE::RTTI const * __ptr64 __cdecl MOXIE::AnimResource::_RTTI(void)'::`2'::s_RTTI
3561	?s_RTTI@?1??_RTTI@AudioDevice@MOXIE@@SAPEBVRTTI@3@XZ@4V43@A	class MOXIE::RTTI `public: static class MOXIE::RTTI const * __ptr64 __cdecl MOXIE::AudioDevice::_RTTI(void)'::`2'::s_RTTI
3562	?s_RTTI@?1??_RTTI@AudioEmitter3D@MOXIE@@SAPEBVRTTI@3@XZ@4V43@A	class MOXIE::RTTI `public: static class MOXIE::RTTI const * __ptr64 __cdecl MOXIE::AudioEmitter3D::_RTTI(void)'::`2'::s_RTTI
3563	?s_RTTI@?1??_RTTI@AudioEmitter@MOXIE@@SAPEAVRTTI@3@XZ@4V43@A	class MOXIE::RTTI `public: static class MOXIE::RTTI * __ptr64 __cdecl MOXIE::AudioEmitter::_RTTI(void)'::`2'::s_RTTI
3564	?s_RTTI@?1??_RTTI@AudioManager@MOXIE@@SAPEBVRTTI@3@XZ@4V43@A	class MOXIE::RTTI `public: static class MOXIE::RTTI const * __ptr64 __cdecl MOXIE::AudioManager::_RTTI(void)'::`2'::s_RTTI
3565	?s_RTTI@?1??_RTTI@AudioResource@MOXIE@@SAPEBVRTTI@3@XZ@4V43@A	class MOXIE::RTTI `public: static class MOXIE::RTTI const * __ptr64 __cdecl MOXIE::AudioResource::_RTTI(void)'::`2'::s_RTTI
3566	?s_RTTI@?1??_RTTI@AudioSystem@MOXIE@@SAPEBVRTTI@3@XZ@4V43@A	class MOXIE::RTTI `public: static class MOXIE::RTTI const * __ptr64 __cdecl MOXIE::AudioSystem::_RTTI(void)'::`2'::s_RTTI
3567	?s_RTTI@?1??_RTTI@BufferObject@MOXIE@@SAPEAVRTTI@3@XZ@4V43@A	class MOXIE::RTTI `public: static class MOXIE::RTTI * __ptr64 __cdecl MOXIE::BufferObject::_RTTI(void)'::`2'::s_RTTI
3568	?s_RTTI@?1??_RTTI@EnableManager@MOXIE@@SAPEBVRTTI@3@XZ@4V43@A	class MOXIE::RTTI `public: static class MOXIE::RTTI const * __ptr64 __cdecl MOXIE::EnableManager::_RTTI(void)'::`2'::s_RTTI
3569	?s_RTTI@?1??_RTTI@FileSystem@MOXIE@@SAPEAVRTTI@3@XZ@4V43@A	class MOXIE::RTTI `public: static class MOXIE::RTTI * __ptr64 __cdecl MOXIE::FileSystem::_RTTI(void)'::`2'::s_RTTI
3570	?s_RTTI@?1??_RTTI@FlipbookResource@MOXIE@@SAPEBVRTTI@3@XZ@4V43@A	class MOXIE::RTTI `public: static class MOXIE::RTTI const * __ptr64 __cdecl MOXIE::FlipbookResource::_RTTI(void)'::`2'::s_RTTI
3571	?s_RTTI@?1??_RTTI@Font@MOXIE@@SAPEAVRTTI@3@XZ@4V43@A	class MOXIE::RTTI `public: static class MOXIE::RTTI * __ptr64 __cdecl MOXIE::Font::_RTTI(void)'::`2'::s_RTTI
3572	?s_RTTI@?1??_RTTI@FontResource@MOXIE@@SAPEBVRTTI@3@XZ@4V43@A	class MOXIE::RTTI `public: static class MOXIE::RTTI const * __ptr64 __cdecl MOXIE::FontResource::_RTTI(void)'::`2'::s_RTTI
3573	?s_RTTI@?1??_RTTI@GlobalTime@MOXIE@@SAPEBVRTTI@3@XZ@4V43@A	class MOXIE::RTTI `public: static class MOXIE::RTTI const * __ptr64 __cdecl MOXIE::GlobalTime::_RTTI(void)'::`2'::s_RTTI
3574	?s_RTTI@?1??_RTTI@IService@MOXIE@@SAPEAVRTTI@3@XZ@4V43@A	class MOXIE::RTTI `public: static class MOXIE::RTTI * __ptr64 __cdecl MOXIE::IService::_RTTI(void)'::`2'::s_RTTI
3575	?s_RTTI@?1??_RTTI@IndexBuffer@MOXIE@@SAPEBVRTTI@3@XZ@4V43@A	class MOXIE::RTTI `public: static class MOXIE::RTTI const * __ptr64 __cdecl MOXIE::IndexBuffer::_RTTI(void)'::`2'::s_RTTI
3576	?s_RTTI@?1??_RTTI@InputManager@MOXIE@@SAPEBVRTTI@3@XZ@4V43@A	class MOXIE::RTTI `public: static class MOXIE::RTTI const * __ptr64 __cdecl MOXIE::InputManager::_RTTI(void)'::`2'::s_RTTI
3577	?s_RTTI@?1??_RTTI@LAllocator@MOXIE@@SAPEAVRTTI@3@XZ@4V43@A	class MOXIE::RTTI `public: static class MOXIE::RTTI * __ptr64 __cdecl MOXIE::LAllocator::_RTTI(void)'::`2'::s_RTTI
3578	?s_RTTI@?1??_RTTI@LApi@MOXIE@@SAPEAVRTTI@3@XZ@4V43@A	class MOXIE::RTTI `public: static class MOXIE::RTTI * __ptr64 __cdecl MOXIE::LApi::_RTTI(void)'::`2'::s_RTTI
3579	?s_RTTI@?1??_RTTI@LApiActorClampLayer@duet@@SAPEBVRTTI@MOXIE@@XZ@4V45@A	class MOXIE::RTTI `public: static class MOXIE::RTTI const * __ptr64 __cdecl duet::LApiActorClampLayer::_RTTI(void)'::`2'::s_RTTI
3580	?s_RTTI@?1??_RTTI@LApiActorMover@duet@@SAPEBVRTTI@MOXIE@@XZ@4V45@A	class MOXIE::RTTI `public: static class MOXIE::RTTI const * __ptr64 __cdecl duet::LApiActorMover::_RTTI(void)'::`2'::s_RTTI
3581	?s_RTTI@?1??_RTTI@LApiActorMoverLayer@duet@@SAPEBVRTTI@MOXIE@@XZ@4V45@A	class MOXIE::RTTI `public: static class MOXIE::RTTI const * __ptr64 __cdecl duet::LApiActorMoverLayer::_RTTI(void)'::`2'::s_RTTI
3582	?s_RTTI@?1??_RTTI@LApiActorVignette@duet@@SAPEBVRTTI@MOXIE@@XZ@4V45@A	class MOXIE::RTTI `public: static class MOXIE::RTTI const * __ptr64 __cdecl duet::LApiActorVignette::_RTTI(void)'::`2'::s_RTTI
3583	?s_RTTI@?1??_RTTI@LApiActorsLayer@duet@@SAPEBVRTTI@MOXIE@@XZ@4V45@A	class MOXIE::RTTI `public: static class MOXIE::RTTI const * __ptr64 __cdecl duet::LApiActorsLayer::_RTTI(void)'::`2'::s_RTTI
3584	?s_RTTI@?1??_RTTI@LApiBoomLayer@duet@@SAPEBVRTTI@MOXIE@@XZ@4V45@A	class MOXIE::RTTI `public: static class MOXIE::RTTI const * __ptr64 __cdecl duet::LApiBoomLayer::_RTTI(void)'::`2'::s_RTTI
3585	?s_RTTI@?1??_RTTI@LApiBoundsLayer@duet@@SAPEBVRTTI@MOXIE@@XZ@4V45@A	class MOXIE::RTTI `public: static class MOXIE::RTTI const * __ptr64 __cdecl duet::LApiBoundsLayer::_RTTI(void)'::`2'::s_RTTI
3586	?s_RTTI@?1??_RTTI@LApiCameraRig@duet@@SAPEBVRTTI@MOXIE@@XZ@4V45@A	class MOXIE::RTTI `public: static class MOXIE::RTTI const * __ptr64 __cdecl duet::LApiCameraRig::_RTTI(void)'::`2'::s_RTTI
3587	?s_RTTI@?1??_RTTI@LApiDuet@duet@@SAPEBVRTTI@MOXIE@@XZ@4V45@A	class MOXIE::RTTI `public: static class MOXIE::RTTI const * __ptr64 __cdecl duet::LApiDuet::_RTTI(void)'::`2'::s_RTTI
3588	?s_RTTI@?1??_RTTI@LApiDuetScene@duet@@SAPEBVRTTI@MOXIE@@XZ@4V45@A	class MOXIE::RTTI `public: static class MOXIE::RTTI const * __ptr64 __cdecl duet::LApiDuetScene::_RTTI(void)'::`2'::s_RTTI
3589	?s_RTTI@?1??_RTTI@LApiFlipbookDriver@duet@@SAPEBVRTTI@MOXIE@@XZ@4V45@A	class MOXIE::RTTI `public: static class MOXIE::RTTI const * __ptr64 __cdecl duet::LApiFlipbookDriver::_RTTI(void)'::`2'::s_RTTI
3590	?s_RTTI@?1??_RTTI@LApiGlowAlpha@duet@@SAPEBVRTTI@MOXIE@@XZ@4V45@A	class MOXIE::RTTI `public: static class MOXIE::RTTI const * __ptr64 __cdecl duet::LApiGlowAlpha::_RTTI(void)'::`2'::s_RTTI
3591	?s_RTTI@?1??_RTTI@LApiGlowFader@duet@@SAPEBVRTTI@MOXIE@@XZ@4V45@A	class MOXIE::RTTI `public: static class MOXIE::RTTI const * __ptr64 __cdecl duet::LApiGlowFader::_RTTI(void)'::`2'::s_RTTI
3592	?s_RTTI@?1??_RTTI@LApiInputLayer@duet@@SAPEBVRTTI@MOXIE@@XZ@4V45@A	class MOXIE::RTTI `public: static class MOXIE::RTTI const * __ptr64 __cdecl duet::LApiInputLayer::_RTTI(void)'::`2'::s_RTTI
3593	?s_RTTI@?1??_RTTI@LApiIntroEnvControl@duet@@SAPEBVRTTI@MOXIE@@XZ@4V45@A	class MOXIE::RTTI `public: static class MOXIE::RTTI const * __ptr64 __cdecl duet::LApiIntroEnvControl::_RTTI(void)'::`2'::s_RTTI
3594	?s_RTTI@?1??_RTTI@LApiLookAtDetector@duet@@SAPEBVRTTI@MOXIE@@XZ@4V45@A	class MOXIE::RTTI `public: static class MOXIE::RTTI const * __ptr64 __cdecl duet::LApiLookAtDetector::_RTTI(void)'::`2'::s_RTTI
3595	?s_RTTI@?1??_RTTI@LApiLookAtLayer@duet@@SAPEBVRTTI@MOXIE@@XZ@4V45@A	class MOXIE::RTTI `public: static class MOXIE::RTTI const * __ptr64 __cdecl duet::LApiLookAtLayer::_RTTI(void)'::`2'::s_RTTI
3596	?s_RTTI@?1??_RTTI@LApiMasterBlender@duet@@SAPEBVRTTI@MOXIE@@XZ@4V45@A	class MOXIE::RTTI `public: static class MOXIE::RTTI const * __ptr64 __cdecl duet::LApiMasterBlender::_RTTI(void)'::`2'::s_RTTI
3597	?s_RTTI@?1??_RTTI@LApiParticlesController@duet@@SAPEBVRTTI@MOXIE@@XZ@4V45@A	class MOXIE::RTTI `public: static class MOXIE::RTTI const * __ptr64 __cdecl duet::LApiParticlesController::_RTTI(void)'::`2'::s_RTTI
3598	?s_RTTI@?1??_RTTI@LApiProxyLayer@duet@@SAPEBVRTTI@MOXIE@@XZ@4V45@A	class MOXIE::RTTI `public: static class MOXIE::RTTI const * __ptr64 __cdecl duet::LApiProxyLayer::_RTTI(void)'::`2'::s_RTTI
3599	?s_RTTI@?1??_RTTI@LApiSegmentManager@duet@@SAPEBVRTTI@MOXIE@@XZ@4V45@A	class MOXIE::RTTI `public: static class MOXIE::RTTI const * __ptr64 __cdecl duet::LApiSegmentManager::_RTTI(void)'::`2'::s_RTTI
3600	?s_RTTI@?1??_RTTI@LApiSoftTrack@duet@@SAPEBVRTTI@MOXIE@@XZ@4V45@A	class MOXIE::RTTI `public: static class MOXIE::RTTI const * __ptr64 __cdecl duet::LApiSoftTrack::_RTTI(void)'::`2'::s_RTTI
3601	?s_RTTI@?1??_RTTI@LApiStarBlendLayer@duet@@SAPEBVRTTI@MOXIE@@XZ@4V45@A	class MOXIE::RTTI `public: static class MOXIE::RTTI const * __ptr64 __cdecl duet::LApiStarBlendLayer::_RTTI(void)'::`2'::s_RTTI
3602	?s_RTTI@?1??_RTTI@LApiTrackingLayer@duet@@SAPEBVRTTI@MOXIE@@XZ@4V45@A	class MOXIE::RTTI `public: static class MOXIE::RTTI const * __ptr64 __cdecl duet::LApiTrackingLayer::_RTTI(void)'::`2'::s_RTTI
3603	?s_RTTI@?1??_RTTI@LApiTrackingManager@duet@@SAPEBVRTTI@MOXIE@@XZ@4V45@A	class MOXIE::RTTI `public: static class MOXIE::RTTI const * __ptr64 __cdecl duet::LApiTrackingManager::_RTTI(void)'::`2'::s_RTTI
3604	?s_RTTI@?1??_RTTI@LApiTrackingTarget@duet@@SAPEBVRTTI@MOXIE@@XZ@4V45@A	class MOXIE::RTTI `public: static class MOXIE::RTTI const * __ptr64 __cdecl duet::LApiTrackingTarget::_RTTI(void)'::`2'::s_RTTI
3605	?s_RTTI@?1??_RTTI@LApiUtil@duet@@SAPEBVRTTI@MOXIE@@XZ@4V45@A	class MOXIE::RTTI `public: static class MOXIE::RTTI const * __ptr64 __cdecl duet::LApiUtil::_RTTI(void)'::`2'::s_RTTI
3606	?s_RTTI@?1??_RTTI@LBlockAllocator@MOXIE@@SAPEBVRTTI@3@XZ@4V43@A	class MOXIE::RTTI `public: static class MOXIE::RTTI const * __ptr64 __cdecl MOXIE::LBlockAllocator::_RTTI(void)'::`2'::s_RTTI
3607	?s_RTTI@?1??_RTTI@LComponent@MOXIE@@SAPEBVRTTI@3@XZ@4V43@A	class MOXIE::RTTI `public: static class MOXIE::RTTI const * __ptr64 __cdecl MOXIE::LComponent::_RTTI(void)'::`2'::s_RTTI
3608	?s_RTTI@?1??_RTTI@LocalFileSystem@MOXIE@@SAPEBVRTTI@3@XZ@4V43@A	class MOXIE::RTTI `public: static class MOXIE::RTTI const * __ptr64 __cdecl MOXIE::LocalFileSystem::_RTTI(void)'::`2'::s_RTTI
3609	?s_RTTI@?1??_RTTI@ModelResource@MOXIE@@SAPEBVRTTI@3@XZ@4V43@A	class MOXIE::RTTI `public: static class MOXIE::RTTI const * __ptr64 __cdecl MOXIE::ModelResource::_RTTI(void)'::`2'::s_RTTI
3610	?s_RTTI@?1??_RTTI@NetworkFileSystem@MOXIE@@SAPEBVRTTI@3@XZ@4V43@A	class MOXIE::RTTI `public: static class MOXIE::RTTI const * __ptr64 __cdecl MOXIE::NetworkFileSystem::_RTTI(void)'::`2'::s_RTTI
3611	?s_RTTI@?1??_RTTI@ParticleSystemResource@MOXIE@@SAPEBVRTTI@3@XZ@4V43@A	class MOXIE::RTTI `public: static class MOXIE::RTTI const * __ptr64 __cdecl MOXIE::ParticleSystemResource::_RTTI(void)'::`2'::s_RTTI
3612	?s_RTTI@?1??_RTTI@PhysicsManager@MOXIE@@SAPEBVRTTI@3@XZ@4V43@A	class MOXIE::RTTI `public: static class MOXIE::RTTI const * __ptr64 __cdecl MOXIE::PhysicsManager::_RTTI(void)'::`2'::s_RTTI
3613	?s_RTTI@?1??_RTTI@RenderDebug@MOXIE@@SAPEBVRTTI@3@XZ@4V43@A	class MOXIE::RTTI `public: static class MOXIE::RTTI const * __ptr64 __cdecl MOXIE::RenderDebug::_RTTI(void)'::`2'::s_RTTI
3614	?s_RTTI@?1??_RTTI@RenderDevice@MOXIE@@SAPEBVRTTI@3@XZ@4V43@A	class MOXIE::RTTI `public: static class MOXIE::RTTI const * __ptr64 __cdecl MOXIE::RenderDevice::_RTTI(void)'::`2'::s_RTTI
3615	?s_RTTI@?1??_RTTI@RenderManager@MOXIE@@SAPEBVRTTI@3@XZ@4V43@A	class MOXIE::RTTI `public: static class MOXIE::RTTI const * __ptr64 __cdecl MOXIE::RenderManager::_RTTI(void)'::`2'::s_RTTI
3616	?s_RTTI@?1??_RTTI@RenderTarget@MOXIE@@SAPEAVRTTI@3@XZ@4V43@A	class MOXIE::RTTI `public: static class MOXIE::RTTI * __ptr64 __cdecl MOXIE::RenderTarget::_RTTI(void)'::`2'::s_RTTI
3617	?s_RTTI@?1??_RTTI@ReplayManager@MOXIE@@SAPEBVRTTI@3@XZ@4V43@A	class MOXIE::RTTI `public: static class MOXIE::RTTI const * __ptr64 __cdecl MOXIE::ReplayManager::_RTTI(void)'::`2'::s_RTTI
3618	?s_RTTI@?1??_RTTI@Resource@MOXIE@@SAPEAVRTTI@3@XZ@4V43@A	class MOXIE::RTTI `public: static class MOXIE::RTTI * __ptr64 __cdecl MOXIE::Resource::_RTTI(void)'::`2'::s_RTTI
3619	?s_RTTI@?1??_RTTI@ResourceManager@MOXIE@@SAPEBVRTTI@3@XZ@4V43@A	class MOXIE::RTTI `public: static class MOXIE::RTTI const * __ptr64 __cdecl MOXIE::ResourceManager::_RTTI(void)'::`2'::s_RTTI
3620	?s_RTTI@?1??_RTTI@SGAnimator@MOXIE@@SAPEBVRTTI@3@XZ@4V43@A	class MOXIE::RTTI `public: static class MOXIE::RTTI const * __ptr64 __cdecl MOXIE::SGAnimator::_RTTI(void)'::`2'::s_RTTI
3621	?s_RTTI@?1??_RTTI@SGCamera@MOXIE@@SAPEBVRTTI@3@XZ@4V43@A	class MOXIE::RTTI `public: static class MOXIE::RTTI const * __ptr64 __cdecl MOXIE::SGCamera::_RTTI(void)'::`2'::s_RTTI
3622	?s_RTTI@?1??_RTTI@SGCameraController@MOXIE@@SAPEBVRTTI@3@XZ@4V43@A	class MOXIE::RTTI `public: static class MOXIE::RTTI const * __ptr64 __cdecl MOXIE::SGCameraController::_RTTI(void)'::`2'::s_RTTI
3623	?s_RTTI@?1??_RTTI@SGComponent@MOXIE@@SAPEAVRTTI@3@XZ@4V43@A	class MOXIE::RTTI `public: static class MOXIE::RTTI * __ptr64 __cdecl MOXIE::SGComponent::_RTTI(void)'::`2'::s_RTTI
3624	?s_RTTI@?1??_RTTI@SGDebugCameraController@MOXIE@@SAPEBVRTTI@3@XZ@4V43@A	class MOXIE::RTTI `public: static class MOXIE::RTTI const * __ptr64 __cdecl MOXIE::SGDebugCameraController::_RTTI(void)'::`2'::s_RTTI
3625	?s_RTTI@?1??_RTTI@SGFlipbookDriver@MOXIE@@SAPEBVRTTI@3@XZ@4V43@A	class MOXIE::RTTI `public: static class MOXIE::RTTI const * __ptr64 __cdecl MOXIE::SGFlipbookDriver::_RTTI(void)'::`2'::s_RTTI
3626	?s_RTTI@?1??_RTTI@SGGroup@MOXIE@@SAPEBVRTTI@3@XZ@4V43@A	class MOXIE::RTTI `public: static class MOXIE::RTTI const * __ptr64 __cdecl MOXIE::SGGroup::_RTTI(void)'::`2'::s_RTTI
3627	?s_RTTI@?1??_RTTI@SGLight@MOXIE@@SAPEBVRTTI@3@XZ@4V43@A	class MOXIE::RTTI `public: static class MOXIE::RTTI const * __ptr64 __cdecl MOXIE::SGLight::_RTTI(void)'::`2'::s_RTTI
3628	?s_RTTI@?1??_RTTI@SGMaterial@MOXIE@@SAPEBVRTTI@3@XZ@4V43@A	class MOXIE::RTTI `public: static class MOXIE::RTTI const * __ptr64 __cdecl MOXIE::SGMaterial::_RTTI(void)'::`2'::s_RTTI
3629	?s_RTTI@?1??_RTTI@SGModelInstance@MOXIE@@SAPEBVRTTI@3@XZ@4V43@A	class MOXIE::RTTI `public: static class MOXIE::RTTI const * __ptr64 __cdecl MOXIE::SGModelInstance::_RTTI(void)'::`2'::s_RTTI
3630	?s_RTTI@?1??_RTTI@SGNode@MOXIE@@SAPEAVRTTI@3@XZ@4V43@A	class MOXIE::RTTI `public: static class MOXIE::RTTI * __ptr64 __cdecl MOXIE::SGNode::_RTTI(void)'::`2'::s_RTTI
3631	?s_RTTI@?1??_RTTI@SGParticleEmitter@MOXIE@@SAPEBVRTTI@3@XZ@4V43@A	class MOXIE::RTTI `public: static class MOXIE::RTTI const * __ptr64 __cdecl MOXIE::SGParticleEmitter::_RTTI(void)'::`2'::s_RTTI
3632	?s_RTTI@?1??_RTTI@SGReplay@MOXIE@@SAPEBVRTTI@3@XZ@4V43@A	class MOXIE::RTTI `public: static class MOXIE::RTTI const * __ptr64 __cdecl MOXIE::SGReplay::_RTTI(void)'::`2'::s_RTTI
3633	?s_RTTI@?1??_RTTI@SGTransform@MOXIE@@SAPEBVRTTI@3@XZ@4V43@A	class MOXIE::RTTI `public: static class MOXIE::RTTI const * __ptr64 __cdecl MOXIE::SGTransform::_RTTI(void)'::`2'::s_RTTI
3634	?s_RTTI@?1??_RTTI@SGVideoCubePlayer@MOXIE@@SAPEBVRTTI@3@XZ@4V43@A	class MOXIE::RTTI `public: static class MOXIE::RTTI const * __ptr64 __cdecl MOXIE::SGVideoCubePlayer::_RTTI(void)'::`2'::s_RTTI
3635	?s_RTTI@?1??_RTTI@SceneGraphResource@MOXIE@@SAPEBVRTTI@3@XZ@4V43@A	class MOXIE::RTTI `public: static class MOXIE::RTTI const * __ptr64 __cdecl MOXIE::SceneGraphResource::_RTTI(void)'::`2'::s_RTTI
3636	?s_RTTI@?1??_RTTI@SceneManager@MOXIE@@SAPEBVRTTI@3@XZ@4V43@A	class MOXIE::RTTI `public: static class MOXIE::RTTI const * __ptr64 __cdecl MOXIE::SceneManager::_RTTI(void)'::`2'::s_RTTI
3637	?s_RTTI@?1??_RTTI@ScriptManager@MOXIE@@SAPEBVRTTI@3@XZ@4V43@A	class MOXIE::RTTI `public: static class MOXIE::RTTI const * __ptr64 __cdecl MOXIE::ScriptManager::_RTTI(void)'::`2'::s_RTTI
3638	?s_RTTI@?1??_RTTI@SensorManager@MOXIE@@SAPEBVRTTI@3@XZ@4V43@A	class MOXIE::RTTI `public: static class MOXIE::RTTI const * __ptr64 __cdecl MOXIE::SensorManager::_RTTI(void)'::`2'::s_RTTI
3639	?s_RTTI@?1??_RTTI@Shader@MOXIE@@SAPEAVRTTI@3@XZ@4V43@A	class MOXIE::RTTI `public: static class MOXIE::RTTI * __ptr64 __cdecl MOXIE::Shader::_RTTI(void)'::`2'::s_RTTI
3640	?s_RTTI@?1??_RTTI@ShaderFxResource@MOXIE@@SAPEBVRTTI@3@XZ@4V43@A	class MOXIE::RTTI `public: static class MOXIE::RTTI const * __ptr64 __cdecl MOXIE::ShaderFxResource::_RTTI(void)'::`2'::s_RTTI
3641	?s_RTTI@?1??_RTTI@StatManager@MOXIE@@SAPEBVRTTI@3@XZ@4V43@A	class MOXIE::RTTI `public: static class MOXIE::RTTI const * __ptr64 __cdecl MOXIE::StatManager::_RTTI(void)'::`2'::s_RTTI
3642	?s_RTTI@?1??_RTTI@TextureResource@MOXIE@@SAPEBVRTTI@3@XZ@4V43@A	class MOXIE::RTTI `public: static class MOXIE::RTTI const * __ptr64 __cdecl MOXIE::TextureResource::_RTTI(void)'::`2'::s_RTTI
3643	?s_RTTI@?1??_RTTI@UriManager@MOXIE@@SAPEBVRTTI@3@XZ@4V43@A	class MOXIE::RTTI `public: static class MOXIE::RTTI const * __ptr64 __cdecl MOXIE::UriManager::_RTTI(void)'::`2'::s_RTTI
3644	?s_RTTI@?1??_RTTI@VertexBuffer@MOXIE@@SAPEBVRTTI@3@XZ@4V43@A	class MOXIE::RTTI `public: static class MOXIE::RTTI const * __ptr64 __cdecl MOXIE::VertexBuffer::_RTTI(void)'::`2'::s_RTTI
3645	?s_RTTI@?1??_RTTI@VideoCubeResource@MOXIE@@SAPEBVRTTI@3@XZ@4V43@A	class MOXIE::RTTI `public: static class MOXIE::RTTI const * __ptr64 __cdecl MOXIE::VideoCubeResource::_RTTI(void)'::`2'::s_RTTI
3646	?s_allActorsOffscreen@LApiActorsLayer@duet@@0_NA	private: static bool duet::LApiActorsLayer::s_allActorsOffscreen
3647	?s_allOffscreenTimer@LApiActorsLayer@duet@@0MA	private: static float duet::LApiActorsLayer::s_allOffscreenTimer
3648	?s_aspect@LApiActorsLayer@duet@@0MA	private: static float duet::LApiActorsLayer::s_aspect
3649	?s_axis_x@?1??getAxisX@Vector2@MOXIE@@SAAEBV23@XZ@4V23@A	class MOXIE::Vector2 `public: static class MOXIE::Vector2 const & __ptr64 __cdecl MOXIE::Vector2::getAxisX(void)'::`2'::s_axis_x
3650	?s_axis_x@?1??getAxisX@Vector3@MOXIE@@SAAEBV23@XZ@4V23@A	class MOXIE::Vector3 `public: static class MOXIE::Vector3 const & __ptr64 __cdecl MOXIE::Vector3::getAxisX(void)'::`2'::s_axis_x
3651	?s_axis_x@?1??getAxisX@Vector4@MOXIE@@SAAEBV23@XZ@4V23@A	class MOXIE::Vector4 `public: static class MOXIE::Vector4 const & __ptr64 __cdecl MOXIE::Vector4::getAxisX(void)'::`2'::s_axis_x
3652	?s_axis_y@?1??getAxisY@Vector2@MOXIE@@SAAEBV23@XZ@4V23@A	class MOXIE::Vector2 `public: static class MOXIE::Vector2 const & __ptr64 __cdecl MOXIE::Vector2::getAxisY(void)'::`2'::s_axis_y
3653	?s_axis_y@?1??getAxisY@Vector3@MOXIE@@SAAEBV23@XZ@4V23@A	class MOXIE::Vector3 `public: static class MOXIE::Vector3 const & __ptr64 __cdecl MOXIE::Vector3::getAxisY(void)'::`2'::s_axis_y
3654	?s_axis_y@?1??getAxisY@Vector4@MOXIE@@SAAEBV23@XZ@4V23@A	class MOXIE::Vector4 `public: static class MOXIE::Vector4 const & __ptr64 __cdecl MOXIE::Vector4::getAxisY(void)'::`2'::s_axis_y
3655	?s_axis_z@?1??getAxisW@Vector4@MOXIE@@SAAEBV23@XZ@4V23@A	class MOXIE::Vector4 `public: static class MOXIE::Vector4 const & __ptr64 __cdecl MOXIE::Vector4::getAxisW(void)'::`2'::s_axis_z
3656	?s_axis_z@?1??getAxisZ@Vector3@MOXIE@@SAAEBV23@XZ@4V23@A	class MOXIE::Vector3 `public: static class MOXIE::Vector3 const & __ptr64 __cdecl MOXIE::Vector3::getAxisZ(void)'::`2'::s_axis_z
3657	?s_axis_z@?1??getAxisZ@Vector4@MOXIE@@SAAEBV23@XZ@4V23@A	class MOXIE::Vector4 `public: static class MOXIE::Vector4 const & __ptr64 __cdecl MOXIE::Vector4::getAxisZ(void)'::`2'::s_axis_z
3658	?s_debug@LApiActorsLayer@duet@@0_NA	private: static bool duet::LApiActorsLayer::s_debug
3659	?s_depth@LApiActorsLayer@duet@@0MA	private: static float duet::LApiActorsLayer::s_depth
3660	?s_fadeTimeScale@LApiActorsLayer@duet@@0MA	private: static float duet::LApiActorsLayer::s_fadeTimeScale
3661	?s_fov@LApiActorsLayer@duet@@0MA	private: static float duet::LApiActorsLayer::s_fov
3662	?s_fovFudge@LApiActorsLayer@duet@@0MA	private: static float duet::LApiActorsLayer::s_fovFudge
3663	?s_gradient@FastNoise@MOXIE@@1PAMA	protected: static float * MOXIE::FastNoise::s_gradient
3664	?s_height@LApiActorsLayer@duet@@0MA	private: static float duet::LApiActorsLayer::s_height
3665	?s_identity@?1??getIdentity@Matrix3@MOXIE@@SAAEBV23@XZ@4V23@A	class MOXIE::Matrix3 `public: static class MOXIE::Matrix3 const & __ptr64 __cdecl MOXIE::Matrix3::getIdentity(void)'::`2'::s_identity
3666	?s_identity@?1??getIdentity@Matrix4@MOXIE@@SAAEBV23@XZ@4V23@A	class MOXIE::Matrix4 `public: static class MOXIE::Matrix4 const & __ptr64 __cdecl MOXIE::Matrix4::getIdentity(void)'::`2'::s_identity
3667	?s_identity@?1??getIdentity@Transform@MOXIE@@SAAEBV23@XZ@4V23@A	class MOXIE::Transform `public: static class MOXIE::Transform const & __ptr64 __cdecl MOXIE::Transform::getIdentity(void)'::`2'::s_identity
3668	?s_initialized@FastNoise@MOXIE@@1_NA	protected: static bool MOXIE::FastNoise::s_initialized
3669	?s_initialized@LApiActorsLayer@duet@@0_NA	private: static bool duet::LApiActorsLayer::s_initialized
3670	?s_instance@?1??getIdentity@Quaternion@MOXIE@@SAAEBV23@XZ@4V23@A	class MOXIE::Quaternion `public: static class MOXIE::Quaternion const & __ptr64 __cdecl MOXIE::Quaternion::getIdentity(void)'::`2'::s_instance
3671	?s_instance@?1??getInstance@DefaultAnimMixer@MOXIE@@SAPEAV23@XZ@4V23@A	class MOXIE::DefaultAnimMixer `public: static class MOXIE::DefaultAnimMixer * __ptr64 __cdecl MOXIE::DefaultAnimMixer::getInstance(void)'::`2'::s_instance
3672	?s_instance@Engine@MOXIE@@0PEAV12@EA	private: static class MOXIE::Engine * __ptr64 __ptr64 MOXIE::Engine::s_instance
3673	?s_instance_@Application@MOXIE@@0PEAV12@EA	private: static class MOXIE::Application * __ptr64 __ptr64 MOXIE::Application::s_instance_
3674	?s_instance_@Player@MOXIE@@0PEAV12@EA	private: static class MOXIE::Player * __ptr64 __ptr64 MOXIE::Player::s_instance_
3675	?s_invalid@?1??invalid@ShaderParam@MOXIE@@SAAEAV23@XZ@4V23@A	class MOXIE::ShaderParam `public: static class MOXIE::ShaderParam & __ptr64 __cdecl MOXIE::ShaderParam::invalid(void)'::`2'::s_invalid
3676	?s_invalid@?1??invalid@Sound@MOXIE@@SAAEAV23@XZ@4V23@A	class MOXIE::Sound `public: static class MOXIE::Sound & __ptr64 __cdecl MOXIE::Sound::invalid(void)'::`2'::s_invalid
3677	?s_lastUpdateSecs@LApiActorsLayer@duet@@0MA	private: static float duet::LApiActorsLayer::s_lastUpdateSecs
3678	?s_lastViewedActor@LApiActorsLayer@duet@@0VString@MOXIE@@A	private: static class MOXIE::String duet::LApiActorsLayer::s_lastViewedActor
3679	?s_lastViewedBoyAngle@LApiActorsLayer@duet@@0MA	private: static float duet::LApiActorsLayer::s_lastViewedBoyAngle
3680	?s_lastViewedGirlAngle@LApiActorsLayer@duet@@0MA	private: static float duet::LApiActorsLayer::s_lastViewedGirlAngle
3681	?s_localT@LApiActorsLayer@duet@@0VSRT@2@A	private: static class duet::SRT duet::LApiActorsLayer::s_localT
3682	?s_maxRenderModels@ModelResource@MOXIE@@1IA	protected: static unsigned int MOXIE::ModelResource::s_maxRenderModels
3683	?s_minInvalid@?1??getMaxInvalid@AABBox@MOXIE@@SAAEBVVector3@3@XZ@4V43@A	class MOXIE::Vector3 `public: static class MOXIE::Vector3 const & __ptr64 __cdecl MOXIE::AABBox::getMaxInvalid(void)'::`2'::s_minInvalid
3684	?s_minInvalid@?1??getMinInvalid@AABBox@MOXIE@@SAAEBVVector3@3@XZ@4V43@A	class MOXIE::Vector3 `public: static class MOXIE::Vector3 const & __ptr64 __cdecl MOXIE::AABBox::getMinInvalid(void)'::`2'::s_minInvalid
3685	?s_name@LApiActorClampLayer@duet@@2PEBDEB	public: static char const * __ptr64 const __ptr64 duet::LApiActorClampLayer::s_name
3686	?s_name@LApiActorMover@duet@@2PEBDEB	public: static char const * __ptr64 const __ptr64 duet::LApiActorMover::s_name
3687	?s_name@LApiActorMoverLayer@duet@@2PEBDEB	public: static char const * __ptr64 const __ptr64 duet::LApiActorMoverLayer::s_name
3688	?s_name@LApiActorVignette@duet@@2PEBDEB	public: static char const * __ptr64 const __ptr64 duet::LApiActorVignette::s_name
3689	?s_name@LApiActorsLayer@duet@@2PEBDEB	public: static char const * __ptr64 const __ptr64 duet::LApiActorsLayer::s_name
3690	?s_name@LApiBoomLayer@duet@@2PEBDEB	public: static char const * __ptr64 const __ptr64 duet::LApiBoomLayer::s_name
3691	?s_name@LApiBoundsLayer@duet@@2PEBDEB	public: static char const * __ptr64 const __ptr64 duet::LApiBoundsLayer::s_name
3692	?s_name@LApiCameraRig@duet@@2PEBDEB	public: static char const * __ptr64 const __ptr64 duet::LApiCameraRig::s_name
3693	?s_name@LApiDuet@duet@@2PEBDEB	public: static char const * __ptr64 const __ptr64 duet::LApiDuet::s_name
3694	?s_name@LApiDuetScene@duet@@2PEBDEB	public: static char const * __ptr64 const __ptr64 duet::LApiDuetScene::s_name
3695	?s_name@LApiFlipbookDriver@duet@@2PEBDEB	public: static char const * __ptr64 const __ptr64 duet::LApiFlipbookDriver::s_name
3696	?s_name@LApiGlowAlpha@duet@@2PEBDEB	public: static char const * __ptr64 const __ptr64 duet::LApiGlowAlpha::s_name
3697	?s_name@LApiGlowFader@duet@@2PEBDEB	public: static char const * __ptr64 const __ptr64 duet::LApiGlowFader::s_name
3698	?s_name@LApiInputLayer@duet@@2PEBDEB	public: static char const * __ptr64 const __ptr64 duet::LApiInputLayer::s_name
3699	?s_name@LApiIntroEnvControl@duet@@2PEBDEB	public: static char const * __ptr64 const __ptr64 duet::LApiIntroEnvControl::s_name
3700	?s_name@LApiLookAtDetector@duet@@2PEBDEB	public: static char const * __ptr64 const __ptr64 duet::LApiLookAtDetector::s_name
3701	?s_name@LApiLookAtLayer@duet@@2PEBDEB	public: static char const * __ptr64 const __ptr64 duet::LApiLookAtLayer::s_name
3702	?s_name@LApiMasterBlender@duet@@2PEBDEB	public: static char const * __ptr64 const __ptr64 duet::LApiMasterBlender::s_name
3703	?s_name@LApiParticlesController@duet@@2PEBDEB	public: static char const * __ptr64 const __ptr64 duet::LApiParticlesController::s_name
3704	?s_name@LApiProxyLayer@duet@@2PEBDEB	public: static char const * __ptr64 const __ptr64 duet::LApiProxyLayer::s_name
3705	?s_name@LApiSegmentManager@duet@@2PEBDEB	public: static char const * __ptr64 const __ptr64 duet::LApiSegmentManager::s_name
3706	?s_name@LApiSoftTrack@duet@@2PEBDEB	public: static char const * __ptr64 const __ptr64 duet::LApiSoftTrack::s_name
3707	?s_name@LApiStarBlendLayer@duet@@2PEBDEB	public: static char const * __ptr64 const __ptr64 duet::LApiStarBlendLayer::s_name
3708	?s_name@LApiTrackingLayer@duet@@2PEBDEB	public: static char const * __ptr64 const __ptr64 duet::LApiTrackingLayer::s_name
3709	?s_name@LApiTrackingManager@duet@@2PEBDEB	public: static char const * __ptr64 const __ptr64 duet::LApiTrackingManager::s_name
3710	?s_name@LApiTrackingTarget@duet@@2PEBDEB	public: static char const * __ptr64 const __ptr64 duet::LApiTrackingTarget::s_name
3711	?s_name@LApiUtil@duet@@2PEBDEB	public: static char const * __ptr64 const __ptr64 duet::LApiUtil::s_name
3712	?s_offscreenPosSet@LApiActorsLayer@duet@@0_NA	private: static bool duet::LApiActorsLayer::s_offscreenPosSet
3713	?s_offscreenStartPosition@LApiActorsLayer@duet@@0UQuaternion@2@A	private: static struct duet::Quaternion duet::LApiActorsLayer::s_offscreenStartPosition
3714	?s_offscreenTimeThreshold@LApiActorsLayer@duet@@0MA	private: static float duet::LApiActorsLayer::s_offscreenTimeThreshold
3715	?s_one@?1??getOne@Vector2@MOXIE@@SAAEBV23@XZ@4V23@A	class MOXIE::Vector2 `public: static class MOXIE::Vector2 const & __ptr64 __cdecl MOXIE::Vector2::getOne(void)'::`2'::s_one
3716	?s_one@?1??getOne@Vector3@MOXIE@@SAAEBV23@XZ@4V23@A	class MOXIE::Vector3 `public: static class MOXIE::Vector3 const & __ptr64 __cdecl MOXIE::Vector3::getOne(void)'::`2'::s_one
3717	?s_one@?1??getOne@Vector4@MOXIE@@SAAEBV23@XZ@4V23@A	class MOXIE::Vector4 `public: static class MOXIE::Vector4 const & __ptr64 __cdecl MOXIE::Vector4::getOne(void)'::`2'::s_one
3718	?s_out@?1??backtrace@LUtil@MOXIE@@SAPEBDPEAUlua_State@@@Z@4VString@3@A	class MOXIE::String `public: static char const * __ptr64 __cdecl MOXIE::LUtil::backtrace(struct lua_State * __ptr64)'::`2'::s_out
3719	?s_out@?1??error@LUtil@MOXIE@@SAPEBDPEAUlua_State@@@Z@4VString@3@A	class MOXIE::String `public: static char const * __ptr64 __cdecl MOXIE::LUtil::error(struct lua_State * __ptr64)'::`2'::s_out
3720	?s_permutation@FastNoise@MOXIE@@1PAHA	protected: static int * MOXIE::FastNoise::s_permutation
3721	?s_persp@LApiActorsLayer@duet@@0MA	private: static float duet::LApiActorsLayer::s_persp
3722	?s_projectionDist@LApiActorsLayer@duet@@0MA	private: static float duet::LApiActorsLayer::s_projectionDist
3723	?s_registry@LApiActorClampLayer@duet@@2PAUluaL_Reg@@A	public: static struct luaL_Reg * duet::LApiActorClampLayer::s_registry
3724	?s_registry@LApiActorMover@duet@@2PAUluaL_Reg@@A	public: static struct luaL_Reg * duet::LApiActorMover::s_registry
3725	?s_registry@LApiActorMoverLayer@duet@@2PAUluaL_Reg@@A	public: static struct luaL_Reg * duet::LApiActorMoverLayer::s_registry
3726	?s_registry@LApiActorVignette@duet@@2PAUluaL_Reg@@A	public: static struct luaL_Reg * duet::LApiActorVignette::s_registry
3727	?s_registry@LApiActorsLayer@duet@@2PAUluaL_Reg@@A	public: static struct luaL_Reg * duet::LApiActorsLayer::s_registry
3728	?s_registry@LApiBoomLayer@duet@@2PAUluaL_Reg@@A	public: static struct luaL_Reg * duet::LApiBoomLayer::s_registry
3729	?s_registry@LApiBoundsLayer@duet@@2PAUluaL_Reg@@A	public: static struct luaL_Reg * duet::LApiBoundsLayer::s_registry
3730	?s_registry@LApiCameraRig@duet@@2PAUluaL_Reg@@A	public: static struct luaL_Reg * duet::LApiCameraRig::s_registry
3731	?s_registry@LApiDuet@duet@@2PAUluaL_Reg@@A	public: static struct luaL_Reg * duet::LApiDuet::s_registry
3732	?s_registry@LApiDuetScene@duet@@2PAUluaL_Reg@@A	public: static struct luaL_Reg * duet::LApiDuetScene::s_registry
3733	?s_registry@LApiFlipbookDriver@duet@@2PAUluaL_Reg@@A	public: static struct luaL_Reg * duet::LApiFlipbookDriver::s_registry
3734	?s_registry@LApiGlowAlpha@duet@@2PAUluaL_Reg@@A	public: static struct luaL_Reg * duet::LApiGlowAlpha::s_registry
3735	?s_registry@LApiGlowFader@duet@@2PAUluaL_Reg@@A	public: static struct luaL_Reg * duet::LApiGlowFader::s_registry
3736	?s_registry@LApiInputLayer@duet@@2PAUluaL_Reg@@A	public: static struct luaL_Reg * duet::LApiInputLayer::s_registry
3737	?s_registry@LApiIntroEnvControl@duet@@2PAUluaL_Reg@@A	public: static struct luaL_Reg * duet::LApiIntroEnvControl::s_registry
3738	?s_registry@LApiLookAtDetector@duet@@2PAUluaL_Reg@@A	public: static struct luaL_Reg * duet::LApiLookAtDetector::s_registry
3739	?s_registry@LApiLookAtLayer@duet@@2PAUluaL_Reg@@A	public: static struct luaL_Reg * duet::LApiLookAtLayer::s_registry
3740	?s_registry@LApiMasterBlender@duet@@2PAUluaL_Reg@@A	public: static struct luaL_Reg * duet::LApiMasterBlender::s_registry
3741	?s_registry@LApiParticlesController@duet@@2PAUluaL_Reg@@A	public: static struct luaL_Reg * duet::LApiParticlesController::s_registry
3742	?s_registry@LApiProxyLayer@duet@@2PAUluaL_Reg@@A	public: static struct luaL_Reg * duet::LApiProxyLayer::s_registry
3743	?s_registry@LApiSegmentManager@duet@@2PAUluaL_Reg@@A	public: static struct luaL_Reg * duet::LApiSegmentManager::s_registry
3744	?s_registry@LApiSoftTrack@duet@@2PAUluaL_Reg@@A	public: static struct luaL_Reg * duet::LApiSoftTrack::s_registry
3745	?s_registry@LApiStarBlendLayer@duet@@2PAUluaL_Reg@@A	public: static struct luaL_Reg * duet::LApiStarBlendLayer::s_registry
3746	?s_registry@LApiTrackingLayer@duet@@2PAUluaL_Reg@@A	public: static struct luaL_Reg * duet::LApiTrackingLayer::s_registry
3747	?s_registry@LApiTrackingManager@duet@@2PAUluaL_Reg@@A	public: static struct luaL_Reg * duet::LApiTrackingManager::s_registry
3748	?s_registry@LApiTrackingTarget@duet@@2PAUluaL_Reg@@A	public: static struct luaL_Reg * duet::LApiTrackingTarget::s_registry
3749	?s_registry@LApiUtil@duet@@2PAUluaL_Reg@@A	public: static struct luaL_Reg * duet::LApiUtil::s_registry
3750	?s_renderModelCount@ModelResource@MOXIE@@1IA	protected: static unsigned int MOXIE::ModelResource::s_renderModelCount
3751	?s_scale@LApiActorsLayer@duet@@0MA	private: static float duet::LApiActorsLayer::s_scale
3752	?s_targetFovFudge@LApiActorsLayer@duet@@0MA	private: static float duet::LApiActorsLayer::s_targetFovFudge
3753	?s_typeinfo@?1??getTypeInfo@ShaderParam@MOXIE@@SAAEBUTypeInfo@23@H@Z@4PAU423@A	struct MOXIE::ShaderParam::TypeInfo * `public: static struct MOXIE::ShaderParam::TypeInfo const & __ptr64 __cdecl MOXIE::ShaderParam::getTypeInfo(int)'::`2'::s_typeinfo
3754	?s_updateFov@LApiActorsLayer@duet@@0_NA	private: static bool duet::LApiActorsLayer::s_updateFov
3755	?s_width@LApiActorsLayer@duet@@0MA	private: static float duet::LApiActorsLayer::s_width
3756	?s_xSlope@LApiActorsLayer@duet@@0MA	private: static float duet::LApiActorsLayer::s_xSlope
3757	?s_ySlope@LApiActorsLayer@duet@@0MA	private: static float duet::LApiActorsLayer::s_ySlope
3758	?s_zero@?1??getZero@Matrix3@MOXIE@@SAAEBV23@XZ@4V23@A	class MOXIE::Matrix3 `public: static class MOXIE::Matrix3 const & __ptr64 __cdecl MOXIE::Matrix3::getZero(void)'::`2'::s_zero
3759	?s_zero@?1??getZero@Matrix4@MOXIE@@SAAEBV23@XZ@4V23@A	class MOXIE::Matrix4 `public: static class MOXIE::Matrix4 const & __ptr64 __cdecl MOXIE::Matrix4::getZero(void)'::`2'::s_zero
3760	?s_zero@?1??getZero@Vector2@MOXIE@@SAAEBV23@XZ@4V23@A	class MOXIE::Vector2 `public: static class MOXIE::Vector2 const & __ptr64 __cdecl MOXIE::Vector2::getZero(void)'::`2'::s_zero
3761	?s_zero@?1??getZero@Vector3@MOXIE@@SAAEBV23@XZ@4V23@A	class MOXIE::Vector3 `public: static class MOXIE::Vector3 const & __ptr64 __cdecl MOXIE::Vector3::getZero(void)'::`2'::s_zero
3762	?s_zero@?1??getZero@Vector4@MOXIE@@SAAEBV23@XZ@4V23@A	class MOXIE::Vector4 `public: static class MOXIE::Vector4 const & __ptr64 __cdecl MOXIE::Vector4::getZero(void)'::`2'::s_zero
3763	?sampleByExposure@FlipbookSampler@MOXIE@@QEAAXI@Z	public: void __cdecl MOXIE::FlipbookSampler::sampleByExposure(unsigned int) __ptr64
3764	?sampleByFrame@FlipbookSampler@MOXIE@@QEAAXI@Z	public: void __cdecl MOXIE::FlipbookSampler::sampleByFrame(unsigned int) __ptr64
3765	?sampleByTime@FlipbookSampler@MOXIE@@QEAAXM@Z	public: void __cdecl MOXIE::FlipbookSampler::sampleByTime(float) __ptr64
3766	?save@AnimResource@MOXIE@@QEAA_NAEBVUri@2@@Z	public: bool __cdecl MOXIE::AnimResource::save(class MOXIE::Uri const & __ptr64) __ptr64
3767	?save@Bitmap@MOXIE@@QEBA_NPEBD@Z	public: bool __cdecl MOXIE::Bitmap::save(char const * __ptr64)const __ptr64
3768	?save@FontMap@MOXIE@@QEAA_NPEBD@Z	public: bool __cdecl MOXIE::FontMap::save(char const * __ptr64) __ptr64
3769	?save@FontResource@MOXIE@@QEAA_NAEBVUri@2@@Z	public: bool __cdecl MOXIE::FontResource::save(class MOXIE::Uri const & __ptr64) __ptr64
3770	?save@MemoryStream@MOXIE@@QEAA_NPEAVFileSystem@2@PEBD@Z	public: bool __cdecl MOXIE::MemoryStream::save(class MOXIE::FileSystem * __ptr64,char const * __ptr64) __ptr64
3771	?save@ModelResource@MOXIE@@UEAA_NAEBVUri@2@@Z	public: virtual bool __cdecl MOXIE::ModelResource::save(class MOXIE::Uri const & __ptr64) __ptr64
3772	?save@SceneGraphResource@MOXIE@@QEAA_NAEBVUri@2@@Z	public: bool __cdecl MOXIE::SceneGraphResource::save(class MOXIE::Uri const & __ptr64) __ptr64
3773	?save@Surface@MOXIE@@QEBA_NPEAVFileSystem@2@PEBD@Z	public: bool __cdecl MOXIE::Surface::save(class MOXIE::FileSystem * __ptr64,char const * __ptr64)const __ptr64
3774	?saveDebugLines@RenderDebug@MOXIE@@QEAAXXZ	public: void __cdecl MOXIE::RenderDebug::saveDebugLines(void) __ptr64
3775	?saveScreenshot@RenderView@MOXIE@@QEAAXXZ	public: void __cdecl MOXIE::RenderView::saveScreenshot(void) __ptr64
3776	?saveWindowLayout@Win32Utils@@SAXPEAUHWND__@@@Z	public: static void __cdecl Win32Utils::saveWindowLayout(struct HWND__ * __ptr64)
3777	?scale@AABBox@MOXIE@@QEAAXAEBVVector3@2@@Z	public: void __cdecl MOXIE::AABBox::scale(class MOXIE::Vector3 const & __ptr64) __ptr64
3778	?scale@Matrix3@MOXIE@@QEAAXAEBVVector3@2@@Z	public: void __cdecl MOXIE::Matrix3::scale(class MOXIE::Vector3 const & __ptr64) __ptr64
3779	?scale@Matrix3@MOXIE@@QEAAXM@Z	public: void __cdecl MOXIE::Matrix3::scale(float) __ptr64
3780	?scale@Matrix4@MOXIE@@QEAAXAEBVVector3@2@@Z	public: void __cdecl MOXIE::Matrix4::scale(class MOXIE::Vector3 const & __ptr64) __ptr64
3781	?scale@Matrix4@MOXIE@@QEAAXM@Z	public: void __cdecl MOXIE::Matrix4::scale(float) __ptr64
3782	?scale@SGTransform@MOXIE@@QEAAXAEBVVector3@2@@Z	public: void __cdecl MOXIE::SGTransform::scale(class MOXIE::Vector3 const & __ptr64) __ptr64
3783	?scale@Transform@MOXIE@@QEAAXAEBVVector3@2@@Z	public: void __cdecl MOXIE::Transform::scale(class MOXIE::Vector3 const & __ptr64) __ptr64
3784	?scale@Transform@MOXIE@@QEAAXM@Z	public: void __cdecl MOXIE::Transform::scale(float) __ptr64
3785	?seek@FileStream@MOXIE@@QEAA_NHW4EOrigin@FileSystem@2@@Z	public: bool __cdecl MOXIE::FileStream::seek(int,enum MOXIE::FileSystem::EOrigin) __ptr64
3786	?seek@LocalFileSystem@MOXIE@@UEAA_N_KHW4EOrigin@FileSystem@2@@Z	public: virtual bool __cdecl MOXIE::LocalFileSystem::seek(unsigned __int64,int,enum MOXIE::FileSystem::EOrigin) __ptr64
3787	?seek@NetworkFileSystem@MOXIE@@UEAA_N_KHW4EOrigin@FileSystem@2@@Z	public: virtual bool __cdecl MOXIE::NetworkFileSystem::seek(unsigned __int64,int,enum MOXIE::FileSystem::EOrigin) __ptr64
3788	?seek@RiffDiver@MOXIE@@QEAA_NI@Z	public: bool __cdecl MOXIE::RiffDiver::seek(unsigned int) __ptr64
3789	?seek@SGVideoCubePlayer@MOXIE@@QEAAXM@Z	public: void __cdecl MOXIE::SGVideoCubePlayer::seek(float) __ptr64
3790	?seek@VideoCubeManager@MOXIE@@QEAAXM@Z	public: void __cdecl MOXIE::VideoCubeManager::seek(float) __ptr64
3791	?seek@ZipEntry@MOXIE@@QEAA_N_JW4EOrigin@FileSystem@2@@Z	public: bool __cdecl MOXIE::ZipEntry::seek(__int64,enum MOXIE::FileSystem::EOrigin) __ptr64
3792	?seekDelta@SGVideoCubePlayer@MOXIE@@QEAAXM@Z	public: void __cdecl MOXIE::SGVideoCubePlayer::seekDelta(float) __ptr64
3793	?seekDelta@VideoCubeManager@MOXIE@@QEAAXM@Z	public: void __cdecl MOXIE::VideoCubeManager::seekDelta(float) __ptr64
3794	?seekFrame@AudPlayer@MOXIE@@QEAA?AW4MauxStatus@2@I@Z	public: enum MOXIE::MauxStatus __cdecl MOXIE::AudPlayer::seekFrame(unsigned int) __ptr64
3795	?seekFrame@VideoCubeTile@MOXIE@@QEAA_NHH@Z	public: bool __cdecl MOXIE::VideoCubeTile::seekFrame(int,int) __ptr64
3796	?seekRaw@AudioDataSource@MOXIE@@QEAA_NI@Z	public: bool __cdecl MOXIE::AudioDataSource::seekRaw(unsigned int) __ptr64
3797	?seekRelativeRaw@AudioDataSource@MOXIE@@QEAA_NH@Z	public: bool __cdecl MOXIE::AudioDataSource::seekRelativeRaw(int) __ptr64
3798	?seekToFrame@AudioDataSource@MOXIE@@QEAA?AW4MauxStatus@2@I@Z	public: enum MOXIE::MauxStatus __cdecl MOXIE::AudioDataSource::seekToFrame(unsigned int) __ptr64
3799	?seekToFrame_backend@OggVorbisDecoder@MOXIE@@UEAA?AW4MauxStatus@2@I@Z	public: virtual enum MOXIE::MauxStatus __cdecl MOXIE::OggVorbisDecoder::seekToFrame_backend(unsigned int) __ptr64
3800	?seekToFrame_backend@PcmDecoder@MOXIE@@UEAA?AW4MauxStatus@2@I@Z	public: virtual enum MOXIE::MauxStatus __cdecl MOXIE::PcmDecoder::seekToFrame_backend(unsigned int) __ptr64
3801	?segmentPlayingNative@LApiSoftTrack@duet@@SAHPEAUlua_State@@@Z	public: static int __cdecl duet::LApiSoftTrack::segmentPlayingNative(struct lua_State * __ptr64)
3802	?segmentPlayingNative@LApiTrackingTarget@duet@@SAHPEAUlua_State@@@Z	public: static int __cdecl duet::LApiTrackingTarget::segmentPlayingNative(struct lua_State * __ptr64)
3803	?selectFileSystem@Engine@MOXIE@@IEAA_NXZ	protected: bool __cdecl MOXIE::Engine::selectFileSystem(void) __ptr64
3804	?selectTechnique@Material@MOXIE@@IEAAXXZ	protected: void __cdecl MOXIE::Material::selectTechnique(void) __ptr64
3805	?sendSensorData@SGCameraController@MOXIE@@QEAAXHVQuaternion@2@@Z	public: void __cdecl MOXIE::SGCameraController::sendSensorData(int,class MOXIE::Quaternion) __ptr64
3806	?serviceAsynchronousRequest@AudPlayer@MOXIE@@QEAAXXZ	public: void __cdecl MOXIE::AudPlayer::serviceAsynchronousRequest(void) __ptr64
3807	?serviceStockBuffer@AudioDataSource@MOXIE@@IEAAXXZ	protected: void __cdecl MOXIE::AudioDataSource::serviceStockBuffer(void) __ptr64
3808	?set@AABBox@MOXIE@@QEAAXAEBVVector3@2@0@Z	public: void __cdecl MOXIE::AABBox::set(class MOXIE::Vector3 const & __ptr64,class MOXIE::Vector3 const & __ptr64) __ptr64
3809	?set@Color@MOXIE@@QEAAXEEEE@Z	public: void __cdecl MOXIE::Color::set(unsigned char,unsigned char,unsigned char,unsigned char) __ptr64
3810	?set@Color@MOXIE@@QEAAXI@Z	public: void __cdecl MOXIE::Color::set(unsigned int) __ptr64
3811	?set@Color@MOXIE@@QEAAXMMMM@Z	public: void __cdecl MOXIE::Color::set(float,float,float,float) __ptr64
3812	?set@FilePath@MOXIE@@QEAAXPEBD@Z	public: void __cdecl MOXIE::FilePath::set(char const * __ptr64) __ptr64
3813	?set@Matrix4@MOXIE@@QEAAXAEBV12@@Z	public: void __cdecl MOXIE::Matrix4::set(class MOXIE::Matrix4 const & __ptr64) __ptr64
3814	?set@Matrix4@MOXIE@@QEAAXPEAM@Z	public: void __cdecl MOXIE::Matrix4::set(float * __ptr64) __ptr64
3815	?set@Plane@MOXIE@@QEAAXAEBVVector3@2@00@Z	public: void __cdecl MOXIE::Plane::set(class MOXIE::Vector3 const & __ptr64,class MOXIE::Vector3 const & __ptr64,class MOXIE::Vector3 const & __ptr64) __ptr64
3816	?set@Plane@MOXIE@@QEAAXAEBVVector3@2@0@Z	public: void __cdecl MOXIE::Plane::set(class MOXIE::Vector3 const & __ptr64,class MOXIE::Vector3 const & __ptr64) __ptr64
3817	?set@Plane@MOXIE@@QEAAXAEBVVector3@2@M@Z	public: void __cdecl MOXIE::Plane::set(class MOXIE::Vector3 const & __ptr64,float) __ptr64
3818	?set@Point@MOXIE@@QEAAXHH@Z	public: void __cdecl MOXIE::Point::set(int,int) __ptr64
3819	?set@Quaternion@MOXIE@@QEAAXAEBV12@@Z	public: void __cdecl MOXIE::Quaternion::set(class MOXIE::Quaternion const & __ptr64) __ptr64
3820	?set@Ray@MOXIE@@QEAAXAEBVVector3@2@0@Z	public: void __cdecl MOXIE::Ray::set(class MOXIE::Vector3 const & __ptr64,class MOXIE::Vector3 const & __ptr64) __ptr64
3821	?set@ShaderFx@MOXIE@@QEAAXHI@Z	public: void __cdecl MOXIE::ShaderFx::set(int,unsigned int) __ptr64
3822	?set@ShaderParam@MOXIE@@QEAAXAEBH@Z	public: void __cdecl MOXIE::ShaderParam::set(int const & __ptr64) __ptr64
3823	?set@ShaderParam@MOXIE@@QEAAXAEBM@Z	public: void __cdecl MOXIE::ShaderParam::set(float const & __ptr64) __ptr64
3824	?set@ShaderParam@MOXIE@@QEAAXAEBVMatrix3@2@@Z	public: void __cdecl MOXIE::ShaderParam::set(class MOXIE::Matrix3 const & __ptr64) __ptr64
3825	?set@ShaderParam@MOXIE@@QEAAXAEBVMatrix4@2@@Z	public: void __cdecl MOXIE::ShaderParam::set(class MOXIE::Matrix4 const & __ptr64) __ptr64
3826	?set@ShaderParam@MOXIE@@QEAAXAEBVVector2@2@@Z	public: void __cdecl MOXIE::ShaderParam::set(class MOXIE::Vector2 const & __ptr64) __ptr64
3827	?set@ShaderParam@MOXIE@@QEAAXAEBVVector3@2@@Z	public: void __cdecl MOXIE::ShaderParam::set(class MOXIE::Vector3 const & __ptr64) __ptr64
3828	?set@ShaderParam@MOXIE@@QEAAXAEBVVector4@2@@Z	public: void __cdecl MOXIE::ShaderParam::set(class MOXIE::Vector4 const & __ptr64) __ptr64
3829	?set@ShaderParam@MOXIE@@QEAAXAEB_N@Z	public: void __cdecl MOXIE::ShaderParam::set(bool const & __ptr64) __ptr64
3830	?set@ShaderParam@MOXIE@@QEAAXPEBHI@Z	public: void __cdecl MOXIE::ShaderParam::set(int const * __ptr64,unsigned int) __ptr64
3831	?set@ShaderParam@MOXIE@@QEAAXPEBMI@Z	public: void __cdecl MOXIE::ShaderParam::set(float const * __ptr64,unsigned int) __ptr64
3832	?set@ShaderParam@MOXIE@@QEAAXPEBUBufferOffset@2@I@Z	public: void __cdecl MOXIE::ShaderParam::set(struct MOXIE::BufferOffset const * __ptr64,unsigned int) __ptr64
3833	?set@ShaderParam@MOXIE@@QEAAXPEBVMatrix3@2@I@Z	public: void __cdecl MOXIE::ShaderParam::set(class MOXIE::Matrix3 const * __ptr64,unsigned int) __ptr64
3834	?set@ShaderParam@MOXIE@@QEAAXPEBVMatrix4@2@I@Z	public: void __cdecl MOXIE::ShaderParam::set(class MOXIE::Matrix4 const * __ptr64,unsigned int) __ptr64
3835	?set@ShaderParam@MOXIE@@QEAAXPEBVTexture@2@I@Z	public: void __cdecl MOXIE::ShaderParam::set(class MOXIE::Texture const * __ptr64,unsigned int) __ptr64
3836	?set@ShaderParam@MOXIE@@QEAAXPEBVVector2@2@I@Z	public: void __cdecl MOXIE::ShaderParam::set(class MOXIE::Vector2 const * __ptr64,unsigned int) __ptr64
3837	?set@ShaderParam@MOXIE@@QEAAXPEBVVector3@2@I@Z	public: void __cdecl MOXIE::ShaderParam::set(class MOXIE::Vector3 const * __ptr64,unsigned int) __ptr64
3838	?set@ShaderParam@MOXIE@@QEAAXPEBVVector4@2@I@Z	public: void __cdecl MOXIE::ShaderParam::set(class MOXIE::Vector4 const * __ptr64,unsigned int) __ptr64
3839	?set@ShaderParam@MOXIE@@QEAAXPEB_NI@Z	public: void __cdecl MOXIE::ShaderParam::set(bool const * __ptr64,unsigned int) __ptr64
3840	?set@ShaderParamBlock@MOXIE@@QEAA_NAEBVKey@?$THashTable@I@2@PEBVTexture@2@@Z	public: bool __cdecl MOXIE::ShaderParamBlock::set(class MOXIE::THashTable<unsigned int>::Key const & __ptr64,class MOXIE::Texture const * __ptr64) __ptr64
3841	?set@Surface@MOXIE@@QEAAXIIIW4EPixelFormat@2@W4ETextureType@2@IIPEAEI@Z	public: void __cdecl MOXIE::Surface::set(unsigned int,unsigned int,unsigned int,enum MOXIE::EPixelFormat,enum MOXIE::ETextureType,unsigned int,unsigned int,unsigned char * __ptr64,unsigned int) __ptr64
3842	?set@Transform@MOXIE@@QEAAXAEBVVector3@2@AEBVQuaternion@2@0@Z	public: void __cdecl MOXIE::Transform::set(class MOXIE::Vector3 const & __ptr64,class MOXIE::Quaternion const & __ptr64,class MOXIE::Vector3 const & __ptr64) __ptr64
3843	?set@Vector2@MOXIE@@QEAAXMM@Z	public: void __cdecl MOXIE::Vector2::set(float,float) __ptr64
3844	?set@Vector3@MOXIE@@QEAAXMMM@Z	public: void __cdecl MOXIE::Vector3::set(float,float,float) __ptr64
3845	?set@Vector4@MOXIE@@QEAAXMMMM@Z	public: void __cdecl MOXIE::Vector4::set(float,float,float,float) __ptr64
3846	?setActive@SGComponent@MOXIE@@QEAAX_N@Z	public: void __cdecl MOXIE::SGComponent::setActive(bool) __ptr64
3847	?setActive@SGNode@MOXIE@@QEAAX_N@Z	public: void __cdecl MOXIE::SGNode::setActive(bool) __ptr64
3848	?setActivePlayer@AudEmitter@MOXIE@@QEAAXXZ	public: void __cdecl MOXIE::AudEmitter::setActivePlayer(void) __ptr64
3849	?setAdaptiveQuality@SGVideoCubePlayer@MOXIE@@QEAAX_N@Z	public: void __cdecl MOXIE::SGVideoCubePlayer::setAdaptiveQuality(bool) __ptr64
3850	?setAdd@Matrix3@MOXIE@@QEAAXAEBV12@0@Z	public: void __cdecl MOXIE::Matrix3::setAdd(class MOXIE::Matrix3 const & __ptr64,class MOXIE::Matrix3 const & __ptr64) __ptr64
3851	?setAdd@Matrix4@MOXIE@@QEAAXAEBV12@0@Z	public: void __cdecl MOXIE::Matrix4::setAdd(class MOXIE::Matrix4 const & __ptr64,class MOXIE::Matrix4 const & __ptr64) __ptr64
3852	?setAdd@Point@MOXIE@@QEAAXAEBV12@0@Z	public: void __cdecl MOXIE::Point::setAdd(class MOXIE::Point const & __ptr64,class MOXIE::Point const & __ptr64) __ptr64
3853	?setAdd@Vector2@MOXIE@@QEAAXAEBV12@0@Z	public: void __cdecl MOXIE::Vector2::setAdd(class MOXIE::Vector2 const & __ptr64,class MOXIE::Vector2 const & __ptr64) __ptr64
3854	?setAdd@Vector3@MOXIE@@QEAAXAEBV12@0@Z	public: void __cdecl MOXIE::Vector3::setAdd(class MOXIE::Vector3 const & __ptr64,class MOXIE::Vector3 const & __ptr64) __ptr64
3855	?setAdd@Vector4@MOXIE@@QEAAXAEBV12@0@Z	public: void __cdecl MOXIE::Vector4::setAdd(class MOXIE::Vector4 const & __ptr64,class MOXIE::Vector4 const & __ptr64) __ptr64
3856	?setAddMul@Vector2@MOXIE@@QEAAXAEBV12@0AEBM@Z	public: void __cdecl MOXIE::Vector2::setAddMul(class MOXIE::Vector2 const & __ptr64,class MOXIE::Vector2 const & __ptr64,float const & __ptr64) __ptr64
3857	?setAddMul@Vector3@MOXIE@@QEAAXAEBV12@0AEBM@Z	public: void __cdecl MOXIE::Vector3::setAddMul(class MOXIE::Vector3 const & __ptr64,class MOXIE::Vector3 const & __ptr64,float const & __ptr64) __ptr64
3858	?setAddMul@Vector4@MOXIE@@QEAAXAEBV12@0AEBM@Z	public: void __cdecl MOXIE::Vector4::setAddMul(class MOXIE::Vector4 const & __ptr64,class MOXIE::Vector4 const & __ptr64,float const & __ptr64) __ptr64
3859	?setAllMixVolume@AudioSystem@MOXIE@@QEAAXM@Z	public: void __cdecl MOXIE::AudioSystem::setAllMixVolume(float) __ptr64
3860	?setAlphaRange@RenderView@MOXIE@@QEAAXMM@Z	public: void __cdecl MOXIE::RenderView::setAlphaRange(float,float) __ptr64
3861	?setAmbBinaural@AudioPlayerMaux@MOXIE@@UEAAX_N@Z	public: virtual void __cdecl MOXIE::AudioPlayerMaux::setAmbBinaural(bool) __ptr64
3862	?setAmbBinaural@Sound@MOXIE@@QEAAX_N@Z	public: void __cdecl MOXIE::Sound::setAmbBinaural(bool) __ptr64
3863	?setAmbPan@AudioPlayerMaux@MOXIE@@UEAAXAEBVQuaternion@2@@Z	public: virtual void __cdecl MOXIE::AudioPlayerMaux::setAmbPan(class MOXIE::Quaternion const & __ptr64) __ptr64
3864	?setAmbPan@Sound@MOXIE@@QEAAXAEBVQuaternion@2@@Z	public: void __cdecl MOXIE::Sound::setAmbPan(class MOXIE::Quaternion const & __ptr64) __ptr64
3865	?setAttribute@AudEmitter@MOXIE@@QEAA?AW4MauxStatus@2@W4MauxEmitterAttribute@2@M@Z	public: enum MOXIE::MauxStatus __cdecl MOXIE::AudEmitter::setAttribute(enum MOXIE::MauxEmitterAttribute,float) __ptr64
3866	?setAxisAngle@Quaternion@MOXIE@@QEAAXAEBVVector3@2@VRadian@2@@Z	public: void __cdecl MOXIE::Quaternion::setAxisAngle(class MOXIE::Vector3 const & __ptr64,class MOXIE::Radian) __ptr64
3867	?setBasisX@Matrix3@MOXIE@@QEAAXAEBVVector3@2@@Z	public: void __cdecl MOXIE::Matrix3::setBasisX(class MOXIE::Vector3 const & __ptr64) __ptr64
3868	?setBasisX@Matrix4@MOXIE@@QEAAXAEBVVector3@2@@Z	public: void __cdecl MOXIE::Matrix4::setBasisX(class MOXIE::Vector3 const & __ptr64) __ptr64
3869	?setBasisY@Matrix3@MOXIE@@QEAAXAEBVVector3@2@@Z	public: void __cdecl MOXIE::Matrix3::setBasisY(class MOXIE::Vector3 const & __ptr64) __ptr64
3870	?setBasisY@Matrix4@MOXIE@@QEAAXAEBVVector3@2@@Z	public: void __cdecl MOXIE::Matrix4::setBasisY(class MOXIE::Vector3 const & __ptr64) __ptr64
3871	?setBasisZ@Matrix3@MOXIE@@QEAAXAEBVVector3@2@@Z	public: void __cdecl MOXIE::Matrix3::setBasisZ(class MOXIE::Vector3 const & __ptr64) __ptr64
3872	?setBasisZ@Matrix4@MOXIE@@QEAAXAEBVVector3@2@@Z	public: void __cdecl MOXIE::Matrix4::setBasisZ(class MOXIE::Vector3 const & __ptr64) __ptr64
3873	?setBlendPalette@ShaderFx@MOXIE@@QEAAXPEBVMatrix4@2@I@Z	public: void __cdecl MOXIE::ShaderFx::setBlendPalette(class MOXIE::Matrix4 const * __ptr64,unsigned int) __ptr64
3874	?setBlock@ShaderBlockInstance@MOXIE@@QEAAXPEAVShaderParamBlock@2@@Z	public: void __cdecl MOXIE::ShaderBlockInstance::setBlock(class MOXIE::ShaderParamBlock * __ptr64) __ptr64
3875	?setBoneRadius@SGModelInstance@MOXIE@@QEAAXM@Z	public: void __cdecl MOXIE::SGModelInstance::setBoneRadius(float) __ptr64
3876	?setBoom@SGCameraController@MOXIE@@QEAAXM@Z	public: void __cdecl MOXIE::SGCameraController::setBoom(float) __ptr64
3877	?setCamData@LApiTrackingManager@duet@@SAHPEAUlua_State@@@Z	public: static int __cdecl duet::LApiTrackingManager::setCamData(struct lua_State * __ptr64)
3878	?setCamera@LApiDuet@duet@@SAHPEAUlua_State@@@Z	public: static int __cdecl duet::LApiDuet::setCamera(struct lua_State * __ptr64)
3879	?setCamera@RenderView@MOXIE@@QEAAXPEAVCamera@2@@Z	public: void __cdecl MOXIE::RenderView::setCamera(class MOXIE::Camera * __ptr64) __ptr64
3880	?setCamera@SGCameraController@MOXIE@@QEAAXPEAVSGCamera@2@@Z	public: void __cdecl MOXIE::SGCameraController::setCamera(class MOXIE::SGCamera * __ptr64) __ptr64
3881	?setCamera@SGVideoCubePlayer@MOXIE@@QEAAXPEAVCamera@2@@Z	public: void __cdecl MOXIE::SGVideoCubePlayer::setCamera(class MOXIE::Camera * __ptr64) __ptr64
3882	?setCameraVR@RenderView@MOXIE@@QEAAXPEAVCameraVR@2@@Z	public: void __cdecl MOXIE::RenderView::setCameraVR(class MOXIE::CameraVR * __ptr64) __ptr64
3883	?setClearBits@RenderView@MOXIE@@QEAAXI@Z	public: void __cdecl MOXIE::RenderView::setClearBits(unsigned int) __ptr64
3884	?setClearColor@RenderDeviceGL@MOXIE@@UEAAXAEBVVector4@2@@Z	public: virtual void __cdecl MOXIE::RenderDeviceGL::setClearColor(class MOXIE::Vector4 const & __ptr64) __ptr64
3885	?setClearColor@RenderDeviceGL@MOXIE@@UEAAXMMMM@Z	public: virtual void __cdecl MOXIE::RenderDeviceGL::setClearColor(float,float,float,float) __ptr64
3886	?setClearColor@RenderView@MOXIE@@QEAAXAEBVColor@2@@Z	public: void __cdecl MOXIE::RenderView::setClearColor(class MOXIE::Color const & __ptr64) __ptr64
3887	?setClearDepth@RenderDeviceGL@MOXIE@@UEAAXM@Z	public: virtual void __cdecl MOXIE::RenderDeviceGL::setClearDepth(float) __ptr64
3888	?setClearStencil@RenderDeviceGL@MOXIE@@UEAAXI@Z	public: virtual void __cdecl MOXIE::RenderDeviceGL::setClearStencil(unsigned int) __ptr64
3889	?setClipRect@RenderView@MOXIE@@QEAAXHHII@Z	public: void __cdecl MOXIE::RenderView::setClipRect(int,int,unsigned int,unsigned int) __ptr64
3890	?setColor@RenderDeviceGL@MOXIE@@UEAAXAEBVVector4@2@@Z	public: virtual void __cdecl MOXIE::RenderDeviceGL::setColor(class MOXIE::Vector4 const & __ptr64) __ptr64
3891	?setColor@SGParticleEmitter@MOXIE@@QEAAXAEBVVector4@2@@Z	public: void __cdecl MOXIE::SGParticleEmitter::setColor(class MOXIE::Vector4 const & __ptr64) __ptr64
3892	?setColor@SGVideoCubePlayer@MOXIE@@QEAAXAEBVVector4@2@@Z	public: void __cdecl MOXIE::SGVideoCubePlayer::setColor(class MOXIE::Vector4 const & __ptr64) __ptr64
3893	?setConfig@LApplication@MOXIE@@QEAAXPEBD@Z	public: void __cdecl MOXIE::LApplication::setConfig(char const * __ptr64) __ptr64
3894	?setConjugate@Quaternion@MOXIE@@QEAAXAEBV12@@Z	public: void __cdecl MOXIE::Quaternion::setConjugate(class MOXIE::Quaternion const & __ptr64) __ptr64
3895	?setCross@Vector3@MOXIE@@QEAAXAEBV12@0@Z	public: void __cdecl MOXIE::Vector3::setCross(class MOXIE::Vector3 const & __ptr64,class MOXIE::Vector3 const & __ptr64) __ptr64
3896	?setCullingEnable@EnableManager@MOXIE@@QEAAX_N@Z	public: void __cdecl MOXIE::EnableManager::setCullingEnable(bool) __ptr64
3897	?setCurrentTime@Time@MOXIE@@QEAAXM@Z	public: void __cdecl MOXIE::Time::setCurrentTime(float) __ptr64
3898	?setCustom@Camera@MOXIE@@QEAAXAEBVMatrix4@2@@Z	public: void __cdecl MOXIE::Camera::setCustom(class MOXIE::Matrix4 const & __ptr64) __ptr64
3899	?setDebugMode@SGVideoCubePlayer@MOXIE@@QEAAXI@Z	public: void __cdecl MOXIE::SGVideoCubePlayer::setDebugMode(unsigned int) __ptr64
3900	?setDebugTimeline@SGVideoCubePlayer@MOXIE@@QEAAX_N@Z	public: void __cdecl MOXIE::SGVideoCubePlayer::setDebugTimeline(bool) __ptr64
3901	?setDefault@FileSystemLocator@MOXIE@@YAXPEAVFileSystem@2@@Z	void __cdecl MOXIE::FileSystemLocator::setDefault(class MOXIE::FileSystem * __ptr64)
3902	?setDefaultConfiguration@AudioSystem@MOXIE@@AEAAXXZ	private: void __cdecl MOXIE::AudioSystem::setDefaultConfiguration(void) __ptr64
3903	?setDefaultHeight@Application@MOXIE@@QEAAXI@Z	public: void __cdecl MOXIE::Application::setDefaultHeight(unsigned int) __ptr64
3904	?setDefaultWidth@Application@MOXIE@@QEAAXI@Z	public: void __cdecl MOXIE::Application::setDefaultWidth(unsigned int) __ptr64
3905	?setDirection@AudEmitter@MOXIE@@QEAAXAEBVQuaternion@2@@Z	public: void __cdecl MOXIE::AudEmitter::setDirection(class MOXIE::Quaternion const & __ptr64) __ptr64
3906	?setDirection@Quaternion@MOXIE@@QEAAXAEBVVector3@2@0@Z	public: void __cdecl MOXIE::Quaternion::setDirection(class MOXIE::Vector3 const & __ptr64,class MOXIE::Vector3 const & __ptr64) __ptr64
3907	?setDirty@SGTransform@MOXIE@@QEAAX_N@Z	public: void __cdecl MOXIE::SGTransform::setDirty(bool) __ptr64
3908	?setDisplayFrameEnable@EnableManager@MOXIE@@QEAAX_N@Z	public: void __cdecl MOXIE::EnableManager::setDisplayFrameEnable(bool) __ptr64
3909	?setDiv@Vector2@MOXIE@@QEAAXAEBV12@M@Z	public: void __cdecl MOXIE::Vector2::setDiv(class MOXIE::Vector2 const & __ptr64,float) __ptr64
3910	?setDiv@Vector3@MOXIE@@QEAAXAEBV12@0@Z	public: void __cdecl MOXIE::Vector3::setDiv(class MOXIE::Vector3 const & __ptr64,class MOXIE::Vector3 const & __ptr64) __ptr64
3911	?setDiv@Vector3@MOXIE@@QEAAXAEBV12@M@Z	public: void __cdecl MOXIE::Vector3::setDiv(class MOXIE::Vector3 const & __ptr64,float) __ptr64
3912	?setDiv@Vector4@MOXIE@@QEAAXAEBV12@M@Z	public: void __cdecl MOXIE::Vector4::setDiv(class MOXIE::Vector4 const & __ptr64,float) __ptr64
3913	?setEmitRate@SGParticleEmitter@MOXIE@@QEAAXM@Z	public: void __cdecl MOXIE::SGParticleEmitter::setEmitRate(float) __ptr64
3914	?setEmitter3dPosition@AudioSystem@MOXIE@@QEAA?AW4MauxStatus@2@IAEBVVector3@2@AEBVQuaternion@2@@Z	public: enum MOXIE::MauxStatus __cdecl MOXIE::AudioSystem::setEmitter3dPosition(unsigned int,class MOXIE::Vector3 const & __ptr64,class MOXIE::Quaternion const & __ptr64) __ptr64
3915	?setEmitter3dVelocity@AudioSystem@MOXIE@@QEAA?AW4MauxStatus@2@IAEBVVector3@2@@Z	public: enum MOXIE::MauxStatus __cdecl MOXIE::AudioSystem::setEmitter3dVelocity(unsigned int,class MOXIE::Vector3 const & __ptr64) __ptr64
3916	?setEmitterAttribute@AudioSystem@MOXIE@@QEAA?AW4MauxStatus@2@IW4MauxEmitterAttribute@2@M@Z	public: enum MOXIE::MauxStatus __cdecl MOXIE::AudioSystem::setEmitterAttribute(unsigned int,enum MOXIE::MauxEmitterAttribute,float) __ptr64
3917	?setEmitterEffect@AudioSystem@MOXIE@@QEAA?AW4MauxStatus@2@IW4MauxRenderMode@2@IVString@2@PEAVIEmitterEffect@2@@Z	public: enum MOXIE::MauxStatus __cdecl MOXIE::AudioSystem::setEmitterEffect(unsigned int,enum MOXIE::MauxRenderMode,unsigned int,class MOXIE::String,class MOXIE::IEmitterEffect * __ptr64) __ptr64
3918	?setEmitterId@AudPlayer@MOXIE@@QEAAXIW4EMITTERTYPE@2@@Z	public: void __cdecl MOXIE::AudPlayer::setEmitterId(unsigned int,enum MOXIE::EMITTERTYPE) __ptr64
3919	?setEmitterVolume@AudioSystem@MOXIE@@QEAA?AW4MauxStatus@2@IM@Z	public: enum MOXIE::MauxStatus __cdecl MOXIE::AudioSystem::setEmitterVolume(unsigned int,float) __ptr64
3920	?setEnabled@SensorManager@MOXIE@@QEAAXW4ESensorType@2@_N@Z	public: void __cdecl MOXIE::SensorManager::setEnabled(enum MOXIE::ESensorType,bool) __ptr64
3921	?setEnvironment@ScriptManager@MOXIE@@QEAAXPEAVLEnvironment@2@@Z	public: void __cdecl MOXIE::ScriptManager::setEnvironment(class MOXIE::LEnvironment * __ptr64) __ptr64
3922	?setEuler@Camera@MOXIE@@QEAAXAEBVVector3@2@0@Z	public: void __cdecl MOXIE::Camera::setEuler(class MOXIE::Vector3 const & __ptr64,class MOXIE::Vector3 const & __ptr64) __ptr64
3923	?setEuler@Matrix4@MOXIE@@QEAAXAEAVVector3@2@@Z	public: void __cdecl MOXIE::Matrix4::setEuler(class MOXIE::Vector3 & __ptr64) __ptr64
3924	?setEuler@Quaternion@MOXIE@@QEAAXMMM@Z	public: void __cdecl MOXIE::Quaternion::setEuler(float,float,float) __ptr64
3925	?setExp@Quaternion@MOXIE@@QEAAXAEBV12@@Z	public: void __cdecl MOXIE::Quaternion::setExp(class MOXIE::Quaternion const & __ptr64) __ptr64
3926	?setFixedTimeStep@Time@MOXIE@@QEAAXM@Z	public: void __cdecl MOXIE::Time::setFixedTimeStep(float) __ptr64
3927	?setFlags@RenderView@MOXIE@@QEAAXI@Z	public: void __cdecl MOXIE::RenderView::setFlags(unsigned int) __ptr64
3928	?setFlipBookUpdateEnable@EnableManager@MOXIE@@QEAAX_N@Z	public: void __cdecl MOXIE::EnableManager::setFlipBookUpdateEnable(bool) __ptr64
3929	?setFlipbook@Material@MOXIE@@QEAAXAEBVString@2@AEBVUri@2@@Z	public: void __cdecl MOXIE::Material::setFlipbook(class MOXIE::String const & __ptr64,class MOXIE::Uri const & __ptr64) __ptr64
3930	?setFlipbookHandle@FlipbookSampler@MOXIE@@QEAAXAEBVResourceHandle@2@@Z	public: void __cdecl MOXIE::FlipbookSampler::setFlipbookHandle(class MOXIE::ResourceHandle const & __ptr64) __ptr64
3931	?setFontMap@Font@MOXIE@@QEAAXPEAVFontMap@2@@Z	public: void __cdecl MOXIE::Font::setFontMap(class MOXIE::FontMap * __ptr64) __ptr64
3932	?setFontMap@FontResource@MOXIE@@QEAAXPEAVFontMap@2@@Z	public: void __cdecl MOXIE::FontResource::setFontMap(class MOXIE::FontMap * __ptr64) __ptr64
3933	?setFov@Camera@MOXIE@@QEAAXM@Z	public: void __cdecl MOXIE::Camera::setFov(float) __ptr64
3934	?setGlobalTrackingStrength@SGCameraController@MOXIE@@QEAAXM@Z	public: void __cdecl MOXIE::SGCameraController::setGlobalTrackingStrength(float) __ptr64
3935	?setGlowSettings@LApiActorVignette@duet@@SAHPEAUlua_State@@@Z	public: static int __cdecl duet::LApiActorVignette::setGlowSettings(struct lua_State * __ptr64)
3936	?setHRTF@AudServices@MOXIE@@QEAA?AW4MauxStatus@2@PEBD@Z	public: enum MOXIE::MauxStatus __cdecl MOXIE::AudServices::setHRTF(char const * __ptr64) __ptr64
3937	?setHRTF@AudioEmitter@MOXIE@@UEAAXAEBVUri@2@@Z	public: virtual void __cdecl MOXIE::AudioEmitter::setHRTF(class MOXIE::Uri const & __ptr64) __ptr64
3938	?setIdentity@Matrix3@MOXIE@@QEAAXXZ	public: void __cdecl MOXIE::Matrix3::setIdentity(void) __ptr64
3939	?setIdentity@Matrix4@MOXIE@@QEAAXXZ	public: void __cdecl MOXIE::Matrix4::setIdentity(void) __ptr64
3940	?setIdentity@Quaternion@MOXIE@@QEAAXXZ	public: void __cdecl MOXIE::Quaternion::setIdentity(void) __ptr64
3941	?setIdentity@Transform@MOXIE@@QEAAXXZ	public: void __cdecl MOXIE::Transform::setIdentity(void) __ptr64
3942	?setInstance@Application@MOXIE@@SAXPEAV12@@Z	public: static void __cdecl MOXIE::Application::setInstance(class MOXIE::Application * __ptr64)
3943	?setInstance@Engine@MOXIE@@SAXPEAV12@@Z	public: static void __cdecl MOXIE::Engine::setInstance(class MOXIE::Engine * __ptr64)
3944	?setInverse@Matrix3@MOXIE@@QEAAXAEBV12@@Z	public: void __cdecl MOXIE::Matrix3::setInverse(class MOXIE::Matrix3 const & __ptr64) __ptr64
3945	?setInverse@Matrix4@MOXIE@@QEAAXAEBV12@@Z	public: void __cdecl MOXIE::Matrix4::setInverse(class MOXIE::Matrix4 const & __ptr64) __ptr64
3946	?setInverse@Quaternion@MOXIE@@QEAAXAEBV12@@Z	public: void __cdecl MOXIE::Quaternion::setInverse(class MOXIE::Quaternion const & __ptr64) __ptr64
3947	?setIsTCLEnabled@SGCameraController@MOXIE@@QEAAX_N@Z	public: void __cdecl MOXIE::SGCameraController::setIsTCLEnabled(bool) __ptr64
3948	?setLaunchReason@LApplication@MOXIE@@QEAAXPEBD@Z	public: void __cdecl MOXIE::LApplication::setLaunchReason(char const * __ptr64) __ptr64
3949	?setLayerLocalT@LApiCameraRig@duet@@SAXPEAUlua_State@@AEBVSRT@2@_N@Z	public: static void __cdecl duet::LApiCameraRig::setLayerLocalT(struct lua_State * __ptr64,class duet::SRT const & __ptr64,bool)
3950	?setLerp@Point@MOXIE@@QEAAXMAEBV12@0@Z	public: void __cdecl MOXIE::Point::setLerp(float,class MOXIE::Point const & __ptr64,class MOXIE::Point const & __ptr64) __ptr64
3951	?setLerp@Quaternion@MOXIE@@QEAAXMAEBV12@0@Z	public: void __cdecl MOXIE::Quaternion::setLerp(float,class MOXIE::Quaternion const & __ptr64,class MOXIE::Quaternion const & __ptr64) __ptr64
3952	?setLerp@Vector2@MOXIE@@QEAAXMAEBV12@0@Z	public: void __cdecl MOXIE::Vector2::setLerp(float,class MOXIE::Vector2 const & __ptr64,class MOXIE::Vector2 const & __ptr64) __ptr64
3953	?setLerp@Vector3@MOXIE@@QEAAXMAEBV12@0@Z	public: void __cdecl MOXIE::Vector3::setLerp(float,class MOXIE::Vector3 const & __ptr64,class MOXIE::Vector3 const & __ptr64) __ptr64
3954	?setLerp@Vector4@MOXIE@@QEAAXMAEBV12@0@Z	public: void __cdecl MOXIE::Vector4::setLerp(float,class MOXIE::Vector4 const & __ptr64,class MOXIE::Vector4 const & __ptr64) __ptr64
3955	?setLineWidth@RenderDeviceGL@MOXIE@@UEAAXM@Z	public: virtual void __cdecl MOXIE::RenderDeviceGL::setLineWidth(float) __ptr64
3956	?setListenerDirection@AudEmitter@MOXIE@@QEAAXAEBVQuaternion@2@@Z	public: void __cdecl MOXIE::AudEmitter::setListenerDirection(class MOXIE::Quaternion const & __ptr64) __ptr64
3957	?setListenerHRTF@AudioSystem@MOXIE@@QEAA?AW4MauxStatus@2@PEBD@Z	public: enum MOXIE::MauxStatus __cdecl MOXIE::AudioSystem::setListenerHRTF(char const * __ptr64) __ptr64
3958	?setListenerPosition@AudEmitter@MOXIE@@QEAAXAEBVVector3@2@@Z	public: void __cdecl MOXIE::AudEmitter::setListenerPosition(class MOXIE::Vector3 const & __ptr64) __ptr64
3959	?setListenerVelocity@AudEmitter@MOXIE@@QEAAXAEBVVector3@2@@Z	public: void __cdecl MOXIE::AudEmitter::setListenerVelocity(class MOXIE::Vector3 const & __ptr64) __ptr64
3960	?setListenerVelocity@AudioSystem@MOXIE@@QEAA?AW4MauxStatus@2@AEBVVector3@2@@Z	public: enum MOXIE::MauxStatus __cdecl MOXIE::AudioSystem::setListenerVelocity(class MOXIE::Vector3 const & __ptr64) __ptr64
3961	?setListenerWorldPosition@AudioSystem@MOXIE@@QEAA?AW4MauxStatus@2@AEBVVector3@2@AEBVQuaternion@2@@Z	public: enum MOXIE::MauxStatus __cdecl MOXIE::AudioSystem::setListenerWorldPosition(class MOXIE::Vector3 const & __ptr64,class MOXIE::Quaternion const & __ptr64) __ptr64
3962	?setLocal@SGTransform@MOXIE@@QEAAXAEBVTransform@2@@Z	public: void __cdecl MOXIE::SGTransform::setLocal(class MOXIE::Transform const & __ptr64) __ptr64
3963	?setLocalBounds@SGTransform@MOXIE@@QEAAXAEBVAABBox@2@@Z	public: void __cdecl MOXIE::SGTransform::setLocalBounds(class MOXIE::AABBox const & __ptr64) __ptr64
3964	?setLocalMatrix@SGModelInstance@MOXIE@@QEAAXIAEBVMatrix4@2@@Z	public: void __cdecl MOXIE::SGModelInstance::setLocalMatrix(unsigned int,class MOXIE::Matrix4 const & __ptr64) __ptr64
3965	?setLocalRotation@SGTransform@MOXIE@@QEAAXAEBVQuaternion@2@@Z	public: void __cdecl MOXIE::SGTransform::setLocalRotation(class MOXIE::Quaternion const & __ptr64) __ptr64
3966	?setLocalScale@SGTransform@MOXIE@@QEAAXAEBVVector3@2@@Z	public: void __cdecl MOXIE::SGTransform::setLocalScale(class MOXIE::Vector3 const & __ptr64) __ptr64
3967	?setLocalTranslation@SGTransform@MOXIE@@QEAAXAEBVVector3@2@@Z	public: void __cdecl MOXIE::SGTransform::setLocalTranslation(class MOXIE::Vector3 const & __ptr64) __ptr64
3968	?setLocalVisibility@SGModelInstance@MOXIE@@QEAAXI_N@Z	public: void __cdecl MOXIE::SGModelInstance::setLocalVisibility(unsigned int,bool) __ptr64
3969	?setLocked@SceneGraph@MOXIE@@QEAAX_N@Z	public: void __cdecl MOXIE::SceneGraph::setLocked(bool) __ptr64
3970	?setLog@Quaternion@MOXIE@@QEAAXAEBV12@@Z	public: void __cdecl MOXIE::Quaternion::setLog(class MOXIE::Quaternion const & __ptr64) __ptr64
3971	?setLookAt@Camera@MOXIE@@QEAAXAEBVVector3@2@00@Z	public: void __cdecl MOXIE::Camera::setLookAt(class MOXIE::Vector3 const & __ptr64,class MOXIE::Vector3 const & __ptr64,class MOXIE::Vector3 const & __ptr64) __ptr64
3972	?setLookAt@SGCamera@MOXIE@@QEAAXAEBVVector3@2@00@Z	public: void __cdecl MOXIE::SGCamera::setLookAt(class MOXIE::Vector3 const & __ptr64,class MOXIE::Vector3 const & __ptr64,class MOXIE::Vector3 const & __ptr64) __ptr64
3973	?setLoopEndpoints@AudPlayer@MOXIE@@QEAA?AW4MauxStatus@2@II@Z	public: enum MOXIE::MauxStatus __cdecl MOXIE::AudPlayer::setLoopEndpoints(unsigned int,unsigned int) __ptr64
3974	?setLoopMode@AudPlayer@MOXIE@@QEAAX_N@Z	public: void __cdecl MOXIE::AudPlayer::setLoopMode(bool) __ptr64
3975	?setLoopMode@AudioDataSource@MOXIE@@QEAA?AW4MauxStatus@2@_N@Z	public: enum MOXIE::MauxStatus __cdecl MOXIE::AudioDataSource::setLoopMode(bool) __ptr64
3976	?setLoopPoints@AudioDataSource@MOXIE@@QEAA?AW4MauxStatus@2@II@Z	public: enum MOXIE::MauxStatus __cdecl MOXIE::AudioDataSource::setLoopPoints(unsigned int,unsigned int) __ptr64
3977	?setLooping@AudioPlayerMaux@MOXIE@@UEAAX_NII@Z	public: virtual void __cdecl MOXIE::AudioPlayerMaux::setLooping(bool,unsigned int,unsigned int) __ptr64
3978	?setLooping@Flipbook@MOXIE@@QEAAX_N@Z	public: void __cdecl MOXIE::Flipbook::setLooping(bool) __ptr64
3979	?setLooping@SGVideoCubePlayer@MOXIE@@QEAAX_N@Z	public: void __cdecl MOXIE::SGVideoCubePlayer::setLooping(bool) __ptr64
3980	?setLooping@Sound@MOXIE@@QEAAX_N@Z	public: void __cdecl MOXIE::Sound::setLooping(bool) __ptr64
3981	?setLuaProfilerEnable@LApiDuet@duet@@SAHPEAUlua_State@@@Z	public: static int __cdecl duet::LApiDuet::setLuaProfilerEnable(struct lua_State * __ptr64)
3982	?setMarker@ReplayManager@MOXIE@@QEAAXAEBVString@2@@Z	public: void __cdecl MOXIE::ReplayManager::setMarker(class MOXIE::String const & __ptr64) __ptr64
3983	?setMaterial@FlipbookSampler@MOXIE@@QEAAXPEAVMaterial@2@AEBV?$TArray@VString@MOXIE@@@2@@Z	public: void __cdecl MOXIE::FlipbookSampler::setMaterial(class MOXIE::Material * __ptr64,class MOXIE::TArray<class MOXIE::String> const & __ptr64) __ptr64
3984	?setMaterial@LApiIntroEnvControl@duet@@SAHPEAUlua_State@@@Z	public: static int __cdecl duet::LApiIntroEnvControl::setMaterial(struct lua_State * __ptr64)
3985	?setMaterial@SGVideoCubePlayer@MOXIE@@QEAAXPEAVMaterial@2@@Z	public: void __cdecl MOXIE::SGVideoCubePlayer::setMaterial(class MOXIE::Material * __ptr64) __ptr64
3986	?setMaterialOverride@RenderView@MOXIE@@QEAAXPEAVMaterial@2@@Z	public: void __cdecl MOXIE::RenderView::setMaterialOverride(class MOXIE::Material * __ptr64) __ptr64
3987	?setMatrix@Quaternion@MOXIE@@QEAAXAEBVMatrix4@2@@Z	public: void __cdecl MOXIE::Quaternion::setMatrix(class MOXIE::Matrix4 const & __ptr64) __ptr64
3988	?setMatrix@Transform@MOXIE@@QEAAXAEBVMatrix4@2@@Z	public: void __cdecl MOXIE::Transform::setMatrix(class MOXIE::Matrix4 const & __ptr64) __ptr64
3989	?setMaxRenderModels@ModelResource@MOXIE@@SAXI@Z	public: static void __cdecl MOXIE::ModelResource::setMaxRenderModels(unsigned int)
3990	?setMeshRenderEnable@EnableManager@MOXIE@@QEAAX_N@Z	public: void __cdecl MOXIE::EnableManager::setMeshRenderEnable(bool) __ptr64
3991	?setMetatable@LUtil@MOXIE@@SAXPEAUlua_State@@PEBD@Z	public: static void __cdecl MOXIE::LUtil::setMetatable(struct lua_State * __ptr64,char const * __ptr64)
3992	?setModel@SGModelInstance@MOXIE@@QEAA_NAEBVResourceHandle@2@@Z	public: bool __cdecl MOXIE::SGModelInstance::setModel(class MOXIE::ResourceHandle const & __ptr64) __ptr64
3993	?setModel@SGModelInstance@MOXIE@@QEAA_NAEBVUri@2@@Z	public: bool __cdecl MOXIE::SGModelInstance::setModel(class MOXIE::Uri const & __ptr64) __ptr64
3994	?setMul3x3@Matrix4@MOXIE@@QEAAXAEBV12@0@Z	public: void __cdecl MOXIE::Matrix4::setMul3x3(class MOXIE::Matrix4 const & __ptr64,class MOXIE::Matrix4 const & __ptr64) __ptr64
3995	?setMul@Matrix3@MOXIE@@QEAAXAEBV12@0@Z	public: void __cdecl MOXIE::Matrix3::setMul(class MOXIE::Matrix3 const & __ptr64,class MOXIE::Matrix3 const & __ptr64) __ptr64
3996	?setMul@Matrix3@MOXIE@@QEAAXAEBV12@M@Z	public: void __cdecl MOXIE::Matrix3::setMul(class MOXIE::Matrix3 const & __ptr64,float) __ptr64
3997	?setMul@Matrix4@MOXIE@@QEAAXAEBV12@0@Z	public: void __cdecl MOXIE::Matrix4::setMul(class MOXIE::Matrix4 const & __ptr64,class MOXIE::Matrix4 const & __ptr64) __ptr64
3998	?setMul@Matrix4@MOXIE@@QEAAXAEBV12@M@Z	public: void __cdecl MOXIE::Matrix4::setMul(class MOXIE::Matrix4 const & __ptr64,float) __ptr64
3999	?setMul@Quaternion@MOXIE@@QEAAXAEBV12@0@Z	public: void __cdecl MOXIE::Quaternion::setMul(class MOXIE::Quaternion const & __ptr64,class MOXIE::Quaternion const & __ptr64) __ptr64
4000	?setMul@Quaternion@MOXIE@@QEAAXAEBV12@M@Z	public: void __cdecl MOXIE::Quaternion::setMul(class MOXIE::Quaternion const & __ptr64,float) __ptr64
4001	?setMul@Vector2@MOXIE@@QEAAXAEBV12@0@Z	public: void __cdecl MOXIE::Vector2::setMul(class MOXIE::Vector2 const & __ptr64,class MOXIE::Vector2 const & __ptr64) __ptr64
4002	?setMul@Vector2@MOXIE@@QEAAXAEBV12@M@Z	public: void __cdecl MOXIE::Vector2::setMul(class MOXIE::Vector2 const & __ptr64,float) __ptr64
4003	?setMul@Vector3@MOXIE@@QEAAXAEBV12@0@Z	public: void __cdecl MOXIE::Vector3::setMul(class MOXIE::Vector3 const & __ptr64,class MOXIE::Vector3 const & __ptr64) __ptr64
4004	?setMul@Vector3@MOXIE@@QEAAXAEBV12@M@Z	public: void __cdecl MOXIE::Vector3::setMul(class MOXIE::Vector3 const & __ptr64,float) __ptr64
4005	?setMul@Vector4@MOXIE@@QEAAXAEBV12@0@Z	public: void __cdecl MOXIE::Vector4::setMul(class MOXIE::Vector4 const & __ptr64,class MOXIE::Vector4 const & __ptr64) __ptr64
4006	?setMul@Vector4@MOXIE@@QEAAXAEBV12@M@Z	public: void __cdecl MOXIE::Vector4::setMul(class MOXIE::Vector4 const & __ptr64,float) __ptr64
4007	?setMute@AudioPlayerMaux@MOXIE@@UEAAX_N@Z	public: virtual void __cdecl MOXIE::AudioPlayerMaux::setMute(bool) __ptr64
4008	?setMute@Sound@MOXIE@@QEAAX_N@Z	public: void __cdecl MOXIE::Sound::setMute(bool) __ptr64
4009	?setMuted@AudPlayer@MOXIE@@QEAAX_N@Z	public: void __cdecl MOXIE::AudPlayer::setMuted(bool) __ptr64
4010	?setName@GUITheme@MOXIE@@QEAAXPEBD@Z	public: void __cdecl MOXIE::GUITheme::setName(char const * __ptr64) __ptr64
4011	?setName@Material@MOXIE@@QEAAXAEBVString@2@@Z	public: void __cdecl MOXIE::Material::setName(class MOXIE::String const & __ptr64) __ptr64
4012	?setName@SGNode@MOXIE@@QEAAXAEBVString@2@@Z	public: void __cdecl MOXIE::SGNode::setName(class MOXIE::String const & __ptr64) __ptr64
4013	?setName@Thread@MOXIE@@KAXAEBVString@2@@Z	protected: static void __cdecl MOXIE::Thread::setName(class MOXIE::String const & __ptr64)
4014	?setNearestActorData@LApiTrackingManager@duet@@SAHPEAUlua_State@@@Z	public: static int __cdecl duet::LApiTrackingManager::setNearestActorData(struct lua_State * __ptr64)
4015	?setNormalMatrix@ShaderFx@MOXIE@@QEAAXAEBVMatrix4@2@@Z	public: void __cdecl MOXIE::ShaderFx::setNormalMatrix(class MOXIE::Matrix4 const & __ptr64) __ptr64
4016	?setOnStoryStateCallback@StoryManager@MOXIE@@QEAAXP6AXW4moxieStoryStatus_t@@HPEBDPEAX@Z2@Z	public: void __cdecl MOXIE::StoryManager::setOnStoryStateCallback(void (__cdecl*)(enum moxieStoryStatus_t,int,char const * __ptr64,void * __ptr64),void * __ptr64) __ptr64
4017	?setOrthographic@Camera@MOXIE@@QEAAXMMMMMM@Z	public: void __cdecl MOXIE::Camera::setOrthographic(float,float,float,float,float,float) __ptr64
4018	?setOrthographic@SGCamera@MOXIE@@QEAAXMMMMMM@Z	public: void __cdecl MOXIE::SGCamera::setOrthographic(float,float,float,float,float,float) __ptr64
4019	?setOwner@SGComponent@MOXIE@@QEAAXPEAVSGNode@2@@Z	public: void __cdecl MOXIE::SGComponent::setOwner(class MOXIE::SGNode * __ptr64) __ptr64
4020	?setPackage@LApplication@MOXIE@@QEAAXPEBD@Z	public: void __cdecl MOXIE::LApplication::setPackage(char const * __ptr64) __ptr64
4021	?setPanBalance@AudioPlayerMaux@MOXIE@@UEAAXM@Z	public: virtual void __cdecl MOXIE::AudioPlayerMaux::setPanBalance(float) __ptr64
4022	?setPanBalance@Sound@MOXIE@@QEAAXM@Z	public: void __cdecl MOXIE::Sound::setPanBalance(float) __ptr64
4023	?setPanPosition@AudPlayer@MOXIE@@QEAAXMI@Z	public: void __cdecl MOXIE::AudPlayer::setPanPosition(float,unsigned int) __ptr64
4024	?setParent@SGNode@MOXIE@@QEAAXPEAV12@@Z	public: void __cdecl MOXIE::SGNode::setParent(class MOXIE::SGNode * __ptr64) __ptr64
4025	?setParticleSystem@SGParticleEmitter@MOXIE@@QEAAXAEBVResourceHandle@2@@Z	public: void __cdecl MOXIE::SGParticleEmitter::setParticleSystem(class MOXIE::ResourceHandle const & __ptr64) __ptr64
4026	?setParticlesEnable@EnableManager@MOXIE@@QEAAX_N@Z	public: void __cdecl MOXIE::EnableManager::setParticlesEnable(bool) __ptr64
4027	?setPerspective@Camera@MOXIE@@QEAAXVRadian@2@MM@Z	public: void __cdecl MOXIE::Camera::setPerspective(class MOXIE::Radian,float,float) __ptr64
4028	?setPerspective@SGCamera@MOXIE@@QEAAXVRadian@2@MM@Z	public: void __cdecl MOXIE::SGCamera::setPerspective(class MOXIE::Radian,float,float) __ptr64
4029	?setPixel@Bitmap@MOXIE@@QEAAXIIAEBVColor@2@@Z	public: void __cdecl MOXIE::Bitmap::setPixel(unsigned int,unsigned int,class MOXIE::Color const & __ptr64) __ptr64
4030	?setPlatformInfo@Engine@MOXIE@@QEAAXPEBUPlatformInfo@2@@Z	public: void __cdecl MOXIE::Engine::setPlatformInfo(struct MOXIE::PlatformInfo const * __ptr64) __ptr64
4031	?setPlayState@AudPlayer@MOXIE@@QEAA?AW4MauxStatus@2@W4MauxPlayState@2@@Z	public: enum MOXIE::MauxStatus __cdecl MOXIE::AudPlayer::setPlayState(enum MOXIE::MauxPlayState) __ptr64
4032	?setPlayState@AudioPlayerMaux@MOXIE@@UEAAXW4EPlayState@2@@Z	public: virtual void __cdecl MOXIE::AudioPlayerMaux::setPlayState(enum MOXIE::EPlayState) __ptr64
4033	?setPlayState@Sound@MOXIE@@QEAAXW4EPlayState@2@@Z	public: void __cdecl MOXIE::Sound::setPlayState(enum MOXIE::EPlayState) __ptr64
4034	?setPlayer3dPositionAbsTimed@AudioSystem@MOXIE@@QEAA?AW4MauxStatus@2@IVVector3@2@00MM_N@Z	public: enum MOXIE::MauxStatus __cdecl MOXIE::AudioSystem::setPlayer3dPositionAbsTimed(unsigned int,class MOXIE::Vector3,class MOXIE::Vector3,class MOXIE::Vector3,float,float,bool) __ptr64
4035	?setPlayer3dPositionRelTimed@AudioSystem@MOXIE@@QEAA?AW4MauxStatus@2@IVVector3@2@MM_N@Z	public: enum MOXIE::MauxStatus __cdecl MOXIE::AudioSystem::setPlayer3dPositionRelTimed(unsigned int,class MOXIE::Vector3,float,float,bool) __ptr64
4036	?setPlayerEmitter@AudioSystem@MOXIE@@QEAA?AW4MauxStatus@2@II@Z	public: enum MOXIE::MauxStatus __cdecl MOXIE::AudioSystem::setPlayerEmitter(unsigned int,unsigned int) __ptr64
4037	?setPlayerFrameLoopPoints@AudioSystem@MOXIE@@QEAA?AW4MauxStatus@2@III@Z	public: enum MOXIE::MauxStatus __cdecl MOXIE::AudioSystem::setPlayerFrameLoopPoints(unsigned int,unsigned int,unsigned int) __ptr64
4038	?setPlayerGroupAffinity@AudioSystem@MOXIE@@QEAA?AW4MauxStatus@2@II@Z	public: enum MOXIE::MauxStatus __cdecl MOXIE::AudioSystem::setPlayerGroupAffinity(unsigned int,unsigned int) __ptr64
4039	?setPlayerLooping@AudioSystem@MOXIE@@QEAA?AW4MauxStatus@2@I_N@Z	public: enum MOXIE::MauxStatus __cdecl MOXIE::AudioSystem::setPlayerLooping(unsigned int,bool) __ptr64
4040	?setPlayerMaxCount@AudioSystem@MOXIE@@QEAA?AW4MauxStatus@2@I@Z	public: enum MOXIE::MauxStatus __cdecl MOXIE::AudioSystem::setPlayerMaxCount(unsigned int) __ptr64
4041	?setPlayerMuted@AudioSystem@MOXIE@@QEAA?AW4MauxStatus@2@I_N@Z	public: enum MOXIE::MauxStatus __cdecl MOXIE::AudioSystem::setPlayerMuted(unsigned int,bool) __ptr64
4042	?setPlayerPanPosition@AudioSystem@MOXIE@@QEAA?AW4MauxStatus@2@IM@Z	public: enum MOXIE::MauxStatus __cdecl MOXIE::AudioSystem::setPlayerPanPosition(unsigned int,float) __ptr64
4043	?setPlayerPanPositionTimed@AudioSystem@MOXIE@@QEAA?AW4MauxStatus@2@IMMM_N@Z	public: enum MOXIE::MauxStatus __cdecl MOXIE::AudioSystem::setPlayerPanPositionTimed(unsigned int,float,float,float,bool) __ptr64
4044	?setPlayerRate@AudioSystem@MOXIE@@QEAA?AW4MauxStatus@2@IM@Z	public: enum MOXIE::MauxStatus __cdecl MOXIE::AudioSystem::setPlayerRate(unsigned int,float) __ptr64
4045	?setPlayerSamplePosition@AudioSystem@MOXIE@@QEAA?AW4MauxStatus@2@II@Z	public: enum MOXIE::MauxStatus __cdecl MOXIE::AudioSystem::setPlayerSamplePosition(unsigned int,unsigned int) __ptr64
4046	?setPlayerSamplePositionTimed@AudioSystem@MOXIE@@QEAA?AW4MauxStatus@2@IIM_N@Z	public: enum MOXIE::MauxStatus __cdecl MOXIE::AudioSystem::setPlayerSamplePositionTimed(unsigned int,unsigned int,float,bool) __ptr64
4047	?setPlayerState@AudioSystem@MOXIE@@QEAA?AW4MauxStatus@2@IW4MauxPlayState@2@@Z	public: enum MOXIE::MauxStatus __cdecl MOXIE::AudioSystem::setPlayerState(unsigned int,enum MOXIE::MauxPlayState) __ptr64
4048	?setPlayerStateTimed@AudioSystem@MOXIE@@QEAA?AW4MauxStatus@2@IW4MauxPlayState@2@M_N@Z	public: enum MOXIE::MauxStatus __cdecl MOXIE::AudioSystem::setPlayerStateTimed(unsigned int,enum MOXIE::MauxPlayState,float,bool) __ptr64
4049	?setPlayerTimeLoopPoints@AudioSystem@MOXIE@@QEAA?AW4MauxStatus@2@IMM@Z	public: enum MOXIE::MauxStatus __cdecl MOXIE::AudioSystem::setPlayerTimeLoopPoints(unsigned int,float,float) __ptr64
4050	?setPlayerTimePosition@AudioSystem@MOXIE@@QEAA?AW4MauxStatus@2@IM@Z	public: enum MOXIE::MauxStatus __cdecl MOXIE::AudioSystem::setPlayerTimePosition(unsigned int,float) __ptr64
4051	?setPlayerVolume@AudioSystem@MOXIE@@QEAA?AW4MauxStatus@2@IM@Z	public: enum MOXIE::MauxStatus __cdecl MOXIE::AudioSystem::setPlayerVolume(unsigned int,float) __ptr64
4052	?setPlayerVolumeTimed@AudioSystem@MOXIE@@QEAA?AW4MauxStatus@2@IMM@Z	public: enum MOXIE::MauxStatus __cdecl MOXIE::AudioSystem::setPlayerVolumeTimed(unsigned int,float,float) __ptr64
4053	?setPointSize@RenderDeviceGL@MOXIE@@UEAAXM@Z	public: virtual void __cdecl MOXIE::RenderDeviceGL::setPointSize(float) __ptr64
4054	?setPosition@AudEmitter@MOXIE@@QEAAXAEBVVector3@2@@Z	public: void __cdecl MOXIE::AudEmitter::setPosition(class MOXIE::Vector3 const & __ptr64) __ptr64
4055	?setPosition@MemoryStream@MOXIE@@QEAAXI@Z	public: void __cdecl MOXIE::MemoryStream::setPosition(unsigned int) __ptr64
4056	?setPrecisionFilterMinMax@SGCameraController@MOXIE@@QEAAXMM@Z	public: void __cdecl MOXIE::SGCameraController::setPrecisionFilterMinMax(float,float) __ptr64
4057	?setPriority@Thread@MOXIE@@QEAA_NAEBW4Priority@12@@Z	public: bool __cdecl MOXIE::Thread::setPriority(enum MOXIE::Thread::Priority const & __ptr64) __ptr64
4058	?setProfileStats@VideoCubeTile@MOXIE@@QEAAXPEAUProfileStats@12@@Z	public: void __cdecl MOXIE::VideoCubeTile::setProfileStats(struct MOXIE::VideoCubeTile::ProfileStats * __ptr64) __ptr64
4059	?setProjMatrix@ShaderFx@MOXIE@@QEAAXAEBVMatrix4@2@@Z	public: void __cdecl MOXIE::ShaderFx::setProjMatrix(class MOXIE::Matrix4 const & __ptr64) __ptr64
4060	?setProjectiveOffset@SGCameraController@MOXIE@@QEAAXVVector3@2@@Z	public: void __cdecl MOXIE::SGCameraController::setProjectiveOffset(class MOXIE::Vector3) __ptr64
4061	?setProjectiveOffset@SGCameraController@MOXIE@@QEAAXVVector3@2@MM@Z	public: void __cdecl MOXIE::SGCameraController::setProjectiveOffset(class MOXIE::Vector3,float,float) __ptr64
4062	?setProjectiveRemappingStrength@SGCameraController@MOXIE@@QEAAXM@Z	public: void __cdecl MOXIE::SGCameraController::setProjectiveRemappingStrength(float) __ptr64
4063	?setProperties@Material@MOXIE@@QEAAXPEBD@Z	public: void __cdecl MOXIE::Material::setProperties(char const * __ptr64) __ptr64
4064	?setQualityLevel@SGVideoCubePlayer@MOXIE@@QEAAXI@Z	public: void __cdecl MOXIE::SGVideoCubePlayer::setQualityLevel(unsigned int) __ptr64
4065	?setRate@AudioPlayerMaux@MOXIE@@UEAAXM@Z	public: virtual void __cdecl MOXIE::AudioPlayerMaux::setRate(float) __ptr64
4066	?setRate@Sound@MOXIE@@QEAAXM@Z	public: void __cdecl MOXIE::Sound::setRate(float) __ptr64
4067	?setRecordFile@LApplication@MOXIE@@QEAAXPEBD@Z	public: void __cdecl MOXIE::LApplication::setRecordFile(char const * __ptr64) __ptr64
4068	?setRegressionTestStats@Engine@MOXIE@@QEAAX_N@Z	public: void __cdecl MOXIE::Engine::setRegressionTestStats(bool) __ptr64
4069	?setRenderFlags@SGNode@MOXIE@@QEAAXI@Z	public: void __cdecl MOXIE::SGNode::setRenderFlags(unsigned int) __ptr64
4070	?setRenderGroup@Material@MOXIE@@QEAAXI@Z	public: void __cdecl MOXIE::Material::setRenderGroup(unsigned int) __ptr64
4071	?setRenderGroupFilter@RenderDispatcher@MOXIE@@QEAAXII@Z	public: void __cdecl MOXIE::RenderDispatcher::setRenderGroupFilter(unsigned int,unsigned int) __ptr64
4072	?setRenderMode@AudEmitter@MOXIE@@QEAAXW4MauxRenderMode@2@@Z	public: void __cdecl MOXIE::AudEmitter::setRenderMode(enum MOXIE::MauxRenderMode) __ptr64
4073	?setRenderState@RenderDeviceGL@MOXIE@@UEAAXAEBURenderState@2@_N@Z	public: virtual void __cdecl MOXIE::RenderDeviceGL::setRenderState(struct MOXIE::RenderState const & __ptr64,bool) __ptr64
4074	?setRenderTarget@RenderView@MOXIE@@QEAAXPEAVRenderTarget@2@@Z	public: void __cdecl MOXIE::RenderView::setRenderTarget(class MOXIE::RenderTarget * __ptr64) __ptr64
4075	?setRenderTargetScale@RenderView@MOXIE@@QEAAXM@Z	public: void __cdecl MOXIE::RenderView::setRenderTargetScale(float) __ptr64
4076	?setReplayFile@LApplication@MOXIE@@QEAAXPEBD@Z	public: void __cdecl MOXIE::LApplication::setReplayFile(char const * __ptr64) __ptr64
4077	?setResolveResources@Material@MOXIE@@QEAAX_N@Z	public: void __cdecl MOXIE::Material::setResolveResources(bool) __ptr64
4078	?setRootDir@LApplication@MOXIE@@QEAAXPEBD@Z	public: void __cdecl MOXIE::LApplication::setRootDir(char const * __ptr64) __ptr64
4079	?setRotation@Matrix4@MOXIE@@QEAAXAEBVMatrix3@2@@Z	public: void __cdecl MOXIE::Matrix4::setRotation(class MOXIE::Matrix3 const & __ptr64) __ptr64
4080	?setRotation@Transform@MOXIE@@QEAAXAEBVQuaternion@2@@Z	public: void __cdecl MOXIE::Transform::setRotation(class MOXIE::Quaternion const & __ptr64) __ptr64
4081	?setRotation@Transform@MOXIE@@QEAAXAEBVVector3@2@VRadian@2@@Z	public: void __cdecl MOXIE::Transform::setRotation(class MOXIE::Vector3 const & __ptr64,class MOXIE::Radian) __ptr64
4082	?setScale@Matrix4@MOXIE@@QEAAXAEBVVector3@2@@Z	public: void __cdecl MOXIE::Matrix4::setScale(class MOXIE::Vector3 const & __ptr64) __ptr64
4083	?setScale@Transform@MOXIE@@QEAAXAEBVVector3@2@@Z	public: void __cdecl MOXIE::Transform::setScale(class MOXIE::Vector3 const & __ptr64) __ptr64
4084	?setScene@LApiDuet@duet@@SAHPEAUlua_State@@@Z	public: static int __cdecl duet::LApiDuet::setScene(struct lua_State * __ptr64)
4085	?setScene@LApplication@MOXIE@@QEAAXPEBD@Z	public: void __cdecl MOXIE::LApplication::setScene(char const * __ptr64) __ptr64
4086	?setSceneGraph@SGNode@MOXIE@@IEAAXPEAVSceneGraph@2@@Z	protected: void __cdecl MOXIE::SGNode::setSceneGraph(class MOXIE::SceneGraph * __ptr64) __ptr64
4087	?setSeekPosition@AudioPlayerMaux@MOXIE@@UEAAXI@Z	public: virtual void __cdecl MOXIE::AudioPlayerMaux::setSeekPosition(unsigned int) __ptr64
4088	?setSeekPosition@Sound@MOXIE@@QEAAXI@Z	public: void __cdecl MOXIE::Sound::setSeekPosition(unsigned int) __ptr64
4089	?setSegment@LApplication@MOXIE@@QEAAXPEBD@Z	public: void __cdecl MOXIE::LApplication::setSegment(char const * __ptr64) __ptr64
4090	?setSegmentName@duet@@YAXAEBVString@MOXIE@@@Z	void __cdecl duet::setSegmentName(class MOXIE::String const & __ptr64)
4091	?setSensorFusionEnabled@SensorManager@MOXIE@@QEAAX_N@Z	public: void __cdecl MOXIE::SensorManager::setSensorFusionEnabled(bool) __ptr64
4092	?setSensorFusionLowpassFilterEnabled@SensorManager@MOXIE@@QEAAX_NN@Z	public: void __cdecl MOXIE::SensorManager::setSensorFusionLowpassFilterEnabled(bool,double) __ptr64
4093	?setSensorRotation@LApiInputLayer@duet@@SAHPEAUlua_State@@@Z	public: static int __cdecl duet::LApiInputLayer::setSensorRotation(struct lua_State * __ptr64)
4094	?setShader@Material@MOXIE@@QEAAXAEBVUri@2@PEBD@Z	public: void __cdecl MOXIE::Material::setShader(class MOXIE::Uri const & __ptr64,char const * __ptr64) __ptr64
4095	?setShaderFlags@Material@MOXIE@@QEAAXI@Z	public: void __cdecl MOXIE::Material::setShaderFlags(unsigned int) __ptr64
4096	?setSharedDir@LApplication@MOXIE@@QEAAXPEBD@Z	public: void __cdecl MOXIE::LApplication::setSharedDir(char const * __ptr64) __ptr64
4097	?setSlerp@Quaternion@MOXIE@@QEAAXMAEBV12@0@Z	public: void __cdecl MOXIE::Quaternion::setSlerp(float,class MOXIE::Quaternion const & __ptr64,class MOXIE::Quaternion const & __ptr64) __ptr64
4098	?setSound@SGVideoCubePlayer@MOXIE@@QEAAXPEAVSound@2@@Z	public: void __cdecl MOXIE::SGVideoCubePlayer::setSound(class MOXIE::Sound * __ptr64) __ptr64
4099	?setSpeakerRenderMode@AudioSystem@MOXIE@@QEAAXW4MauxRenderMode@2@@Z	public: void __cdecl MOXIE::AudioSystem::setSpeakerRenderMode(enum MOXIE::MauxRenderMode) __ptr64
4100	?setSpeed@SGDebugCameraController@MOXIE@@QEAAXHM@Z	public: void __cdecl MOXIE::SGDebugCameraController::setSpeed(int,float) __ptr64
4101	?setStatLogger@Engine@MOXIE@@QEAAX_N@Z	public: void __cdecl MOXIE::Engine::setStatLogger(bool) __ptr64
4102	?setState@StoryFSM@MOXIE@@QEAA_NPEBD@Z	public: bool __cdecl MOXIE::StoryFSM::setState(char const * __ptr64) __ptr64
4103	?setStatus@Resource@MOXIE@@IEAAXW4EStatus@12@@Z	protected: void __cdecl MOXIE::Resource::setStatus(enum MOXIE::Resource::EStatus) __ptr64
4104	?setSub@Matrix3@MOXIE@@QEAAXAEBV12@0@Z	public: void __cdecl MOXIE::Matrix3::setSub(class MOXIE::Matrix3 const & __ptr64,class MOXIE::Matrix3 const & __ptr64) __ptr64
4105	?setSub@Matrix4@MOXIE@@QEAAXAEBV12@0@Z	public: void __cdecl MOXIE::Matrix4::setSub(class MOXIE::Matrix4 const & __ptr64,class MOXIE::Matrix4 const & __ptr64) __ptr64
4106	?setSub@Point@MOXIE@@QEAAXAEBV12@0@Z	public: void __cdecl MOXIE::Point::setSub(class MOXIE::Point const & __ptr64,class MOXIE::Point const & __ptr64) __ptr64
4107	?setSub@Vector2@MOXIE@@QEAAXAEBV12@0@Z	public: void __cdecl MOXIE::Vector2::setSub(class MOXIE::Vector2 const & __ptr64,class MOXIE::Vector2 const & __ptr64) __ptr64
4108	?setSub@Vector3@MOXIE@@QEAAXAEBV12@0@Z	public: void __cdecl MOXIE::Vector3::setSub(class MOXIE::Vector3 const & __ptr64,class MOXIE::Vector3 const & __ptr64) __ptr64
4109	?setSub@Vector4@MOXIE@@QEAAXAEBV12@0@Z	public: void __cdecl MOXIE::Vector4::setSub(class MOXIE::Vector4 const & __ptr64,class MOXIE::Vector4 const & __ptr64) __ptr64
4110	?setTargetCentering@SGCameraController@MOXIE@@QEAAXM@Z	public: void __cdecl MOXIE::SGCameraController::setTargetCentering(float) __ptr64
4111	?setTechniqueName@Material@MOXIE@@QEAAXPEBD@Z	public: void __cdecl MOXIE::Material::setTechniqueName(char const * __ptr64) __ptr64
4112	?setTexture@Font@MOXIE@@QEAAXPEAVTexture@2@@Z	public: void __cdecl MOXIE::Font::setTexture(class MOXIE::Texture * __ptr64) __ptr64
4113	?setTexture@Material@MOXIE@@QEAAXAEBVString@2@AEBVUri@2@@Z	public: void __cdecl MOXIE::Material::setTexture(class MOXIE::String const & __ptr64,class MOXIE::Uri const & __ptr64) __ptr64
4114	?setTexture@Material@MOXIE@@QEAAXAEBVString@2@PEBVTexture@2@@Z	public: void __cdecl MOXIE::Material::setTexture(class MOXIE::String const & __ptr64,class MOXIE::Texture const * __ptr64) __ptr64
4115	?setTexture@ShaderFx@MOXIE@@QEAAXIPEBVTexture@2@@Z	public: void __cdecl MOXIE::ShaderFx::setTexture(unsigned int,class MOXIE::Texture const * __ptr64) __ptr64
4116	?setTime@SGVideoCubePlayer@MOXIE@@QEAA_NI@Z	public: bool __cdecl MOXIE::SGVideoCubePlayer::setTime(unsigned int) __ptr64
4117	?setTimeScale@SGParticleEmitter@MOXIE@@QEAAXM@Z	public: void __cdecl MOXIE::SGParticleEmitter::setTimeScale(float) __ptr64
4118	?setTimeScale@Time@MOXIE@@QEAAXM@Z	public: void __cdecl MOXIE::Time::setTimeScale(float) __ptr64
4119	?setTranslation@Matrix4@MOXIE@@QEAAXAEBVVector3@2@@Z	public: void __cdecl MOXIE::Matrix4::setTranslation(class MOXIE::Vector3 const & __ptr64) __ptr64
4120	?setTranslation@Transform@MOXIE@@QEAAXAEBVVector3@2@@Z	public: void __cdecl MOXIE::Transform::setTranslation(class MOXIE::Vector3 const & __ptr64) __ptr64
4121	?setUpdateFlags@SGNode@MOXIE@@QEAAXI@Z	public: void __cdecl MOXIE::SGNode::setUpdateFlags(unsigned int) __ptr64
4122	?setVertexBuffer@ShaderFx@MOXIE@@QEAAXIPEBVVertexBuffer@2@@Z	public: void __cdecl MOXIE::ShaderFx::setVertexBuffer(unsigned int,class MOXIE::VertexBuffer const * __ptr64) __ptr64
4123	?setVertexData@ShaderFx@MOXIE@@QEAAXAEBVVertexData@2@@Z	public: void __cdecl MOXIE::ShaderFx::setVertexData(class MOXIE::VertexData const & __ptr64) __ptr64
4124	?setVideo@SGVideoCubePlayer@MOXIE@@QEAAXAEBVUri@2@@Z	public: void __cdecl MOXIE::SGVideoCubePlayer::setVideo(class MOXIE::Uri const & __ptr64) __ptr64
4125	?setViewFlags@Material@MOXIE@@QEAAXI@Z	public: void __cdecl MOXIE::Material::setViewFlags(unsigned int) __ptr64
4126	?setViewFlags@SGNode@MOXIE@@QEAAXI@Z	public: void __cdecl MOXIE::SGNode::setViewFlags(unsigned int) __ptr64
4127	?setViewMatrix@Camera@MOXIE@@QEAAXAEBVMatrix4@2@@Z	public: void __cdecl MOXIE::Camera::setViewMatrix(class MOXIE::Matrix4 const & __ptr64) __ptr64
4128	?setViewMatrix@ShaderFx@MOXIE@@QEAAXAEBVMatrix4@2@@Z	public: void __cdecl MOXIE::ShaderFx::setViewMatrix(class MOXIE::Matrix4 const & __ptr64) __ptr64
4129	?setViewport@RenderDeviceGL@MOXIE@@UEAAXAEBVViewport@2@@Z	public: virtual void __cdecl MOXIE::RenderDeviceGL::setViewport(class MOXIE::Viewport const & __ptr64) __ptr64
4130	?setVisible@RenderDebug@MOXIE@@QEAAX_N@Z	public: void __cdecl MOXIE::RenderDebug::setVisible(bool) __ptr64
4131	?setVisible@SGNode@MOXIE@@QEAAX_N@Z	public: void __cdecl MOXIE::SGNode::setVisible(bool) __ptr64
4132	?setVolume@AudPlayer@MOXIE@@QEAAXMI@Z	public: void __cdecl MOXIE::AudPlayer::setVolume(float,unsigned int) __ptr64
4133	?setVolume@AudioPlayerMaux@MOXIE@@UEAAXM@Z	public: virtual void __cdecl MOXIE::AudioPlayerMaux::setVolume(float) __ptr64
4134	?setVolume@Sound@MOXIE@@QEAAXM@Z	public: void __cdecl MOXIE::Sound::setVolume(float) __ptr64
4135	?setVolumeOverTime@AudioPlayerMaux@MOXIE@@UEAAXMI@Z	public: virtual void __cdecl MOXIE::AudioPlayerMaux::setVolumeOverTime(float,unsigned int) __ptr64
4136	?setVolumeOverTime@Sound@MOXIE@@QEAAXMI@Z	public: void __cdecl MOXIE::Sound::setVolumeOverTime(float,unsigned int) __ptr64
4137	?setW@Vector4@MOXIE@@QEAAXM@Z	public: void __cdecl MOXIE::Vector4::setW(float) __ptr64
4138	?setWireframeOverlayEnable@EnableManager@MOXIE@@QEAAX_N@Z	public: void __cdecl MOXIE::EnableManager::setWireframeOverlayEnable(bool) __ptr64
4139	?setWorld@SGTransform@MOXIE@@QEAAXAEBVTransform@2@@Z	public: void __cdecl MOXIE::SGTransform::setWorld(class MOXIE::Transform const & __ptr64) __ptr64
4140	?setWorldMatrix@ShaderFx@MOXIE@@QEAAXAEBVMatrix4@2@@Z	public: void __cdecl MOXIE::ShaderFx::setWorldMatrix(class MOXIE::Matrix4 const & __ptr64) __ptr64
4141	?setWorldRotation@SGTransform@MOXIE@@QEAAXAEBVQuaternion@2@@Z	public: void __cdecl MOXIE::SGTransform::setWorldRotation(class MOXIE::Quaternion const & __ptr64) __ptr64
4142	?setWorldScale@SGTransform@MOXIE@@QEAAXAEBVVector3@2@@Z	public: void __cdecl MOXIE::SGTransform::setWorldScale(class MOXIE::Vector3 const & __ptr64) __ptr64
4143	?setWorldT@LApiCameraRig@duet@@SAHPEAUlua_State@@@Z	public: static int __cdecl duet::LApiCameraRig::setWorldT(struct lua_State * __ptr64)
4144	?setWorldTranslation@SGTransform@MOXIE@@QEAAXAEBVVector3@2@@Z	public: void __cdecl MOXIE::SGTransform::setWorldTranslation(class MOXIE::Vector3 const & __ptr64) __ptr64
4145	?setWorldViewMatrix@ShaderFx@MOXIE@@QEAAXAEBVMatrix4@2@@Z	public: void __cdecl MOXIE::ShaderFx::setWorldViewMatrix(class MOXIE::Matrix4 const & __ptr64) __ptr64
4146	?setWorldViewProjMatrix@ShaderFx@MOXIE@@QEAAXAEBVMatrix4@2@@Z	public: void __cdecl MOXIE::ShaderFx::setWorldViewProjMatrix(class MOXIE::Matrix4 const & __ptr64) __ptr64
4147	?setX@Point@MOXIE@@QEAAXH@Z	public: void __cdecl MOXIE::Point::setX(int) __ptr64
4148	?setX@Vector2@MOXIE@@QEAAXM@Z	public: void __cdecl MOXIE::Vector2::setX(float) __ptr64
4149	?setX@Vector3@MOXIE@@QEAAXM@Z	public: void __cdecl MOXIE::Vector3::setX(float) __ptr64
4150	?setX@Vector4@MOXIE@@QEAAXM@Z	public: void __cdecl MOXIE::Vector4::setX(float) __ptr64
4151	?setY@Point@MOXIE@@QEAAXH@Z	public: void __cdecl MOXIE::Point::setY(int) __ptr64
4152	?setY@Vector2@MOXIE@@QEAAXM@Z	public: void __cdecl MOXIE::Vector2::setY(float) __ptr64
4153	?setY@Vector3@MOXIE@@QEAAXM@Z	public: void __cdecl MOXIE::Vector3::setY(float) __ptr64
4154	?setY@Vector4@MOXIE@@QEAAXM@Z	public: void __cdecl MOXIE::Vector4::setY(float) __ptr64
4155	?setZ@Vector3@MOXIE@@QEAAXM@Z	public: void __cdecl MOXIE::Vector3::setZ(float) __ptr64
4156	?setZ@Vector4@MOXIE@@QEAAXM@Z	public: void __cdecl MOXIE::Vector4::setZ(float) __ptr64
4157	?setZFar@Camera@MOXIE@@QEAAXM@Z	public: void __cdecl MOXIE::Camera::setZFar(float) __ptr64
4158	?setZNear@Camera@MOXIE@@QEAAXM@Z	public: void __cdecl MOXIE::Camera::setZNear(float) __ptr64
4159	?setZero@Matrix3@MOXIE@@QEAAXXZ	public: void __cdecl MOXIE::Matrix3::setZero(void) __ptr64
4160	?setZero@Matrix4@MOXIE@@QEAAXXZ	public: void __cdecl MOXIE::Matrix4::setZero(void) __ptr64
4161	?setZeroInitialize@Buffer@MOXIE@@QEAAX_N@Z	public: void __cdecl MOXIE::Buffer::setZeroInitialize(bool) __ptr64
4162	?setcwd@LocalFileSystem@MOXIE@@UEAA_NPEBD@Z	public: virtual bool __cdecl MOXIE::LocalFileSystem::setcwd(char const * __ptr64) __ptr64
4163	?setcwd@NetworkFileSystem@MOXIE@@UEAA_NPEBD@Z	public: virtual bool __cdecl MOXIE::NetworkFileSystem::setcwd(char const * __ptr64) __ptr64
4164	?setup@SGFlipbookDriver@MOXIE@@QEAAXPEAUlua_State@@PEAVLReference@2@@Z	public: void __cdecl MOXIE::SGFlipbookDriver::setup(struct lua_State * __ptr64,class MOXIE::LReference * __ptr64) __ptr64
4165	?setupDebugRendering@SGVideoCubePlayer@MOXIE@@IEAAXXZ	protected: void __cdecl MOXIE::SGVideoCubePlayer::setupDebugRendering(void) __ptr64
4166	?show@LApiActorVignette@duet@@SAHPEAUlua_State@@@Z	public: static int __cdecl duet::LApiActorVignette::show(struct lua_State * __ptr64)
4167	?shutdown@Engine@MOXIE@@IEAAXXZ	protected: void __cdecl MOXIE::Engine::shutdown(void) __ptr64
4168	?shutdownAll@Locator@MOXIE@@SA_NXZ	public: static bool __cdecl MOXIE::Locator::shutdownAll(void)
4169	?signal@Condition@MOXIE@@QEAAXXZ	public: void __cdecl MOXIE::Condition::signal(void) __ptr64
4170	?size@BufferObject@MOXIE@@QEBAIXZ	public: unsigned int __cdecl MOXIE::BufferObject::size(void)const __ptr64
4171	?size@FileStream@MOXIE@@QEAAIXZ	public: unsigned int __cdecl MOXIE::FileStream::size(void) __ptr64
4172	?size@LocalFileSystem@MOXIE@@UEAAHPEBD@Z	public: virtual int __cdecl MOXIE::LocalFileSystem::size(char const * __ptr64) __ptr64
4173	?size@NetworkFileSystem@MOXIE@@UEAAHPEBD@Z	public: virtual int __cdecl MOXIE::NetworkFileSystem::size(char const * __ptr64) __ptr64
4174	?size@PixelFormat@MOXIE@@SAGW4EPixelFormat@2@@Z	public: static unsigned short __cdecl MOXIE::PixelFormat::size(enum MOXIE::EPixelFormat)
4175	?size@ShaderParam@MOXIE@@QEBAIXZ	public: unsigned int __cdecl MOXIE::ShaderParam::size(void)const __ptr64
4176	?size@ShaderParamBlock@MOXIE@@QEBAIXZ	public: unsigned int __cdecl MOXIE::ShaderParamBlock::size(void)const __ptr64
4177	?sleep@Thread@MOXIE@@SAXI@Z	public: static void __cdecl MOXIE::Thread::sleep(unsigned int)
4178	?slice@String@MOXIE@@QEBA?AV12@HH@Z	public: class MOXIE::String __cdecl MOXIE::String::slice(int,int)const __ptr64
4179	?spawn@SceneGraphResource@MOXIE@@QEAAPEAVSGNode@2@XZ	public: class MOXIE::SGNode * __ptr64 __cdecl MOXIE::SceneGraphResource::spawn(void) __ptr64
4180	?split@String@MOXIE@@QEBAIPEBDPEAPEAV12@@Z	public: unsigned int __cdecl MOXIE::String::split(char const * __ptr64,class MOXIE::String * __ptr64 * __ptr64)const __ptr64
4181	?splitUri@Uri@MOXIE@@AEAA_NPEAD_N@Z	private: bool __cdecl MOXIE::Uri::splitUri(char * __ptr64,bool) __ptr64
4182	?srdnoise2@SimplexNoise@MOXIE@@QEAAMMMMPEAM0@Z	public: float __cdecl MOXIE::SimplexNoise::srdnoise2(float,float,float,float * __ptr64,float * __ptr64) __ptr64
4183	?srdnoise3@SimplexNoise@MOXIE@@QEAAMMMMMPEAM00@Z	public: float __cdecl MOXIE::SimplexNoise::srdnoise3(float,float,float,float,float * __ptr64,float * __ptr64,float * __ptr64) __ptr64
4184	?stackDump@LUtil@MOXIE@@SAXPEAUlua_State@@PEBD@Z	public: static void __cdecl MOXIE::LUtil::stackDump(struct lua_State * __ptr64,char const * __ptr64)
4185	?start@PlatformAudioDriverDirectSound@MOXIE@@UEAA?AW4EAudioDrvStatus@2@XZ	public: virtual enum MOXIE::EAudioDrvStatus __cdecl MOXIE::PlatformAudioDriverDirectSound::start(void) __ptr64
4186	?start@ResourceMonitor@MOXIE@@QEAAXXZ	public: void __cdecl MOXIE::ResourceMonitor::start(void) __ptr64
4187	?start@Thread@MOXIE@@QEAA_NXZ	public: bool __cdecl MOXIE::Thread::start(void) __ptr64
4188	?start@Time@MOXIE@@QEAAXXZ	public: void __cdecl MOXIE::Time::start(void) __ptr64
4189	?startMixdown@AudEmitter@MOXIE@@QEAAXXZ	public: void __cdecl MOXIE::AudEmitter::startMixdown(void) __ptr64
4190	?startPlayingFrom@FlipbookSampler@MOXIE@@QEAAXI@Z	public: void __cdecl MOXIE::FlipbookSampler::startPlayingFrom(unsigned int) __ptr64
4191	?startSensorClient@SGCameraController@MOXIE@@QEAA_NXZ	public: bool __cdecl MOXIE::SGCameraController::startSensorClient(void) __ptr64
4192	?startSensorServer@SGCameraController@MOXIE@@QEAAXXZ	public: void __cdecl MOXIE::SGCameraController::startSensorServer(void) __ptr64
4193	?startShow@Application@MOXIE@@UEAAXHHHHHHHH@Z	public: virtual void __cdecl MOXIE::Application::startShow(int,int,int,int,int,int,int,int) __ptr64
4194	?startShow@LApplication@MOXIE@@UEAAXHHHHHHHH@Z	public: virtual void __cdecl MOXIE::LApplication::startShow(int,int,int,int,int,int,int,int) __ptr64
4195	?startThread@SGVideoCubePlayer@MOXIE@@IEAAXXZ	protected: void __cdecl MOXIE::SGVideoCubePlayer::startThread(void) __ptr64
4196	?startup@Engine@MOXIE@@IEAAXXZ	protected: void __cdecl MOXIE::Engine::startup(void) __ptr64
4197	?startupAll@Locator@MOXIE@@SA_NXZ	public: static bool __cdecl MOXIE::Locator::startupAll(void)
4198	?status@LocalFileSystem@MOXIE@@UEAA?AW4EStatus@FileSystem@2@XZ	public: virtual enum MOXIE::FileSystem::EStatus __cdecl MOXIE::LocalFileSystem::status(void) __ptr64
4199	?status@NetworkFileSystem@MOXIE@@UEAA?AW4EStatus@FileSystem@2@XZ	public: virtual enum MOXIE::FileSystem::EStatus __cdecl MOXIE::NetworkFileSystem::status(void) __ptr64
4200	?step@Time@MOXIE@@QEAAXXZ	public: void __cdecl MOXIE::Time::step(void) __ptr64
4201	?stepAnimation@AnimMixer@MOXIE@@IEAAXPEAVAnimation@2@@Z	protected: void __cdecl MOXIE::AnimMixer::stepAnimation(class MOXIE::Animation * __ptr64) __ptr64
4202	?stop@PlatformAudioDriverDirectSound@MOXIE@@UEAA?AW4EAudioDrvStatus@2@XZ	public: virtual enum MOXIE::EAudioDrvStatus __cdecl MOXIE::PlatformAudioDriverDirectSound::stop(void) __ptr64
4203	?stop@ResourceMonitor@MOXIE@@QEAAXXZ	public: void __cdecl MOXIE::ResourceMonitor::stop(void) __ptr64
4204	?stop@SGFlipbookDriver@MOXIE@@QEAAXXZ	public: void __cdecl MOXIE::SGFlipbookDriver::stop(void) __ptr64
4205	?stop@SGVideoCubePlayer@MOXIE@@QEAAXXZ	public: void __cdecl MOXIE::SGVideoCubePlayer::stop(void) __ptr64
4206	?stop@StoryPlayer@MOXIE@@IEAA_NXZ	protected: bool __cdecl MOXIE::StoryPlayer::stop(void) __ptr64
4207	?stop@Time@MOXIE@@QEAAXXZ	public: void __cdecl MOXIE::Time::stop(void) __ptr64
4208	?stopSensorClient@SGCameraController@MOXIE@@QEAAXXZ	public: void __cdecl MOXIE::SGCameraController::stopSensorClient(void) __ptr64
4209	?stopThread@SGVideoCubePlayer@MOXIE@@IEAAXXZ	protected: void __cdecl MOXIE::SGVideoCubePlayer::stopThread(void) __ptr64
4210	?stripPath@MOXIE@@YAPEBDPEBD@Z	char const * __ptr64 __cdecl MOXIE::stripPath(char const * __ptr64)
4211	?sub@Matrix3@MOXIE@@QEAAXAEBV12@@Z	public: void __cdecl MOXIE::Matrix3::sub(class MOXIE::Matrix3 const & __ptr64) __ptr64
4212	?sub@Matrix4@MOXIE@@QEAAXAEBV12@@Z	public: void __cdecl MOXIE::Matrix4::sub(class MOXIE::Matrix4 const & __ptr64) __ptr64
4213	?sub@Point@MOXIE@@QEAAXAEBV12@@Z	public: void __cdecl MOXIE::Point::sub(class MOXIE::Point const & __ptr64) __ptr64
4214	?sub@Vector2@MOXIE@@QEAAXAEBV12@@Z	public: void __cdecl MOXIE::Vector2::sub(class MOXIE::Vector2 const & __ptr64) __ptr64
4215	?sub@Vector3@MOXIE@@QEAAXAEBV12@@Z	public: void __cdecl MOXIE::Vector3::sub(class MOXIE::Vector3 const & __ptr64) __ptr64
4216	?sub@Vector4@MOXIE@@QEAAXAEBV12@@Z	public: void __cdecl MOXIE::Vector4::sub(class MOXIE::Vector4 const & __ptr64) __ptr64
4217	?submit@RenderDispatcher@MOXIE@@QEAAX_KAEAVCommandBuffer@12@@Z	public: void __cdecl MOXIE::RenderDispatcher::submit(unsigned __int64,class MOXIE::RenderDispatcher::CommandBuffer & __ptr64) __ptr64
4218	?swap@RenderDeviceGL@MOXIE@@UEAAXXZ	public: virtual void __cdecl MOXIE::RenderDeviceGL::swap(void) __ptr64
4219	?swapEmitterEffects@AudioSystem@MOXIE@@QEAA?AW4MauxStatus@2@III@Z	public: enum MOXIE::MauxStatus __cdecl MOXIE::AudioSystem::swapEmitterEffects(unsigned int,unsigned int,unsigned int) __ptr64
4220	?sync@RenderDeviceGL@MOXIE@@UEAAXXZ	public: virtual void __cdecl MOXIE::RenderDeviceGL::sync(void) __ptr64
4221	?tell@FileStream@MOXIE@@QEBAHXZ	public: int __cdecl MOXIE::FileStream::tell(void)const __ptr64
4222	?tell@LocalFileSystem@MOXIE@@UEAAH_K@Z	public: virtual int __cdecl MOXIE::LocalFileSystem::tell(unsigned __int64) __ptr64
4223	?tell@NetworkFileSystem@MOXIE@@UEAAH_K@Z	public: virtual int __cdecl MOXIE::NetworkFileSystem::tell(unsigned __int64) __ptr64
4224	?tell@ZipEntry@MOXIE@@QEBA_JXZ	public: __int64 __cdecl MOXIE::ZipEntry::tell(void)const __ptr64
4225	?tellFrame@AudioDataSource@MOXIE@@QEBAIXZ	public: unsigned int __cdecl MOXIE::AudioDataSource::tellFrame(void)const __ptr64
4226	?tellRaw@AudioDataSource@MOXIE@@QEBAHXZ	public: int __cdecl MOXIE::AudioDataSource::tellRaw(void)const __ptr64
4227	?terminate@Engine@MOXIE@@QEAAXXZ	public: void __cdecl MOXIE::Engine::terminate(void) __ptr64
4228	?terminate@EngineLocator@MOXIE@@SAXXZ	public: static void __cdecl MOXIE::EngineLocator::terminate(void)
4229	?terminate@FileSystemLocator@MOXIE@@YAXXZ	void __cdecl MOXIE::FileSystemLocator::terminate(void)
4230	?terminate@Locator@MOXIE@@SAXXZ	public: static void __cdecl MOXIE::Locator::terminate(void)
4231	?terminate@Log@MOXIE@@YAXXZ	void __cdecl MOXIE::Log::terminate(void)
4232	?terminate@PlatformAudioDriverDirectSound@MOXIE@@UEAAXXZ	public: virtual void __cdecl MOXIE::PlatformAudioDriverDirectSound::terminate(void) __ptr64
4233	?terminate@RenderDeviceGL@MOXIE@@MEAAXXZ	protected: virtual void __cdecl MOXIE::RenderDeviceGL::terminate(void) __ptr64
4234	?terminate@Thread@MOXIE@@QEAA_NXZ	public: bool __cdecl MOXIE::Thread::terminate(void) __ptr64
4235	?threadProc@Thread@MOXIE@@KAIPEAX@Z	protected: static unsigned int __cdecl MOXIE::Thread::threadProc(void * __ptr64)
4236	?threadRun@JobQueue@MOXIE@@AEAAXXZ	private: void __cdecl MOXIE::JobQueue::threadRun(void) __ptr64
4237	?threadStart@JobQueue@MOXIE@@AEAAXXZ	private: void __cdecl MOXIE::JobQueue::threadStart(void) __ptr64
4238	?tick@Time@MOXIE@@QEAA_KXZ	public: unsigned __int64 __cdecl MOXIE::Time::tick(void) __ptr64
4239	?timedWait@Condition@MOXIE@@QEAA_NII@Z	public: bool __cdecl MOXIE::Condition::timedWait(unsigned int,unsigned int) __ptr64
4240	?toClipSpace@LApiUtil@duet@@SAHPEAUlua_State@@@Z	public: static int __cdecl duet::LApiUtil::toClipSpace(struct lua_State * __ptr64)
4241	?toggleFullscreen@Win32Utils@@SA_NAEAUWindowInfo@1@@Z	public: static bool __cdecl Win32Utils::toggleFullscreen(struct Win32Utils::WindowInfo & __ptr64)
4242	?tokenIs@Lexer@MOXIE@@QEAA_NW4ELexType@2@PEBD_N@Z	public: bool __cdecl MOXIE::Lexer::tokenIs(enum MOXIE::ELexType,char const * __ptr64,bool) __ptr64
4243	?trace@Matrix3@MOXIE@@QEBAMXZ	public: float __cdecl MOXIE::Matrix3::trace(void)const __ptr64
4244	?trace@Matrix4@MOXIE@@QEBAMXZ	public: float __cdecl MOXIE::Matrix4::trace(void)const __ptr64
4245	?track@UriManager@MOXIE@@QEAAXAEBVUri@2@@Z	public: void __cdecl MOXIE::UriManager::track(class MOXIE::Uri const & __ptr64) __ptr64
4246	?transformed@AABBox@MOXIE@@QEBA?AV12@AEBVMatrix4@2@@Z	public: class MOXIE::AABBox __cdecl MOXIE::AABBox::transformed(class MOXIE::Matrix4 const & __ptr64)const __ptr64
4247	?transformed@AABBox@MOXIE@@QEBA?AV12@AEBVTransform@2@@Z	public: class MOXIE::AABBox __cdecl MOXIE::AABBox::transformed(class MOXIE::Transform const & __ptr64)const __ptr64
4248	?translate@AABBox@MOXIE@@QEAAXAEBVVector3@2@@Z	public: void __cdecl MOXIE::AABBox::translate(class MOXIE::Vector3 const & __ptr64) __ptr64
4249	?translate@Matrix4@MOXIE@@QEAAXAEBVVector3@2@@Z	public: void __cdecl MOXIE::Matrix4::translate(class MOXIE::Vector3 const & __ptr64) __ptr64
4250	?translate@SGTransform@MOXIE@@QEAAXAEBVVector3@2@@Z	public: void __cdecl MOXIE::SGTransform::translate(class MOXIE::Vector3 const & __ptr64) __ptr64
4251	?translate@Transform@MOXIE@@QEAAXAEBVVector3@2@@Z	public: void __cdecl MOXIE::Transform::translate(class MOXIE::Vector3 const & __ptr64) __ptr64
4252	?transpose3x3@Matrix4@MOXIE@@QEAAXXZ	public: void __cdecl MOXIE::Matrix4::transpose3x3(void) __ptr64
4253	?transpose@Matrix3@MOXIE@@QEAAXXZ	public: void __cdecl MOXIE::Matrix3::transpose(void) __ptr64
4254	?transpose@Matrix4@MOXIE@@QEAAXXZ	public: void __cdecl MOXIE::Matrix4::transpose(void) __ptr64
4255	?tryLock@Mutex@MOXIE@@QEAA_NXZ	public: bool __cdecl MOXIE::Mutex::tryLock(void) __ptr64
4256	?type@ShaderParam@MOXIE@@QEBAHXZ	public: int __cdecl MOXIE::ShaderParam::type(void)const __ptr64
4257	?typeinfo@ShaderParam@MOXIE@@QEBAAEBUTypeInfo@12@XZ	public: struct MOXIE::ShaderParam::TypeInfo const & __ptr64 __cdecl MOXIE::ShaderParam::typeinfo(void)const __ptr64
4258	?ungetChar@Lexer@MOXIE@@QEAADXZ	public: char __cdecl MOXIE::Lexer::ungetChar(void) __ptr64
4259	?unitTest_Matrix@LApiDuet@duet@@SAHPEAUlua_State@@@Z	public: static int __cdecl duet::LApiDuet::unitTest_Matrix(struct lua_State * __ptr64)
4260	?unitTest_Quaternion@LApiDuet@duet@@SAHPEAUlua_State@@@Z	public: static int __cdecl duet::LApiDuet::unitTest_Quaternion(struct lua_State * __ptr64)
4261	?unitTest_SRT@LApiDuet@duet@@SAHPEAUlua_State@@@Z	public: static int __cdecl duet::LApiDuet::unitTest_SRT(struct lua_State * __ptr64)
4262	?unitTest_Vector@LApiDuet@duet@@SAHPEAUlua_State@@@Z	public: static int __cdecl duet::LApiDuet::unitTest_Vector(struct lua_State * __ptr64)
4263	?unload@Resource@MOXIE@@QEAAXXZ	public: void __cdecl MOXIE::Resource::unload(void) __ptr64
4264	?unloadResource@AudioSystem@MOXIE@@QEAA?AW4MauxStatus@2@I@Z	public: enum MOXIE::MauxStatus __cdecl MOXIE::AudioSystem::unloadResource(unsigned int) __ptr64
4265	?unlock@AudServices@MOXIE@@QEAAXXZ	public: void __cdecl MOXIE::AudServices::unlock(void) __ptr64
4266	?unlock@Mutex@MOXIE@@QEAAXXZ	public: void __cdecl MOXIE::Mutex::unlock(void) __ptr64
4267	?unproject@RenderDevice@MOXIE@@QEBA?AVRay@2@AEBVCamera@2@AEBVViewport@2@AEBVVector2@2@@Z	public: class MOXIE::Ray __cdecl MOXIE::RenderDevice::unproject(class MOXIE::Camera const & __ptr64,class MOXIE::Viewport const & __ptr64,class MOXIE::Vector2 const & __ptr64)const __ptr64
4268	?unregisterArchiveFiles@StoryManager@MOXIE@@QEAAXI@Z	public: void __cdecl MOXIE::StoryManager::unregisterArchiveFiles(unsigned int) __ptr64
4269	?unregisterCallback@AudPlayer@MOXIE@@QEAA?AW4MauxStatus@2@W4EPlayerCallback@2@P6AXPEAX0II@Z1I@Z	public: enum MOXIE::MauxStatus __cdecl MOXIE::AudPlayer::unregisterCallback(enum MOXIE::EPlayerCallback,void (__cdecl*)(void * __ptr64,enum MOXIE::EPlayerCallback,unsigned int,unsigned int),void * __ptr64,unsigned int) __ptr64
4270	?unregisterFile@NetworkFileSystem@MOXIE@@QEAAXPEBD@Z	public: void __cdecl MOXIE::NetworkFileSystem::unregisterFile(char const * __ptr64) __ptr64
4271	?unregisterPlayer@VideoCubeManager@MOXIE@@QEAAXPEAVSGVideoCubePlayer@2@@Z	public: void __cdecl MOXIE::VideoCubeManager::unregisterPlayer(class MOXIE::SGVideoCubePlayer * __ptr64) __ptr64
4272	?unregisterPlayerCallback@AudioSystem@MOXIE@@QEAA?AW4MauxStatus@2@IW4EPlayerCallback@2@P6AXPEAX0II@Z1I@Z	public: enum MOXIE::MauxStatus __cdecl MOXIE::AudioSystem::unregisterPlayerCallback(unsigned int,enum MOXIE::EPlayerCallback,void (__cdecl*)(void * __ptr64,enum MOXIE::EPlayerCallback,unsigned int,unsigned int),void * __ptr64,unsigned int) __ptr64
4273	?update@BobberField@MOXIE@@UEAAXAEBVMatrix4@2@@Z	public: virtual void __cdecl MOXIE::BobberField::update(class MOXIE::Matrix4 const & __ptr64) __ptr64
4274	?update@Camera@MOXIE@@IEAAXXZ	protected: void __cdecl MOXIE::Camera::update(void) __ptr64
4275	?update@DefaultAnimMixer@MOXIE@@UEAAXPEAVAnimator@2@PEAPEAVAnimation@2@I@Z	public: virtual void __cdecl MOXIE::DefaultAnimMixer::update(class MOXIE::Animator * __ptr64,class MOXIE::Animation * __ptr64 * __ptr64,unsigned int) __ptr64
4276	?update@Engine@MOXIE@@QEAAXXZ	public: void __cdecl MOXIE::Engine::update(void) __ptr64
4277	?update@ForceField@MOXIE@@UEAAXAEBVMatrix4@2@@Z	public: virtual void __cdecl MOXIE::ForceField::update(class MOXIE::Matrix4 const & __ptr64) __ptr64
4278	?update@LApiActorVignette@duet@@SAHPEAUlua_State@@@Z	public: static int __cdecl duet::LApiActorVignette::update(struct lua_State * __ptr64)
4279	?update@SGDebugCameraController@MOXIE@@UEAAXXZ	public: virtual void __cdecl MOXIE::SGDebugCameraController::update(void) __ptr64
4280	?update@SGNode@MOXIE@@UEAAXI@Z	public: virtual void __cdecl MOXIE::SGNode::update(unsigned int) __ptr64
4281	?update@SceneGraph@MOXIE@@QEAAXI@Z	public: void __cdecl MOXIE::SceneGraph::update(unsigned int) __ptr64
4282	?update@TornadoField@MOXIE@@UEAAXAEBVMatrix4@2@@Z	public: virtual void __cdecl MOXIE::TornadoField::update(class MOXIE::Matrix4 const & __ptr64) __ptr64
4283	?update@TurbulenceField2D@MOXIE@@UEAAXAEBVMatrix4@2@@Z	public: virtual void __cdecl MOXIE::TurbulenceField2D::update(class MOXIE::Matrix4 const & __ptr64) __ptr64
4284	?update@TurbulenceField3D@MOXIE@@UEAAXAEBVMatrix4@2@@Z	public: virtual void __cdecl MOXIE::TurbulenceField3D::update(class MOXIE::Matrix4 const & __ptr64) __ptr64
4285	?update@VortexField@MOXIE@@UEAAXAEBVMatrix4@2@@Z	public: virtual void __cdecl MOXIE::VortexField::update(class MOXIE::Matrix4 const & __ptr64) __ptr64
4286	?updateActor@LApiActorMover@duet@@SA_NPEAUlua_State@@AEBVString@MOXIE@@AEBVSRT@2@MI@Z	public: static bool __cdecl duet::LApiActorMover::updateActor(struct lua_State * __ptr64,class MOXIE::String const & __ptr64,class duet::SRT const & __ptr64,float,unsigned int)
4287	?updateAll@Locator@MOXIE@@SAXXZ	public: static void __cdecl MOXIE::Locator::updateAll(void)
4288	?updateAnimation@Animator@MOXIE@@QEAAXXZ	public: void __cdecl MOXIE::Animator::updateAnimation(void) __ptr64
4289	?updateAttachments@SGModelInstance@MOXIE@@QEAAXXZ	public: void __cdecl MOXIE::SGModelInstance::updateAttachments(void) __ptr64
4290	?updateBegin@LApiDuet@duet@@SAHPEAUlua_State@@@Z	public: static int __cdecl duet::LApiDuet::updateBegin(struct lua_State * __ptr64)
4291	?updateCameraFrustum@LApiActorsLayer@duet@@SAHPEAUlua_State@@@Z	public: static int __cdecl duet::LApiActorsLayer::updateCameraFrustum(struct lua_State * __ptr64)
4292	?updateComponents@SGGroup@MOXIE@@UEAAXI@Z	public: virtual void __cdecl MOXIE::SGGroup::updateComponents(unsigned int) __ptr64
4293	?updateComponents@SGNode@MOXIE@@UEAAXI@Z	public: virtual void __cdecl MOXIE::SGNode::updateComponents(unsigned int) __ptr64
4294	?updateDeltaYaw@LApiSegmentManager@duet@@SAHPEAUlua_State@@@Z	public: static int __cdecl duet::LApiSegmentManager::updateDeltaYaw(struct lua_State * __ptr64)
4295	?updateEnd@LApiDuet@duet@@SAHPEAUlua_State@@@Z	public: static int __cdecl duet::LApiDuet::updateEnd(struct lua_State * __ptr64)
4296	?updateFlags@SGNode@MOXIE@@IEAAXXZ	protected: void __cdecl MOXIE::SGNode::updateFlags(void) __ptr64
4297	?updateFocusDriver@LApiParticlesController@duet@@SAHPEAUlua_State@@@Z	public: static int __cdecl duet::LApiParticlesController::updateFocusDriver(struct lua_State * __ptr64)
4298	?updateIndexBuffer@RenderDeviceGL@MOXIE@@UEAAXPEAVIndexBuffer@2@IIPEAX@Z	public: virtual void __cdecl MOXIE::RenderDeviceGL::updateIndexBuffer(class MOXIE::IndexBuffer * __ptr64,unsigned int,unsigned int,void * __ptr64) __ptr64
4299	?updateIndexBuffer@VertexData@MOXIE@@QEAAXPEAVRenderDevice@2@PEAXII@Z	public: void __cdecl MOXIE::VertexData::updateIndexBuffer(class MOXIE::RenderDevice * __ptr64,void * __ptr64,unsigned int,unsigned int) __ptr64
4300	?updateInput@SGDebugCameraController@MOXIE@@QEAAXXZ	public: void __cdecl MOXIE::SGDebugCameraController::updateInput(void) __ptr64
4301	?updateLayersNative@LApiCameraRig@duet@@SAHPEAUlua_State@@@Z	public: static int __cdecl duet::LApiCameraRig::updateLayersNative(struct lua_State * __ptr64)
4302	?updateMaterial@LApiIntroEnvControl@duet@@SAHPEAUlua_State@@@Z	public: static int __cdecl duet::LApiIntroEnvControl::updateMaterial(struct lua_State * __ptr64)
4303	?updateModelMatrices@SGModelInstance@MOXIE@@QEAAXXZ	public: void __cdecl MOXIE::SGModelInstance::updateModelMatrices(void) __ptr64
4304	?updateOSD@SGModelInstance@MOXIE@@QEAAXAEBVMatrix4@2@AEBVAABBox@2@PEBV32@PEAVMaterial@2@PEA_N@Z	public: void __cdecl MOXIE::SGModelInstance::updateOSD(class MOXIE::Matrix4 const & __ptr64,class MOXIE::AABBox const & __ptr64,class MOXIE::Matrix4 const * __ptr64,class MOXIE::Material * __ptr64,bool * __ptr64) __ptr64
4305	?updateOffscreenTimer@LApiActorsLayer@duet@@SAHPEAUlua_State@@@Z	public: static int __cdecl duet::LApiActorsLayer::updateOffscreenTimer(struct lua_State * __ptr64)
4306	?updateOrientation@SGCameraController@MOXIE@@QEAAXXZ	public: void __cdecl MOXIE::SGCameraController::updateOrientation(void) __ptr64
4307	?updateProfileStats@SGVideoCubePlayer@MOXIE@@QEAAXXZ	public: void __cdecl MOXIE::SGVideoCubePlayer::updateProfileStats(void) __ptr64
4308	?updateTexture@RenderDeviceGL@MOXIE@@UEAAXPEAVTexture@2@AEBVSurface@2@@Z	public: virtual void __cdecl MOXIE::RenderDeviceGL::updateTexture(class MOXIE::Texture * __ptr64,class MOXIE::Surface const & __ptr64) __ptr64
4309	?updateTexture@RenderDeviceGL@MOXIE@@UEAAXPEAVTexture@2@PEBXIHHHII@Z	public: virtual void __cdecl MOXIE::RenderDeviceGL::updateTexture(class MOXIE::Texture * __ptr64,void const * __ptr64,unsigned int,int,int,int,unsigned int,unsigned int) __ptr64
4310	?updateTextures@SGVideoCubePlayer@MOXIE@@QEAAXXZ	public: void __cdecl MOXIE::SGVideoCubePlayer::updateTextures(void) __ptr64
4311	?updateVertexBuffer@RenderDeviceGL@MOXIE@@UEAAXPEAVVertexBuffer@2@IIPEAX@Z	public: virtual void __cdecl MOXIE::RenderDeviceGL::updateVertexBuffer(class MOXIE::VertexBuffer * __ptr64,unsigned int,unsigned int,void * __ptr64) __ptr64
4312	?updateVertexBuffer@VertexData@MOXIE@@QEAAXPEAVRenderDevice@2@W4EVertexAttribute@2@PEAXII@Z	public: void __cdecl MOXIE::VertexData::updateVertexBuffer(class MOXIE::RenderDevice * __ptr64,enum MOXIE::EVertexAttribute,void * __ptr64,unsigned int,unsigned int) __ptr64
4313	?updateViewMatrix@SGCamera@MOXIE@@QEAAXXZ	public: void __cdecl MOXIE::SGCamera::updateViewMatrix(void) __ptr64
4314	?uploadTextures@VideoCubeManager@MOXIE@@QEAAXXZ	public: void __cdecl MOXIE::VideoCubeManager::uploadTextures(void) __ptr64
4315	?validateThread@Engine@MOXIE@@QEAA_NXZ	public: bool __cdecl MOXIE::Engine::validateThread(void) __ptr64
4316	?verifyInternal@Matrix3@MOXIE@@QEAA_NXZ	public: bool __cdecl MOXIE::Matrix3::verifyInternal(void) __ptr64
4317	?verifyInternal@Vector2@MOXIE@@QEAA_NXZ	public: bool __cdecl MOXIE::Vector2::verifyInternal(void) __ptr64
4318	?verifyInternal@Vector3@MOXIE@@QEAA_NXZ	public: bool __cdecl MOXIE::Vector3::verifyInternal(void) __ptr64
4319	?verifyInternal@Vector4@MOXIE@@QEAA_NXZ	public: bool __cdecl MOXIE::Vector4::verifyInternal(void) __ptr64
4320	?vprintf@FileStream@MOXIE@@QEAAHPEBDPEAD@Z	public: int __cdecl MOXIE::FileStream::vprintf(char const * __ptr64,char * __ptr64) __ptr64
4321	?vprintf@LocalFileSystem@MOXIE@@UEAAH_KPEBDPEAD@Z	public: virtual int __cdecl MOXIE::LocalFileSystem::vprintf(unsigned __int64,char const * __ptr64,char * __ptr64) __ptr64
4322	?vprintf@NetworkFileSystem@MOXIE@@UEAAH_KPEBDPEAD@Z	public: virtual int __cdecl MOXIE::NetworkFileSystem::vprintf(unsigned __int64,char const * __ptr64,char * __ptr64) __ptr64
4323	?vscprintf@MOXIE@@YAHPEBDPEAD@Z	int __cdecl MOXIE::vscprintf(char const * __ptr64,char * __ptr64)
4324	?wait@Condition@MOXIE@@QEAAXXZ	public: void __cdecl MOXIE::Condition::wait(void) __ptr64
4325	?waitForPrefetch@Resource@MOXIE@@QEAAXXZ	public: void __cdecl MOXIE::Resource::waitForPrefetch(void) __ptr64
4326	?warning@Log@MOXIE@@YAXPEBDZZ	void __cdecl MOXIE::Log::warning(char const * __ptr64,...)
4327	?wndProc@Win32Utils@@SA_JPEAUHWND__@@I_K_J@Z	public: static __int64 __cdecl Win32Utils::wndProc(struct HWND__ * __ptr64,unsigned int,unsigned __int64,__int64)
4328	?world@SGTransform@MOXIE@@QEAAAEAVTransform@2@XZ	public: class MOXIE::Transform & __ptr64 __cdecl MOXIE::SGTransform::world(void) __ptr64
4329	?world@SGTransform@MOXIE@@QEBAAEBVTransform@2@XZ	public: class MOXIE::Transform const & __ptr64 __cdecl MOXIE::SGTransform::world(void)const __ptr64
4330	?worldToLocal@SGTransform@MOXIE@@IEAA?AVTransform@2@AEBV32@@Z	protected: class MOXIE::Transform __cdecl MOXIE::SGTransform::worldToLocal(class MOXIE::Transform const & __ptr64) __ptr64
4331	?write@AnimResource@MOXIE@@UEAAXPEAVStream@2@@Z	public: virtual void __cdecl MOXIE::AnimResource::write(class MOXIE::Stream * __ptr64) __ptr64
4332	?write@FontMap@MOXIE@@QEBAXPEAVStream@2@@Z	public: void __cdecl MOXIE::FontMap::write(class MOXIE::Stream * __ptr64)const __ptr64
4333	?write@HString@MOXIE@@QEBAXPEAVStream@2@@Z	public: void __cdecl MOXIE::HString::write(class MOXIE::Stream * __ptr64)const __ptr64
4334	?write@LocalFileSystem@MOXIE@@UEAAHPEBXII_K@Z	public: virtual int __cdecl MOXIE::LocalFileSystem::write(void const * __ptr64,unsigned int,unsigned int,unsigned __int64) __ptr64
4335	?write@Material@MOXIE@@QEBAXPEAVStream@2@@Z	public: void __cdecl MOXIE::Material::write(class MOXIE::Stream * __ptr64)const __ptr64
4336	?write@ModelResource@MOXIE@@QEAAXPEAVStream@2@@Z	public: void __cdecl MOXIE::ModelResource::write(class MOXIE::Stream * __ptr64) __ptr64
4337	?write@NetworkFileSystem@MOXIE@@UEAAHPEBXII_K@Z	public: virtual int __cdecl MOXIE::NetworkFileSystem::write(void const * __ptr64,unsigned int,unsigned int,unsigned __int64) __ptr64
4338	?write@ResourceHandle@MOXIE@@QEBAXPEAVStream@2@@Z	public: void __cdecl MOXIE::ResourceHandle::write(class MOXIE::Stream * __ptr64)const __ptr64
4339	?write@SGAnimator@MOXIE@@UEBAXPEAVStream@2@@Z	public: virtual void __cdecl MOXIE::SGAnimator::write(class MOXIE::Stream * __ptr64)const __ptr64
4340	?write@SGComponent@MOXIE@@QEBAXPEAVStream@2@@Z	public: void __cdecl MOXIE::SGComponent::write(class MOXIE::Stream * __ptr64)const __ptr64
4341	?write@SGModelInstance@MOXIE@@UEBAXPEAVStream@2@@Z	public: virtual void __cdecl MOXIE::SGModelInstance::write(class MOXIE::Stream * __ptr64)const __ptr64
4342	?write@SGNode@MOXIE@@QEBAXPEAVStream@2@@Z	public: void __cdecl MOXIE::SGNode::write(class MOXIE::Stream * __ptr64)const __ptr64
4343	?write@SGTransform@MOXIE@@UEBAXPEAVStream@2@@Z	public: virtual void __cdecl MOXIE::SGTransform::write(class MOXIE::Stream * __ptr64)const __ptr64
4344	?write@ShaderBlockInstance@MOXIE@@QEAAXHPEAXI@Z	public: void __cdecl MOXIE::ShaderBlockInstance::write(int,void * __ptr64,unsigned int) __ptr64
4345	?write@ShaderParamBlock@MOXIE@@QEBAXPEAVStream@2@@Z	public: void __cdecl MOXIE::ShaderParamBlock::write(class MOXIE::Stream * __ptr64)const __ptr64
4346	?write@Stream@MOXIE@@QEAAXPEBDI@Z	public: void __cdecl MOXIE::Stream::write(char const * __ptr64,unsigned int) __ptr64
4347	?write@Stream@MOXIE@@QEAAXPEBEI@Z	public: void __cdecl MOXIE::Stream::write(unsigned char const * __ptr64,unsigned int) __ptr64
4348	?write@Stream@MOXIE@@QEAAXPEBFI@Z	public: void __cdecl MOXIE::Stream::write(short const * __ptr64,unsigned int) __ptr64
4349	?write@Stream@MOXIE@@QEAAXPEBGI@Z	public: void __cdecl MOXIE::Stream::write(unsigned short const * __ptr64,unsigned int) __ptr64
4350	?write@Stream@MOXIE@@QEAAXPEBHI@Z	public: void __cdecl MOXIE::Stream::write(int const * __ptr64,unsigned int) __ptr64
4351	?write@Stream@MOXIE@@QEAAXPEBII@Z	public: void __cdecl MOXIE::Stream::write(unsigned int const * __ptr64,unsigned int) __ptr64
4352	?write@Stream@MOXIE@@QEAAXPEBMI@Z	public: void __cdecl MOXIE::Stream::write(float const * __ptr64,unsigned int) __ptr64
4353	?write@Stream@MOXIE@@QEAAXPEBNI@Z	public: void __cdecl MOXIE::Stream::write(double const * __ptr64,unsigned int) __ptr64
4354	?write@Stream@MOXIE@@QEAAXPEB_NI@Z	public: void __cdecl MOXIE::Stream::write(bool const * __ptr64,unsigned int) __ptr64
4355	?write@String@MOXIE@@QEBAXPEAVStream@2@@Z	public: void __cdecl MOXIE::String::write(class MOXIE::Stream * __ptr64)const __ptr64
4356	?write@TcpSocket@MOXIE@@QEAA_NPEBXI@Z	public: bool __cdecl MOXIE::TcpSocket::write(void const * __ptr64,unsigned int) __ptr64
4357	?write@Transform@MOXIE@@QEBAXPEAVStream@2@@Z	public: void __cdecl MOXIE::Transform::write(class MOXIE::Stream * __ptr64)const __ptr64
4358	?write@Uri@MOXIE@@QEBAXPEAVStream@2@@Z	public: void __cdecl MOXIE::Uri::write(class MOXIE::Stream * __ptr64)const __ptr64
4359	?writeBinaryFile@LocalFileSystem@MOXIE@@UEAA_NPEBDPEBXI@Z	public: virtual bool __cdecl MOXIE::LocalFileSystem::writeBinaryFile(char const * __ptr64,void const * __ptr64,unsigned int) __ptr64
4360	?writeBinaryFile@NetworkFileSystem@MOXIE@@UEAA_NPEBDPEBXI@Z	public: virtual bool __cdecl MOXIE::NetworkFileSystem::writeBinaryFile(char const * __ptr64,void const * __ptr64,unsigned int) __ptr64
4361	?writeBinaryHeader@Resource@MOXIE@@IEAAXPEAVStream@2@I@Z	protected: void __cdecl MOXIE::Resource::writeBinaryHeader(class MOXIE::Stream * __ptr64,unsigned int) __ptr64
4362	?writeBitmap@FontMap@MOXIE@@QEBAXPEAVStream@2@PEBUBitmap@12@@Z	public: void __cdecl MOXIE::FontMap::writeBitmap(class MOXIE::Stream * __ptr64,struct MOXIE::FontMap::Bitmap const * __ptr64)const __ptr64
4363	?writeBoneGroup@ModelResource@MOXIE@@QEAAXPEAVStream@2@PEAVBoneGroup@12@@Z	public: void __cdecl MOXIE::ModelResource::writeBoneGroup(class MOXIE::Stream * __ptr64,class MOXIE::ModelResource::BoneGroup * __ptr64) __ptr64
4364	?writeBuffer@FileStream@MOXIE@@UEAAIPEBXII@Z	public: virtual unsigned int __cdecl MOXIE::FileStream::writeBuffer(void const * __ptr64,unsigned int,unsigned int) __ptr64
4365	?writeBuffer@MemoryStream@MOXIE@@UEAAIPEBXII@Z	public: virtual unsigned int __cdecl MOXIE::MemoryStream::writeBuffer(void const * __ptr64,unsigned int,unsigned int) __ptr64
4366	?writeBuffer@TcpStream@MOXIE@@YA_NAEAVTcpSocket@2@PEBXI@Z	bool __cdecl MOXIE::TcpStream::writeBuffer(class MOXIE::TcpSocket & __ptr64,void const * __ptr64,unsigned int)
4367	?writeChannel@AnimResource@MOXIE@@UEAAXPEAVStream@2@PEAUTrack@12@PEAUChannel@12@@Z	public: virtual void __cdecl MOXIE::AnimResource::writeChannel(class MOXIE::Stream * __ptr64,struct MOXIE::AnimResource::Track * __ptr64,struct MOXIE::AnimResource::Channel * __ptr64) __ptr64
4368	?writeGlyph@FontMap@MOXIE@@QEBAXPEAVStream@2@PEAUGlyph@12@@Z	public: void __cdecl MOXIE::FontMap::writeGlyph(class MOXIE::Stream * __ptr64,struct MOXIE::FontMap::Glyph * __ptr64)const __ptr64
4369	?writeMesh@ModelResource@MOXIE@@QEAAXPEAVStream@2@PEAVMesh@12@@Z	public: void __cdecl MOXIE::ModelResource::writeMesh(class MOXIE::Stream * __ptr64,class MOXIE::ModelResource::Mesh * __ptr64) __ptr64
4370	?writeString@TcpStream@MOXIE@@YAXAEAVTcpSocket@2@PEBD@Z	void __cdecl MOXIE::TcpStream::writeString(class MOXIE::TcpSocket & __ptr64,char const * __ptr64)
4371	?writeTextFile@LocalFileSystem@MOXIE@@UEAA_NPEBD0@Z	public: virtual bool __cdecl MOXIE::LocalFileSystem::writeTextFile(char const * __ptr64,char const * __ptr64) __ptr64
4372	?writeTextFile@NetworkFileSystem@MOXIE@@UEAA_NPEBD0@Z	public: virtual bool __cdecl MOXIE::NetworkFileSystem::writeTextFile(char const * __ptr64,char const * __ptr64) __ptr64
4373	?writeTrack@AnimResource@MOXIE@@UEAAXPEAVStream@2@PEAUTrack@12@@Z	public: virtual void __cdecl MOXIE::AnimResource::writeTrack(class MOXIE::Stream * __ptr64,struct MOXIE::AnimResource::Track * __ptr64) __ptr64
4374	?yield@Thread@MOXIE@@SAXXZ	public: static void __cdecl MOXIE::Thread::yield(void)
4375	moxieGetApiLevel	moxieGetApiLevel
4376	moxieGetCompatibleManifest	moxieGetCompatibleManifest
4377	moxieGetPlayerState	moxieGetPlayerState
4378	moxieIsPlayerIdle	moxieIsPlayerIdle
4379	moxieIsPlayerPaused	moxieIsPlayerPaused
4380	moxieIsPlayerPlaying	moxieIsPlayerPlaying
4381	moxieIsPlayerPreparing	moxieIsPlayerPreparing
4382	moxieIsPlayerReady	moxieIsPlayerReady
4383	moxieKeyboardDown	moxieKeyboardDown
4384	moxieKeyboardUp	moxieKeyboardUp
4385	moxieLoad	moxieLoad
4386	moxieMouseButton	moxieMouseButton
4387	moxieMouseButtonDblClick	moxieMouseButtonDblClick
4388	moxieMouseMove	moxieMouseMove
4389	moxieMouseScroll	moxieMouseScroll
4390	moxieSetDeviceRotation	moxieSetDeviceRotation
4391	moxieSetStereoDisplay	moxieSetStereoDisplay
4392	moxieStoryClear	moxieStoryClear
4393	moxieStoryDownload	moxieStoryDownload
4394	moxieStoryPause	moxieStoryPause
4395	moxieStoryPlay	moxieStoryPlay
4396	moxieStoryPrepare	moxieStoryPrepare
4397	moxieStoryResume	moxieStoryResume
4398	moxieStoryStop	moxieStoryStop
4399	moxieTouchBegin	moxieTouchBegin
4400	moxieTouchEnd	moxieTouchEnd
4401	moxieTouchMove	moxieTouchMove
4402	moxieUnload	moxieUnload
4403	moxieWindowDraw	moxieWindowDraw
4404	moxieWindowReshape	moxieWindowReshape
4405	moxie_get_api_level	moxie_get_api_level
4406	moxie_get_compatible_manifest	moxie_get_compatible_manifest
4407	moxie_get_player_state	moxie_get_player_state
4408	moxie_get_version	moxie_get_version
4409	moxie_on_event	moxie_on_event
4410	moxie_shutdown	moxie_shutdown
4411	moxie_startup	moxie_startup
