# run02 (2026-10-03, SteamVR active, 90 s, Procmon): every path under the install root touched by storyplayer.exe, in first-access order
# first_time	op	opens	reads	bytes_read	writes	result	relative_path
00:49:57,7212533	Load Image	9	4	656	0	SUCCESS	win64/storyplayer.exe
00:49:57,7620484	QueryOpen	3	0	0	0	SUCCESS	win64/moxie.v2.shared.windows.dll
00:49:57,7620515	QueryOpen	2	0	0	0	SUCCESS	win64/vcruntime140.dll
00:49:57,7651095	QueryOpen	2	0	0	0	SUCCESS	win64/lua51.dll
00:49:57,7651161	QueryOpen	1	0	0	0	FAST IO DISALLOWED	win64/WINMM.dll
00:49:57,7660362	QueryOpen	1	0	0	0	FAST IO DISALLOWED	win64/OPENGL32.dll
00:49:57,7662208	QueryOpen	2	0	0	0	SUCCESS	win64/libcurl.dll
00:49:57,7673397	QueryOpen	2	0	0	0	SUCCESS	win64/pthreadVC2.dll
00:49:57,7676610	QueryOpen	2	0	0	0	SUCCESS	win64/openvr_api.dll
00:49:57,7681771	QueryOpen	3	0	0	0	SUCCESS	win64/PVRTexLib.dll
00:49:57,7690825	QueryOpen	1	0	0	0	FAST IO DISALLOWED	win64/VERSION.dll
00:49:57,7691093	QueryOpen	2	0	0	0	SUCCESS	win64/msvcp140.dll
00:49:57,7702810	QueryOpen	3	0	0	0	SUCCESS	win64/libeay32.dll
00:49:57,7723948	QueryOpen	5	0	0	0	SUCCESS	win64/ssleay32.dll
00:49:57,7726915	QueryOpen	2	0	0	0	SUCCESS	win64/libssh2.dll
00:49:57,7730592	QueryOpen	3	0	0	0	FAST IO DISALLOWED	win64/MSVCR120.dll
00:49:57,7735544	QueryOpen	1	0	0	0	FAST IO DISALLOWED	win64/MSVCR100.dll
00:49:57,7740635	QueryOpen	1	0	0	0	FAST IO DISALLOWED	win64/GLU32.dll
00:49:57,7770958	QueryOpen	1	0	0	0	FAST IO DISALLOWED	win64/VCRUNTIME140_1.dll
00:49:57,7844037	CreateFile	1	0	0	0	PATH NOT FOUND	SystemResources/storyplayer.exe.mun
00:49:57,7990855	CreateFile	2	1	44	1	SUCCESS	libmoxieclient.tmp
00:49:57,8062881	CreateFile	1	0	0	1	SUCCESS	log.txt
00:49:57,8303168	QueryOpen	1	0	0	0	FAST IO DISALLOWED	win64/CRYPTBASE.DLL
00:49:57,8414038	QueryOpen	1	0	0	0	FAST IO DISALLOWED	win64/OLEACCRC.DLL
00:49:57,8598999	CreateFile	7	0	0	0	NAME NOT FOUND	win64/aurora.dll
00:49:57,8600225	CreateFile	7	0	0	0	NAME NOT FOUND	win64/jengined.dll
00:49:57,8601511	CreateFile	7	0	0	0	NAME NOT FOUND	win64/oculusmedium.exe
00:49:57,8602709	CreateFile	7	0	0	0	NAME NOT FOUND	win64/jengine.dll
00:49:57,8604387	CreateFile	7	0	0	0	NAME NOT FOUND	win64/rendspt.dll
00:49:57,8605575	CreateFile	7	0	0	0	NAME NOT FOUND	win64/petromod_nvidia_profile_identifier.ogl
00:49:58,1370431	QueryOpen	1	0	0	0	FAST IO DISALLOWED	win64/profapi.dll
00:49:58,2098765	QueryOpen	1	0	0	0	FAST IO DISALLOWED	win64/UMPDC.dll
00:49:58,2244123	QueryOpen	1	0	0	0	FAST IO DISALLOWED	win64/dsound.dll
00:49:58,2256230	QueryOpen	1	0	0	0	FAST IO DISALLOWED	win64/ResampleDmo.DLL
00:49:58,2278012	QueryOpen	1	0	0	0	FAST IO DISALLOWED	win64/msdmo.dll
00:49:58,3285458	QueryOpen	1	0	0	0	FAST IO DISALLOWED	win64/AUDIOSES.DLL
00:49:58,3740692	CreateFile	14	14	11648	0	SUCCESS	common/shaders/ui/passthru.shd
00:49:58,4200025	CreateFile	1	1	930	0	SUCCESS	common/shaders/ui/rgstereopassthru2.shd
00:49:58,4222634	CreateFile	1	1	1933	0	SUCCESS	common/shaders/ui/compositecubetolatlong.shd
00:49:58,4361965	QueryOpen	3	0	0	0	FAST IO DISALLOWED	win64/tdh.dll
00:49:58,4617571	CreateFile	6	0	0	0	NAME NOT FOUND	version.txt
00:50:01,2241990	CreateFile	1	1	1001	0	SUCCESS	common/shaders/ui/glyphvertclr.shd
00:50:01,2253179	CreateFile	1	1	726	0	SUCCESS	common/shaders/ui/lines.shd
00:50:01,2258163	CreateFile	1	0	0	0	NAME NOT FOUND	common/shaders/ui/solid.shd
00:50:01,2259701	CreateFile	1	0	0	0	NAME NOT FOUND	common/shaders/ui/billboard.shd
00:50:01,2261133	CreateFile	1	0	0	0	NAME NOT FOUND	common/shaders/ui/billboard_2.shd
00:50:01,2282703	CreateFile	4	1	10	1	SUCCESS	persist.chk
00:50:01,2294286	CreateFile	5	2	70	1	SUCCESS	persist.lua
00:50:01,2307034	CreateFile	2	1	2062	0	SUCCESS	story/scripts/app.lua
00:50:01,2308758	CreateFile	1	0	0	0	SUCCESS	story/scripts
00:50:01,2315477	CreateFile	1	2	20974	0	SUCCESS	story/scripts/story.lua
00:50:01,2322732	CreateFile	1	1	1993	0	SUCCESS	story/scripts/core.lua
00:50:01,2326156	CreateFile	1	1	2235	0	SUCCESS	common/scripts/core.lua
00:50:01,2329109	CreateFile	1	2	5772	0	SUCCESS	common/scripts/utils.lua
00:50:01,2333026	CreateFile	1	1	2441	0	SUCCESS	common/scripts/events.lua
00:50:01,2335515	CreateFile	1	1	2884	0	SUCCESS	common/scripts/class.lua
00:50:01,2337905	CreateFile	1	1	444	0	SUCCESS	common/scripts/math/math.lua
00:50:01,2340288	CreateFile	1	1	2818	0	SUCCESS	common/scripts/math/vector2.lua
00:50:01,2344238	CreateFile	1	2	4784	0	SUCCESS	common/scripts/math/vector3.lua
00:50:01,2348935	CreateFile	1	1	4074	0	SUCCESS	common/scripts/math/vector4.lua
00:50:01,2352955	CreateFile	1	2	8954	0	SUCCESS	common/scripts/math/quaternion.lua
00:50:01,2358465	CreateFile	1	2	4730	0	SUCCESS	common/scripts/math/srt.lua
00:50:01,2362464	CreateFile	1	2	8946	0	SUCCESS	common/scripts/math/easing.lua
00:50:01,2367498	CreateFile	1	2	7705	0	SUCCESS	common/scripts/math/matrix4.lua
00:50:01,2371593	CreateFile	1	1	165	0	SUCCESS	common/scripts/renderdebug.lua
00:50:01,2373784	CreateFile	1	1	165	0	SUCCESS	common/scripts/customattributes.lua
00:50:01,2375797	CreateFile	1	1	2066	0	SUCCESS	common/scripts/color.lua
00:50:01,2379196	CreateFile	1	1	245	0	SUCCESS	common/scripts/displaydevice.lua
00:50:01,2381351	CreateFile	1	1	1097	0	SUCCESS	common/scripts/bounds.lua
00:50:01,2384389	CreateFile	1	2	6028	0	SUCCESS	common/scripts/scene.lua
00:50:01,2389106	CreateFile	1	1	685	0	SUCCESS	common/scripts/particles.lua
00:50:01,2392027	CreateFile	1	1	146	0	SUCCESS	common/scripts/lights.lua
00:50:01,2394336	CreateFile	1	1	1744	0	SUCCESS	common/scripts/input.lua
00:50:01,2397758	CreateFile	1	1	513	0	SUCCESS	common/scripts/sensor.lua
00:50:01,2400343	CreateFile	1	1	920	0	SUCCESS	common/scripts/replay.lua
00:50:01,2402680	CreateFile	1	1	3171	0	SUCCESS	common/scripts/components/debugcameracontroller.lua
00:50:01,2407356	CreateFile	1	1	3167	0	SUCCESS	common/scripts/graphics.lua
00:50:01,2411835	CreateFile	1	1	1886	0	SUCCESS	common/scripts/resources.lua
00:50:01,2415104	CreateFile	1	2	8018	0	SUCCESS	common/scripts/serialize.lua
00:50:01,2420577	CreateFile	1	1	1235	0	SUCCESS	story/scripts/def.lua
00:50:01,2423339	CreateFile	1	1	1139	0	SUCCESS	story/scripts/platform/android.lua
00:50:01,2425773	CreateFile	1	1	2071	0	SUCCESS	story/scripts/factory.lua
00:50:01,2428583	CreateFile	1	1	725	0	SUCCESS	story/scripts/templates/transform.lua
00:50:01,2431150	CreateFile	1	1	859	0	SUCCESS	story/scripts/templates/camera.lua
00:50:01,2433636	CreateFile	1	1	793	0	SUCCESS	story/scripts/templates/cameraplatform.lua
00:50:01,2437479	CreateFile	1	1	1442	0	SUCCESS	story/scripts/templates/light.lua
00:50:01,2441029	CreateFile	1	1	1608	0	SUCCESS	story/scripts/templates/projector.lua
00:50:01,2444771	CreateFile	1	1	1540	0	SUCCESS	story/scripts/templates/actor.lua
00:50:01,2448190	CreateFile	1	1	344	0	SUCCESS	story/scripts/templates/atmospherics.lua
00:50:01,2451244	CreateFile	1	1	665	0	SUCCESS	story/scripts/templates/fog.lua
00:50:01,2454400	CreateFile	1	1	532	0	SUCCESS	story/scripts/templates/particle.lua
00:50:01,2457456	CreateFile	1	1	921	0	SUCCESS	story/scripts/templates/renderview.lua
00:50:01,2460815	CreateFile	1	1	538	0	SUCCESS	story/scripts/templates/rendergraph.lua
00:50:01,2464435	CreateFile	1	1	283	0	SUCCESS	story/scripts/templates/flipbook.lua
00:50:01,2467704	CreateFile	1	1	735	0	SUCCESS	story/scripts/templates/video.lua
00:50:01,2470788	CreateFile	1	1	1930	0	SUCCESS	story/scripts/timer.lua
00:50:01,2474251	CreateFile	1	2	8500	0	SUCCESS	story/scripts/scheduler.lua
00:50:01,2481085	CreateFile	1	1	2770	0	SUCCESS	story/scripts/eventdispatcher.lua
00:50:01,2484186	CreateFile	1	1	1046	0	SUCCESS	story/scripts/eventlistener.lua
00:50:01,2486796	CreateFile	1	1	1263	0	SUCCESS	story/scripts/serializer.lua
00:50:01,2489296	CreateFile	1	2	17790	0	SUCCESS	story/scripts/fsm.lua
00:50:01,2495268	CreateFile	1	1	1773	0	SUCCESS	story/scripts/stats.lua
00:50:01,2498090	CreateFile	1	2	11273	0	SUCCESS	story/scripts/audio.lua
00:50:01,2502809	CreateFile	1	1	1879	0	SUCCESS	story/scripts/textureanimationmanager.lua
00:50:01,2505495	CreateFile	1	2	46503	0	SUCCESS	story/scripts/commands.lua
00:50:01,2515505	CreateFile	1	2	10954	0	SUCCESS	story/scripts/conditions.lua
00:50:01,2521184	CreateFile	1	1	2664	0	SUCCESS	story/scripts/interpolator.lua
00:50:01,2524802	CreateFile	1	1	2996	0	SUCCESS	story/scripts/prefetchmonitor.lua
00:50:01,2528215	CreateFile	1	1	2290	0	SUCCESS	story/scripts/resourcegroup.lua
00:50:01,2531041	CreateFile	1	2	4841	0	SUCCESS	story/scripts/sceneplayer.lua
00:50:01,2535755	CreateFile	1	2	4187	0	SUCCESS	story/scripts/checkpoints.lua
00:50:01,2540126	CreateFile	1	2	8566	0	SUCCESS	story/scripts/behaviors/behavior.lua
00:50:01,2544346	CreateFile	1	1	2131	0	SUCCESS	story/scripts/behaviors/behaviorcamerainitialheading.lua
00:50:01,2547375	CreateFile	1	1	3378	0	SUCCESS	story/scripts/behaviors/behaviorcamerapitchremapping.lua
00:50:01,2550586	CreateFile	1	1	2721	0	SUCCESS	story/scripts/behaviors/behaviorcamerasensor.lua
00:50:01,2553434	CreateFile	1	1	1344	0	SUCCESS	story/scripts/behaviors/behaviorcameramouse.lua
00:50:01,2556377	CreateFile	1	1	1531	0	SUCCESS	story/scripts/behaviors/behaviorcameratouch.lua
00:50:01,2559695	CreateFile	1	1	1350	0	SUCCESS	story/scripts/behaviors/behaviorcamerafocallength.lua
00:50:01,2562836	CreateFile	1	1	981	0	SUCCESS	story/scripts/components/dragcontroller.lua
00:50:01,2565634	CreateFile	1	1	479	0	SUCCESS	story/scripts/components/sensorcontroller.lua
00:50:01,2568090	CreateFile	1	2	6804	0	SUCCESS	story/scripts/components/lookattrigger.lua
00:50:01,2572396	CreateFile	1	2	79231	0	SUCCESS	story/scripts/components/camerarigcontroller.lua
00:50:01,2590169	CreateFile	1	2	15197	0	SUCCESS	story/scripts/components/cameraplatformcontroller.lua
00:50:01,2595283	CreateFile	1	2	8424	0	SUCCESS	story/scripts/components/audioemitter.lua
00:50:01,2600847	CreateFile	1	1	581	0	SUCCESS	story/scripts/components/audiolistener.lua
00:50:01,2604572	CreateFile	1	2	16755	0	SUCCESS	story/scripts/json.lua
00:50:01,2610077	CreateFile	1	2	5005	0	SUCCESS	story/scripts/rpc.lua
00:50:01,2614993	CreateFile	1	1	311	0	SUCCESS	story/scripts/editor.lua
00:50:01,2618788	CreateFile	1	2	4584	0	SUCCESS	story/scripts/components/editorcameracontroller.lua
00:50:01,2623382	CreateFile	1	1	2544	0	SUCCESS	pearl_vrcam/scripts/data/package.lua
00:50:01,2626865	CreateFile	1	1	94	0	SUCCESS	pearl_vrcam/scripts/data/videos.lua
00:50:01,2630116	CreateFile	1	2	7341	0	SUCCESS	pearl_vrcam/scripts/data/audio.lua
00:50:01,2635544	CreateFile	1	2	15343	0	SUCCESS	pearl_vrcam/scripts/data/cameras.lua
00:50:01,2641014	CreateFile	1	2	24840	0	SUCCESS	pearl_vrcam/scripts/data/lights.lua
00:50:01,2649344	CreateFile	1	2	8782	0	SUCCESS	pearl_vrcam/scripts/data/triggers.lua
00:50:01,2653861	CreateFile	1	1	2880	0	SUCCESS	pearl_vrcam/scripts/data/particles.lua
00:50:01,2656839	CreateFile	1	1	184	0	SUCCESS	pearl_vrcam/scripts/data/atmospherics.lua
00:50:01,2659505	CreateFile	1	1	1347	0	SUCCESS	pearl_vrcam/scripts/data/cameraplatforms.lua
00:50:01,2662958	CreateFile	1	2	363383	0	SUCCESS	pearl_vrcam/scripts/data/actors.lua
00:50:01,2714097	CreateFile	1	1	95	0	SUCCESS	pearl_vrcam/scripts/data/flipbooks.lua
00:50:01,2717116	CreateFile	1	2	129499	0	SUCCESS	pearl_vrcam/scripts/data/states.lua
00:50:01,2736261	CreateFile	1	1	2301	0	SUCCESS	pearl_vrcam/scripts/data/story.lua
00:50:01,2739487	CreateFile	1	2	13029	0	SUCCESS	pearlpackage/rendergraphs/pearl30.lua
00:50:01,2743694	CreateFile	1	2	13169	0	SUCCESS	pearlpackage/rendergraphs/pearl31.lua
00:50:01,2748041	CreateFile	1	2	12414	0	SUCCESS	pearlpackage/rendergraphs/pearl310.lua
00:50:01,2751889	CreateFile	1	2	12414	0	SUCCESS	pearlpackage/rendergraphs/pearl311.lua
00:50:01,2757038	CreateFile	1	2	12414	0	SUCCESS	pearlpackage/rendergraphs/pearl312.lua
00:50:01,2761849	CreateFile	1	2	12786	0	SUCCESS	pearlpackage/rendergraphs/pearl313.lua
00:50:01,2766985	CreateFile	1	2	12414	0	SUCCESS	pearlpackage/rendergraphs/pearl314.lua
00:50:01,2771022	CreateFile	1	2	12414	0	SUCCESS	pearlpackage/rendergraphs/pearl315.lua
00:50:01,2775864	CreateFile	1	2	12414	0	SUCCESS	pearlpackage/rendergraphs/pearl316.lua
00:50:01,2781061	CreateFile	1	2	12427	0	SUCCESS	pearlpackage/rendergraphs/pearl317.lua
00:50:01,2785342	CreateFile	1	2	12777	0	SUCCESS	pearlpackage/rendergraphs/pearl318.lua
00:50:01,2789824	CreateFile	1	2	12414	0	SUCCESS	pearlpackage/rendergraphs/pearl319.lua
00:50:01,2794719	CreateFile	1	2	12424	0	SUCCESS	pearlpackage/rendergraphs/pearl32.lua
00:50:01,2799280	CreateFile	1	2	12414	0	SUCCESS	pearlpackage/rendergraphs/pearl320.lua
00:50:01,2803235	CreateFile	1	2	12414	0	SUCCESS	pearlpackage/rendergraphs/pearl321.lua
00:50:01,2807326	CreateFile	1	2	12414	0	SUCCESS	pearlpackage/rendergraphs/pearl322.lua
00:50:01,2811348	CreateFile	1	2	12414	0	SUCCESS	pearlpackage/rendergraphs/pearl323.lua
00:50:01,2815478	CreateFile	1	2	12414	0	SUCCESS	pearlpackage/rendergraphs/pearl324.lua
00:50:01,2821379	CreateFile	1	2	12426	0	SUCCESS	pearlpackage/rendergraphs/pearl325.lua
00:50:01,2827332	CreateFile	1	2	12414	0	SUCCESS	pearlpackage/rendergraphs/pearl326.lua
00:50:01,2833531	CreateFile	1	2	12414	0	SUCCESS	pearlpackage/rendergraphs/pearl327.lua
00:50:01,2840283	CreateFile	1	2	12414	0	SUCCESS	pearlpackage/rendergraphs/pearl328.lua
00:50:01,2844440	CreateFile	1	2	12414	0	SUCCESS	pearlpackage/rendergraphs/pearl329.lua
00:50:01,2847911	CreateFile	1	2	12414	0	SUCCESS	pearlpackage/rendergraphs/pearl33.lua
00:50:01,2851417	CreateFile	1	2	12414	0	SUCCESS	pearlpackage/rendergraphs/pearl330.lua
00:50:01,2855236	CreateFile	1	2	12427	0	SUCCESS	pearlpackage/rendergraphs/pearl331.lua
00:50:01,2858736	CreateFile	1	2	12660	0	SUCCESS	pearlpackage/rendergraphs/pearl332.lua
00:50:01,2863108	CreateFile	1	2	12414	0	SUCCESS	pearlpackage/rendergraphs/pearl333.lua
00:50:01,2866886	CreateFile	1	2	12775	0	SUCCESS	pearlpackage/rendergraphs/pearl334.lua
00:50:01,2870639	CreateFile	1	2	12774	0	SUCCESS	pearlpackage/rendergraphs/pearl335.lua
00:50:01,2874672	CreateFile	1	2	12427	0	SUCCESS	pearlpackage/rendergraphs/pearl336.lua
00:50:01,2878643	CreateFile	1	2	12427	0	SUCCESS	pearlpackage/rendergraphs/pearl337.lua
00:50:01,2882147	CreateFile	1	2	12542	0	SUCCESS	pearlpackage/rendergraphs/pearl338.lua
00:50:01,2885480	CreateFile	1	2	12414	0	SUCCESS	pearlpackage/rendergraphs/pearl34.lua
00:50:01,2888781	CreateFile	1	2	12473	0	SUCCESS	pearlpackage/rendergraphs/pearl35.lua
00:50:01,2892916	CreateFile	1	2	12414	0	SUCCESS	pearlpackage/rendergraphs/pearl36.lua
00:50:01,2896885	CreateFile	1	2	12414	0	SUCCESS	pearlpackage/rendergraphs/pearl37.lua
00:50:01,2900729	CreateFile	1	2	12427	0	SUCCESS	pearlpackage/rendergraphs/pearl38.lua
00:50:01,2903995	CreateFile	1	2	12414	0	SUCCESS	pearlpackage/rendergraphs/pearl39.lua
00:50:01,2931077	CreateFile	4	4	12356	0	SUCCESS	common/shaders/ui/stereopassthru.shd
00:50:01,2941902	CreateFile	4	4	14420	0	SUCCESS	common/shaders/ui/offlineresolve128.shd
00:50:01,3005944	CreateFile	1	1	1878	0	SUCCESS	pearlpackage/shaders/posteffects/ceffects.pfb
00:50:01,3008389	CreateFile	1	1	588	0	SUCCESS	common/shaders/posteffects/passthru_6522df69.shd
00:50:01,3012647	CreateFile	1	1	1146	0	SUCCESS	common/shaders/posteffects/downsample_6522df69.shd
00:50:01,3017681	CreateFile	1	1	1346	0	SUCCESS	common/shaders/posteffects/blur_e0708a00.shd
00:50:01,3022428	CreateFile	1	1	1347	0	SUCCESS	common/shaders/posteffects/blur_7bd5c66f.shd
00:50:01,3026667	CreateFile	1	1	997	0	SUCCESS	pearlpackage/shaders/posteffects/threshold_6522df69.shd
00:50:01,3031169	CreateFile	1	1	1090	0	SUCCESS	pearlpackage/shaders/posteffects/mask_4b99d436.shd
00:50:01,3037076	CreateFile	1	1	2184	0	SUCCESS	pearlpackage/shaders/posteffects/customfx.pfb
00:50:01,3039217	CreateFile	1	1	1384	0	SUCCESS	pearlpackage/shaders/posteffects/dof_6522df69.shd
00:50:01,3043559	CreateFile	1	1	745	0	SUCCESS	pearlpackage/shaders/posteffects/overlay_6522df69.shd
00:50:01,3047282	CreateFile	1	1	2421	0	SUCCESS	common/shaders/standard_fc117ca9.shd
00:50:01,3051170	CreateFile	1	1	1229	0	SUCCESS	pearlpackage/shaders/posteffects/warp_6522df69.shd
00:50:01,3055413	CreateFile	1	1	1911	0	SUCCESS	pearlpackage/shaders/posteffects/warp_comp_60adb9d0.shd
00:50:01,3061871	CreateFile	1	1	1828	0	SUCCESS	pearlpackage/shaders/posteffects/warp_comp_debug_8d080ee6.shd
00:50:01,3069924	CreateFile	1	1	1204	0	SUCCESS	common/shaders/posteffects/effects.pfb
00:50:01,3074001	CreateFile	1	1	1158	0	SUCCESS	common/shaders/posteffects/overlay_3ef87273.shd
00:50:01,3148554	CreateFile	1	1	759	0	SUCCESS	pearl_vrcam/models/moxiecamera.mxm
00:50:01,3155424	CreateFile	1	2	1179776	0	SUCCESS	pearlpackage/textures/vrsplash.dds
00:50:01,3365869	CreateFile	1	3	8260	0	SUCCESS	common/audio/biquad_hrtf_subject_015_order_12_foa.mxhrtf
00:50:01,3371523	CreateFile	1	0	0	0	NAME NOT FOUND	saves/.dat
00:50:01,3420804	CreateFile	1	2	150745	0	SUCCESS	pearl_vrcam/models/sagebrush_grp.mxm
00:50:01,3434767	CreateFile	1	1	2775	0	SUCCESS	pearlpackage/shaders/pearl2_warp_3da4bced.shd
00:50:01,3531798	CreateFile	1	2	524416	0	SUCCESS	pearlpackage/textures/toothf_1024.dds
00:50:01,3669005	CreateFile	1	1	697	0	SUCCESS	pearlpackage/shaders/pearl2_shadow_807077e9.shd
00:50:01,3676857	CreateFile	1	1	3181	0	SUCCESS	pearlpackage/shaders/pearl2_color_1349915b.shd
00:50:01,3683121	CreateFile	1	1	272	0	SUCCESS	pearl_vrcam/textures/sq00s10_sagebrush_diffuse.dds
00:50:01,3686397	CreateFile	1	2	131200	0	SUCCESS	pearlpackage/textures/film_grain_512.dds
00:50:01,3772449	CreateFile	1	2	10025	0	SUCCESS	pearl_vrcam/models/towerlights.mxm
00:50:01,3777203	CreateFile	1	1	2527	0	SUCCESS	common/shaders/standard_e1846f7e.shd
00:50:01,3792165	CreateFile	1	1	1186	0	SUCCESS	pearl_vrcam/anims/towerlights_sq00s10trig_you_are_standing.mxa
00:50:01,3795365	CreateFile	1	1	2622	0	SUCCESS	pearl_vrcam/models/grounddetail.mxm
00:50:01,3799531	CreateFile	1	2	16777344	0	SUCCESS	pearl_vrcam/textures/sq00s10_ground.dds
00:50:01,3982868	CreateFile	1	2	9778	0	SUCCESS	pearl_vrcam/models/landingworld.mxm
00:50:01,3986943	CreateFile	1	1	1033	0	SUCCESS	pearlpackage/shaders/pearl2_shadow_c69be432.shd
00:50:01,3992537	CreateFile	1	2	1048704	0	SUCCESS	pearl_vrcam/textures/sq00s10_headphones_pearl.dds
00:50:01,4005323	CreateFile	1	1	3588	0	SUCCESS	pearlpackage/shaders/pearl2_color_65b5aa2.shd
00:50:01,4011980	CreateFile	1	2	1048704	0	SUCCESS	pearl_vrcam/textures/sq00s10_nocontrollers_pearl.dds
00:50:01,4024245	CreateFile	1	2	1048704	0	SUCCESS	pearl_vrcam/textures/sq00s10_seated_pearl.dds
00:50:01,4038192	CreateFile	1	1	760	0	SUCCESS	pearlpackage/shaders/pearl2_shadow_400f969c.shd
00:50:01,4043657	CreateFile	1	1	2596	0	SUCCESS	pearlpackage/shaders/pearl2_color_a4dddeb.shd
00:50:01,4049082	CreateFile	1	2	1048704	0	SUCCESS	pearl_vrcam/textures/sq00s10_sitdowntext_pearl.dds
00:50:01,4068236	CreateFile	1	2	17817	0	SUCCESS	pearl_vrcam/anims/landingworld_sq00s10trig_you_are_standing.mxa
00:50:01,4071462	CreateFile	1	2	812729	0	SUCCESS	pearl_vrcam/models/envir.mxm
00:50:01,4120322	CreateFile	1	2	4368	0	SUCCESS	pearlpackage/shaders/pearl2_color_54e63c18.shd
00:50:01,4130501	CreateFile	1	1	3686	0	SUCCESS	pearlpackage/shaders/pearl2_color_67b65f98.shd
00:50:01,4136312	CreateFile	1	2	1048704	0	SUCCESS	pearl_vrcam/textures/sq00s10_distantmountains_diffuse.dds
00:50:01,4151054	CreateFile	1	2	1048704	0	SUCCESS	pearl_vrcam/textures/sq00s10_transmissiontower_01_diffuse.dds
00:50:01,4163710	CreateFile	1	1	3649	0	SUCCESS	pearlpackage/shaders/pearl2_color_fc1313f7.shd
00:50:01,4170752	CreateFile	1	2	65664	0	SUCCESS	pearl_vrcam/textures/sq00s10_deserthighwaysurf_diffuse.dds
00:50:01,4174296	CreateFile	1	1	3722	0	SUCCESS	pearlpackage/shaders/pearl2_color_870d9114.shd
00:50:01,4182090	CreateFile	1	1	384	0	SUCCESS	pearl_vrcam/textures/sq00s10_cable_02_diffuse.dds
00:50:01,4184919	CreateFile	1	1	384	0	SUCCESS	pearl_vrcam/textures/sq00s10_cable_02_fog.dds
00:50:01,4187821	CreateFile	1	2	1048704	0	SUCCESS	pearl_vrcam/textures/sq00s10_exitsign_01_diffuse.dds
00:50:01,4199583	CreateFile	1	2	1048704	0	SUCCESS	pearl_vrcam/textures/sq00s10_giantboulder_diffuse.dds
00:50:01,4216165	CreateFile	1	2	262272	0	SUCCESS	pearl_vrcam/textures/sq00s10_road_diffuse.dds
00:50:01,4276128	CreateFile	1	2	19621	0	SUCCESS	pearl_vrcam/anims/envir_sq00s10trig_you_are_standing.mxa
00:50:01,4279723	CreateFile	1	2	79496	0	SUCCESS	pearl_vrcam/models/rocks.mxm
00:50:01,4285010	CreateFile	1	1	192	0	SUCCESS	pearl_vrcam/textures/sq00s10_rocks_diffuse.dds
00:50:01,4290012	CreateFile	1	1	1065	0	SUCCESS	pearl_vrcam/anims/moxiecamera_sq00s10trig_you_are_standing.mxa
00:50:01,4292375	CreateFile	3	619	644497	0	SUCCESS	pearl_vrcam/audio/pearl_landing_desert_ambi_vr.ogg
00:50:01,4294171	CreateFile	7	0	0	0	SUCCESS	pearl_vrcam/audio
00:50:01,4298093	CreateFile	2	0	0	0	NAME NOT FOUND	pearl_vrcam/audio/pearl_landing_desert_ambi_vr.mxs
00:50:01,4342524	CreateFile	1	1	2279	0	SUCCESS	pearl_vrcam/models/sq00s10trig_animation.mxm
00:50:01,4345668	CreateFile	1	2	5822	0	SUCCESS	common/shaders/standard_685113bc.shd
00:50:01,4355247	CreateFile	1	1	1384	0	SUCCESS	pearl_vrcam/anims/sq00s10trig_you_are_standing_animation.mxa
00:50:01,4357503	CreateFile	1	1	829	0	SUCCESS	pearl_vrcam/models/surroundaudioemitter_animation.mxm
00:50:01,4360289	CreateFile	1	1	274	0	SUCCESS	pearl_vrcam/anims/surroundaudioemitter_audiotest_1_05_animation.mxa
00:50:01,5247077	QueryOpen	4	0	0	0	FAST IO DISALLOWED	win64/d3d12.dll
00:50:01,5267193	CreateFile	2	0	0	0	NAME NOT FOUND	d3d12.dll
00:50:01,6749991	CreateFile	1	1	1186	0	SUCCESS	pearl_vrcam/anims/towerlights_sq00s10trig_you_sat_down.mxa
00:50:01,6755941	CreateFile	1	2	18569	0	SUCCESS	pearl_vrcam/anims/landingworld_sq00s10trig_you_sat_down.mxa
00:50:01,6759833	CreateFile	1	2	19621	0	SUCCESS	pearl_vrcam/anims/envir_sq00s10trig_you_sat_down.mxa
00:50:01,6765615	CreateFile	1	1	1065	0	SUCCESS	pearl_vrcam/anims/moxiecamera_sq00s10trig_you_sat_down.mxa
00:50:01,6773329	CreateFile	3	233	254907	0	SUCCESS	pearl_vrcam/audio/pearl_ui_seated_acgtr_1.ogg
00:50:01,6779616	CreateFile	2	0	0	0	NAME NOT FOUND	pearl_vrcam/audio/pearl_ui_seated_acgtr_1.mxs
00:50:01,6832742	CreateFile	1	1	1384	0	SUCCESS	pearl_vrcam/anims/sq00s10trig_you_sat_down_animation.mxa
00:50:02,6849149	CreateFile	1	1	1186	0	SUCCESS	pearl_vrcam/anims/towerlights_sq00s10trig_you_are_sitting.mxa
00:50:02,6851665	CreateFile	1	2	17385	0	SUCCESS	pearl_vrcam/anims/landingworld_sq00s10trig_you_are_sitting.mxa
00:50:02,6854329	CreateFile	1	2	19621	0	SUCCESS	pearl_vrcam/anims/envir_sq00s10trig_you_are_sitting.mxa
00:50:02,6858980	CreateFile	1	1	1065	0	SUCCESS	pearl_vrcam/anims/moxiecamera_sq00s10trig_you_are_sitting.mxa
00:50:02,6861446	CreateFile	1	1	1384	0	SUCCESS	pearl_vrcam/anims/sq00s10trig_you_are_sitting_animation.mxa
00:50:02,6863690	CreateFile	1	1	1186	0	SUCCESS	pearl_vrcam/anims/towerlights_sq00s10trig_you_stood_up.mxa
00:50:02,6865847	CreateFile	1	2	20281	0	SUCCESS	pearl_vrcam/anims/landingworld_sq00s10trig_you_stood_up.mxa
00:50:02,6868484	CreateFile	1	2	19621	0	SUCCESS	pearl_vrcam/anims/envir_sq00s10trig_you_stood_up.mxa
00:50:02,6871495	CreateFile	1	1	1065	0	SUCCESS	pearl_vrcam/anims/moxiecamera_sq00s10trig_you_stood_up.mxa
00:50:02,6873795	CreateFile	1	1	1384	0	SUCCESS	pearl_vrcam/anims/sq00s10trig_you_stood_up_animation.mxa
00:50:03,9485498	CreateFile	1	1	1186	0	SUCCESS	pearl_vrcam/anims/towerlights_sq00s10trig_fade_out.mxa
00:50:03,9487985	CreateFile	1	2	19497	0	SUCCESS	pearl_vrcam/anims/landingworld_sq00s10trig_fade_out.mxa
00:50:03,9490591	CreateFile	1	2	19621	0	SUCCESS	pearl_vrcam/anims/envir_sq00s10trig_fade_out.mxa
00:50:03,9493465	CreateFile	1	1	1065	0	SUCCESS	pearl_vrcam/anims/moxiecamera_sq00s10trig_fade_out.mxa
00:50:03,9495625	CreateFile	1	1	2920	0	SUCCESS	pearl_vrcam/anims/sq00s10trig_fade_out_animation.mxa
00:50:04,9486192	CreateFile	1	2	18649	0	SUCCESS	pearl_vrcam/models/sq01s10light_titlefx_pearlwriteonglowgeo.mxm
00:50:04,9489557	CreateFile	1	1	2002	0	SUCCESS	pearlpackage/shaders/ptitlestd_b479c0da.shd
00:50:04,9496403	CreateFile	1	2	131200	0	SUCCESS	pearl_vrcam/textures/pearlintroglowlong.dds
00:50:04,9500932	CreateFile	1	1	1863	0	SUCCESS	pearlpackage/shaders/ptitlestd_3af6c739.shd
00:50:04,9524196	CreateFile	1	2	8405	0	SUCCESS	pearl_vrcam/anims/sq01s10light_titlefx_pearlwriteonglowgeo_sq01s10vrtrig_seq1_calibrate.mxa
00:50:04,9528132	CreateFile	1	2	15070	0	SUCCESS	pearl_vrcam/models/sq01s10light_titlefx_pearltitlegrp.mxm
00:50:04,9531629	CreateFile	1	1	1969	0	SUCCESS	pearlpackage/shaders/ptitlestd_7472be5.shd
00:50:04,9544040	CreateFile	1	2	42388	0	SUCCESS	pearl_vrcam/anims/sq01s10light_titlefx_pearltitlegrp_sq01s10vrtrig_seq1_calibrate.mxa
00:50:04,9547363	CreateFile	1	1	1065	0	SUCCESS	pearl_vrcam/anims/moxiecamera_sq01s10vrtrig_seq1_calibrate.mxa
00:50:04,9549554	CreateFile	1	1	3212	0	SUCCESS	pearl_vrcam/models/sq01s10vrtrig_animation.mxm
00:50:04,9552224	CreateFile	1	1	3564	0	SUCCESS	pearl_vrcam/anims/sq01s10vrtrig_seq1_calibrate_animation.mxa
00:50:09,3517240	CreateFile	1	2	4797	0	SUCCESS	pearlpackage/particles/dustafx.mxb
00:50:09,3528520	CreateFile	1	1	4029	0	SUCCESS	common/shaders/particle_5d3ea85d.shd
00:50:09,3537871	CreateFile	1	2	36992	0	SUCCESS	pearlpackage/particles/textures/dustafx_sprite.dds
00:50:09,3654681	CreateFile	1	2	52634	0	SUCCESS	pearl_vrcam/anims/sq01s10light_titlefx_pearlwriteonglowgeo_sq01s10vrtrig_seq1_shot05.mxa
00:50:09,3660491	CreateFile	1	2	127348	0	SUCCESS	pearl_vrcam/anims/sq01s10light_titlefx_pearltitlegrp_sq01s10vrtrig_seq1_shot05.mxa
00:50:09,3665248	CreateFile	1	1	1065	0	SUCCESS	pearl_vrcam/anims/moxiecamera_sq01s10vrtrig_seq1_shot05.mxa
00:50:09,3667799	CreateFile	3	517	540670	0	SUCCESS	pearl_vrcam/audio/sfx_sq01s05_1001_ambi_vr.ogg
00:50:09,3672911	CreateFile	2	0	0	0	NAME NOT FOUND	pearl_vrcam/audio/sfx_sq01s05_1001_ambi_vr.mxs
00:50:09,3713293	CreateFile	1	1	3180	0	SUCCESS	pearl_vrcam/anims/sq01s10vrtrig_seq1_shot05_animation.mxa
00:50:09,3790078	CreateFile	21	0	0	0	SUCCESS	saves
00:50:09,3797686	CreateFile	1	0	0	1	SUCCESS	saves/checkpoint_1.dat
00:50:09,3827224	CreateFile	1	0	0	4	SUCCESS	saves/checkpoint_1.tga
00:50:10,2449691	CreateFile	1	2	8172	0	SUCCESS	pearl_vrcam/anims/sq01s10light_titlefx_pearlwriteonglowgeo_sq01s10vrtrig_seq1_titlehold.mxa
00:50:10,2453293	CreateFile	1	2	20628	0	SUCCESS	pearl_vrcam/anims/sq01s10light_titlefx_pearltitlegrp_sq01s10vrtrig_seq1_titlehold.mxa
00:50:10,2457841	CreateFile	1	1	1065	0	SUCCESS	pearl_vrcam/anims/moxiecamera_sq01s10vrtrig_seq1_titlehold.mxa
00:50:10,2460540	CreateFile	1	1	3180	0	SUCCESS	pearl_vrcam/anims/sq01s10vrtrig_seq1_titlehold_animation.mxa
00:50:14,0556633	CreateFile	1	2	12261	0	SUCCESS	pearl_vrcam/models/sq01s10light_shadowshapes_grp.mxm
00:50:14,0560264	CreateFile	2	4	10410	0	SUCCESS	common/shaders/simple_maya_dd600dce.shd
00:50:14,0584362	CreateFile	1	2	5264	0	SUCCESS	pearl_vrcam/anims/sq01s10light_shadowshapes_grp_sq01s10vrtrig_seq1_shot05b.mxa
00:50:14,0588081	CreateFile	1	2	80631	0	SUCCESS	pearl_vrcam/models/sq01s10light_sq01s10anim_toyunicorn_toyunicorn_grp.mxm
00:50:14,0594301	CreateFile	1	1	3407	0	SUCCESS	pearlpackage/shaders/pearl2_warp_58c387ab.shd
00:50:14,0601842	CreateFile	1	1	1299	0	SUCCESS	pearlpackage/shaders/pearl2_shadow_15512ce.shd
00:50:14,0607464	CreateFile	2	4	10632	0	SUCCESS	pearlpackage/shaders/pearl2_color_97ed9b45.shd
00:50:14,0619426	CreateFile	1	2	22328	0	SUCCESS	pearl_vrcam/anims/sq01s10light_sq01s10anim_toyunicorn_toyunicorn_grp_sq01s10vrtrig_seq1_shot05b.mxa
00:50:14,0622516	CreateFile	1	1	742	0	SUCCESS	pearl_vrcam/models/sq01s10light_warplessplane.mxm
00:50:14,0625672	CreateFile	1	1	1346	0	SUCCESS	pearl_vrcam/anims/sq01s10light_warplessplane_sq01s10vrtrig_seq1_shot05b.mxa
00:50:14,0627780	CreateFile	1	2	176996	0	SUCCESS	pearl_vrcam/models/sq01s10light_sq01s10anim_sc0110setdressing_sc0110setdressing_grp_01.mxm
00:50:14,0636385	CreateFile	3	3	12195	0	SUCCESS	pearlpackage/shaders/pearl2_color_21f5da13.shd
00:50:14,0642413	CreateFile	1	2	65664	0	SUCCESS	pearl_vrcam/textures/sq01s10light_sc0110setdressing_sc0110setdressing_diffuse.dds
00:50:14,0653339	CreateFile	1	2	5189	0	SUCCESS	pearl_vrcam/anims/sq01s10light_sq01s10anim_sc0110setdressing_sc0110setdressing_grp_01_sq01s10vrtrig_seq1_shot05b.mxa
00:50:14,0656682	CreateFile	1	2	77561	0	SUCCESS	pearl_vrcam/models/sq01s10light_carpearlweedsextattachrig_carpearlweedsextattach_carpearlweedsextattach_grp_01.mxm
00:50:14,0662338	CreateFile	3	6	13578	0	SUCCESS	pearlpackage/shaders/pearl2_color_97085ed3.shd
00:50:14,0668936	CreateFile	1	2	65664	0	SUCCESS	pearl_vrcam/textures/sq01s10light_carpearlnew_carpearlweeds_diffuse.dds
00:50:14,0676823	CreateFile	1	2	9539	0	SUCCESS	pearl_vrcam/anims/sq01s10light_carpearlweedsextattachrig_carpearlweedsextattach_carpearlweedsextattach_grp_01_sq01s10vrtrig_seq1_shot05b.mxa
00:50:14,0679671	CreateFile	1	2	56333	0	SUCCESS	pearl_vrcam/models/sq01s10light_sq01s10anim_trackrecorder_trackrecordergrp.mxm
00:50:14,0684435	CreateFile	1	2	5399	0	SUCCESS	pearlpackage/shaders/pearl2_color_f66a0b2c.shd
00:50:14,0696067	CreateFile	1	2	16512	0	SUCCESS	pearl_vrcam/textures/sq01s10light_trackrecorder_trackrecorder_diffuse.dds
00:50:14,0698602	CreateFile	1	2	16512	0	SUCCESS	pearl_vrcam/textures/sq01s10light_trackrecorder_trackrecorder_shadow.dds
00:50:14,0708363	CreateFile	1	2	6992	0	SUCCESS	pearl_vrcam/anims/sq01s10light_sq01s10anim_trackrecorder_trackrecordergrp_sq01s10vrtrig_seq1_shot05b.mxa
00:50:14,0711569	CreateFile	1	2	35239	0	SUCCESS	pearl_vrcam/anims/sq01s10light_titlefx_pearlwriteonglowgeo_sq01s10vrtrig_seq1_shot05b.mxa
00:50:14,0714617	CreateFile	1	2	81892	0	SUCCESS	pearl_vrcam/anims/sq01s10light_titlefx_pearltitlegrp_sq01s10vrtrig_seq1_shot05b.mxa
00:50:14,0718974	CreateFile	1	1	494	0	SUCCESS	pearl_vrcam/models/sq01s10light_psphere1.mxm
00:50:14,0722929	CreateFile	1	2	444462	0	SUCCESS	pearl_vrcam/models/sq01s10light_sq01s10anim_carpearlnewrig_carpearl_grp.mxm
00:50:14,0742215	CreateFile	2	2	2724	0	SUCCESS	pearlpackage/shaders/pearl2_shadow_c12af3bb.shd
00:50:14,0748987	CreateFile	1	2	5128	0	SUCCESS	pearlpackage/shaders/pearl2_color_f235c6f1.shd
00:50:14,0756759	CreateFile	1	1	3511	0	SUCCESS	pearlpackage/shaders/pearl2_color_a154d34c.shd
00:50:14,0761825	CreateFile	1	2	1048704	0	SUCCESS	pearl_vrcam/textures/sq01s10_carpearlnew_windows_left_wipe1.dds
00:50:14,0772947	CreateFile	1	2	1048704	0	SUCCESS	pearl_vrcam/textures/sq01s10_carpearlnew_windows_left_diffuse.dds
00:50:14,0787904	CreateFile	1	2	1048704	0	SUCCESS	pearl_vrcam/textures/sq01s10_carpearlnew_windows_left_wipe2.dds
00:50:14,0798928	CreateFile	1	2	5218	0	SUCCESS	pearlpackage/shaders/pearl2_color_9ced34cf.shd
00:50:14,0806646	CreateFile	1	2	490128	0	SUCCESS	pearl_vrcam/textures/sq01s10light_carpearlnew_windows_highlight.dds
00:50:14,0812408	CreateFile	1	2	490128	0	SUCCESS	pearl_vrcam/textures/sq01s10light_carpearlnew_windows_diffuse.dds
00:50:14,0841342	CreateFile	1	2	49689	0	SUCCESS	pearl_vrcam/anims/sq01s10light_sq01s10anim_carpearlnewrig_carpearl_grp_sq01s10vrtrig_seq1_shot05b.mxa
00:50:14,0846500	CreateFile	1	1	2324	0	SUCCESS	pearl_vrcam/models/sq01s10light_sc0110setdressingvr_box_01.mxm
00:50:14,0850611	CreateFile	1	2	4815	0	SUCCESS	pearl_vrcam/anims/sq01s10light_sc0110setdressingvr_box_01_sq01s10vrtrig_seq1_shot05b.mxa
00:50:14,0854045	CreateFile	1	1	28	0	SUCCESS	pearl_vrcam/models/sq01s10light_sq01s10anim_dustafx_grp.mxm
00:50:14,0857157	CreateFile	1	1	593	0	SUCCESS	pearl_vrcam/anims/sq01s10light_sq01s10anim_dustafx_grp_sq01s10vrtrig_seq1_shot05b.mxa
00:50:14,0859435	CreateFile	1	1	1657	0	SUCCESS	pearl_vrcam/models/sq01s10light_unicorn_shadow.mxm
00:50:14,0871886	CreateFile	1	1	2381	0	SUCCESS	pearl_vrcam/anims/sq01s10light_unicorn_shadow_sq01s10vrtrig_seq1_shot05b.mxa
00:50:14,0874352	CreateFile	1	2	785254	0	SUCCESS	pearl_vrcam/models/sq01s10light_sq01s10anim_sq01s10flo_junkyard_junkyard_grp.mxm
00:50:14,0904631	CreateFile	1	2	4194432	0	SUCCESS	pearl_vrcam/textures/sq01s10light_junkyard_sky_mat_01_spot_diffuse.dds
00:50:14,0933768	CreateFile	3	3	9219	0	SUCCESS	pearlpackage/shaders/pearl2_color_bce0dc91.shd
00:50:14,0941572	CreateFile	1	2	640128	0	SUCCESS	pearl_vrcam/textures/sq01s10light_junkyard_tree_mat_06_spot_diffuse.dds
00:50:14,0949992	CreateFile	1	2	640128	0	SUCCESS	pearl_vrcam/textures/sq01s10light_junkyard_tree_mat_04_spot_diffuse.dds
00:50:14,0956941	CreateFile	1	2	288128	0	SUCCESS	pearl_vrcam/textures/sq01s10light_junkyard_ground_mat_06_spot_diffuse.dds
00:50:14,0961377	CreateFile	1	2	192128	0	SUCCESS	pearl_vrcam/textures/sq01s10light_junkyard_ground_mat_05_spot_diffuse.dds
00:50:14,0964955	CreateFile	1	2	262272	0	SUCCESS	pearl_vrcam/textures/sq01s10light_junkyard_barrel_mat_01_spot_diffuse.dds
00:50:14,0968473	CreateFile	1	2	291328	0	SUCCESS	pearl_vrcam/textures/sq01s10light_junkyard_bush_mat_02_spot_diffuse.dds
00:50:14,0972284	CreateFile	1	2	250128	0	SUCCESS	pearl_vrcam/textures/sq01s10light_junkyard_tire_mat_01_spot_diffuse.dds
00:50:14,0975852	CreateFile	1	2	640128	0	SUCCESS	pearl_vrcam/textures/sq01s10light_junkyard_tree_mat_03_spot_diffuse.dds
00:50:14,0982220	CreateFile	1	2	640128	0	SUCCESS	pearl_vrcam/textures/sq01s10light_junkyard_tree_mat_05_spot_diffuse.dds
00:50:14,0990449	CreateFile	1	2	524416	0	SUCCESS	pearl_vrcam/textures/sq01s10light_junkyard_car_mat_01_spot_diffuse.dds
00:50:14,0996047	CreateFile	1	2	120128	0	SUCCESS	pearl_vrcam/textures/sq01s10light_junkyard_bush_mat_04_spot_diffuse.dds
00:50:14,1000110	CreateFile	1	2	4532	0	SUCCESS	pearlpackage/shaders/pearl2_color_87714013.shd
00:50:14,1007352	CreateFile	1	2	90128	0	SUCCESS	pearl_vrcam/textures/sq01s10light_junkyard_tree_mat_09_spot_diffuse.dds
00:50:14,1010449	CreateFile	1	2	120128	0	SUCCESS	pearl_vrcam/textures/sq01s10light_junkyard_bush_mat_03_spot_diffuse.dds
00:50:14,1013285	CreateFile	1	2	188928	0	SUCCESS	pearl_vrcam/textures/sq01s10light_junkyard_ground_mat_07_spot_diffuse.dds
00:50:14,1016113	CreateFile	1	2	262272	0	SUCCESS	pearl_vrcam/textures/sq01s10light_junkyard_truck_mat_01_spot_diffuse.dds
00:50:14,1018997	CreateFile	1	2	640128	0	SUCCESS	pearl_vrcam/textures/sq01s10light_junkyard_tree_mat_07_spot_diffuse.dds
00:50:14,1026956	CreateFile	1	2	4102	0	SUCCESS	pearlpackage/shaders/pearl2_color_d783e2aa.shd
00:50:14,1034913	CreateFile	1	1	272	0	SUCCESS	pearl_vrcam/textures/sq01s10_vrbigtree_diffuse.dds
00:50:14,1037009	CreateFile	1	1	272	0	SUCCESS	pearl_vrcam/textures/sq01s10_vrbigtree_glow1.dds
00:50:14,1039375	CreateFile	1	2	840128	0	SUCCESS	pearl_vrcam/textures/sq01s10light_junkyard_tree_mat_08_spot_diffusevr.dds
00:50:14,1046523	CreateFile	1	2	5123	0	SUCCESS	pearlpackage/shaders/pearl2_color_c4fd592.shd
00:50:14,1053510	CreateFile	1	1	528	0	SUCCESS	pearl_vrcam/textures/sq01s10_vrtrees_diffuse.dds
00:50:14,1055989	CreateFile	1	1	528	0	SUCCESS	pearl_vrcam/textures/sq01s10_vrtrees_glow1.dds
00:50:14,1058906	CreateFile	1	1	528	0	SUCCESS	pearl_vrcam/textures/sq01s10_vrtrees_fog.dds
00:50:14,1062150	CreateFile	1	2	4662	0	SUCCESS	pearlpackage/shaders/pearl2_color_9853fb66.shd
00:50:14,1068519	CreateFile	1	1	528	0	SUCCESS	pearl_vrcam/textures/sq01s10_vrneartree_diffuse.dds
00:50:14,1070758	CreateFile	1	1	528	0	SUCCESS	pearl_vrcam/textures/sq01s10_vrneartree_glow1.dds
00:50:14,1094939	CreateFile	1	2	93217	0	SUCCESS	pearl_vrcam/anims/sq01s10light_sq01s10anim_sq01s10flo_junkyard_junkyard_grp_sq01s10vrtrig_seq1_shot05b.mxa
00:50:14,1100736	CreateFile	1	1	1065	0	SUCCESS	pearl_vrcam/anims/moxiecamera_sq01s10vrtrig_seq1_shot05b.mxa
00:50:14,1104574	CreateFile	1	1	3180	0	SUCCESS	pearl_vrcam/anims/sq01s10vrtrig_seq1_shot05b_animation.mxa
00:50:16,0691967	CreateFile	1	2	5264	0	SUCCESS	pearl_vrcam/anims/sq01s10light_shadowshapes_grp_sq01s10vrtrig_seq1_shotwait.mxa
00:50:16,0695658	CreateFile	1	2	22328	0	SUCCESS	pearl_vrcam/anims/sq01s10light_sq01s10anim_toyunicorn_toyunicorn_grp_sq01s10vrtrig_seq1_shotwait.mxa
00:50:16,0698923	CreateFile	1	1	1186	0	SUCCESS	pearl_vrcam/anims/sq01s10light_warplessplane_sq01s10vrtrig_seq1_shotwait.mxa
00:50:16,0701464	CreateFile	1	2	5189	0	SUCCESS	pearl_vrcam/anims/sq01s10light_sq01s10anim_sc0110setdressing_sc0110setdressing_grp_01_sq01s10vrtrig_seq1_shotwait.mxa
00:50:16,0704197	CreateFile	1	2	9539	0	SUCCESS	pearl_vrcam/anims/sq01s10light_carpearlweedsextattachrig_carpearlweedsextattach_carpearlweedsextattach_grp_01_sq01s10vrtrig_seq1_shotwait.mxa
00:50:16,0706881	CreateFile	1	2	6992	0	SUCCESS	pearl_vrcam/anims/sq01s10light_sq01s10anim_trackrecorder_trackrecordergrp_sq01s10vrtrig_seq1_shotwait.mxa
00:50:16,0709875	CreateFile	1	2	6989	0	SUCCESS	pearl_vrcam/anims/sq01s10light_titlefx_pearlwriteonglowgeo_sq01s10vrtrig_seq1_shotwait.mxa
00:50:16,0712690	CreateFile	1	2	20628	0	SUCCESS	pearl_vrcam/anims/sq01s10light_titlefx_pearltitlegrp_sq01s10vrtrig_seq1_shotwait.mxa
00:50:16,0716062	CreateFile	1	2	49689	0	SUCCESS	pearl_vrcam/anims/sq01s10light_sq01s10anim_carpearlnewrig_carpearl_grp_sq01s10vrtrig_seq1_shotwait.mxa
00:50:16,0720026	CreateFile	1	2	4815	0	SUCCESS	pearl_vrcam/anims/sq01s10light_sc0110setdressingvr_box_01_sq01s10vrtrig_seq1_shotwait.mxa
00:50:16,0722544	CreateFile	1	1	593	0	SUCCESS	pearl_vrcam/anims/sq01s10light_sq01s10anim_dustafx_grp_sq01s10vrtrig_seq1_shotwait.mxa
00:50:16,0724937	CreateFile	1	1	2381	0	SUCCESS	pearl_vrcam/anims/sq01s10light_unicorn_shadow_sq01s10vrtrig_seq1_shotwait.mxa
00:50:16,0727212	CreateFile	1	2	93217	0	SUCCESS	pearl_vrcam/anims/sq01s10light_sq01s10anim_sq01s10flo_junkyard_junkyard_grp_sq01s10vrtrig_seq1_shotwait.mxa
00:50:16,0732602	CreateFile	1	1	1065	0	SUCCESS	pearl_vrcam/anims/moxiecamera_sq01s10vrtrig_seq1_shotwait.mxa
00:50:16,0734914	CreateFile	1	1	3180	0	SUCCESS	pearl_vrcam/anims/sq01s10vrtrig_seq1_shotwait_animation.mxa
00:50:19,2359114	CreateFile	1	2	27960	0	SUCCESS	pearl_vrcam/anims/sq01s10light_shadowshapes_grp_sq01s10vrtrig_s01_10_anim.mxa
00:50:19,2362565	CreateFile	1	2	22328	0	SUCCESS	pearl_vrcam/anims/sq01s10light_sq01s10anim_toyunicorn_toyunicorn_grp_sq01s10vrtrig_s01_10_anim.mxa
00:50:19,2365240	CreateFile	1	1	1186	0	SUCCESS	pearl_vrcam/anims/sq01s10light_warplessplane_sq01s10vrtrig_s01_10_anim.mxa
00:50:19,2367354	CreateFile	1	2	5189	0	SUCCESS	pearl_vrcam/anims/sq01s10light_sq01s10anim_sc0110setdressing_sc0110setdressing_grp_01_sq01s10vrtrig_s01_10_anim.mxa
00:50:19,2370091	CreateFile	1	2	9539	0	SUCCESS	pearl_vrcam/anims/sq01s10light_carpearlweedsextattachrig_carpearlweedsextattach_carpearlweedsextattach_grp_01_sq01s10vrtrig_s01_10_anim.mxa
00:50:19,2372462	CreateFile	1	2	6992	0	SUCCESS	pearl_vrcam/anims/sq01s10light_sq01s10anim_trackrecorder_trackrecordergrp_sq01s10vrtrig_s01_10_anim.mxa
00:50:19,2374818	CreateFile	1	2	49689	0	SUCCESS	pearl_vrcam/anims/sq01s10light_sq01s10anim_carpearlnewrig_carpearl_grp_sq01s10vrtrig_s01_10_anim.mxa
00:50:19,2377886	CreateFile	1	2	4815	0	SUCCESS	pearl_vrcam/anims/sq01s10light_sc0110setdressingvr_box_01_sq01s10vrtrig_s01_10_anim.mxa
00:50:19,2379982	CreateFile	1	1	593	0	SUCCESS	pearl_vrcam/anims/sq01s10light_sq01s10anim_dustafx_grp_sq01s10vrtrig_s01_10_anim.mxa
00:50:19,2381887	CreateFile	1	1	2381	0	SUCCESS	pearl_vrcam/anims/sq01s10light_unicorn_shadow_sq01s10vrtrig_s01_10_anim.mxa
00:50:19,2384255	CreateFile	1	2	690872	0	SUCCESS	pearl_vrcam/models/sq01s10light_sq01s10anim_saraadultrig_saraadultprodmodel_sarama.mxm
00:50:19,2395488	CreateFile	1	1	4016	0	SUCCESS	pearlpackage/shaders/pearl2_color_b52dbff3.shd
00:50:19,2404754	CreateFile	1	2	16512	0	SUCCESS	pearl_vrcam/textures/sq01s10light_saraadultprodmodel_saraadult_features_diffuse.dds
00:50:19,2407490	CreateFile	1	2	16512	0	SUCCESS	pearl_vrcam/textures/sq01s10light_saraadultprodmodel_saraadult_features_shadow.dds
00:50:19,2409595	CreateFile	1	2	16512	0	SUCCESS	pearl_vrcam/textures/sq01s10light_saraadultprodmodel_saraadult_features_highlight.dds
00:50:19,2411985	CreateFile	1	2	5090	0	SUCCESS	pearlpackage/shaders/pearl2_color_fa62bcd7.shd
00:50:19,2418658	CreateFile	1	2	1048704	0	SUCCESS	pearl_vrcam/textures/sq01s10light_saraadultprodmodel_saraadult_hair_highlight.dds
00:50:19,2431824	CreateFile	1	2	1048704	0	SUCCESS	pearl_vrcam/textures/sq01s10light_saraadultprodmodel_saraadult_hair_diffuse.dds
00:50:19,2446582	CreateFile	1	2	1048704	0	SUCCESS	pearl_vrcam/textures/sq01s10light_saraadultprodmodel_saraadult_hair_highlight_brighter.dds
00:50:19,2459239	CreateFile	1	2	16512	0	SUCCESS	pearl_vrcam/textures/sq01s10light_saraadultprodmodel_saraadult_diffuse.dds
00:50:19,2462234	CreateFile	1	2	16512	0	SUCCESS	pearl_vrcam/textures/sq01s10light_saraadultprodmodel_saraadult_shadow.dds
00:50:19,2464599	CreateFile	1	2	1048704	0	SUCCESS	pearl_vrcam/textures/sq01s10light_saraadultprodmodel_saraadult_shirts_shadow.dds
00:50:19,2478249	CreateFile	1	2	1048704	0	SUCCESS	pearl_vrcam/textures/sq01s10light_saraadultprodmodel_saraadult_shirts_diffuse.dds
00:50:19,2489881	CreateFile	1	2	1048704	0	SUCCESS	pearl_vrcam/textures/sq01s10light_saraadultprodmodel_saraadult_shirts_highlight.dds
00:50:19,2502013	CreateFile	1	2	16777344	0	SUCCESS	pearl_vrcam/textures/sq01s10light_saraadultprodmodel_saraadult_body_highlight.dds
00:50:19,2618045	CreateFile	1	2	16777344	0	SUCCESS	pearl_vrcam/textures/sq01s10light_saraadultprodmodel_saraadult_body_diffuse.dds
00:50:19,2721923	CreateFile	1	2	16777344	0	SUCCESS	pearl_vrcam/textures/sq01s10light_saraadultprodmodel_saraadult_body_highlight_c.dds
00:50:19,2874111	CreateFile	1	2	1195095	0	SUCCESS	pearl_vrcam/anims/sq01s10light_sq01s10anim_saraadultrig_saraadultprodmodel_sarama_sq01s10vrtrig_s01_10_anim.mxa
00:50:19,2888924	CreateFile	1	2	93217	0	SUCCESS	pearl_vrcam/anims/sq01s10light_sq01s10anim_sq01s10flo_junkyard_junkyard_grp_sq01s10vrtrig_s01_10_anim.mxa
00:50:19,2894988	CreateFile	1	1	1065	0	SUCCESS	pearl_vrcam/anims/moxiecamera_sq01s10vrtrig_s01_10_anim.mxa
00:50:19,2897098	CreateFile	3	1081	1124350	0	SUCCESS	pearl_vrcam/audio/mx_sq01s10_1001_stereo.ogg
00:50:19,2901749	CreateFile	2	0	0	0	NAME NOT FOUND	pearl_vrcam/audio/mx_sq01s10_1001_stereo.mxs
00:50:19,2942200	CreateFile	3	407	428030	0	SUCCESS	pearl_vrcam/audio/dad_sq01s10_1001_mono.ogg
00:50:19,2947951	CreateFile	2	0	0	0	NAME NOT FOUND	pearl_vrcam/audio/dad_sq01s10_1001_mono.mxs
00:50:19,2980689	CreateFile	3	443	463583	0	SUCCESS	pearl_vrcam/audio/sarah_sq01s10_1001_mono.ogg
00:50:19,2985343	CreateFile	2	0	0	0	NAME NOT FOUND	pearl_vrcam/audio/sarah_sq01s10_1001_mono.mxs
00:50:19,3023929	CreateFile	3	2455	2525182	0	SUCCESS	pearl_vrcam/audio/sfx_sq01s10_1001_ambi_vr.ogg
00:50:19,3028500	CreateFile	2	0	0	0	NAME NOT FOUND	pearl_vrcam/audio/sfx_sq01s10_1001_ambi_vr.mxs
00:50:19,3069442	CreateFile	1	2	6780	0	SUCCESS	pearl_vrcam/anims/sq01s10vrtrig_s01_10_anim_animation.mxa
00:50:19,3193207	CreateFile	1	2	93496	0	SUCCESS	pearl_vrcam/anims/sq01s10light_shadowshapes_grp_sq01s10vrtrig_s01_10_animb.mxa
00:50:19,3198060	CreateFile	1	2	32624	0	SUCCESS	pearl_vrcam/anims/sq01s10light_sq01s10anim_toyunicorn_toyunicorn_grp_sq01s10vrtrig_s01_10_animb.mxa
00:50:19,3201043	CreateFile	1	1	1186	0	SUCCESS	pearl_vrcam/anims/sq01s10light_warplessplane_sq01s10vrtrig_s01_10_animb.mxa
00:50:19,3204412	CreateFile	1	2	15485	0	SUCCESS	pearl_vrcam/anims/sq01s10light_sq01s10anim_sc0110setdressing_sc0110setdressing_grp_01_sq01s10vrtrig_s01_10_animb.mxa
00:50:19,3208646	CreateFile	1	2	104179	0	SUCCESS	pearl_vrcam/anims/sq01s10light_carpearlweedsextattachrig_carpearlweedsextattach_carpearlweedsextattach_grp_01_sq01s10vrtrig_s01_10_animb.mxa
00:50:19,3213311	CreateFile	1	2	32648	0	SUCCESS	pearl_vrcam/anims/sq01s10light_sq01s10anim_trackrecorder_trackrecordergrp_sq01s10vrtrig_s01_10_animb.mxa
00:50:19,3216246	CreateFile	1	2	253697	0	SUCCESS	pearl_vrcam/anims/sq01s10light_sq01s10anim_carpearlnewrig_carpearl_grp_sq01s10vrtrig_s01_10_animb.mxa
00:50:19,3223057	CreateFile	1	2	15111	0	SUCCESS	pearl_vrcam/anims/sq01s10light_sc0110setdressingvr_box_01_sq01s10vrtrig_s01_10_animb.mxa
00:50:19,3225580	CreateFile	1	2	10889	0	SUCCESS	pearl_vrcam/anims/sq01s10light_sq01s10anim_dustafx_grp_sq01s10vrtrig_s01_10_animb.mxa
00:50:19,3228601	CreateFile	1	2	12677	0	SUCCESS	pearl_vrcam/anims/sq01s10light_unicorn_shadow_sq01s10vrtrig_s01_10_animb.mxa
00:50:19,3231328	CreateFile	1	2	3956571	0	SUCCESS	pearl_vrcam/anims/sq01s10light_sq01s10anim_saraadultrig_saraadultprodmodel_sarama_sq01s10vrtrig_s01_10_animb.mxa
00:50:19,3261633	CreateFile	1	2	93217	0	SUCCESS	pearl_vrcam/anims/sq01s10light_sq01s10anim_sq01s10flo_junkyard_junkyard_grp_sq01s10vrtrig_s01_10_animb.mxa
00:50:19,3267701	CreateFile	1	1	1065	0	SUCCESS	pearl_vrcam/anims/moxiecamera_sq01s10vrtrig_s01_10_animb.mxa
00:50:19,3270187	CreateFile	1	2	24428	0	SUCCESS	pearl_vrcam/anims/sq01s10vrtrig_s01_10_animb_animation.mxa
00:50:24,6395224	CreateFile	1	2	830473	0	SUCCESS	pearl_vrcam/models/sq01s20light_sq01s20anim_sq01s20flo_deserthighwaysurf_deserthighway_grp_01.mxm
00:50:24,6437389	CreateFile	1	2	4194432	0	SUCCESS	pearl_vrcam/textures/sq01s20_skydome_diffuse.dds
00:50:24,6466181	CreateFile	1	2	1048704	0	SUCCESS	pearl_vrcam/textures/sq01s20_deserthighwaysurf_distantmountains_diffuse.dds
00:50:24,6478709	CreateFile	1	1	3282	0	SUCCESS	pearlpackage/shaders/pearl2_color_a609f944.shd
00:50:24,6485863	CreateFile	1	2	1048704	0	SUCCESS	pearl_vrcam/textures/sq01s20_transmissiontower_01_diffuse.dds
00:50:24,6496446	CreateFile	1	2	1048704	0	SUCCESS	pearl_vrcam/textures/sq01s20_deserthighwaysurf_transmissiontower_01_fog.dds
00:50:24,6509489	CreateFile	2	2	7518	0	SUCCESS	pearlpackage/shaders/pearl2_color_1ca8dd7b.shd
00:50:24,6516490	CreateFile	1	2	65664	0	SUCCESS	pearl_vrcam/textures/sq01s20_deserthighwaysurf_diffuse.dds
00:50:24,6519209	CreateFile	1	2	65664	0	SUCCESS	pearl_vrcam/textures/sq01s20_deserthighwaysurf_fog.dds
00:50:24,6521480	CreateFile	1	1	384	0	SUCCESS	pearl_vrcam/textures/sq01s20_cable_02_diffuse.dds
00:50:24,6523488	CreateFile	1	1	384	0	SUCCESS	pearl_vrcam/textures/sq01s20_deserthighwaysurf_cable_02_fog.dds
00:50:24,6525601	CreateFile	1	2	1048704	0	SUCCESS	pearl_vrcam/textures/sq01s20_exitsign_01_diffuse.dds
00:50:24,6536980	CreateFile	1	2	1048704	0	SUCCESS	pearl_vrcam/textures/sq01s20_giantboulder_diffuse.dds
00:50:24,6548203	CreateFile	1	2	1048704	0	SUCCESS	pearl_vrcam/textures/sq01s20_deserthighwaysurf_giantboulder_fog.dds
00:50:24,6562758	CreateFile	1	2	262272	0	SUCCESS	pearl_vrcam/textures/sq01s20_road_diffuse.dds
00:50:24,6627456	CreateFile	1	2	33286	0	SUCCESS	pearl_vrcam/anims/sq01s20light_sq01s20anim_sq01s20flo_deserthighwaysurf_deserthighway_grp_01_sq01s20vrtrig_seq1_shot20.mxa
00:50:24,6631126	CreateFile	1	2	4309	0	SUCCESS	pearl_vrcam/models/sq01s20light_shadow_passengerseatback.mxm
00:50:24,6635067	CreateFile	1	2	17604	0	SUCCESS	pearl_vrcam/anims/sq01s20light_shadow_passengerseatback_sq01s20vrtrig_seq1_shot20.mxa
00:50:24,6638378	CreateFile	1	2	1184908	0	SUCCESS	pearl_vrcam/models/sq01s20light_sq01s20anim_dadyoungrig_dadyoungprodmodel_dadym.mxm
00:50:24,6658894	CreateFile	1	2	5679	0	SUCCESS	pearlpackage/shaders/pearl2_color_8350ece2.shd
00:50:24,6670573	CreateFile	1	2	16512	0	SUCCESS	pearl_vrcam/textures/sq01s20_dadyoungprodmodel_dadfeatures_diffuse.dds
00:50:24,6673807	CreateFile	1	2	16512	0	SUCCESS	pearl_vrcam/textures/sq01s20_dadyoungprodmodel_dadfeatures_shadow.dds
00:50:24,6676141	CreateFile	1	2	16777344	0	SUCCESS	pearl_vrcam/textures/sq01s20_dadyoungprodmodel_dadface_diffuse.dds
00:50:24,6789015	CreateFile	1	2	16777344	0	SUCCESS	pearl_vrcam/textures/sq01s20_dadyoungprodmodel_dadface_shadow.dds
00:50:24,6901951	CreateFile	1	2	5845	0	SUCCESS	pearlpackage/shaders/pearl2_color_fa0b238b.shd
00:50:24,6911018	CreateFile	1	2	1048704	0	SUCCESS	pearl_vrcam/textures/sq01s20_dadyoungprodmodel_dadyoung_hair_diffuse.dds
00:50:24,6925321	CreateFile	1	2	1048704	0	SUCCESS	pearl_vrcam/textures/sq01s20_dadyoungprodmodel_dadyoung_hair_shadow.dds
00:50:24,6936493	CreateFile	1	2	16777344	0	SUCCESS	pearl_vrcam/textures/sq01s20_dadyoungprodmodel_dadarms_cutout.dds
00:50:24,7041356	CreateFile	1	2	5845	0	SUCCESS	pearlpackage/shaders/pearl2_color_8e52cc51.shd
00:50:24,7049847	CreateFile	1	2	16777344	0	SUCCESS	pearl_vrcam/textures/sq01s20_dadyoungprodmodel_dadarms_diffuse.dds
00:50:24,7153733	CreateFile	1	2	16777344	0	SUCCESS	pearl_vrcam/textures/sq01s20_dadyoungprodmodel_dadarms_shadow.dds
00:50:24,7255857	CreateFile	1	2	16512	0	SUCCESS	pearl_vrcam/textures/sq01s20_dadyoungprodmodel_dadyoungsurf_diffuse.dds
00:50:24,7260356	CreateFile	1	2	16512	0	SUCCESS	pearl_vrcam/textures/sq01s20_dadyoungprodmodel_dadyoungsurf_shadow.dds
00:50:24,7263835	CreateFile	1	2	1048704	0	SUCCESS	pearl_vrcam/textures/sq01s20_dadyoungprodmodel_dadshirt_diffuse.dds
00:50:24,7275662	CreateFile	1	2	1048704	0	SUCCESS	pearl_vrcam/textures/sq01s20_dadyoungprodmodel_dadshirt_shadow.dds
00:50:24,7287333	CreateFile	1	2	4605	0	SUCCESS	pearlpackage/shaders/pearl2_color_cc1fefc6.shd
00:50:24,7294990	CreateFile	1	1	384	0	SUCCESS	pearl_vrcam/textures/testpattern.dds
00:50:24,7297584	CreateFile	1	2	1048704	0	SUCCESS	pearl_vrcam/textures/sq01s20_dadyoungprodmodel_dadvest_shadow.dds
00:50:24,7311357	CreateFile	1	2	5202	0	SUCCESS	pearlpackage/shaders/pearl2_color_c380f2ca.shd
00:50:24,7319797	CreateFile	1	1	2704	0	SUCCESS	pearlpackage/shaders/pearl2_color_762cf830.shd
00:50:24,7360575	CreateFile	1	2	3258258	0	SUCCESS	pearl_vrcam/anims/sq01s20light_sq01s20anim_dadyoungrig_dadyoungprodmodel_dadym_sq01s20vrtrig_seq1_shot20.mxa
00:50:24,7400748	CreateFile	1	2	56047	0	SUCCESS	pearl_vrcam/models/sq01s20light_sq01s20anim_trackrecorder_trackrecordergrp.mxm
00:50:24,7407171	CreateFile	1	1	3260	0	SUCCESS	pearlpackage/shaders/pearl2_color_b01f17f2.shd
00:50:24,7415115	CreateFile	1	2	16512	0	SUCCESS	pearl_vrcam/textures/sq01s20_trackrecorder_shadow.dds
00:50:24,7422880	CreateFile	1	2	26372	0	SUCCESS	pearl_vrcam/anims/sq01s20light_sq01s20anim_trackrecorder_trackrecordergrp_sq01s20vrtrig_seq1_shot20.mxa
00:50:24,7425526	CreateFile	1	1	2383	0	SUCCESS	pearl_vrcam/models/sq01s20light_lensflare_lensflare_loc.mxm
00:50:24,7427700	CreateFile	2	2	6678	0	SUCCESS	pearlpackage/shaders/lens_flare_ec19fd3f.shd
00:50:24,7434252	CreateFile	1	1	3698	0	SUCCESS	pearl_vrcam/anims/sq01s20light_lensflare_lensflare_loc_sq01s20vrtrig_seq1_shot20.mxa
00:50:24,7436829	CreateFile	1	2	11933	0	SUCCESS	pearl_vrcam/models/sq01s20light_sq01s20_lightshapes.mxm
00:50:24,7453544	CreateFile	1	2	28857	0	SUCCESS	pearl_vrcam/anims/sq01s20light_sq01s20_lightshapes_sq01s20vrtrig_seq1_shot20.mxa
00:50:24,7457055	CreateFile	1	2	57173	0	SUCCESS	pearl_vrcam/models/sq01s20light_sq01s20anim_acousticguitar_acousticguitar.mxm
00:50:24,7462452	CreateFile	1	2	5764	0	SUCCESS	pearlpackage/shaders/pearl2_color_4a4fe45d.shd
00:50:24,7471649	CreateFile	1	2	16512	0	SUCCESS	pearl_vrcam/textures/sq01s20_acousticguitar_acousticguitar_diffuse.dds
00:50:24,7474205	CreateFile	1	2	16512	0	SUCCESS	pearl_vrcam/textures/sq01s20_acousticguitar_acousticguitar_shadow.dds
00:50:24,7476628	CreateFile	1	2	16512	0	SUCCESS	pearl_vrcam/textures/sq01s20_acousticguitar_acousticguitar_highlight.dds
00:50:24,7478953	CreateFile	1	2	6477	0	SUCCESS	pearlpackage/shaders/pearl2_color_2f727c7f.shd
00:50:24,7513613	CreateFile	1	2	214500	0	SUCCESS	pearl_vrcam/anims/sq01s20light_sq01s20anim_acousticguitar_acousticguitar_sq01s20vrtrig_seq1_shot20.mxa
00:50:24,7521975	CreateFile	1	2	882272	0	SUCCESS	pearl_vrcam/models/sq01s20light_sq01s20anim_sarakidrig_sarakidprodmodel_sarakm.mxm
00:50:24,7538572	CreateFile	1	2	4585	0	SUCCESS	pearlpackage/shaders/pearl2_color_9a423fb2.shd
00:50:24,7545879	CreateFile	1	2	16512	0	SUCCESS	pearl_vrcam/textures/sq01s20_sarakidprodmodel_sarakid_features_diffuse.dds
00:50:24,7548419	CreateFile	1	2	16512	0	SUCCESS	pearl_vrcam/textures/sq01s20_sarakidprodmodel_sarakid_features_shadow.dds
00:50:24,7550844	CreateFile	1	2	16512	0	SUCCESS	pearl_vrcam/textures/sq01s20_sarakidprodmodel_sarakid_features_highlight.dds
00:50:24,7553103	CreateFile	1	2	4500	0	SUCCESS	pearlpackage/shaders/pearl2_color_35eb7278.shd
00:50:24,7559946	CreateFile	1	2	1048704	0	SUCCESS	pearl_vrcam/textures/sq01s20_sarakidprodmodel_sarakid_hair_diffuse.dds
00:50:24,7570857	CreateFile	1	2	1048704	0	SUCCESS	pearl_vrcam/textures/sq01s20_sarakidprodmodel_sarakid_hair_shadow.dds
00:50:24,7580632	CreateFile	1	2	4194432	0	SUCCESS	pearl_vrcam/textures/sq01s20_sarakidprodmodel_sarakidbody_diffuse.dds
00:50:24,7610719	CreateFile	1	2	1048704	0	SUCCESS	pearl_vrcam/textures/sq01s20_sarakidprodmodel_sarakidbody_shadow.dds
00:50:24,7622428	CreateFile	1	1	3345	0	SUCCESS	pearlpackage/shaders/pearl2_color_5a99ca90.shd
00:50:24,7629335	CreateFile	1	2	16512	0	SUCCESS	pearl_vrcam/textures/sq01s20_sarakidprodmodel_sarakid_boots_diffuse.dds
00:50:24,7631622	CreateFile	1	2	16512	0	SUCCESS	pearl_vrcam/textures/sq01s20_sarakidprodmodel_sarakid_clothes_highlight.dds
00:50:24,7637573	CreateFile	1	2	1048704	0	SUCCESS	pearl_vrcam/textures/sq01s20_sarakidprodmodel_sarakidshirt_diffuse.dds
00:50:24,7651528	CreateFile	1	2	1048704	0	SUCCESS	pearl_vrcam/textures/sq01s20_sarakidprodmodel_sarakidshirt_shadow.dds
00:50:24,7700254	CreateFile	1	2	651267	0	SUCCESS	pearl_vrcam/anims/sq01s20light_sq01s20anim_sarakidrig_sarakidprodmodel_sarakm_sq01s20vrtrig_seq1_shot20.mxa
00:50:24,7709375	CreateFile	1	2	39736	0	SUCCESS	pearl_vrcam/models/sq01s20light_sc0120setdressingvr_backpack_backpack.mxm
00:50:24,7714300	CreateFile	1	2	5121	0	SUCCESS	pearlpackage/shaders/pearl2_color_53b5992b.shd
00:50:24,7735779	CreateFile	1	2	84545	0	SUCCESS	pearl_vrcam/anims/sq01s20light_sc0120setdressingvr_backpack_backpack_sq01s20vrtrig_seq1_shot20.mxa
00:50:24,7740943	CreateFile	1	1	2114	0	SUCCESS	pearl_vrcam/models/sq01s20light_sun2.mxm
00:50:24,7743379	CreateFile	2	2	6266	0	SUCCESS	pearlpackage/shaders/pearl2_color_d0770498.shd
00:50:24,7749247	CreateFile	1	1	2727	0	SUCCESS	pearl_vrcam/models/sq01s20light_sc0120setdressingvr_boxes01.mxm
00:50:24,7751485	CreateFile	1	2	5880	0	SUCCESS	pearlpackage/shaders/pearl2_color_39e54140.shd
00:50:24,7758019	CreateFile	1	2	16512	0	SUCCESS	pearl_vrcam/textures/carpearlnew_map_01_20.dds
00:50:24,7761848	CreateFile	1	2	16512	0	SUCCESS	pearl_vrcam/textures/carpearlnew_map_01_20_dark.dds
00:50:24,7764438	CreateFile	1	2	16512	0	SUCCESS	pearl_vrcam/textures/sq01s20_carbody_highlight.dds
00:50:24,7768070	CreateFile	1	2	80868	0	SUCCESS	pearl_vrcam/anims/sq01s20light_sc0120setdressingvr_boxes01_sq01s20vrtrig_seq1_shot20.mxa
00:50:24,7772888	CreateFile	1	2	8344	0	SUCCESS	pearl_vrcam/models/sq01s20light_dadhead_shadow.mxm
00:50:24,7777300	CreateFile	1	2	5938	0	SUCCESS	common/shaders/standard_75c4006b.shd
00:50:24,7786759	CreateFile	1	2	17596	0	SUCCESS	pearl_vrcam/anims/sq01s20light_dadhead_shadow_sq01s20vrtrig_seq1_shot20.mxa
00:50:24,7789667	CreateFile	1	2	78278	0	SUCCESS	pearl_vrcam/models/sq01s20light_carpearlnewextattachrig_carpearlnewextattach_carpearlextattach_grp_01.mxm
00:50:24,7795298	CreateFile	1	2	5880	0	SUCCESS	pearlpackage/shaders/pearl2_color_5c827a06.shd
00:50:24,7811159	CreateFile	1	2	219536	0	SUCCESS	pearl_vrcam/anims/sq01s20light_carpearlnewextattachrig_carpearlnewextattach_carpearlextattach_grp_01_sq01s20vrtrig_seq1_shot20.mxa
00:50:24,7817851	CreateFile	1	2	442826	0	SUCCESS	pearl_vrcam/models/sq01s20light_sq01s20anim_carpearlnewrig_carpearl_grp.mxm
00:50:24,7839802	CreateFile	1	1	721	0	SUCCESS	pearlpackage/shaders/reflection_warp_dbaadaf3.shd
00:50:24,7845275	CreateFile	1	1	731	0	SUCCESS	pearlpackage/shaders/reflection_shadow_f81b673a.shd
00:50:24,7849633	CreateFile	2	2	5670	0	SUCCESS	pearlpackage/shaders/reflection_color_f822b883.shd
00:50:24,7854403	CreateFile	1	2	262272	0	SUCCESS	pearl_vrcam/textures/sq01s20_carmirror_rear_diffuse.dds
00:50:24,7858337	CreateFile	1	2	6512	0	SUCCESS	pearlpackage/shaders/pearl2_color_5cd8d962.shd
00:50:24,7867149	CreateFile	1	1	721	0	SUCCESS	pearlpackage/shaders/reflection_warp_400f969c.shd
00:50:24,7871890	CreateFile	2	2	5670	0	SUCCESS	pearlpackage/shaders/reflection_color_6387f4ec.shd
00:50:24,7876402	CreateFile	1	2	262272	0	SUCCESS	pearl_vrcam/textures/sq01s20_carmirror_left_diffuse.dds
00:50:24,7879776	CreateFile	1	2	168064	0	SUCCESS	pearl_vrcam/textures/sq01s20_carmirror_right_diffuse.dds
00:50:24,7883557	CreateFile	1	2	6562	0	SUCCESS	pearlpackage/shaders/pearl2_color_f2b048f3.shd
00:50:24,7893621	CreateFile	1	2	16512	0	SUCCESS	pearl_vrcam/textures/sq01s20_carseats_highlight.dds
00:50:24,7916890	CreateFile	1	2	675155	0	SUCCESS	pearl_vrcam/anims/sq01s20light_sq01s20anim_carpearlnewrig_carpearl_grp_sq01s20vrtrig_seq1_shot20.mxa
00:50:24,7930496	CreateFile	1	2	143060	0	SUCCESS	pearl_vrcam/models/sq01s20light_sq01s20anim_sc120setdressing_sc120setdressing.mxm
00:50:24,7941504	CreateFile	1	2	4310	0	SUCCESS	pearlpackage/shaders/pearl2_color_83114eda.shd
00:50:24,7949947	CreateFile	1	2	131200	0	SUCCESS	pearl_vrcam/textures/sarablankey_01_20_diffuse2.dds
00:50:24,7952935	CreateFile	1	2	131200	0	SUCCESS	pearl_vrcam/textures/sarablankey_01_20_dark2.dds
00:50:24,7955414	CreateFile	1	2	4771	0	SUCCESS	pearlpackage/shaders/pearl2_color_b54420af.shd
00:50:24,7962334	CreateFile	1	2	16512	0	SUCCESS	pearl_vrcam/textures/sq01s20_gymbag_diffuse.dds
00:50:24,7964448	CreateFile	1	2	16512	0	SUCCESS	pearl_vrcam/textures/sq01s20_gymbag_shadow.dds
00:50:24,7966726	CreateFile	1	2	16512	0	SUCCESS	pearl_vrcam/textures/sq01s20_sarasweater_diffuse.dds
00:50:24,7968918	CreateFile	1	2	16512	0	SUCCESS	pearl_vrcam/textures/sq01s20_sarasweater_shadow.dds
00:50:24,7972553	CreateFile	1	2	4224	0	SUCCESS	pearl_vrcam/textures/sq01s20_beachball_diffuse.dds
00:50:24,7975067	CreateFile	1	2	4224	0	SUCCESS	pearl_vrcam/textures/sq01s20_beachball_shadow.dds
00:50:24,7977542	CreateFile	2	4	9712	0	SUCCESS	pearlpackage/shaders/pearl2_color_d8c2d3f5.shd
00:50:24,7983919	CreateFile	1	2	4224	0	SUCCESS	pearl_vrcam/textures/sq01s20_sodacan_diffuse.dds
00:50:24,7986756	CreateFile	1	2	4224	0	SUCCESS	pearl_vrcam/textures/sq01s20_sodacan_shadow.dds
00:50:24,7989226	CreateFile	1	2	4224	0	SUCCESS	pearl_vrcam/textures/sq01s20_sodacan_highlight.dds
00:50:24,7991428	CreateFile	1	2	4325	0	SUCCESS	pearlpackage/shaders/pearl2_color_b9250808.shd
00:50:24,7998115	CreateFile	1	2	4224	0	SUCCESS	pearl_vrcam/textures/sq01s20_bagofchips_diffuse.dds
00:50:24,8000563	CreateFile	1	2	4224	0	SUCCESS	pearl_vrcam/textures/sq01s20_bagofchips_shadow.dds
00:50:24,8003087	CreateFile	1	2	4224	0	SUCCESS	pearl_vrcam/textures/sq01s20_cardboardboxa_diffuse.dds
00:50:24,8006221	CreateFile	1	2	4224	0	SUCCESS	pearl_vrcam/textures/sq01s20_cardboardboxa_shadow.dds
00:50:24,8018826	CreateFile	1	2	599736	0	SUCCESS	pearl_vrcam/anims/sq01s20light_sq01s20anim_sc120setdressing_sc120setdressing_sq01s20vrtrig_seq1_shot20.mxa
00:50:24,8034629	CreateFile	1	2	149546	0	SUCCESS	pearl_vrcam/models/sq01s20light_sq01s20anim_sc0120setdressingfront_sc0120setdressingfront_grp.mxm
00:50:24,8046039	CreateFile	1	2	5384	0	SUCCESS	pearlpackage/shaders/pearl2_color_cc5e4dfe.shd
00:50:24,8059242	CreateFile	1	2	4224	0	SUCCESS	pearl_vrcam/textures/sq01s20light_front_dadyoungguitarcase_diffuse.dds
00:50:24,8061816	CreateFile	1	2	4224	0	SUCCESS	pearl_vrcam/textures/sq01s20light_front_dadyoungguitarcase_shadow.dds
00:50:24,8064480	CreateFile	2	2	6852	0	SUCCESS	pearlpackage/shaders/pearl2_color_7aa4715c.shd
00:50:24,8071410	CreateFile	1	2	4224	0	SUCCESS	pearl_vrcam/textures/sq01s20light_front_bagofchips_diffuse.dds
00:50:24,8073820	CreateFile	1	2	4224	0	SUCCESS	pearl_vrcam/textures/sq01s20light_front_bagofchips_shadow.dds
00:50:24,8076615	CreateFile	1	2	65664	0	SUCCESS	pearl_vrcam/textures/sq01s20light_front_map_diffuse.dds
00:50:24,8080179	CreateFile	1	2	65664	0	SUCCESS	pearl_vrcam/textures/sq01s20light_front_map_shadow.dds
00:50:24,8082877	CreateFile	1	2	4224	0	SUCCESS	pearl_vrcam/textures/sq01s20light_front_legalpad_diffuse.dds
00:50:24,8084961	CreateFile	1	2	4224	0	SUCCESS	pearl_vrcam/textures/sq01s20light_front_dadsshoe_diffuse.dds
00:50:24,8087354	CreateFile	1	2	4224	0	SUCCESS	pearl_vrcam/textures/sq01s20light_front_cheappen_diffuse.dds
00:50:24,8089854	CreateFile	1	2	4224	0	SUCCESS	pearl_vrcam/textures/sq01s20light_front_cupholder_diffuse.dds
00:50:24,8092405	CreateFile	1	2	4224	0	SUCCESS	pearl_vrcam/textures/sq01s20light_front_cupholder_shadow.dds
00:50:24,8094873	CreateFile	1	2	4224	0	SUCCESS	pearl_vrcam/textures/sq01s20light_front_stripedbox_diffuse.dds
00:50:24,8098634	CreateFile	2	4	8838	0	SUCCESS	pearlpackage/shaders/pearl2_color_15d6c9b4.shd
00:50:24,8106015	CreateFile	1	2	4224	0	SUCCESS	pearl_vrcam/textures/sq01s20light_front_sodacan_diffuse.dds
00:50:24,8108445	CreateFile	1	2	4224	0	SUCCESS	pearl_vrcam/textures/sq01s20light_front_sodacan_shadow.dds
00:50:24,8110838	CreateFile	1	2	4224	0	SUCCESS	pearl_vrcam/textures/sq01s20light_front_sodacan_highlight.dds
00:50:24,8130375	CreateFile	1	2	70719	0	SUCCESS	pearl_vrcam/anims/sq01s20light_sq01s20anim_sc0120setdressingfront_sc0120setdressingfront_grp_sq01s20vrtrig_seq1_shot20.mxa
00:50:24,8134457	CreateFile	1	1	750	0	SUCCESS	pearl_vrcam/models/group.mxm
00:50:24,8146896	CreateFile	1	1	661	0	SUCCESS	pearl_vrcam/anims/group_sq01s20vrtrig_seq1_shot20.mxa
00:50:24,8149468	CreateFile	1	2	4277	0	SUCCESS	pearl_vrcam/models/sq01s20light_shadow_driverback.mxm
00:50:24,8153451	CreateFile	1	2	17597	0	SUCCESS	pearl_vrcam/anims/sq01s20light_shadow_driverback_sq01s20vrtrig_seq1_shot20.mxa
00:50:24,8156344	CreateFile	1	2	17040	0	SUCCESS	pearl_vrcam/models/sq01s20light_sq01s20anim_sc120setdressing_stuffedanimalb1_stuffedanimalb.mxm
00:50:24,8159482	CreateFile	1	2	16512	0	SUCCESS	pearl_vrcam/textures/sq01s20_stuffedanimalb_diffuse.dds
00:50:24,8161691	CreateFile	1	2	16512	0	SUCCESS	pearl_vrcam/textures/sq01s20_stuffedanimalb_shadow.dds
00:50:24,8167164	CreateFile	1	2	81496	0	SUCCESS	pearl_vrcam/anims/sq01s20light_sq01s20anim_sc120setdressing_stuffedanimalb1_stuffedanimalb_sq01s20vrtrig_seq1_shot20.mxa
00:50:24,8171490	CreateFile	1	1	1065	0	SUCCESS	pearl_vrcam/anims/moxiecamera_sq01s20vrtrig_seq1_shot20.mxa
00:50:24,8174111	CreateFile	1	1	2862	0	SUCCESS	pearl_vrcam/models/sq01s20vrtrig_animation.mxm
00:50:24,8177199	CreateFile	1	2	18702	0	SUCCESS	pearl_vrcam/anims/sq01s20vrtrig_seq1_shot20_animation.mxa
00:50:40,0989216	CreateFile	1	1	959	0	SUCCESS	pearl_vrcam/models/sq01s50light_armrest_shadow_shape_offset.mxm
00:50:40,0999201	CreateFile	1	2	8964	0	SUCCESS	pearl_vrcam/anims/sq01s50light_armrest_shadow_shape_offset_sq01s50vrtrig_seq1_shot50.mxa
00:50:40,1004448	CreateFile	1	2	4393	0	SUCCESS	pearl_vrcam/models/sq01s50light_sq01s50anim_sc0150setdressing_map_map.mxm
00:50:40,1015199	CreateFile	1	2	1048704	0	SUCCESS	pearl_vrcam/textures/sq01s50light_map_diffuse.dds
00:50:40,1046475	CreateFile	1	2	12540	0	SUCCESS	pearl_vrcam/anims/sq01s50light_sq01s50anim_sc0150setdressing_map_map_sq01s50vrtrig_seq1_shot50.mxa
00:50:40,1049947	CreateFile	1	2	14772	0	SUCCESS	pearl_vrcam/models/sq01s50light_sq01s50anim_sarakidrig_sarakidprodmodel_sarakm.mxm
00:50:40,1053682	CreateFile	1	2	4777	0	SUCCESS	pearlpackage/shaders/pearl2_color_27480236.shd
00:50:40,1061760	CreateFile	1	2	16512	0	SUCCESS	pearl_vrcam/textures/sq01s50light_sarakidprodmodel_sarakid_features_diffuse.dds
00:50:40,1064227	CreateFile	1	2	16512	0	SUCCESS	pearl_vrcam/textures/sq01s50light_sarakidprodmodel_sarakid_features_highlight.dds
00:50:40,1066449	CreateFile	1	2	1048704	0	SUCCESS	pearl_vrcam/textures/sq01s50light_sarakidprodmodel_sarakid_hair_diffuse.dds
00:50:40,1078213	CreateFile	1	2	1048704	0	SUCCESS	pearl_vrcam/textures/sq01s50light_sarakidprodmodel_sarakid_hair_highlight.dds
00:50:40,1090404	CreateFile	1	2	4194432	0	SUCCESS	pearl_vrcam/textures/sq01s50light_sarakidprodmodel_sarakidbody_diffuse.dds
00:50:40,1120678	CreateFile	1	2	1048704	0	SUCCESS	pearl_vrcam/textures/sq01s50light_sarakidprodmodel_sarakidbody_highlight.dds
00:50:40,1128998	CreateFile	1	0	0	1	SUCCESS	saves/checkpoint_2.dat
00:50:40,1134107	CreateFile	2	4	8288	0	SUCCESS	pearlpackage/shaders/pearl2_color_d3a237eb.shd
00:50:40,1141658	CreateFile	1	2	16512	0	SUCCESS	pearl_vrcam/textures/sq01s50light_sarakidprodmodel_sarakid_boots_shadow.dds
00:50:40,1144840	CreateFile	1	2	16512	0	SUCCESS	pearl_vrcam/textures/sq01s50light_sarakidprodmodel_sarakid_clothes_shadow.dds
00:50:40,1147487	CreateFile	1	2	16512	0	SUCCESS	pearl_vrcam/textures/sq01s50light_sarakidprodmodel_sarakid_clothes_diffuse.dds
00:50:40,1149823	CreateFile	1	2	1048704	0	SUCCESS	pearl_vrcam/textures/sq01s50light_sarakidprodmodel_sarakidshirt_diffuse.dds
00:50:40,1161903	CreateFile	1	2	1048704	0	SUCCESS	pearl_vrcam/textures/sq01s50light_sarakidprodmodel_sarakidshirt_highlight.dds
00:50:40,1169525	CreateFile	1	0	0	4	SUCCESS	saves/checkpoint_2.tga
00:50:40,1174891	CreateFile	1	2	4421	0	SUCCESS	pearlpackage/shaders/pearl2_color_4ef5f09b.shd
00:50:40,1209624	CreateFile	1	2	1332883	0	SUCCESS	pearl_vrcam/anims/sq01s50light_sq01s50anim_sarakidrig_sarakidprodmodel_sarakm_sq01s50vrtrig_seq1_shot50.mxa
00:50:40,1221776	CreateFile	1	2	11435	0	SUCCESS	pearl_vrcam/models/sq01s50light_sc0150setdressingvr_cardboardbox_grp.mxm
00:50:40,1224928	CreateFile	1	2	16512	0	SUCCESS	pearl_vrcam/textures/sq01s50light_cardboardboxb_cardboardboxb_diffuse.dds
00:50:40,1229561	CreateFile	1	2	12212	0	SUCCESS	pearl_vrcam/anims/sq01s50light_sc0150setdressingvr_cardboardbox_grp_sq01s50vrtrig_seq1_shot50.mxa
00:50:40,1232614	CreateFile	1	2	39741	0	SUCCESS	pearl_vrcam/models/sq01s50light_sq01s50anim_sc0150setdressing_backpack_backpack.mxm
00:50:40,1236772	CreateFile	2	4	8988	0	SUCCESS	pearlpackage/shaders/pearl2_color_ad89b31e.shd
00:50:40,1246909	CreateFile	1	2	13477	0	SUCCESS	pearl_vrcam/anims/sq01s50light_sq01s50anim_sc0150setdressing_backpack_backpack_sq01s50vrtrig_seq1_shot50.mxa
00:50:40,1249747	CreateFile	1	2	21515	0	SUCCESS	pearl_vrcam/models/sq01s50light_sq01s50anim_dadyoungrig_dadyoungprodmodel_dadym.mxm
00:50:40,1253847	CreateFile	1	2	16512	0	SUCCESS	pearl_vrcam/textures/sq01s50light_dadyoungprodmodel_dadfeatures_diffuse.dds
00:50:40,1256552	CreateFile	1	2	16512	0	SUCCESS	pearl_vrcam/textures/sq01s50light_dadyoungprodmodel_dadfeatures_highlight.dds
00:50:40,1258780	CreateFile	1	2	4194432	0	SUCCESS	pearl_vrcam/textures/sq01s50light_dadyoungprodmodel_dadface_diffuse.dds
00:50:40,1290033	CreateFile	1	2	4194432	0	SUCCESS	pearl_vrcam/textures/sq01s50light_dadyoungprodmodel_dadface_highlight.dds
00:50:40,1325869	CreateFile	1	2	1048704	0	SUCCESS	pearl_vrcam/textures/sq01s50light_dadyoungprodmodel_dadyoung_hair_diffuse.dds
00:50:40,1340523	CreateFile	1	2	1048704	0	SUCCESS	pearl_vrcam/textures/sq01s50light_dadyoungprodmodel_dadyoung_hair_highlight.dds
00:50:40,1352527	CreateFile	1	2	4194432	0	SUCCESS	pearl_vrcam/textures/sq01s50light_dadyoungprodmodel_dadarms_diffuse.dds
00:50:40,1391369	CreateFile	1	2	1048704	0	SUCCESS	pearl_vrcam/textures/sq01s50light_dadyoungprodmodel_dadarms_highlight.dds
00:50:40,1403199	CreateFile	1	2	16512	0	SUCCESS	pearl_vrcam/textures/sq01s50light_dadyoungprodmodel_dadyoungsurf_shadow.dds
00:50:40,1405772	CreateFile	1	2	4316	0	SUCCESS	pearlpackage/shaders/pearl2_color_46028be4.shd
00:50:40,1416121	CreateFile	1	2	1048704	0	SUCCESS	pearl_vrcam/textures/sq01s50light_dadyoungprodmodel_dadshirt_diffuse.dds
00:50:40,1428201	CreateFile	1	2	1048704	0	SUCCESS	pearl_vrcam/textures/sq01s50light_dadyoungprodmodel_dadshirt_highlight.dds
00:50:40,1460429	CreateFile	1	2	1076617	0	SUCCESS	pearl_vrcam/anims/sq01s50light_sq01s50anim_dadyoungrig_dadyoungprodmodel_dadym_sq01s50vrtrig_seq1_shot50.mxa
00:50:40,1472938	CreateFile	1	2	107373	0	SUCCESS	pearl_vrcam/models/sq01s50light_sq01s50anim_sc0150setdressingb_sc0150setdressing_grp.mxm
00:50:40,1481652	CreateFile	1	2	43392	0	SUCCESS	pearl_vrcam/textures/sq01s50light_sc0150setdressingb_front_diffuse.dds
00:50:40,1484096	CreateFile	1	2	25728	0	SUCCESS	pearl_vrcam/textures/sq01s50light_sc0150setdressingb_back_diffuse.dds
00:50:40,1486338	CreateFile	1	2	25728	0	SUCCESS	pearl_vrcam/textures/sq01s50light_sc0150setdressingb_back_highlight.dds
00:50:40,1488879	CreateFile	1	2	90128	0	SUCCESS	pearl_vrcam/textures/sq01s50light_sc0150setdressingb_blankeyshd_diffuse.dds
00:50:40,1499559	CreateFile	1	2	149354	0	SUCCESS	pearl_vrcam/anims/sq01s50light_sq01s50anim_sc0150setdressingb_sc0150setdressing_grp_sq01s50vrtrig_seq1_shot50.mxa
00:50:40,1503710	CreateFile	1	2	57202	0	SUCCESS	pearl_vrcam/models/sq01s50light_sq01s50anim_acousticguitar_acousticguitar.mxm
00:50:40,1508348	CreateFile	1	2	16512	0	SUCCESS	pearl_vrcam/textures/sq01s50light_acousticguitar_acousticguitar_diffuse.dds
00:50:40,1510588	CreateFile	1	2	16512	0	SUCCESS	pearl_vrcam/textures/sq01s50light_acousticguitar_acousticguitar_shadow.dds
00:50:40,1512796	CreateFile	1	2	16512	0	SUCCESS	pearl_vrcam/textures/sq01s50light_acousticguitar_acousticguitar_highlight.dds
00:50:40,1530382	CreateFile	1	2	80881	0	SUCCESS	pearl_vrcam/anims/sq01s50light_sq01s50anim_acousticguitar_acousticguitar_sq01s50vrtrig_seq1_shot50.mxa
00:50:40,1534765	CreateFile	1	1	1745	0	SUCCESS	pearl_vrcam/models/sq01s50light_sara_shadow_shapes.mxm
00:50:40,1538441	CreateFile	1	2	8947	0	SUCCESS	pearl_vrcam/anims/sq01s50light_sara_shadow_shapes_sq01s50vrtrig_seq1_shot50.mxa
00:50:40,1541013	CreateFile	1	2	78547	0	SUCCESS	pearl_vrcam/models/sq01s50light_carpearlnewextattachrig_carpearlnewextattach_carpearlextattach_grp_01.mxm
00:50:40,1547096	CreateFile	1	2	5955	0	SUCCESS	pearlpackage/shaders/pearl2_color_795cb13.shd
00:50:40,1556222	CreateFile	1	2	16512	0	SUCCESS	pearl_vrcam/textures/sq01s50light_carpearlnew_carbody_diffuse.dds
00:50:40,1559290	CreateFile	1	2	16512	0	SUCCESS	pearl_vrcam/textures/sq01s50light_carpearlnew_carbody_shadow.dds
00:50:40,1561575	CreateFile	1	2	16512	0	SUCCESS	pearl_vrcam/textures/sq01s50light_carpearlnew_carbody_highlight.dds
00:50:40,1563759	CreateFile	1	2	16512	0	SUCCESS	pearl_vrcam/textures/sq01s50light_carpearlnew_carbody_glow.dds
00:50:40,1579309	CreateFile	1	2	78288	0	SUCCESS	pearl_vrcam/anims/sq01s50light_carpearlnewextattachrig_carpearlnewextattach_carpearlextattach_grp_01_sq01s50vrtrig_seq1_shot50.mxa
00:50:40,1583900	CreateFile	1	2	30038	0	SUCCESS	pearl_vrcam/models/sq01s50light_sq01s50anim_sc0150setdressing_cardboardboxb_cardboardbox_grp.mxm
00:50:40,1592598	CreateFile	1	2	27892	0	SUCCESS	pearl_vrcam/anims/sq01s50light_sq01s50anim_sc0150setdressing_cardboardboxb_cardboardbox_grp_sq01s50vrtrig_seq1_shot50.mxa
00:50:40,1595391	CreateFile	1	2	208884	0	SUCCESS	pearl_vrcam/models/sq01s50light_sq01s50anim_semitruckrig_semitruckprodmodel_semitruck_grp.mxm
00:50:40,1605205	CreateFile	1	2	65664	0	SUCCESS	pearl_vrcam/textures/sq01s50light_semitruckprodmodel_semitruck_diffuse.dds
00:50:40,1607978	CreateFile	3	3	10830	0	SUCCESS	pearlpackage/shaders/pearl2_color_bd9f0043.shd
00:50:40,1623155	CreateFile	1	2	64892	0	SUCCESS	pearl_vrcam/anims/sq01s50light_sq01s50anim_semitruckrig_semitruckprodmodel_semitruck_grp_sq01s50vrtrig_seq1_shot50.mxa
00:50:40,1626876	CreateFile	1	2	107498	0	SUCCESS	pearl_vrcam/models/sq01s50light_sq01s50anim_cornstalks_const2bg_loc.mxm
00:50:40,1658179	CreateFile	1	2	1048704	0	SUCCESS	pearl_vrcam/textures/sq01s50light_cornstalks_cornstalkbg_diffuse.dds
00:50:40,1707297	CreateFile	1	2	15669	0	SUCCESS	pearl_vrcam/anims/sq01s50light_sq01s50anim_cornstalks_const2bg_loc_sq01s50vrtrig_seq1_shot50.mxa
00:50:40,1710744	CreateFile	1	2	56044	0	SUCCESS	pearl_vrcam/models/sq01s50light_sq01s50anim_stuffedanimala_stuffedanimalagrp.mxm
00:50:40,1721815	CreateFile	1	2	4378	0	SUCCESS	pearlpackage/shaders/pearl2_color_5c64fd40.shd
00:50:40,1740251	CreateFile	1	2	147776	0	SUCCESS	pearl_vrcam/anims/sq01s50light_sq01s50anim_stuffedanimala_stuffedanimalagrp_sq01s50vrtrig_seq1_shot50.mxa
00:50:40,1745114	CreateFile	1	1	28	0	SUCCESS	pearl_vrcam/models/sq01s50light_sq01s50anim_stuffedanimala_stuffedanimalageo3.mxm
00:50:40,1747319	CreateFile	1	2	17018	0	SUCCESS	pearl_vrcam/models/sq01s50light_sq01s50anim_sc0150setdressing_stuffedanimalb_stuffedanimalb.mxm
00:50:40,1750526	CreateFile	1	2	16512	0	SUCCESS	pearl_vrcam/textures/sq01s50light_stuffedanimalb_stuffedanimalb_diffuse.dds
00:50:40,1752892	CreateFile	1	2	16512	0	SUCCESS	pearl_vrcam/textures/sq01s50light_stuffedanimalb_stuffedanimalb_highlight.dds
00:50:40,1773718	CreateFile	1	2	41110	0	SUCCESS	pearl_vrcam/anims/sq01s50light_sq01s50anim_sc0150setdressing_stuffedanimalb_stuffedanimalb_sq01s50vrtrig_seq1_shot50.mxa
00:50:40,1777380	CreateFile	1	2	13759	0	SUCCESS	pearl_vrcam/models/sq01s50light_sq01s50anim_sc0150setdressing_truckerhatrig_truckerhat_grp_01.mxm
00:50:40,1780660	CreateFile	1	2	5568	0	SUCCESS	pearlpackage/shaders/pearl2_color_e2c6b03a.shd
00:50:40,1789754	CreateFile	1	2	14651	0	SUCCESS	pearl_vrcam/anims/sq01s50light_sq01s50anim_sc0150setdressing_truckerhatrig_truckerhat_grp_01_sq01s50vrtrig_seq1_shot50.mxa
00:50:40,1792614	CreateFile	1	2	450400	0	SUCCESS	pearl_vrcam/models/sq01s50light_sq01s50anim_carpearlnewrig_carpearl_grp.mxm
00:50:40,1810414	CreateFile	1	2	5955	0	SUCCESS	pearlpackage/shaders/pearl2_color_62f2f055.shd
00:50:40,1817698	CreateFile	1	2	1048704	0	SUCCESS	pearl_vrcam/textures/sq01s50light_carpearlnew_carmirror_rear_diffuse.dds
00:50:40,1828243	CreateFile	1	2	6587	0	SUCCESS	pearlpackage/shaders/pearl2_color_7cf6877.shd
00:50:40,1836065	CreateFile	1	2	1048704	0	SUCCESS	pearl_vrcam/textures/sq01s50light_carpearlnew_carmirror_left_diffuse.dds
00:50:40,1846856	CreateFile	1	2	1048704	0	SUCCESS	pearl_vrcam/textures/sq01s50light_carpearlnew_carmirror_right_diffuse.dds
00:50:40,1859159	CreateFile	1	2	5379	0	SUCCESS	pearlpackage/shaders/pearl2_color_42759a14.shd
00:50:40,1869971	CreateFile	1	2	16512	0	SUCCESS	pearl_vrcam/textures/sq01s50light_carpearlnew_carseats_diffuse.dds
00:50:40,1872503	CreateFile	1	2	16512	0	SUCCESS	pearl_vrcam/textures/sq01s50light_carpearlnew_carseats_highlight.dds
00:50:40,1925459	CreateFile	1	2	249384	0	SUCCESS	pearl_vrcam/anims/sq01s50light_sq01s50anim_carpearlnewrig_carpearl_grp_sq01s50vrtrig_seq1_shot50.mxa
00:50:40,1932455	CreateFile	1	1	2154	0	SUCCESS	pearl_vrcam/models/sq01s50light_dad_shadow_shapes.mxm
00:50:40,1936793	CreateFile	1	2	18662	0	SUCCESS	pearl_vrcam/anims/sq01s50light_dad_shadow_shapes_sq01s50vrtrig_seq1_shot50.mxa
00:50:40,1940312	CreateFile	1	2	7744	0	SUCCESS	pearl_vrcam/models/sq01s50light_sq01s50anim_sc0150setdressing_beadsdecoration_01.mxm
00:50:40,1944657	CreateFile	1	2	9931	0	SUCCESS	pearl_vrcam/anims/sq01s50light_sq01s50anim_sc0150setdressing_beadsdecoration_01_sq01s50vrtrig_seq1_shot50.mxa
00:50:40,1947249	CreateFile	1	1	2383	0	SUCCESS	pearl_vrcam/models/sq01s50light_lensflare_lensflare_loc.mxm
00:50:40,1950186	CreateFile	1	1	879	0	SUCCESS	pearl_vrcam/models/sq01s50light_car_shadow_shape_02.mxm
00:50:40,1952724	CreateFile	1	2	8657	0	SUCCESS	pearl_vrcam/anims/sq01s50light_car_shadow_shape_02_sq01s50vrtrig_seq1_shot50.mxa
00:50:40,1954941	CreateFile	1	2	1169484	0	SUCCESS	pearl_vrcam/models/sq01s50light_sq01s50anim_sq01s50flo_countryfarmroad_countryfarmroad_grp.mxm
00:50:40,2068426	CreateFile	2	4	8230	0	SUCCESS	pearlpackage/shaders/pearl2_color_f14e8ce1.shd
00:50:40,2076742	CreateFile	1	2	4194432	0	SUCCESS	pearl_vrcam/textures/01_50_skydome.dds
00:50:40,2243295	CreateFile	1	2	31191	0	SUCCESS	pearl_vrcam/anims/sq01s50light_sq01s50anim_sq01s50flo_countryfarmroad_countryfarmroad_grp_sq01s50vrtrig_seq1_shot50.mxa
00:50:40,2247859	CreateFile	1	2	85254	0	SUCCESS	pearl_vrcam/models/sq01s50light_sq01s50anim_sc0150setdressing_toyunicorn_toyunicorn_grp.mxm
00:50:40,2253261	CreateFile	1	2	5096	0	SUCCESS	pearlpackage/shaders/pearl2_color_c8b42b3c.shd
00:50:40,2262526	CreateFile	1	2	35500	0	SUCCESS	pearl_vrcam/anims/sq01s50light_sq01s50anim_sc0150setdressing_toyunicorn_toyunicorn_grp_sq01s50vrtrig_seq1_shot50.mxa
00:50:40,2265331	CreateFile	1	1	955	0	SUCCESS	pearl_vrcam/models/sq01s50light_car_shadow_shape_01.mxm
00:50:40,2268252	CreateFile	1	2	8657	0	SUCCESS	pearl_vrcam/anims/sq01s50light_car_shadow_shape_01_sq01s50vrtrig_seq1_shot50.mxa
00:50:40,2270499	CreateFile	1	2	74025	0	SUCCESS	pearl_vrcam/models/sq01s50light_sq01s50anim_sc0150setdressing_dadyoungguitarcase_dadyoungguitarcase_grp.mxm
00:50:40,2275552	CreateFile	1	2	4224	0	SUCCESS	pearl_vrcam/textures/dadyoungguitarcase_map.dds
00:50:40,2277656	CreateFile	1	2	4224	0	SUCCESS	pearl_vrcam/textures/dadyoungguitarcase_dark.dds
00:50:40,2291862	CreateFile	1	2	30127	0	SUCCESS	pearl_vrcam/anims/sq01s50light_sq01s50anim_sc0150setdressing_dadyoungguitarcase_dadyoungguitarcase_grp_sq01s50vrtrig_seq1_shot50.mxa
00:50:40,2294984	CreateFile	1	1	1065	0	SUCCESS	pearl_vrcam/anims/moxiecamera_sq01s50vrtrig_seq1_shot50.mxa
00:50:40,2297641	CreateFile	1	1	2938	0	SUCCESS	pearl_vrcam/models/sq01s50vrtrig_animation.mxm
00:50:40,2307901	CreateFile	1	2	9412	0	SUCCESS	pearl_vrcam/anims/sq01s50vrtrig_seq1_shot50_animation.mxa
00:50:50,8046747	CreateFile	1	2	29899	0	SUCCESS	pearl_vrcam/models/sq01s55light_sc0155setdressingvr_cardboardbox_grp.mxm
00:50:50,8063250	CreateFile	2	4	33024	0	SUCCESS	pearl_vrcam/textures/cardboardboxb_map.dds
00:50:50,8081929	CreateFile	1	2	70666	0	SUCCESS	pearl_vrcam/anims/sq01s55light_sc0155setdressingvr_cardboardbox_grp_sq01s55vrtrig_seq1_shot55.mxa
00:50:50,8085942	CreateFile	1	2	23938	0	SUCCESS	pearl_vrcam/models/sq01s55light_glowsgroup.mxm
00:50:50,8089382	CreateFile	1	2	262272	0	SUCCESS	pearl_vrcam/textures/sq01s55light_glow.dds
00:50:50,8093056	CreateFile	2	4	9910	0	SUCCESS	pearlpackage/shaders/pearl2_color_15cdd44d.shd
00:50:50,8114402	CreateFile	1	2	13971	0	SUCCESS	pearl_vrcam/anims/sq01s55light_glowsgroup_sq01s55vrtrig_seq1_shot55.mxa
00:50:50,8117223	CreateFile	1	2	21200	0	SUCCESS	pearl_vrcam/models/sq01s55light_sq01s55anim_dadyoungrig_dadyoungprodmodel_dadym.mxm
00:50:50,8120512	CreateFile	1	2	16512	0	SUCCESS	pearl_vrcam/textures/sq01s55light_dadfeatures_diffuse.dds
00:50:50,8122672	CreateFile	1	2	4194432	0	SUCCESS	pearl_vrcam/textures/sq01s55light_dadface_diffuse.dds
00:50:50,8153552	CreateFile	1	2	1048704	0	SUCCESS	pearl_vrcam/textures/sq01s55light_dadyoung_hair_diffuse.dds
00:50:50,8163514	CreateFile	1	2	4194432	0	SUCCESS	pearl_vrcam/textures/sq01s55light_dadarms_diffuse.dds
00:50:50,8189322	CreateFile	1	0	0	1	SUCCESS	saves/checkpoint_3.dat
00:50:50,8199204	CreateFile	1	2	16512	0	SUCCESS	pearl_vrcam/textures/sq01s55light_dadyoungsurf_diffuse.dds
00:50:50,8202341	CreateFile	1	2	1048704	0	SUCCESS	pearl_vrcam/textures/sq01s55light_dadshirt_diffuse.dds
00:50:50,8231312	CreateFile	1	0	0	4	SUCCESS	saves/checkpoint_3.tga
00:50:50,8231806	CreateFile	1	2	3043175	0	SUCCESS	pearl_vrcam/anims/sq01s55light_sq01s55anim_dadyoungrig_dadyoungprodmodel_dadym_sq01s55vrtrig_seq1_shot55.mxa
00:50:50,8266652	CreateFile	1	2	78304	0	SUCCESS	pearl_vrcam/models/sq01s55light_carpearlnewextattachrig_carpearlnewextattach_carpearlextattach_grp_01.mxm
00:50:50,8272940	CreateFile	1	2	4806	0	SUCCESS	pearlpackage/shaders/pearl2_color_76aa4264.shd
00:50:50,8279876	CreateFile	1	2	16512	0	SUCCESS	pearl_vrcam/textures/sq01s55light_carbody_diffuse.dds
00:50:50,8282931	CreateFile	1	2	16512	0	SUCCESS	pearl_vrcam/textures/sq01s55light_carbody_shadow.dds
00:50:50,8286109	CreateFile	1	2	16512	0	SUCCESS	pearl_vrcam/textures/sq01s55light_carbody_highlight.dds
00:50:50,8295002	CreateFile	1	2	176936	0	SUCCESS	pearl_vrcam/anims/sq01s55light_carpearlnewextattachrig_carpearlnewextattach_carpearlextattach_grp_01_sq01s55vrtrig_seq1_shot55.mxa
00:50:50,8300303	CreateFile	1	2	143390	0	SUCCESS	pearl_vrcam/models/sq01s55light_sq01s55anim_sc0155setdressingcarint_sc0155setdressinga.mxm
00:50:50,8316783	CreateFile	1	2	336531	0	SUCCESS	pearl_vrcam/anims/sq01s55light_sq01s55anim_sc0155setdressingcarint_sc0155setdressinga_sq01s55vrtrig_seq1_shot55.mxa
00:50:50,8327541	CreateFile	1	1	1133	0	SUCCESS	pearl_vrcam/models/sq01s55light_shadowshapesgroup.mxm
00:50:50,8331244	CreateFile	1	2	14452	0	SUCCESS	pearl_vrcam/anims/sq01s55light_shadowshapesgroup_sq01s55vrtrig_seq1_shot55.mxa
00:50:50,8333575	CreateFile	1	2	14465	0	SUCCESS	pearl_vrcam/models/sq01s55light_sq01s55anim_sarakidrig_sarakidprodmodel_sarakm.mxm
00:50:50,8336610	CreateFile	2	4	9380	0	SUCCESS	pearlpackage/shaders/pearl2_color_500e779.shd
00:50:50,8345531	CreateFile	1	2	16512	0	SUCCESS	pearl_vrcam/textures/sq01s55light_sarakid_features_diffuse.dds
00:50:50,8348360	CreateFile	1	2	1048704	0	SUCCESS	pearl_vrcam/textures/sq01s55light_sarakid_hair_diffuse.dds
00:50:50,8361790	CreateFile	1	2	4194432	0	SUCCESS	pearl_vrcam/textures/sq01s55light_sarakidbody_diffuse.dds
00:50:50,8393253	CreateFile	1	2	16512	0	SUCCESS	pearl_vrcam/textures/sq01s55light_sarakid_boots_diffuse.dds
00:50:50,8396151	CreateFile	1	2	16512	0	SUCCESS	pearl_vrcam/textures/sq01s55light_sarakid_clothes_diffuse.dds
00:50:50,8398526	CreateFile	1	2	1048704	0	SUCCESS	pearl_vrcam/textures/sq01s55light_sarakidshirt_diffuse.dds
00:50:50,8422542	CreateFile	1	2	3536229	0	SUCCESS	pearl_vrcam/anims/sq01s55light_sq01s55anim_sarakidrig_sarakidprodmodel_sarakm_sq01s55vrtrig_seq1_shot55.mxa
00:50:50,8452975	CreateFile	1	2	17189	0	SUCCESS	pearl_vrcam/models/sq01s55light_sq01s55anim_fireflyjar_fireflyjargrp.mxm
00:50:50,8459196	CreateFile	1	2	168045	0	SUCCESS	pearl_vrcam/anims/sq01s55light_sq01s55anim_fireflyjar_fireflyjargrp_sq01s55vrtrig_seq1_shot55.mxa
00:50:50,8465716	CreateFile	1	2	44053	0	SUCCESS	pearl_vrcam/models/sq01s55light_sq01s55anim_bugbutt_grp.mxm
00:50:50,8478597	CreateFile	1	1	2560	0	SUCCESS	common/shaders/standard_1726c7aa.shd
00:50:50,8484252	CreateFile	1	2	16512	0	SUCCESS	pearl_vrcam/textures/bugtimer.dds
00:50:50,8517603	CreateFile	1	2	15196	0	SUCCESS	pearl_vrcam/anims/sq01s55light_sq01s55anim_bugbutt_grp_sq01s55vrtrig_seq1_shot55.mxa
00:50:50,8520397	CreateFile	1	2	363162	0	SUCCESS	pearl_vrcam/models/sq01s55light_sq01s55anim_sc0155setdressingcarintb_sc0155setdressingb.mxm
00:50:50,8536868	CreateFile	1	2	9344	0	SUCCESS	pearl_vrcam/textures/sq01s55light_doors_diffuse.dds
00:50:50,8539183	CreateFile	1	2	16512	0	SUCCESS	pearl_vrcam/textures/sq01s55light_dash_diffuse.dds
00:50:50,8541607	CreateFile	1	2	6528	0	SUCCESS	pearl_vrcam/textures/sq01s55light_misc_diffuse.dds
00:50:50,8544168	CreateFile	1	2	173184	0	SUCCESS	pearl_vrcam/textures/sq01s55light_backseat_diffuse.dds
00:50:50,8547674	CreateFile	1	2	1048704	0	SUCCESS	pearl_vrcam/textures/sq01s55light_map_diffuse.dds
00:50:50,8557777	CreateFile	1	2	4224	0	SUCCESS	pearl_vrcam/textures/sq01s55light_dadsshoe_diffuse.dds
00:50:50,8560951	CreateFile	1	1	1152	0	SUCCESS	pearl_vrcam/textures/sq01s55light_bagofchips_diffuse.dds
00:50:50,8564693	CreateFile	1	2	4224	0	SUCCESS	pearl_vrcam/textures/sq01s55light_legalpad_mtl1_diffuse.dds
00:50:50,8567627	CreateFile	1	2	31104	0	SUCCESS	pearl_vrcam/textures/sq01s55light_trunk_diffuse.dds
00:50:50,8569974	CreateFile	1	2	16512	0	SUCCESS	pearl_vrcam/textures/sq01s55light_gymbag_diffuse.dds
00:50:50,8572036	CreateFile	1	2	4224	0	SUCCESS	pearl_vrcam/textures/sq01s55light_cardboardboxa_diffuse.dds
00:50:50,8574270	CreateFile	1	2	131200	0	SUCCESS	pearl_vrcam/textures/sq01s55light_blankeyshd_diffuse.dds
00:50:50,8577878	CreateFile	1	2	4224	0	SUCCESS	pearl_vrcam/textures/sq01s55light_dadyoungguitarcase_diffuse.dds
00:50:50,8580247	CreateFile	1	2	16512	0	SUCCESS	pearl_vrcam/textures/sq01s55light_stuffedanimalb_mtl1_diffuse.dds
00:50:50,8611975	CreateFile	1	2	757769	0	SUCCESS	pearl_vrcam/anims/sq01s55light_sq01s55anim_sc0155setdressingcarintb_sc0155setdressingb_sq01s55vrtrig_seq1_shot55.mxa
00:50:50,8630370	CreateFile	1	2	358499	0	SUCCESS	pearl_vrcam/models/sq01s55light_sq01s55anim_roadfflys_grp.mxm
00:50:50,8637252	CreateFile	1	2	524416	0	SUCCESS	pearl_vrcam/textures/sq01s55light_fflysroadshad_diffuse.dds
00:50:50,8659339	CreateFile	1	2	4998158	0	SUCCESS	pearl_vrcam/anims/sq01s55light_sq01s55anim_roadfflys_grp_sq01s55vrtrig_seq1_shot55.mxa
00:50:50,8684314	CreateFile	1	2	457348	0	SUCCESS	pearl_vrcam/models/sq01s55light_sq01s55anim_carpearlnewrig_carpearl_grp.mxm
00:50:50,8703040	CreateFile	1	1	2727	0	SUCCESS	pearlpackage/shaders/reflection_color_76adbf60.shd
00:50:50,8709050	CreateFile	1	2	5458	0	SUCCESS	pearlpackage/shaders/pearl2_color_bdff4bd7.shd
00:50:50,8717534	CreateFile	1	1	2727	0	SUCCESS	pearlpackage/shaders/reflection_color_ed08f30f.shd
00:50:50,8721988	CreateFile	2	4	131328	0	SUCCESS	pearl_vrcam/textures/windows_256.dds
00:50:50,8725131	CreateFile	2	4	10584	0	SUCCESS	pearlpackage/shaders/pearl2_color_603d7f5b.shd
00:50:50,8733061	CreateFile	1	2	16512	0	SUCCESS	pearl_vrcam/textures/sq01s55light_carseats_diffuse.dds
00:50:50,8777763	CreateFile	1	2	596323	0	SUCCESS	pearl_vrcam/anims/sq01s55light_sq01s55anim_carpearlnewrig_carpearl_grp_sq01s55vrtrig_seq1_shot55.mxa
00:50:50,8789765	CreateFile	1	2	624056	0	SUCCESS	pearl_vrcam/models/sq01s55light_sq01s55anim_sq01s55flo_nightforest_nightforest_grp.mxm
00:50:50,8884661	CreateFile	1	2	4224	0	SUCCESS	pearl_vrcam/textures/sq01s55light_nightforest_diffuse.dds
00:50:50,8971198	CreateFile	1	2	28977	0	SUCCESS	pearl_vrcam/anims/sq01s55light_sq01s55anim_sq01s55flo_nightforest_nightforest_grp_sq01s55vrtrig_seq1_shot55.mxa
00:50:50,8975560	CreateFile	1	1	1065	0	SUCCESS	pearl_vrcam/anims/moxiecamera_sq01s55vrtrig_seq1_shot55.mxa
00:50:50,8978109	CreateFile	1	1	3002	0	SUCCESS	pearl_vrcam/models/sq01s55vrtrig_animation.mxm
00:50:50,8981195	CreateFile	1	2	14564	0	SUCCESS	pearl_vrcam/anims/sq01s55vrtrig_seq1_shot55_animation.mxa
00:50:55,7369054	CreateFile	1	1	1897	0	SUCCESS	pearl_vrcam/models/sq01s80light_lightshapes_grp_01.mxm
00:50:55,7392909	CreateFile	1	2	36700	0	SUCCESS	pearl_vrcam/anims/sq01s80light_lightshapes_grp_01_sq01s80vrtrig_seq1_shot80.mxa
00:50:55,7396624	CreateFile	1	2	85784	0	SUCCESS	pearl_vrcam/models/sq01s80light_sq01s80anim_uhaultruckrig_uhaultruckprodmodel_uhaultruck_grp.mxm
00:50:55,7402461	CreateFile	1	2	65664	0	SUCCESS	pearl_vrcam/textures/sq01s80light_uhaultruckprodmodel_uhaultruck_diffuse.dds
00:50:55,7405175	CreateFile	1	1	1152	0	SUCCESS	pearl_vrcam/textures/sq01s80light_uhaultruckprodmodel_uhaultruck_people_diffuse.dds
00:50:55,7464319	CreateFile	1	2	72764	0	SUCCESS	pearl_vrcam/anims/sq01s80light_sq01s80anim_uhaultruckrig_uhaultruckprodmodel_uhaultruck_grp_sq01s80vrtrig_seq1_shot80.mxa
00:50:55,7468766	CreateFile	1	2	209510	0	SUCCESS	pearl_vrcam/models/sq01s80light_sq01s80anim_semitruckrig_semitruckprodmodel_semitruck_grp.mxm
00:50:55,7479898	CreateFile	1	2	5746	0	SUCCESS	pearlpackage/shaders/pearl2_color_15adaf4f.shd
00:50:55,7488397	CreateFile	1	2	65664	0	SUCCESS	pearl_vrcam/textures/sq01s80light_semitruckprodmodel_semitruck_diffuse.dds
00:50:55,7491146	CreateFile	1	2	65664	0	SUCCESS	pearl_vrcam/textures/sq01s80light_semitruckprodmodel_semitruck_highlight.dds
00:50:55,7501636	CreateFile	1	2	98168	0	SUCCESS	pearl_vrcam/anims/sq01s80light_sq01s80anim_semitruckrig_semitruckprodmodel_semitruck_grp_sq01s80vrtrig_seq1_shot80.mxa
00:50:55,7505329	CreateFile	1	2	5175	0	SUCCESS	pearl_vrcam/models/sq01s80light_carshadowplanes_grp_01.mxm
00:50:55,7516762	CreateFile	1	2	108720	0	SUCCESS	pearl_vrcam/anims/sq01s80light_carshadowplanes_grp_01_sq01s80vrtrig_seq1_shot80.mxa
00:50:55,7520208	CreateFile	1	2	111622	0	SUCCESS	pearl_vrcam/models/sq01s80light_sq01s80anim_sc0180setdressingb_sc0180setdresscarintb.mxm
00:50:55,7526999	CreateFile	1	2	4603	0	SUCCESS	pearlpackage/shaders/pearl2_color_d3a97bcb.shd
00:50:55,7533418	CreateFile	1	2	25728	0	SUCCESS	pearl_vrcam/textures/sq01s80light_sc0180setdressingb_floor_diffuse.dds
00:50:55,7535808	CreateFile	1	2	25728	0	SUCCESS	pearl_vrcam/textures/sq01s80light_sc0180setdressingb_floor_glow.dds
00:50:55,7538172	CreateFile	1	2	5837	0	SUCCESS	pearlpackage/shaders/pearl2_color_23b67265.shd
00:50:55,7544328	CreateFile	1	2	20864	0	SUCCESS	pearl_vrcam/textures/sq01s80light_sc0180setdressingb_dash_diffuse.dds
00:50:55,7546589	CreateFile	1	2	20864	0	SUCCESS	pearl_vrcam/textures/sq01s80light_sc0180setdressingb_dash_highlight.dds
00:50:55,7548770	CreateFile	1	2	20864	0	SUCCESS	pearl_vrcam/textures/sq01s80light_sc0180setdressingb_dash_darkglow.dds
00:50:55,7550937	CreateFile	1	2	16512	0	SUCCESS	pearl_vrcam/textures/sq01s80light_sc0180setdressinga_dash_glow.dds
00:50:55,7553308	CreateFile	1	2	6528	0	SUCCESS	pearl_vrcam/textures/sq01s80light_sc0180setdressingb_back_diffuse.dds
00:50:55,7555980	CreateFile	1	2	6528	0	SUCCESS	pearl_vrcam/textures/sq01s80light_sc0180setdressingb_back_glow.dds
00:50:55,7576730	CreateFile	1	2	24556	0	SUCCESS	pearl_vrcam/anims/sq01s80light_sq01s80anim_sc0180setdressingb_sc0180setdresscarintb_sq01s80vrtrig_seq1_shot80.mxa
00:50:55,7579682	CreateFile	1	1	800	0	SUCCESS	pearl_vrcam/models/sq01s80light_sarafaceshadowshape_01.mxm
00:50:55,7582794	CreateFile	1	2	6519	0	SUCCESS	pearl_vrcam/anims/sq01s80light_sarafaceshadowshape_01_sq01s80vrtrig_seq1_shot80.mxa
00:50:55,7585094	CreateFile	1	2	87161	0	SUCCESS	pearl_vrcam/models/sq01s80light_sq01s80anim_volvorig_volvoprodmodel_volvo_grp.mxm
00:50:55,7599232	CreateFile	1	2	16512	0	SUCCESS	pearl_vrcam/textures/sq01s80light_volvoprodmodel_volvo_diffuse.dds
00:50:55,7602254	CreateFile	1	2	16512	0	SUCCESS	pearl_vrcam/textures/sq01s80light_volvoprodmodel_volvo_diffuse_fog.dds
00:50:55,7615014	CreateFile	1	2	63055	0	SUCCESS	pearl_vrcam/anims/sq01s80light_sq01s80anim_volvorig_volvoprodmodel_volvo_grp_sq01s80vrtrig_seq1_shot80.mxa
00:50:55,7618232	CreateFile	1	2	454317	0	SUCCESS	pearl_vrcam/models/sq01s80light_sq01s80anim_carpearlnewrig_carpearl_grp.mxm
00:50:55,7636136	CreateFile	1	0	0	1	SUCCESS	saves/checkpoint_4.dat
00:50:55,7636699	CreateFile	1	2	4628	0	SUCCESS	pearlpackage/shaders/pearl2_color_6ee9d329.shd
00:50:55,7644449	CreateFile	1	2	16512	0	SUCCESS	pearl_vrcam/textures/sq01s80light_carpearlnew_carbody_diffuse.dds
00:50:55,7647330	CreateFile	1	2	16512	0	SUCCESS	pearl_vrcam/textures/sq01s80light_carpearlnew_carbody_darkglow.dds
00:50:55,7649765	CreateFile	1	2	16512	0	SUCCESS	pearl_vrcam/textures/sq01s80light_carpearlnew_carbody_glow.dds
00:50:55,7658827	CreateFile	1	2	1048704	0	SUCCESS	pearl_vrcam/textures/sq01s80light_carpearlnew_carmirror_rear_diffuse.dds
00:50:55,7669173	CreateFile	1	2	5230	0	SUCCESS	pearlpackage/shaders/pearl2_color_bd44b0b.shd
00:50:55,7674085	CreateFile	1	0	0	4	SUCCESS	saves/checkpoint_4.tga
00:50:55,7686500	CreateFile	1	2	1048704	0	SUCCESS	pearl_vrcam/textures/sq01s80light_carpearlnew_carmirror_left_diffuse.dds
00:50:55,7699050	CreateFile	1	2	1048704	0	SUCCESS	pearl_vrcam/textures/sq01s80light_carpearlnew_carmirror_right_diffuse.dds
00:50:55,7712736	CreateFile	1	2	65664	0	SUCCESS	pearl_vrcam/textures/sq01s80light_carpearlnew_carwindows_diffuse.dds
00:50:55,7716045	CreateFile	1	2	5205	0	SUCCESS	pearlpackage/shaders/pearl2_color_b694e3e9.shd
00:50:55,7724887	CreateFile	1	2	16512	0	SUCCESS	pearl_vrcam/textures/sq01s80light_carpearlnew_carseats_diffuse.dds
00:50:55,7727667	CreateFile	1	2	16512	0	SUCCESS	pearl_vrcam/textures/sq01s80light_carpearlnew_carseats_glow.dds
00:50:55,7751705	CreateFile	1	2	357987	0	SUCCESS	pearl_vrcam/anims/sq01s80light_sq01s80anim_carpearlnewrig_carpearl_grp_sq01s80vrtrig_seq1_shot80.mxa
00:50:55,7759580	CreateFile	1	2	20462	0	SUCCESS	pearl_vrcam/models/sq01s80light_sq01s80anim_dadyoungrig_dadyoungprodmodel_dadym.mxm
00:50:55,7763379	CreateFile	1	2	16512	0	SUCCESS	pearl_vrcam/textures/sq01s80light_dadyoungprodmodel_dadfeatures_diffuse.dds
00:50:55,7765794	CreateFile	1	1	4080	0	SUCCESS	pearlpackage/shaders/pearl2_color_1bc19cc1.shd
00:50:55,7772657	CreateFile	1	2	4194432	0	SUCCESS	pearl_vrcam/textures/sq01s80light_dadyoungprodmodel_dadface_diffuse.dds
00:50:55,7806927	CreateFile	1	2	1048704	0	SUCCESS	pearl_vrcam/textures/sq01s80light_dadyoungprodmodel_dadyoung_hair_diffuse.dds
00:50:55,7819422	CreateFile	1	2	5851	0	SUCCESS	pearlpackage/shaders/pearl2_color_7939d58e.shd
00:50:55,7827368	CreateFile	1	2	4194432	0	SUCCESS	pearl_vrcam/textures/sq01s80light_dadyoungprodmodel_dadarms_diffuse.dds
00:50:55,7866519	CreateFile	1	2	4194432	0	SUCCESS	pearl_vrcam/textures/sq01s80light_dadyoungprodmodel_dadarms_highlight.dds
00:50:55,7897424	CreateFile	1	2	16512	0	SUCCESS	pearl_vrcam/textures/sq01s80light_dadyoungprodmodel_dadyoungsurf_diffuse.dds
00:50:55,7900824	CreateFile	1	2	1048704	0	SUCCESS	pearl_vrcam/textures/sq01s80light_dadyoungprodmodel_dadshirt_diffuse.dds
00:50:55,7917973	CreateFile	1	2	2428151	0	SUCCESS	pearl_vrcam/anims/sq01s80light_sq01s80anim_dadyoungrig_dadyoungprodmodel_dadym_sq01s80vrtrig_seq1_shot80.mxa
00:50:55,7937483	CreateFile	1	2	96892	0	SUCCESS	pearl_vrcam/models/sq01s80light_sq01s80anim_vanrig_vanprodmodel_van_grp.mxm
00:50:55,7943696	CreateFile	1	2	16512	0	SUCCESS	pearl_vrcam/textures/sq01s80light_vanprodmodel_van_diffuse.dds
00:50:55,7946086	CreateFile	1	2	16512	0	SUCCESS	pearl_vrcam/textures/sq01s80light_vanprodmodel_van_fog.dds
00:50:55,7959538	CreateFile	1	2	65570	0	SUCCESS	pearl_vrcam/anims/sq01s80light_sq01s80anim_vanrig_vanprodmodel_van_grp_sq01s80vrtrig_seq1_shot80.mxa
00:50:55,7962889	CreateFile	1	2	373586	0	SUCCESS	pearl_vrcam/models/sq01s80light_sq01s80anim_sc0180setdressinga_sc0180setdresscarinta.mxm
00:50:55,7981462	CreateFile	1	2	90128	0	SUCCESS	pearl_vrcam/textures/sq01s80light_sc0180setdressinga_blankeyshd_diffuse.dds
00:50:55,7984113	CreateFile	1	2	131200	0	SUCCESS	pearl_vrcam/textures/sq01s80light_sc0180setdressinga_blankeyshd_glow.dds
00:50:55,7986954	CreateFile	1	2	16512	0	SUCCESS	pearl_vrcam/textures/sq01s80light_sc0180setdressinga_cardboardboxb_diffuse.dds
00:50:55,7989058	CreateFile	1	2	16512	0	SUCCESS	pearl_vrcam/textures/sq01s80light_sc0180setdressinga_cardboardboxb_glow.dds
00:50:55,7991178	CreateFile	1	2	173184	0	SUCCESS	pearl_vrcam/textures/sq01s80light_sc0180setdressinga_backseat_diffuse.dds
00:50:55,7994012	CreateFile	1	2	173184	0	SUCCESS	pearl_vrcam/textures/sq01s80light_sc0180setdressinga_backseat_glow.dds
00:50:55,7996918	CreateFile	1	2	31104	0	SUCCESS	pearl_vrcam/textures/sq01s80light_sc0180setdressinga_trunk_diffuse.dds
00:50:55,7999048	CreateFile	1	2	31104	0	SUCCESS	pearl_vrcam/textures/sq01s80light_sc0180setdressinga_trunk_glow.dds
00:50:55,8001380	CreateFile	1	2	4854	0	SUCCESS	pearlpackage/shaders/pearl2_color_9a0ee553.shd
00:50:55,8008167	CreateFile	1	2	4224	0	SUCCESS	pearl_vrcam/textures/sq01s80light_sc0180setdressinga_fastfooddrink_diffuse.dds
00:50:55,8010194	CreateFile	1	2	4224	0	SUCCESS	pearl_vrcam/textures/sq01s80light_sc0180setdressinga_fastfooddrink_highlight.dds
00:50:55,8012362	CreateFile	1	2	4224	0	SUCCESS	pearl_vrcam/textures/sq01s80light_sc0180setdressinga_fastfooddrink_glow.dds
00:50:55,8014487	CreateFile	1	2	9344	0	SUCCESS	pearl_vrcam/textures/sq01s80light_sc0180setdressinga_doors_diffuse.dds
00:50:55,8016689	CreateFile	1	2	9344	0	SUCCESS	pearl_vrcam/textures/sq01s80light_sc0180setdressinga_doors_glow.dds
00:50:55,8018853	CreateFile	1	2	5762	0	SUCCESS	pearlpackage/shaders/pearl2_color_309e4b16.shd
00:50:55,8026580	CreateFile	1	2	12672	0	SUCCESS	pearl_vrcam/textures/sq01s80light_sc0180setdressinga_frontseat_diffuse.dds
00:50:55,8029426	CreateFile	1	2	12672	0	SUCCESS	pearl_vrcam/textures/sq01s80light_sc0180setdressinga_frontseat_glow.dds
00:50:55,8032040	CreateFile	1	2	12672	0	SUCCESS	pearl_vrcam/textures/sq01s80light_sc0180setdressinga_frontseat_mtl1_diffuse.dds
00:50:55,8035056	CreateFile	1	2	5677	0	SUCCESS	pearlpackage/shaders/pearl2_color_f98143a9.shd
00:50:55,8044625	CreateFile	1	2	57728	0	SUCCESS	pearl_vrcam/textures/sq01s80light_sc0180setdressinga_sc0310setdressinga_mm_diffuse.dds
00:50:55,8047903	CreateFile	1	2	57728	0	SUCCESS	pearl_vrcam/textures/sq01s80light_sc0180setdressinga_sc0310setdressinga_mm_glow.dds
00:50:55,8050304	CreateFile	1	2	50304	0	SUCCESS	pearl_vrcam/textures/sq01s80light_sc0180setdressinga_sc0160setdressingcarintb_diffuse.dds
00:50:55,8052543	CreateFile	1	2	50304	0	SUCCESS	pearl_vrcam/textures/sq01s80light_sc0180setdressinga_sc0160setdressingcarintb_glow.dds
00:50:55,8055893	CreateFile	1	2	5239	0	SUCCESS	pearlpackage/shaders/pearl2_color_40412f0.shd
00:50:55,8064045	CreateFile	1	2	16512	0	SUCCESS	pearl_vrcam/textures/sq01s80light_sc0180setdressinga_dash_diffuse.dds
00:50:55,8066437	CreateFile	1	2	16512	0	SUCCESS	pearl_vrcam/textures/sq01s80light_sc0180setdressinga_dash_highlight.dds
00:50:55,8068634	CreateFile	1	2	6528	0	SUCCESS	pearl_vrcam/textures/sq01s80light_sc0180setdressinga_misc_diffuse.dds
00:50:55,8070686	CreateFile	1	2	6528	0	SUCCESS	pearl_vrcam/textures/sq01s80light_sc0180setdressinga_misc_glow.dds
00:50:55,8073153	CreateFile	1	2	16512	0	SUCCESS	pearl_vrcam/textures/sq01s80light_sc0180setdressinga_gymbag_diffuse.dds
00:50:55,8075414	CreateFile	1	2	16512	0	SUCCESS	pearl_vrcam/textures/sq01s80light_sc0180setdressinga_gymbag_glow.dds
00:50:55,8077540	CreateFile	1	2	4682	0	SUCCESS	pearlpackage/shaders/pearl2_color_88becade.shd
00:50:55,8084456	CreateFile	1	2	4224	0	SUCCESS	pearl_vrcam/textures/sq01s80light_sc0180setdressinga_dadyoungguitarcase_diffuse.dds
00:50:55,8087007	CreateFile	1	2	4224	0	SUCCESS	pearl_vrcam/textures/sq01s80light_sc0180setdressinga_dadyoungguitarcase_glow.dds
00:50:55,8104473	CreateFile	1	2	94095	0	SUCCESS	pearl_vrcam/anims/sq01s80light_sq01s80anim_sc0180setdressinga_sc0180setdresscarinta_sq01s80vrtrig_seq1_shot80.mxa
00:50:55,8108925	CreateFile	1	2	503942	0	SUCCESS	pearl_vrcam/models/sq01s80light_sq01s80anim_sq01s80flo_sierravalleyhighway_environmentdetail_gpr.mxm
00:50:55,8154587	CreateFile	1	2	4194432	0	SUCCESS	pearl_vrcam/textures/sq01s80light_sierravalleyhighway_sky_mat_01_spot_diffuse.dds
00:50:55,8186747	CreateFile	1	2	368768	0	SUCCESS	pearl_vrcam/textures/sq01s80light_sierravalleyhighway_trees_mat_03_spot_diffuse.dds
00:50:55,8193718	CreateFile	1	2	368768	0	SUCCESS	pearl_vrcam/textures/sq01s80light_sierravalleyhighway_trees_mat_03_spot_fog.dds
00:50:55,8197531	CreateFile	1	2	5125	0	SUCCESS	pearlpackage/shaders/pearl2_color_ea1a18d1.shd
00:50:55,8206372	CreateFile	1	2	368768	0	SUCCESS	pearl_vrcam/textures/sq01s80light_sierravalleyhighway_trees_mat_02_spot_diffuse.dds
00:50:55,8210311	CreateFile	1	2	368768	0	SUCCESS	pearl_vrcam/textures/sq01s80light_sierravalleyhighway_trees_mat_02_spot_glow2.dds
00:50:55,8213502	CreateFile	1	2	368768	0	SUCCESS	pearl_vrcam/textures/sq01s80light_sierravalleyhighway_trees_mat_02_spot_fog.dds
00:50:55,8216633	CreateFile	1	2	57728	0	SUCCESS	pearl_vrcam/textures/sq01s80light_sierravalleyhighway_sierravalleyhighway_diffuse.dds
00:50:55,8315288	CreateFile	1	2	28244	0	SUCCESS	pearl_vrcam/anims/sq01s80light_sq01s80anim_sq01s80flo_sierravalleyhighway_environmentdetail_gpr_sq01s80vrtrig_seq1_shot80.mxa
00:50:55,8319137	CreateFile	1	2	6652	0	SUCCESS	pearl_vrcam/models/sq01s80light_carpearllightshape_offset_01.mxm
00:50:55,8322028	CreateFile	1	2	4678	0	SUCCESS	pearlpackage/shaders/pearl2_color_c08142b8.shd
00:50:55,8331762	CreateFile	1	2	19821	0	SUCCESS	pearl_vrcam/anims/sq01s80light_carpearllightshape_offset_01_sq01s80vrtrig_seq1_shot80.mxa
00:50:55,8334443	CreateFile	1	2	101896	0	SUCCESS	pearl_vrcam/models/sq01s80light_sq01s80anim_stationwagonrig_stationwagonprodmodel_stationwagon_grp.mxm
00:50:55,8340252	CreateFile	1	2	65664	0	SUCCESS	pearl_vrcam/textures/sq01s80light_stationwagonprodmodel_stationwagon_diffuse.dds
00:50:55,8342684	CreateFile	1	2	65664	0	SUCCESS	pearl_vrcam/textures/sq01s80light_stationwagonprodmodel_stationwagon_fog.dds
00:50:55,8345040	CreateFile	1	1	1152	0	SUCCESS	pearl_vrcam/textures/sq01s80light_stationwagonprodmodel_stationwagon_people_diffuse.dds
00:50:55,8355476	CreateFile	1	2	67467	0	SUCCESS	pearl_vrcam/anims/sq01s80light_sq01s80anim_stationwagonrig_stationwagonprodmodel_stationwagon_grp_sq01s80vrtrig_seq1_shot80.mxa
00:50:55,8359245	CreateFile	1	2	155864	0	SUCCESS	pearl_vrcam/models/sq01s80light_sq01s80anim_semitruck02rig_semitruck02prodmodel_semitruck02_grp.mxm
00:50:55,8366874	CreateFile	1	2	4340	0	SUCCESS	pearlpackage/shaders/pearl2_color_d3e7745b.shd
00:50:55,8373369	CreateFile	1	2	65664	0	SUCCESS	pearl_vrcam/textures/sq01s80light_semitruck02prodmodel_semitruck02_diffuse.dds
00:50:55,8376118	CreateFile	1	2	65664	0	SUCCESS	pearl_vrcam/textures/sq01s80light_semitruck02prodmodel_semitruck02_highlight.dds
00:50:55,8386380	CreateFile	1	2	123351	0	SUCCESS	pearl_vrcam/anims/sq01s80light_sq01s80anim_semitruck02rig_semitruck02prodmodel_semitruck02_grp_sq01s80vrtrig_seq1_shot80.mxa
00:50:55,8391223	CreateFile	1	2	110778	0	SUCCESS	pearl_vrcam/models/sq01s80light_sq01s80anim_pickuptruck02rig_pickuptruck02prodmodel_pickuptruck02_grp.mxm
00:50:55,8398066	CreateFile	1	2	65664	0	SUCCESS	pearl_vrcam/textures/sq01s80light_pickuptruck02prodmodel_pickuptruck02_diffuse.dds
00:50:55,8400699	CreateFile	1	2	65664	0	SUCCESS	pearl_vrcam/textures/sq01s80light_pickuptruck02prodmodel_pickuptruck02_highlight.dds
00:50:55,8409140	CreateFile	1	2	74044	0	SUCCESS	pearl_vrcam/anims/sq01s80light_sq01s80anim_pickuptruck02rig_pickuptruck02prodmodel_pickuptruck02_grp_sq01s80vrtrig_seq1_shot80.mxa
00:50:55,8413043	CreateFile	1	2	78370	0	SUCCESS	pearl_vrcam/models/sq01s80light_carpearlnewextattachrig_carpearlnewextattach_carpearlextattach_grp_01.mxm
00:50:55,8423218	CreateFile	1	2	115320	0	SUCCESS	pearl_vrcam/anims/sq01s80light_carpearlnewextattachrig_carpearlnewextattach_carpearlextattach_grp_01_sq01s80vrtrig_seq1_shot80.mxa
00:50:55,8427606	CreateFile	1	2	14734	0	SUCCESS	pearl_vrcam/models/sq01s80light_sq01s80anim_sarakidrig_sarakidprodmodel_sarakm.mxm
00:50:55,8431592	CreateFile	1	2	16512	0	SUCCESS	pearl_vrcam/textures/sq01s80light_sarakidprodmodel_sarakid_features_diffuse.dds
00:50:55,8434085	CreateFile	1	2	16512	0	SUCCESS	pearl_vrcam/textures/sq01s80light_sarakidprodmodel_sarakid_features_highlight.dds
00:50:55,8436228	CreateFile	1	2	1048704	0	SUCCESS	pearl_vrcam/textures/sq01s80light_sarakidprodmodel_sarakid_hair_diffuse.dds
00:50:55,8449206	CreateFile	1	2	1048704	0	SUCCESS	pearl_vrcam/textures/sq01s80light_sarakidprodmodel_sarakid_hair_highlight.dds
00:50:55,8462220	CreateFile	1	2	4194432	0	SUCCESS	pearl_vrcam/textures/sq01s80light_sarakidprodmodel_sarakidbody_diffuse.dds
00:50:55,8495907	CreateFile	1	2	1048704	0	SUCCESS	pearl_vrcam/textures/sq01s80light_sarakidprodmodel_sarakidbody_highlight.dds
00:50:55,8507359	CreateFile	1	2	16512	0	SUCCESS	pearl_vrcam/textures/sq01s80light_sarakidprodmodel_sarakid_boots_diffuse.dds
00:50:55,8510620	CreateFile	1	2	5685	0	SUCCESS	pearlpackage/shaders/pearl2_color_743f6e0e.shd
00:50:55,8518187	CreateFile	1	2	16512	0	SUCCESS	pearl_vrcam/textures/sq01s80light_sarakidprodmodel_sarakid_clothes_diffuse.dds
00:50:55,8520416	CreateFile	1	2	16512	0	SUCCESS	pearl_vrcam/textures/sq01s80light_sarakidprodmodel_sarakid_clothes_highlight.dds
00:50:55,8522501	CreateFile	1	2	1048704	0	SUCCESS	pearl_vrcam/textures/sq01s80light_sarakidprodmodel_sarakidshirt_diffuse.dds
00:50:55,8533060	CreateFile	1	2	1048704	0	SUCCESS	pearl_vrcam/textures/sq01s80light_sarakidprodmodel_sarakidshirt_highlight.dds
00:50:55,8558540	CreateFile	1	2	3419997	0	SUCCESS	pearl_vrcam/anims/sq01s80light_sq01s80anim_sarakidrig_sarakidprodmodel_sarakm_sq01s80vrtrig_seq1_shot80.mxa
00:50:55,8581270	CreateFile	1	1	1065	0	SUCCESS	pearl_vrcam/anims/moxiecamera_sq01s80vrtrig_seq1_shot80.mxa
00:50:55,8583981	CreateFile	1	1	3118	0	SUCCESS	pearl_vrcam/models/sq01s80vrtrig_animation.mxm
00:50:55,8587360	CreateFile	1	2	13475	0	SUCCESS	pearl_vrcam/anims/sq01s80vrtrig_seq1_shot80_animation.mxa
00:51:04,2196771	CreateFile	1	1	742	0	SUCCESS	pearl_vrcam/models/sq01s60light_shadowshapes_old.mxm
00:51:04,2207545	CreateFile	1	2	9947	0	SUCCESS	pearl_vrcam/anims/sq01s60light_shadowshapes_old_sq01s60vrtrig_seq1_shot60.mxa
00:51:04,2212099	CreateFile	1	2	15527	0	SUCCESS	pearl_vrcam/models/sq01s60light_sq01s60anim_sarakidrig_sarakidprodmodel_sarakm.mxm
00:51:04,2215374	CreateFile	1	2	4968	0	SUCCESS	pearlpackage/shaders/pearl2_color_3166fe24.shd
00:51:04,2225402	CreateFile	1	2	32896	0	SUCCESS	pearl_vrcam/textures/sq01s60_sarakid_features_diffuse_dbl.dds
00:51:04,2229243	CreateFile	1	2	16512	0	SUCCESS	pearl_vrcam/textures/sq01s60_sarakid_features_shadow.dds
00:51:04,2231916	CreateFile	1	2	32896	0	SUCCESS	pearl_vrcam/textures/sq01s60_sarakid_features_highlight_dbl.dds
00:51:04,2234343	CreateFile	1	2	524416	0	SUCCESS	pearl_vrcam/textures/sq01s60_sarakid_hair_diffuse_dbl.dds
00:51:04,2240586	CreateFile	1	2	1048704	0	SUCCESS	pearl_vrcam/textures/sq01s60_sarakid_hair_shadow.dds
00:51:04,2250883	CreateFile	1	2	524416	0	SUCCESS	pearl_vrcam/textures/sq01s60_sarakid_hair_highlight_dbl.dds
00:51:04,2257282	CreateFile	1	2	524416	0	SUCCESS	pearl_vrcam/textures/sq01s60_sarakidbody_diffuse_dbl.dds
00:51:04,2262789	CreateFile	1	2	1048704	0	SUCCESS	pearl_vrcam/textures/sq01s60_sarakidbody_shadow.dds
00:51:04,2274083	CreateFile	1	2	524416	0	SUCCESS	pearl_vrcam/textures/sq01s60_sarakidbody_highlight_dbl.dds
00:51:04,2280426	CreateFile	1	2	16512	0	SUCCESS	pearl_vrcam/textures/sq01s60_sarakid_boots_shadow.dds
00:51:04,2283016	CreateFile	1	2	16512	0	SUCCESS	pearl_vrcam/textures/sq01s60_sarakid_boots_sodium.dds
00:51:04,2285207	CreateFile	1	2	524416	0	SUCCESS	pearl_vrcam/textures/sq01s60_sarakidshirt_diffuse_dbl.dds
00:51:04,2291185	CreateFile	1	2	16512	0	SUCCESS	pearl_vrcam/textures/sq01s60_sarakid_clothes_shadow.dds
00:51:04,2293580	CreateFile	1	2	524416	0	SUCCESS	pearl_vrcam/textures/sq01s60_sarakidshirt_highlight_dbl.dds
00:51:04,2298976	CreateFile	1	2	1048704	0	SUCCESS	pearl_vrcam/textures/sq01s60_sarakidshirt_shadow.dds
00:51:04,2315582	CreateFile	1	2	4101193	0	SUCCESS	pearl_vrcam/anims/sq01s60light_sq01s60anim_sarakidrig_sarakidprodmodel_sarakm_sq01s60vrtrig_seq1_shot60.mxa
00:51:04,2342813	CreateFile	1	0	0	1	SUCCESS	saves/checkpoint_5.dat
00:51:04,2354359	CreateFile	1	1	1402	0	SUCCESS	pearl_vrcam/models/sq01s60light_lighthelmet_sara.mxm
00:51:04,2359790	CreateFile	1	2	8999	0	SUCCESS	pearl_vrcam/anims/sq01s60light_lighthelmet_sara_sq01s60vrtrig_seq1_shot60.mxa
00:51:04,2362246	CreateFile	1	2	453255	0	SUCCESS	pearl_vrcam/models/sq01s60light_sq01s60anim_carpearlnewrig_carpearl_grp.mxm
00:51:04,2376356	CreateFile	1	0	0	4	SUCCESS	saves/checkpoint_5.tga
00:51:04,2381865	CreateFile	1	2	4802	0	SUCCESS	pearlpackage/shaders/pearl2_color_de8d0482.shd
00:51:04,2391528	CreateFile	1	2	32896	0	SUCCESS	pearl_vrcam/textures/sq01s60_carbody_diffuse_dbl.dds
00:51:04,2394097	CreateFile	1	2	32896	0	SUCCESS	pearl_vrcam/textures/sq01s60_carmirror_rear_diffuse.dds
00:51:04,2396240	CreateFile	1	2	5404	0	SUCCESS	pearlpackage/shaders/pearl2_color_bbb09ca0.shd
00:51:04,2404079	CreateFile	1	2	147584	0	SUCCESS	pearl_vrcam/textures/sq01s60_carmirror_left_diffuse.dds
00:51:04,2407948	CreateFile	1	1	1004	0	SUCCESS	pearlpackage/shaders/reflection_shadow_7e8f1594.shd
00:51:04,2412574	CreateFile	1	2	32896	0	SUCCESS	pearl_vrcam/textures/sq01s60_carmirror_rear_cutout.dds
00:51:04,2414888	CreateFile	1	2	147584	0	SUCCESS	pearl_vrcam/textures/sq01s60_carmirror_right_diffuse.dds
00:51:04,2419795	CreateFile	1	2	5570	0	SUCCESS	pearlpackage/shaders/pearl2_color_545b6606.shd
00:51:04,2426283	CreateFile	1	2	16512	0	SUCCESS	pearl_vrcam/textures/sq01s60_carseats_shadow.dds
00:51:04,2428431	CreateFile	1	2	32896	0	SUCCESS	pearl_vrcam/textures/sq01s60_carbody_highlight_dbl.dds
00:51:04,2454086	CreateFile	1	2	714019	0	SUCCESS	pearl_vrcam/anims/sq01s60light_sq01s60anim_carpearlnewrig_carpearl_grp_sq01s60vrtrig_seq1_shot60.mxa
00:51:04,2468397	CreateFile	1	2	4987	0	SUCCESS	pearl_vrcam/models/sq01s60light_lensflares.mxm
00:51:04,2479071	CreateFile	1	2	77019	0	SUCCESS	pearl_vrcam/anims/sq01s60light_lensflares_sq01s60vrtrig_seq1_shot60.mxa
00:51:04,2483038	CreateFile	1	1	1239	0	SUCCESS	pearl_vrcam/models/sq01s60light_lighthelmet_dad.mxm
00:51:04,2486434	CreateFile	1	2	8401	0	SUCCESS	pearl_vrcam/anims/sq01s60light_lighthelmet_dad_sq01s60vrtrig_seq1_shot60.mxa
00:51:04,2488947	CreateFile	1	2	78011	0	SUCCESS	pearl_vrcam/models/sq01s60light_carpearlnewextattachrig_carpearlnewextattach_carpearlextattach_grp_01.mxm
00:51:04,2493961	CreateFile	1	2	4638	0	SUCCESS	pearlpackage/shaders/pearl2_color_e81c46cd.shd
00:51:04,2511676	CreateFile	1	2	231524	0	SUCCESS	pearl_vrcam/anims/sq01s60light_carpearlnewextattachrig_carpearlnewextattach_carpearlextattach_grp_01_sq01s60vrtrig_seq1_shot60.mxa
00:51:04,2517767	CreateFile	1	2	21186	0	SUCCESS	pearl_vrcam/models/sq01s60light_sc0160setdressingvr_cardboardbox_grp.mxm
00:51:04,2520635	CreateFile	1	2	4889	0	SUCCESS	pearlpackage/shaders/pearl2_color_558685da.shd
00:51:04,2526080	CreateFile	1	1	640	0	SUCCESS	pearl_vrcam/textures/sq01s60_sd_cardboardboxa_diffuse_dbl.dds
00:51:04,2528000	CreateFile	1	1	640	0	SUCCESS	pearl_vrcam/textures/sq01s60_sd_cardboardboxa_highlight_dbl.dds
00:51:04,2532480	CreateFile	1	2	39820	0	SUCCESS	pearl_vrcam/anims/sq01s60light_sc0160setdressingvr_cardboardbox_grp_sq01s60vrtrig_seq1_shot60.mxa
00:51:04,2535493	CreateFile	1	1	1325	0	SUCCESS	pearl_vrcam/models/sq01s60light_bloomcutoutdisks.mxm
00:51:04,2537675	CreateFile	1	1	2038	0	SUCCESS	pearlpackage/shaders/alwaysontop_400f969c.shd
00:51:04,2543105	CreateFile	1	2	8140	0	SUCCESS	pearl_vrcam/anims/sq01s60light_bloomcutoutdisks_sq01s60vrtrig_seq1_shot60.mxa
00:51:04,2545514	CreateFile	1	2	417569	0	SUCCESS	pearl_vrcam/models/sq01s60light_sq01s60anim_sq01s60flo_mountainroadtunnel_mountainroadtunnel_grp.mxm
00:51:04,2572074	CreateFile	1	2	4194432	0	SUCCESS	pearl_vrcam/textures/sq01s60_sky_diffuse.dds
00:51:04,2599597	CreateFile	1	2	65664	0	SUCCESS	pearl_vrcam/textures/sq01s60_mountainroadtunnel_diffuse.dds
00:51:04,2603340	CreateFile	1	2	262272	0	SUCCESS	pearl_vrcam/textures/sq01s60_distantmountains_diffuse.dds
00:51:04,2607447	CreateFile	1	2	131200	0	SUCCESS	pearl_vrcam/textures/sq01s60_midground_mountains_diffuse.dds
00:51:04,2616766	CreateFile	1	1	3603	0	SUCCESS	pearlpackage/shaders/pearl2_color_3c6f1c70.shd
00:51:04,2622052	CreateFile	1	2	524416	0	SUCCESS	pearl_vrcam/textures/tunnelwall.dds
00:51:04,2631386	CreateFile	1	2	524416	0	SUCCESS	pearl_vrcam/textures/tunnelfloor.dds
00:51:04,2638652	CreateFile	1	2	131200	0	SUCCESS	pearl_vrcam/textures/tunnelcables.dds
00:51:04,2673134	CreateFile	1	2	129007	0	SUCCESS	pearl_vrcam/anims/sq01s60light_sq01s60anim_sq01s60flo_mountainroadtunnel_mountainroadtunnel_grp_sq01s60vrtrig_seq1_shot60.mxa
00:51:04,2678823	CreateFile	1	2	11756	0	SUCCESS	pearl_vrcam/models/sq01s60light_sq01s60anim_sc0160setdressingcarinta_cardboardnolid_nolidbox_grp.mxm
00:51:04,2682032	CreateFile	1	1	2176	0	SUCCESS	pearl_vrcam/textures/sq01s60_sd_cardboardnolid_diffuse_dbl.dds
00:51:04,2683974	CreateFile	1	1	2176	0	SUCCESS	pearl_vrcam/textures/sq01s60_sd_cardboardnolid_highlight_dbl.dds
00:51:04,2688284	CreateFile	1	2	54718	0	SUCCESS	pearl_vrcam/anims/sq01s60light_sq01s60anim_sc0160setdressingcarinta_cardboardnolid_nolidbox_grp_sq01s60vrtrig_seq1_shot60.mxa
00:51:04,2691778	CreateFile	1	2	75707	0	SUCCESS	pearl_vrcam/models/sq01s60light_sq01s60anim_sc0160setdressingcarinta_dadyoungguitarcase_dadyoungguitarcase_grp.mxm
00:51:04,2697014	CreateFile	1	1	640	0	SUCCESS	pearl_vrcam/textures/sq01s60_sd_dadyoungguitarcase_diffuse_dbl.dds
00:51:04,2698898	CreateFile	1	2	4224	0	SUCCESS	pearl_vrcam/textures/sq01s60_sd_dadyoungguitarcase_shadow.dds
00:51:04,2701494	CreateFile	1	1	640	0	SUCCESS	pearl_vrcam/textures/sq01s60_sd_dadyoungguitarcase_highlight_dbl.dds
00:51:04,2719100	CreateFile	1	2	87874	0	SUCCESS	pearl_vrcam/anims/sq01s60light_sq01s60anim_sc0160setdressingcarinta_dadyoungguitarcase_dadyoungguitarcase_grp_sq01s60vrtrig_seq1_shot60.mxa
00:51:04,2724103	CreateFile	1	2	21998	0	SUCCESS	pearl_vrcam/models/sq01s60light_sq01s60anim_dadyoungrig_dadyoungprodmodel_dadym.mxm
00:51:04,2727812	CreateFile	1	2	32896	0	SUCCESS	pearl_vrcam/textures/sq01s60_dadfeatures_diffuse_dbl.dds
00:51:04,2729944	CreateFile	1	2	16512	0	SUCCESS	pearl_vrcam/textures/sq01s60_dadfeatures_shadow.dds
00:51:04,2732093	CreateFile	1	2	32896	0	SUCCESS	pearl_vrcam/textures/sq01s60_dadfeatures_highlight_dbl.dds
00:51:04,2734420	CreateFile	1	2	2097280	0	SUCCESS	pearl_vrcam/textures/sq01s60_dadface_diffuse_dbl.dds
00:51:04,2752693	CreateFile	1	2	4194432	0	SUCCESS	pearl_vrcam/textures/sq01s60_dadface_shadow.dds
00:51:04,2784812	CreateFile	1	2	2097280	0	SUCCESS	pearl_vrcam/textures/sq01s60_dadface_highlight_dbl.dds
00:51:04,2803974	CreateFile	1	2	524416	0	SUCCESS	pearl_vrcam/textures/sq01s60_dadyoung_hair_diffuse_dbl.dds
00:51:04,2810301	CreateFile	1	2	1048704	0	SUCCESS	pearl_vrcam/textures/sq01s60_dadyoung_hair_shadow.dds
00:51:04,2823593	CreateFile	1	2	524416	0	SUCCESS	pearl_vrcam/textures/sq01s60_dadyoung_hair_highlight_dbl.dds
00:51:04,2831460	CreateFile	1	2	524416	0	SUCCESS	pearl_vrcam/textures/sq01s60_dadarms_diffuse_dbl.dds
00:51:04,2837082	CreateFile	1	2	1048704	0	SUCCESS	pearl_vrcam/textures/sq01s60_dadarms_shadow.dds
00:51:04,2846779	CreateFile	1	2	524416	0	SUCCESS	pearl_vrcam/textures/sq01s60_dadarms_highlight_dbl.dds
00:51:04,2852241	CreateFile	1	2	16512	0	SUCCESS	pearl_vrcam/textures/sq01s60_dadyoungsurf_shadow.dds
00:51:04,2854616	CreateFile	1	1	640	0	SUCCESS	pearl_vrcam/textures/sq01s60_dadshirt_diffuse_dbl.dds
00:51:04,2856593	CreateFile	1	2	1048704	0	SUCCESS	pearl_vrcam/textures/sq01s60_dadshirt_shadow.dds
00:51:04,2881871	CreateFile	1	1	640	0	SUCCESS	pearl_vrcam/textures/sq01s60_dadshirt_highlight_dbl.dds
00:51:04,2887998	CreateFile	1	2	4035091	0	SUCCESS	pearl_vrcam/anims/sq01s60light_sq01s60anim_dadyoungrig_dadyoungprodmodel_dadym_sq01s60vrtrig_seq1_shot60.mxa
00:51:04,2932268	CreateFile	1	2	17270	0	SUCCESS	pearl_vrcam/models/sq01s60light_sq01s60anim_sc0160setdressingcarinta_stuffedanimalb_stuffedanimalb.mxm
00:51:04,2936338	CreateFile	1	1	2176	0	SUCCESS	pearl_vrcam/textures/sq01s60_sd_stuffedanimalb_diffuse_dbl.dds
00:51:04,2938355	CreateFile	1	1	2176	0	SUCCESS	pearl_vrcam/textures/sq01s60_sd_stuffedanimalb_highlight_dbl.dds
00:51:04,2945117	CreateFile	1	2	55078	0	SUCCESS	pearl_vrcam/anims/sq01s60light_sq01s60anim_sc0160setdressingcarinta_stuffedanimalb_stuffedanimalb_sq01s60vrtrig_seq1_shot60.mxa
00:51:04,2949675	CreateFile	1	2	12343	0	SUCCESS	pearl_vrcam/models/sq01s60light_sq01s60anim_sc0160setdressingcarinta_cardboardboxa_grp.mxm
00:51:04,2954776	CreateFile	1	2	54870	0	SUCCESS	pearl_vrcam/anims/sq01s60light_sq01s60anim_sc0160setdressingcarinta_cardboardboxa_grp_sq01s60vrtrig_seq1_shot60.mxa
00:51:04,2958935	CreateFile	1	2	319295	0	SUCCESS	pearl_vrcam/models/sq01s60light_sq01s60anim_sc0160setdressingcarinta_sc0160setdressinga.mxm
00:51:04,2975475	CreateFile	1	2	18560	0	SUCCESS	pearl_vrcam/textures/sq01s60_sd_doors_diffuse_dbl.dds
00:51:04,2978116	CreateFile	1	2	18560	0	SUCCESS	pearl_vrcam/textures/sq01s60_sd_doors_highlight_dbl.dds
00:51:04,2980193	CreateFile	1	1	2176	0	SUCCESS	pearl_vrcam/textures/sq01s60_sd_dash_diffuse_dbl.dds
00:51:04,2982056	CreateFile	1	1	2176	0	SUCCESS	pearl_vrcam/textures/sq01s60_sd_dash_highlight_dbl.dds
00:51:04,2984166	CreateFile	1	2	12928	0	SUCCESS	pearl_vrcam/textures/sq01s60_sd_misc_diffuse_dbl.dds
00:51:04,2986262	CreateFile	1	2	12928	0	SUCCESS	pearl_vrcam/textures/sq01s60_sd_misc_highlight_dbl.dds
00:51:04,2988403	CreateFile	1	1	640	0	SUCCESS	pearl_vrcam/textures/sq01s60_sd_legalpad_mtl1_diffuse_dbl.dds
00:51:04,2990381	CreateFile	1	1	640	0	SUCCESS	pearl_vrcam/textures/sq01s60_sd_legalpad_mtl1_highlight_dbl.dds
00:51:04,2992285	CreateFile	1	1	640	0	SUCCESS	pearl_vrcam/textures/sq01s60_sd_beadsdecoration_diffuse_dbl.dds
00:51:04,2994258	CreateFile	1	1	640	0	SUCCESS	pearl_vrcam/textures/sq01s60_sd_beadsdecoration_highlight_dbl.dds
00:51:04,2996147	CreateFile	1	2	115328	0	SUCCESS	pearl_vrcam/textures/sq01s60_sd_sc0250setdressing_back_diffuse_dbl.dds
00:51:04,2999070	CreateFile	1	2	115328	0	SUCCESS	pearl_vrcam/textures/sq01s60_sd_sc0250setdressing_back_highlight_dbl.dds
00:51:04,3001397	CreateFile	1	2	73856	0	SUCCESS	pearl_vrcam/textures/sq01s60_sd_sc0250setdressing_front_diffuse_dbl.dds
00:51:04,3003506	CreateFile	1	2	73856	0	SUCCESS	pearl_vrcam/textures/sq01s60_sd_sc0250setdressing_front_highlight_dbl.dds
00:51:04,3005687	CreateFile	1	2	346240	0	SUCCESS	pearl_vrcam/textures/sq01s60_sd_backseat_diffuse_dbl.dds
00:51:04,3009254	CreateFile	1	2	346240	0	SUCCESS	pearl_vrcam/textures/sq01s60_sd_backseat_highlight_dbl.dds
00:51:04,3012398	CreateFile	1	2	524416	0	SUCCESS	pearl_vrcam/textures/sq01s60_sd_sketchbook_diffuse_dbl.dds
00:51:04,3018587	CreateFile	1	2	524416	0	SUCCESS	pearl_vrcam/textures/sq01s60_sd_sketchbook_highlight_dbl.dds
00:51:04,3026023	CreateFile	1	2	62080	0	SUCCESS	pearl_vrcam/textures/sq01s60_sd_trunk_diffuse_dbl.dds
00:51:04,3028677	CreateFile	1	2	62080	0	SUCCESS	pearl_vrcam/textures/sq01s60_sd_trunk_highlight_dbl.dds
00:51:04,3054725	CreateFile	1	2	427640	0	SUCCESS	pearl_vrcam/anims/sq01s60light_sq01s60anim_sc0160setdressingcarinta_sc0160setdressinga_sq01s60vrtrig_seq1_shot60.mxa
00:51:04,3066729	CreateFile	1	2	82703	0	SUCCESS	pearl_vrcam/models/sq01s60light_sq01s60anim_sc0160setdressingcarintb_sc0160setdressingb.mxm
00:51:04,3073213	CreateFile	1	2	100480	0	SUCCESS	pearl_vrcam/textures/sq01s60_sd_sc0160setdressingcarintb_diffuse_dbl.dds
00:51:04,3076307	CreateFile	1	2	100480	0	SUCCESS	pearl_vrcam/textures/sq01s60_sd_sc0160setdressingcarintb_highlight_dbl.dds
00:51:04,3092774	CreateFile	1	2	54850	0	SUCCESS	pearl_vrcam/anims/sq01s60light_sq01s60anim_sc0160setdressingcarintb_sc0160setdressingb_sq01s60vrtrig_seq1_shot60.mxa
00:51:04,3096809	CreateFile	1	2	87138	0	SUCCESS	pearl_vrcam/models/sq01s60light_sq01s60anim_sc0160setdressingcarinta_toyunicorn_toyunicorn_grp.mxm
00:51:04,3102168	CreateFile	1	2	5723	0	SUCCESS	pearlpackage/shaders/pearl2_color_42d1eed3.shd
00:51:04,3113087	CreateFile	1	2	86708	0	SUCCESS	pearl_vrcam/anims/sq01s60light_sq01s60anim_sc0160setdressingcarinta_toyunicorn_toyunicorn_grp_sq01s60vrtrig_seq1_shot60.mxa
00:51:04,3120318	CreateFile	1	1	3104	0	SUCCESS	pearl_vrcam/models/sq01s60light_shadowshapes.mxm
00:51:04,3126871	CreateFile	1	2	16157	0	SUCCESS	pearl_vrcam/anims/sq01s60light_shadowshapes_sq01s60vrtrig_seq1_shot60.mxa
00:51:04,3130902	CreateFile	1	1	1065	0	SUCCESS	pearl_vrcam/anims/moxiecamera_sq01s60vrtrig_seq1_shot60.mxa
00:51:04,3134157	CreateFile	1	1	2710	0	SUCCESS	pearl_vrcam/models/sq01s60vrtrig_animation.mxm
00:51:04,3138424	CreateFile	1	2	17546	0	SUCCESS	pearl_vrcam/anims/sq01s60vrtrig_seq1_shot60_animation.mxa
00:51:11,7610765	CreateFile	1	2	78014	0	SUCCESS	pearl_vrcam/models/sq02s20light_carpearlnewextattachrig_carpearlnewextattach_carpearlextattach_grp_01.mxm
00:51:11,7616742	CreateFile	1	2	4476	0	SUCCESS	pearlpackage/shaders/pearl2_color_3960cf42.shd
00:51:11,7630543	CreateFile	1	2	16512	0	SUCCESS	pearl_vrcam/textures/sq02s20light_carpearlnew_carbody_shadow.dds
00:51:11,7667849	CreateFile	1	2	11544	0	SUCCESS	pearl_vrcam/anims/sq02s20light_carpearlnewextattachrig_carpearlnewextattach_carpearlextattach_grp_01_sq02s20vrtrig_seq2_shot20.mxa
00:51:11,7670795	CreateFile	1	1	844	0	SUCCESS	pearl_vrcam/models/sq02s20light_shadow_sphere.mxm
00:51:11,7674974	CreateFile	1	2	55980	0	SUCCESS	pearl_vrcam/models/sq02s20light_sq02s20anim_acousticguitar_acousticguitar.mxm
00:51:11,7680155	CreateFile	1	2	16512	0	SUCCESS	pearl_vrcam/textures/sq02s20light_acousticguitar_acousticguitar_shadow.dds
00:51:11,7689965	CreateFile	1	1	3864	0	SUCCESS	pearlpackage/shaders/pearl2_color_76740979.shd
00:51:11,7715423	CreateFile	1	2	27097	0	SUCCESS	pearl_vrcam/anims/sq02s20light_sq02s20anim_acousticguitar_acousticguitar_sq02s20vrtrig_seq2_shot20.mxa
00:51:11,7718877	CreateFile	1	2	41819	0	SUCCESS	pearl_vrcam/models/sq02s20light_sq02s20anim_ukulele_ukulele.mxm
00:51:11,7723290	CreateFile	1	2	4684	0	SUCCESS	pearlpackage/shaders/pearl2_color_f2d00367.shd
00:51:11,7750411	CreateFile	1	2	31864	0	SUCCESS	pearl_vrcam/anims/sq02s20light_sq02s20anim_ukulele_ukulele_sq02s20vrtrig_seq2_shot20.mxa
00:51:11,7753627	CreateFile	1	2	20292	0	SUCCESS	pearl_vrcam/models/sq02s20light_sq02s20anim_dadyoungrig_dadyoungprodmodel_dadym.mxm
00:51:11,7766312	CreateFile	1	2	16512	0	SUCCESS	pearl_vrcam/textures/sq02s20light_dadyoungprodmodel_dadfeatures_shadow.dds
00:51:11,7770714	CreateFile	1	0	0	1	SUCCESS	saves/checkpoint_6.dat
00:51:11,7775196	CreateFile	1	2	4194432	0	SUCCESS	pearl_vrcam/textures/sq02s20light_dadyoungprodmodel_dadface_shadow.dds
00:51:11,7807764	CreateFile	1	2	4194432	0	SUCCESS	pearl_vrcam/textures/sq02s20light_dadyoungprodmodel_dadface_highlight.dds
00:51:11,7823715	CreateFile	1	0	0	4	SUCCESS	saves/checkpoint_6.tga
00:51:11,7845208	CreateFile	1	2	1048704	0	SUCCESS	pearl_vrcam/textures/sq02s20light_dadyoungprodmodel_dadyoung_hair_diffuse.dds
00:51:11,7856612	CreateFile	1	2	4419	0	SUCCESS	pearlpackage/shaders/pearl2_color_70b1f2f2.shd
00:51:11,7863709	CreateFile	1	2	4194432	0	SUCCESS	pearl_vrcam/textures/sq02s20light_dadyoungprodmodel_dadarms_shadow.dds
00:51:11,7895645	CreateFile	1	2	4194432	0	SUCCESS	pearl_vrcam/textures/sq02s20light_dadyoungprodmodel_dadarms_highlight.dds
00:51:11,7937563	CreateFile	1	2	16512	0	SUCCESS	pearl_vrcam/textures/sq02s20light_dadyoungprodmodel_dadyoungsurf_shadow.dds
00:51:11,7939766	CreateFile	1	2	1048704	0	SUCCESS	pearl_vrcam/textures/sq02s20light_dadyoungprodmodel_dadshirt_diffuse.dds
00:51:11,7948542	CreateFile	1	2	1048704	0	SUCCESS	pearl_vrcam/textures/sq02s20light_dadyoungprodmodel_dadshirt_shadow.dds
00:51:11,7957788	CreateFile	1	2	1048704	0	SUCCESS	pearl_vrcam/textures/sq02s20light_dadyoungprodmodel_dadshirt_highlight.dds
00:51:11,7970625	CreateFile	1	2	1097261	0	SUCCESS	pearl_vrcam/anims/sq02s20light_sq02s20anim_dadyoungrig_dadyoungprodmodel_dadym_sq02s20vrtrig_seq2_shot20.mxa
00:51:11,7981916	CreateFile	1	1	4008	0	SUCCESS	pearl_vrcam/models/sq02s20light_citybackground_grp_01.mxm
00:51:11,7984302	CreateFile	1	2	127104	0	SUCCESS	pearl_vrcam/textures/sq02s20light_billboard_etc_diffuse.dds
00:51:11,7993552	CreateFile	1	2	14101	0	SUCCESS	pearl_vrcam/models/sq02s20light_sq02s20anim_sarakidrig_sarakidprodmodel_sarakm.mxm
00:51:11,7996456	CreateFile	1	2	16512	0	SUCCESS	pearl_vrcam/textures/sq02s20light_sarakidprodmodel_sarakid_features_shadow.dds
00:51:11,7998678	CreateFile	1	2	4506	0	SUCCESS	pearlpackage/shaders/pearl2_color_e15cbd51.shd
00:51:11,8003741	CreateFile	1	2	1048704	0	SUCCESS	pearl_vrcam/textures/sq02s20light_sarakidprodmodel_sarakid_hair_shadow.dds
00:51:11,8014228	CreateFile	1	2	1048704	0	SUCCESS	pearl_vrcam/textures/sq02s20light_sarakidprodmodel_sarakid_hair_highlight.dds
00:51:11,8026266	CreateFile	1	2	4246	0	SUCCESS	pearlpackage/shaders/pearl2_color_bbfb0f2f.shd
00:51:11,8033742	CreateFile	1	2	4194432	0	SUCCESS	pearl_vrcam/textures/sq02s20light_sarakidprodmodel_sarakidbody_diffuse.dds
00:51:11,8070502	CreateFile	1	2	5303	0	SUCCESS	pearlpackage/shaders/pearl2_color_a900829c.shd
00:51:11,8081335	CreateFile	1	2	16512	0	SUCCESS	pearl_vrcam/textures/sq02s20light_sarakidprodmodel_sarakid_boots_shadow.dds
00:51:11,8084098	CreateFile	1	2	16512	0	SUCCESS	pearl_vrcam/textures/sq02s20light_sarakidprodmodel_sarakid_boots_highlight.dds
00:51:11,8086238	CreateFile	1	2	5390	0	SUCCESS	pearlpackage/shaders/pearl2_color_7d14671a.shd
00:51:11,8093357	CreateFile	1	2	16512	0	SUCCESS	pearl_vrcam/textures/sq02s20light_sarakidprodmodel_sarakid_clothes_shadow.dds
00:51:11,8095972	CreateFile	1	2	16512	0	SUCCESS	pearl_vrcam/textures/sq02s20light_sarakidprodmodel_sarakid_clothes_highlight.dds
00:51:11,8098174	CreateFile	1	2	5390	0	SUCCESS	pearlpackage/shaders/pearl2_color_18735c5c.shd
00:51:11,8104000	CreateFile	1	2	1048704	0	SUCCESS	pearl_vrcam/textures/sq02s20light_sarakidprodmodel_sarakidshirt_shadow.dds
00:51:11,8115245	CreateFile	1	2	1048704	0	SUCCESS	pearl_vrcam/textures/sq02s20light_sarakidprodmodel_sarakidshirt_highlight.dds
00:51:11,8125193	CreateFile	1	1	3347	0	SUCCESS	pearlpackage/shaders/pearl2_color_1baf3bf.shd
00:51:11,8136010	CreateFile	1	2	1347662	0	SUCCESS	pearl_vrcam/anims/sq02s20light_sq02s20anim_sarakidrig_sarakidprodmodel_sarakm_sq02s20vrtrig_seq2_shot20.mxa
00:51:11,8147160	CreateFile	1	2	10957	0	SUCCESS	pearl_vrcam/models/sq02s20light_sc0220setdressingvr_cardboardbox_grp.mxm
00:51:11,8153395	CreateFile	1	2	631665	0	SUCCESS	pearl_vrcam/models/sq02s20light_sq02s20anim_sq02s20flo_sc0220setdressing_sc0220setdressing.mxm
00:51:11,8181228	CreateFile	1	2	5224	0	SUCCESS	pearlpackage/shaders/pearl2_color_5b576f64.shd
00:51:11,8191210	CreateFile	1	2	16512	0	SUCCESS	pearl_vrcam/textures/sq02s20light_sc0220setdressing_sc0220setdressing_diffuse.dds
00:51:11,8193571	CreateFile	1	2	16512	0	SUCCESS	pearl_vrcam/textures/sq02s20light_sc0220setdressing_sc0220setdressing_highlight.dds
00:51:11,8195683	CreateFile	1	2	5469	0	SUCCESS	pearlpackage/shaders/pearl2_color_7fca603d.shd
00:51:11,8203197	CreateFile	1	2	16512	0	SUCCESS	pearl_vrcam/textures/sq02s20light_sc0220setdressing_sc0220setdressing_shadow.dds
00:51:11,8206045	CreateFile	1	2	1048704	0	SUCCESS	pearl_vrcam/textures/sq02s20light_sc0220setdressing_newspaper_main1_diffuse.dds
00:51:11,8219388	CreateFile	1	2	262272	0	SUCCESS	pearl_vrcam/textures/sq02s20light_sc0220setdressing_newspaper_main1_highlight.dds
00:51:11,8224301	CreateFile	1	1	3266	0	SUCCESS	pearlpackage/shaders/pearl2_color_f9cf4c39.shd
00:51:11,8230041	CreateFile	1	2	16512	0	SUCCESS	pearl_vrcam/textures/sq02s20light_sc0220setdressing_sc0220setdressing_christmas_lights_diffuse.dds
00:51:11,8232325	CreateFile	1	2	16512	0	SUCCESS	pearl_vrcam/textures/sq02s20light_sc0220setdressing_sc0220setdressing_christmas_lights_highlight.dds
00:51:11,8240170	CreateFile	1	2	16512	0	SUCCESS	pearl_vrcam/textures/sq02s20light_stuffedanimalb1_stuffedanimalb_diffuse.dds
00:51:11,8242253	CreateFile	1	2	16512	0	SUCCESS	pearl_vrcam/textures/sq02s20light_stuffedanimalb1_stuffedanimalb_highlight.dds
00:51:11,8244298	CreateFile	1	2	4224	0	SUCCESS	pearl_vrcam/textures/sq02s20light_beachball1_beachball_diffuse.dds
00:51:11,8246271	CreateFile	1	1	1152	0	SUCCESS	pearl_vrcam/textures/sq02s20light_bagofchips1_bagofchips_diffuse.dds
00:51:11,8248218	CreateFile	1	1	1152	0	SUCCESS	pearl_vrcam/textures/sq02s20light_bagofchips1_bagofchips_highlight.dds
00:51:11,8250342	CreateFile	1	2	4224	0	SUCCESS	pearl_vrcam/textures/sq02s20light_cardboardboxa_cardboardboxa_diffuse.dds
00:51:11,8253217	CreateFile	1	2	16512	0	SUCCESS	pearl_vrcam/textures/sq02s20light_gymbag_gymbag_diffuse.dds
00:51:11,8255349	CreateFile	1	2	16512	0	SUCCESS	pearl_vrcam/textures/sq02s20light_gymbag_gymbag_highlight.dds
00:51:11,8257345	CreateFile	1	2	4340	0	SUCCESS	pearlpackage/shaders/pearl2_color_b6804f1d.shd
00:51:11,8262346	CreateFile	1	2	4224	0	SUCCESS	pearl_vrcam/textures/sq02s20light_bagofgroceries_bagofgroceries_diffuse.dds
00:51:11,8264373	CreateFile	1	2	4224	0	SUCCESS	pearl_vrcam/textures/sq02s20light_bagofgroceries_bagofgroceries_highlight.dds
00:51:11,8286443	CreateFile	1	2	67056	0	SUCCESS	pearl_vrcam/anims/sq02s20light_sq02s20anim_sq02s20flo_sc0220setdressing_sc0220setdressing_sq02s20vrtrig_seq2_shot20.mxa
00:51:11,8291296	CreateFile	1	2	16988	0	SUCCESS	pearl_vrcam/models/sq02s20light_xmasblankets_xmasblankets_grp_01.mxm
00:51:11,8295201	CreateFile	1	1	2432	0	SUCCESS	pearl_vrcam/textures/sq02s20light_xmasblankets_xmasblankets_diffuse.dds
00:51:11,8306106	CreateFile	1	2	11707	0	SUCCESS	pearl_vrcam/models/sq02s20light_christmas_light_glows.mxm
00:51:11,8310357	CreateFile	1	2	262272	0	SUCCESS	pearl_vrcam/textures/02_20_yellow_light_glow.dds
00:51:11,8315038	CreateFile	1	2	262272	0	SUCCESS	pearl_vrcam/textures/02_20_no_glow.dds
00:51:11,8317932	CreateFile	1	2	262272	0	SUCCESS	pearl_vrcam/textures/02_20_pink_light_glow.dds
00:51:11,8328663	CreateFile	1	2	19673	0	SUCCESS	pearl_vrcam/anims/sq02s20light_christmas_light_glows_sq02s20vrtrig_seq2_shot20.mxa
00:51:11,8331368	CreateFile	1	1	672	0	SUCCESS	pearl_vrcam/models/sq02s20light_shadow_plane.mxm
00:51:11,8345309	CreateFile	1	1	3706	0	SUCCESS	pearl_vrcam/anims/sq02s20light_shadow_plane_sq02s20vrtrig_seq2_shot20.mxa
00:51:11,8347648	CreateFile	1	2	448379	0	SUCCESS	pearl_vrcam/models/sq02s20light_sq02s20anim_carpearlnewrig_carpearl_grp.mxm
00:51:11,8365001	CreateFile	1	2	5078	0	SUCCESS	pearlpackage/shaders/pearl2_color_5c5d5760.shd
00:51:11,8372862	CreateFile	1	2	1048704	0	SUCCESS	pearl_vrcam/textures/sq02s20light_carpearlnew_carmirror_left_diffuse.dds
00:51:11,8384712	CreateFile	1	2	1048704	0	SUCCESS	pearl_vrcam/textures/sq02s20light_carpearlnew_carmirror_right_diffuse.dds
00:51:11,8398536	CreateFile	1	2	5294	0	SUCCESS	pearlpackage/shaders/pearl2_color_5baa8694.shd
00:51:11,8407188	CreateFile	1	2	16512	0	SUCCESS	pearl_vrcam/textures/sq02s20light_carpearlnew_carseats_diffuse.dds
00:51:11,8409590	CreateFile	1	2	16512	0	SUCCESS	pearl_vrcam/textures/sq02s20light_carpearlnew_carseats_dark_shadow.dds
00:51:11,8430718	CreateFile	1	2	56213	0	SUCCESS	pearl_vrcam/anims/sq02s20light_sq02s20anim_carpearlnewrig_carpearl_grp_sq02s20vrtrig_seq2_shot20.mxa
00:51:11,8434441	CreateFile	1	1	3463	0	SUCCESS	pearl_vrcam/models/sq02s20light_skydome_01.mxm
00:51:11,8436714	CreateFile	1	2	4418	0	SUCCESS	pearlpackage/shaders/pearl2_color_fa8ead89.shd
00:51:11,8445265	CreateFile	1	1	1646	0	SUCCESS	pearl_vrcam/models/sq02s20light_rearviewmirror_01.mxm
00:51:11,8447728	CreateFile	1	2	1048704	0	SUCCESS	pearl_vrcam/textures/sq02s20light_carpearlnew_carmirror_rear_diffuse.dds
00:51:11,8468735	CreateFile	1	2	11931	0	SUCCESS	pearl_vrcam/models/sq02s20light_sq02s20anim_antlersrig_antlerctrl_grp.mxm
00:51:11,8471581	CreateFile	1	2	4147	0	SUCCESS	pearlpackage/shaders/pearl2_color_f3afdfb5.shd
00:51:11,8480170	CreateFile	1	1	3957	0	SUCCESS	pearlpackage/shaders/pearl2_color_9261f7d0.shd
00:51:11,8495371	CreateFile	1	2	22382	0	SUCCESS	pearl_vrcam/anims/sq02s20light_sq02s20anim_antlersrig_antlerctrl_grp_sq02s20vrtrig_seq2_shot20.mxa
00:51:11,8498371	CreateFile	1	1	1065	0	SUCCESS	pearl_vrcam/anims/moxiecamera_sq02s20vrtrig_seq2_shot20.mxa
00:51:11,8500466	CreateFile	1	1	3092	0	SUCCESS	pearl_vrcam/models/sq02s20vrtrig_animation.mxm
00:51:11,8504036	CreateFile	1	2	13241	0	SUCCESS	pearl_vrcam/anims/sq02s20vrtrig_seq2_shot20_animation.mxa
00:51:21,6357936	CreateFile	1	2	6847	0	SUCCESS	pearl_vrcam/models/sq02s10light_otheractors.mxm
00:51:21,6361145	CreateFile	1	2	262272	0	SUCCESS	pearl_vrcam/textures/sq02s10light_portlandsidewalktexture.dds
00:51:21,6364539	CreateFile	1	2	1048704	0	SUCCESS	pearl_vrcam/textures/sq02s10light_marquee_diffuse.dds
00:51:21,6406950	CreateFile	1	2	96319	0	SUCCESS	pearl_vrcam/models/sq02s10light_sq02s10anim_vanrig_vanprodmodel_van_grp.mxm
00:51:21,6413910	CreateFile	1	2	16512	0	SUCCESS	pearl_vrcam/textures/sq02s10light_van_diffuse.dds
00:51:21,6426406	CreateFile	1	2	110299	0	SUCCESS	pearl_vrcam/models/sq02s10light_sq02s10anim_pickuptruck02rig_pickuptruck02prodmodel_pickuptruck02_grp.mxm
00:51:21,6434434	CreateFile	1	2	65664	0	SUCCESS	pearl_vrcam/textures/sq02s10light_pickuptruck02_diffuse.dds
00:51:21,6454552	CreateFile	1	2	11156	0	SUCCESS	pearl_vrcam/anims/sq02s10light_sq02s10anim_pickuptruck02rig_pickuptruck02prodmodel_pickuptruck02_grp_sq02s10vrtrig_sq02s10light_seq2_shot10.mxa
00:51:21,6459248	CreateFile	1	2	395755	0	SUCCESS	pearl_vrcam/models/sq02s10light_sq02s10anim_sq02s10animcrowd_genericwomanrig_genericwomanprodmodel_genericwomanm.mxm
00:51:21,6467297	CreateFile	1	2	4224	0	SUCCESS	pearl_vrcam/textures/sq02s10light_genericwoman01_diffuse.dds
00:51:21,6476883	CreateFile	1	2	1042161	0	SUCCESS	pearl_vrcam/anims/sq02s10light_sq02s10anim_sq02s10animcrowd_genericwomanrig_genericwomanprodmodel_genericwomanm_sq02s10vrtrig_sq02s10light_seq2_shot10.mxa
00:51:21,6485892	CreateFile	1	2	5319	0	SUCCESS	pearl_vrcam/models/sq02s10light_skydomegroup.mxm
00:51:21,6488988	CreateFile	1	2	1048704	0	SUCCESS	pearl_vrcam/textures/sq02s10light_sky.dds
00:51:21,6500838	CreateFile	1	0	0	1	SUCCESS	saves/checkpoint_7.dat
00:51:21,6503709	CreateFile	1	2	631504	0	SUCCESS	pearl_vrcam/models/sq02s10light_sq02s10anim_model_sc0210_setdressingcarint_grp.mxm
00:51:21,6536762	CreateFile	1	2	9344	0	SUCCESS	pearl_vrcam/textures/sq02s10light_doors_diffuse.dds
00:51:21,6536783	CreateFile	1	0	0	4	SUCCESS	saves/checkpoint_7.tga
00:51:21,6540717	CreateFile	1	2	16512	0	SUCCESS	pearl_vrcam/textures/sq02s10light_dash_diffuse.dds
00:51:21,6544068	CreateFile	1	2	12672	0	SUCCESS	pearl_vrcam/textures/sq02s10light_frontseat_diffuse.dds
00:51:21,6546437	CreateFile	1	2	6528	0	SUCCESS	pearl_vrcam/textures/sq02s10light_misc_diffuse.dds
00:51:21,6549152	CreateFile	1	2	173184	0	SUCCESS	pearl_vrcam/textures/sq02s10light_backseat_diffuse.dds
00:51:21,6552980	CreateFile	1	2	4224	0	SUCCESS	pearl_vrcam/textures/sq02s10light_fastfooddrink_diffuse.dds
00:51:21,6555073	CreateFile	1	2	31104	0	SUCCESS	pearl_vrcam/textures/sq02s10light_trunk_diffuse.dds
00:51:21,6557453	CreateFile	1	2	1048704	0	SUCCESS	pearl_vrcam/textures/sq02s10light_map_diffuse.dds
00:51:21,6569996	CreateFile	1	1	1152	0	SUCCESS	pearl_vrcam/textures/sq02s10light_bagofchips_diffuse.dds
00:51:21,6572587	CreateFile	1	2	131200	0	SUCCESS	pearl_vrcam/textures/sq02s10light_blankeyshd_diffuse.dds
00:51:21,6607138	CreateFile	1	2	48712	0	SUCCESS	pearl_vrcam/anims/sq02s10light_sq02s10anim_model_sc0210_setdressingcarint_grp_sq02s10vrtrig_sq02s10light_seq2_shot10.mxa
00:51:21,6611099	CreateFile	1	1	1806	0	SUCCESS	pearl_vrcam/models/sq02s10light_sq02s10anim_sq02s10animcrowd_walking03_v008_genericman01rig_genericmanprodmodel_genericmanm.mxm
00:51:21,6613203	CreateFile	1	2	233211	0	SUCCESS	pearl_vrcam/models/sq02s10light_sq02s10anim_sq02s10animcrowd_genericman01rig_genericmanprodmodel_genericmanm.mxm
00:51:21,6618496	CreateFile	1	2	4224	0	SUCCESS	pearl_vrcam/textures/sq02s10light_genericman03_diffuse.dds
00:51:21,6626434	CreateFile	1	2	4224	0	SUCCESS	pearl_vrcam/textures/sq02s10light_genericman01_diffuse.dds
00:51:21,6631185	CreateFile	1	2	617221	0	SUCCESS	pearl_vrcam/anims/sq02s10light_sq02s10anim_sq02s10animcrowd_walking03_v008_genericman01rig_genericmanprodmodel_genericmanm_sq02s10vrtrig_sq02s10light_seq2_shot10.mxa
00:51:21,6637367	CreateFile	1	2	14721	0	SUCCESS	pearl_vrcam/models/sq02s10light_sq02s10anim_sarakidrig_sarakidprodmodel_sarakm.mxm
00:51:21,6649309	CreateFile	1	2	16512	0	SUCCESS	pearl_vrcam/textures/sq02s10light_sarakid_features_diffuse.dds
00:51:21,6651528	CreateFile	1	2	1048704	0	SUCCESS	pearl_vrcam/textures/sq02s10light_sarakid_hair_diffuse.dds
00:51:21,6662951	CreateFile	1	2	4194432	0	SUCCESS	pearl_vrcam/textures/sq02s10light_sarakidbody_diffuse.dds
00:51:21,6692602	CreateFile	1	2	16512	0	SUCCESS	pearl_vrcam/textures/sq02s10light_sarakid_boots_diffuse.dds
00:51:21,6695268	CreateFile	1	2	1048704	0	SUCCESS	pearl_vrcam/textures/sq02s10light_sarakid_longsleevedshirt_diffuse.dds
00:51:21,6714642	CreateFile	1	2	1827701	0	SUCCESS	pearl_vrcam/anims/sq02s10light_sq02s10anim_sarakidrig_sarakidprodmodel_sarakm_sq02s10vrtrig_sq02s10light_seq2_shot10.mxa
00:51:21,6730596	CreateFile	1	2	352845	0	SUCCESS	pearl_vrcam/models/sq02s10light_sq02s10anim_sq02s10flo_mainstreet_mainstreet_grp_01.mxm
00:51:21,6749562	CreateFile	1	2	65664	0	SUCCESS	pearl_vrcam/textures/sq02s10light_mainstreetsurf_shadow.dds
00:51:21,6752266	CreateFile	1	2	65664	0	SUCCESS	pearl_vrcam/textures/sq02s10light_mainstreetsurf_diffuse_adjusted.dds
00:51:21,6754480	CreateFile	1	2	4721	0	SUCCESS	pearlpackage/shaders/pearl2_color_1b2cb13e.shd
00:51:21,6761684	CreateFile	1	2	1048704	0	SUCCESS	pearl_vrcam/textures/sq02s10light_posters_diffuse.dds
00:51:21,6773710	CreateFile	1	1	4027	0	SUCCESS	pearlpackage/shaders/pearl2_color_8f9d4b82.shd
00:51:21,6785639	CreateFile	1	2	65664	0	SUCCESS	pearl_vrcam/textures/sq02s10light_mainstreetsurf_diffuse_adjusted_bright.dds
00:51:21,6788340	CreateFile	1	2	65664	0	SUCCESS	pearl_vrcam/textures/sq02s10light_mainstreetsurf_shadow_adjusted.dds
00:51:21,6845710	CreateFile	1	2	35044	0	SUCCESS	pearl_vrcam/anims/sq02s10light_sq02s10anim_sq02s10flo_mainstreet_mainstreet_grp_01_sq02s10vrtrig_sq02s10light_seq2_shot10.mxa
00:51:21,6849302	CreateFile	1	1	1418	0	SUCCESS	pearl_vrcam/models/sq02s10light_pcircle1.mxm
00:51:21,6851994	CreateFile	1	2	56632	0	SUCCESS	pearl_vrcam/models/sq02s10light_sq02s10anim_acousticguitar_acousticguitar.mxm
00:51:21,6856148	CreateFile	1	2	4229	0	SUCCESS	pearlpackage/shaders/pearl2_color_e64f81b8.shd
00:51:21,6862624	CreateFile	1	2	16512	0	SUCCESS	pearl_vrcam/textures/sq02s10light_acousticguitar_diffuse_adjusted.dds
00:51:21,6864830	CreateFile	1	2	4831	0	SUCCESS	pearlpackage/shaders/pearl2_color_8372199a.shd
00:51:21,6888816	CreateFile	1	2	72235	0	SUCCESS	pearl_vrcam/anims/sq02s10light_sq02s10anim_acousticguitar_acousticguitar_sq02s10vrtrig_sq02s10light_seq2_shot10.mxa
00:51:21,6892951	CreateFile	1	2	78010	0	SUCCESS	pearl_vrcam/models/sq02s10light_carpearlnewextattachrig_carpearlnewextattach_carpearlextattach_grp_01.mxm
00:51:21,6898195	CreateFile	1	2	16512	0	SUCCESS	pearl_vrcam/textures/sq02s10light_carbody_diffuse_adjusted.dds
00:51:21,6904622	CreateFile	1	2	11544	0	SUCCESS	pearl_vrcam/anims/sq02s10light_carpearlnewextattachrig_carpearlnewextattach_carpearlextattach_grp_01_sq02s10vrtrig_sq02s10light_seq2_shot10.mxa
00:51:21,6908658	CreateFile	1	1	3251	0	SUCCESS	pearl_vrcam/models/sq02s10light_warpshapesgroup.mxm
00:51:21,6913009	CreateFile	1	2	449383	0	SUCCESS	pearl_vrcam/models/sq02s10light_sq02s10anim_carpearlnewrig_carpearl_grp.mxm
00:51:21,6931364	CreateFile	1	2	1048704	0	SUCCESS	pearl_vrcam/textures/sq02s10light_carmirror_rear_diffuse_adjusted.dds
00:51:21,6953354	CreateFile	1	2	1048704	0	SUCCESS	pearl_vrcam/textures/sq02s10light_carmirror_left_diffuse_adjusted.dds
00:51:21,6964690	CreateFile	1	2	1048704	0	SUCCESS	pearl_vrcam/textures/sq02s10light_carmirror_right_diffuse_adjusted.dds
00:51:21,6977593	CreateFile	1	2	16512	0	SUCCESS	pearl_vrcam/textures/sq02s10light_carseats_diffuse_adjusted.dds
00:51:21,6996734	CreateFile	1	2	51895	0	SUCCESS	pearl_vrcam/anims/sq02s10light_sq02s10anim_carpearlnewrig_carpearl_grp_sq02s10vrtrig_sq02s10light_seq2_shot10.mxa
00:51:21,7000227	CreateFile	1	1	1947	0	SUCCESS	pearl_vrcam/models/sq02s10light_sq02s10anim_sq02s10animcrowd_walking2_v015_genericman01rig_genericmanprodmodel_genericmanm.mxm
00:51:21,7002416	CreateFile	1	2	4224	0	SUCCESS	pearl_vrcam/textures/sq02s10light_genericman02_diffuse.dds
00:51:21,7005081	CreateFile	1	2	577043	0	SUCCESS	pearl_vrcam/anims/sq02s10light_sq02s10anim_sq02s10animcrowd_walking2_v015_genericman01rig_genericmanprodmodel_genericmanm_sq02s10vrtrig_sq02s10light_seq2_shot10.mxa
00:51:21,7010460	CreateFile	1	2	67541	0	SUCCESS	pearl_vrcam/models/sq02s10light_sq02s10anim_sq02s10flo_setdressingmainstreet_setdressingmainstreet_grp.mxm
00:51:21,7015296	CreateFile	1	2	9344	0	SUCCESS	pearl_vrcam/textures/sq02s10light_setdressingmainstreet_diffuse.dds
00:51:21,7017720	CreateFile	1	2	9344	0	SUCCESS	pearl_vrcam/textures/sq02s10light_setdressingmainstreet_shadow.dds
00:51:21,7020152	CreateFile	1	2	1048704	0	SUCCESS	pearl_vrcam/textures/sq02s10light_city1_diffuse.dds
00:51:21,7030530	CreateFile	1	2	9344	0	SUCCESS	pearl_vrcam/textures/sq02s10light_setdressingmainstreet_diffuse_semilight.dds
00:51:21,7032767	CreateFile	1	2	1048704	0	SUCCESS	pearl_vrcam/textures/sq02s10light_billboard_etc_diffuse.dds
00:51:21,7044406	CreateFile	1	2	9344	0	SUCCESS	pearl_vrcam/textures/setdressingmainstreet_map.dds
00:51:21,7047803	CreateFile	1	2	1048704	0	SUCCESS	pearl_vrcam/textures/sq02s10light_marquee_diffuse_shadow.dds
00:51:21,7080372	CreateFile	1	2	77953	0	SUCCESS	pearl_vrcam/models/sq02s10light_sq02s10anim_stationwagonrig_stationwagonprodmodel_stationwagon_grp.mxm
00:51:21,7086052	CreateFile	1	2	65664	0	SUCCESS	pearl_vrcam/textures/sq02s10light_stationwagon_diffuse.dds
00:51:21,7098576	CreateFile	1	2	8421	0	SUCCESS	pearl_vrcam/anims/sq02s10light_sq02s10anim_stationwagonrig_stationwagonprodmodel_stationwagon_grp_sq02s10vrtrig_sq02s10light_seq2_shot10.mxa
00:51:21,7101659	CreateFile	1	2	19360	0	SUCCESS	pearl_vrcam/models/sq02s10light_sq02s10anim_dadyoungrig_dadyoungprodmodel_dadym.mxm
00:51:21,7105703	CreateFile	1	2	16512	0	SUCCESS	pearl_vrcam/textures/sq02s10light_dadfeatures_diffuse_adjusted.dds
00:51:21,7107953	CreateFile	1	2	4194432	0	SUCCESS	pearl_vrcam/textures/sq02s10light_dadface_diffuse_adjusted.dds
00:51:21,7140296	CreateFile	1	2	1048704	0	SUCCESS	pearl_vrcam/textures/sq02s10light_dadyoung_hair_diffuse_adjusted.dds
00:51:21,7159566	CreateFile	1	2	4194432	0	SUCCESS	pearl_vrcam/textures/sq02s10light_dadarms_diffuse_adjusted.dds
00:51:21,7190839	CreateFile	1	2	16512	0	SUCCESS	pearl_vrcam/textures/sq02s10light_dadyoungsurf_diffuse_adjusted.dds
00:51:21,7194245	CreateFile	1	2	1048704	0	SUCCESS	pearl_vrcam/textures/sq02s10light_dadshirt_diffuse_adjusted.dds
00:51:21,7207643	CreateFile	1	2	1048704	0	SUCCESS	pearl_vrcam/textures/sq02s10light_dadvest_diffuse_adjusted.dds
00:51:21,7223381	CreateFile	1	2	16512	0	SUCCESS	pearl_vrcam/textures/sq02s10light_dadglasses_diffuse_adjusted.dds
00:51:21,7235963	CreateFile	1	2	1756100	0	SUCCESS	pearl_vrcam/anims/sq02s10light_sq02s10anim_dadyoungrig_dadyoungprodmodel_dadym_sq02s10vrtrig_sq02s10light_seq2_shot10.mxa
00:51:21,7254312	CreateFile	1	2	13558	0	SUCCESS	pearl_vrcam/models/sq02s10light_sq02s10anim_truckerhatrig_truckerhat_grp_01.mxm
00:51:21,7268053	CreateFile	1	2	37936	0	SUCCESS	pearl_vrcam/anims/sq02s10light_sq02s10anim_truckerhatrig_truckerhat_grp_01_sq02s10vrtrig_sq02s10light_seq2_shot10.mxa
00:51:21,7271269	CreateFile	1	2	20468	0	SUCCESS	pearl_vrcam/models/sq02s10light_sc0210setdressingvr_cardboardbox_grp.mxm
00:51:21,7275678	CreateFile	1	2	9009	0	SUCCESS	pearl_vrcam/models/sq02s10light_lightingshapesgroup.mxm
00:51:21,7280334	CreateFile	1	2	86560	0	SUCCESS	pearl_vrcam/models/sq02s10light_sq02s10anim_volvorig_volvoprodmodel_volvo_grp.mxm
00:51:21,7285876	CreateFile	1	2	16512	0	SUCCESS	pearl_vrcam/textures/sq02s10light_volvo_diffuse.dds
00:51:21,7294494	CreateFile	1	2	7234	0	SUCCESS	pearl_vrcam/anims/sq02s10light_sq02s10anim_volvorig_volvoprodmodel_volvo_grp_sq02s10vrtrig_sq02s10light_seq2_shot10.mxa
00:51:21,7297264	CreateFile	1	2	70233	0	SUCCESS	pearl_vrcam/models/sq02s10light_sq02s10anim_dadyoungguitarcase_dadyoungguitarcase_grp.mxm
00:51:21,7303202	CreateFile	1	2	4224	0	SUCCESS	pearl_vrcam/textures/sq02s10light_dadyoungguitarcase_diffuse_adjusted.dds
00:51:21,7317677	CreateFile	1	2	5422	0	SUCCESS	pearl_vrcam/anims/sq02s10light_sq02s10anim_dadyoungguitarcase_dadyoungguitarcase_grp_sq02s10vrtrig_sq02s10light_seq2_shot10.mxa
00:51:21,7320733	CreateFile	1	2	158680	0	SUCCESS	pearl_vrcam/anims/sq02s10light_sq02s10anim_sq02s10animcrowd_genericman01rig_genericmanprodmodel_genericmanm_sq02s10vrtrig_sq02s10light_seq2_shot10.mxa
00:51:21,7324865	CreateFile	1	1	1065	0	SUCCESS	pearl_vrcam/anims/moxiecamera_sq02s10vrtrig_sq02s10light_seq2_shot10.mxa
00:51:21,7328101	CreateFile	1	1	2875	0	SUCCESS	pearl_vrcam/models/sq02s10vrtrig_animation.mxm
00:51:21,7331202	CreateFile	1	2	12146	0	SUCCESS	pearl_vrcam/anims/sq02s10vrtrig_sq02s10light_seq2_shot10_animation.mxa
00:51:28,0424541	QueryOpen	1	0	0	0	FAST IO DISALLOWED	win64/secur32.dll
